{"filename": "par16-3-c", "exec_times": ["timeout"], "H_sizes": [28], "greedy": [0], "incr": [27], "opt": [1], "t_opt": [0.002194643020629883], "t_incr": [0.000247955322265625], "t_greedy": [0], "t_sat": [0.002987384796142578], "t_grow": [640.2863965034485]}