{"filename": "par8-2", "exec_times": [0.233, 13.241, 15.801, 17.311, 24.243, 0.207, 10.092, 11.463, 9.675, 18.428], "H_sizes": [4, 99, 95, 103, 189, 4, 96, 102, 119, 197], "greedy": [2, 2, 3, 2, 4, 2, 2, 4, 2, 5], "incr": [4, 99, 95, 103, 189, 4, 96, 102, 119, 197], "opt": [3, 3, 3, 2, 4, 3, 3, 3, 2, 3], "t_opt": [0.0065250396728515625, 0.007256746292114258, 0.019087553024291992, 0.004648685455322266, 0.022207021713256836, 0.0065000057220458984, 0.007198333740234375, 0.0074689388275146484, 0.005059003829956055, 0.0083465576171875], "t_incr": [3.7670135498046875e-05, 0.0009589195251464844, 0.0009086132049560547, 0.000988006591796875, 0.0018188953399658203, 3.62396240234375e-05, 0.00096893310546875, 0.0010344982147216797, 0.0011990070343017578, 0.001967191696166992], "t_greedy": [4.2438507080078125e-05, 0.0005218982696533203, 0.0007748603820800781, 0.00057220458984375, 0.0022974014282226562, 4.172325134277344e-05, 0.0006785392761230469, 0.0015141963958740234, 0.0008447170257568359, 0.0036025047302246094], "t_sat": [0.0007753372192382812, 0.013665437698364258, 0.013075113296508789, 0.013933181762695312, 0.05442690849304199, 0.0007686614990234375, 0.013436317443847656, 0.014409542083740234, 0.016144275665283203, 0.03646111488342285], "t_grow": [0.2205660343170166, 13.173349857330322, 15.71121335029602, 17.160731077194214, 23.92076849937439, 0.1944887638092041, 10.012860774993896, 11.379420042037964, 9.582432508468628, 18.22926092147827]}