{"filename": "zebra_v155_c1135", "exec_times": [11.268, 7.263, 15.484, 3.988, 8.619, 19.767, 12.505, 0.44, 10.616, 9.142], "H_sizes": [468, 355, 667, 203, 406, 598, 482, 45, 443, 314], "greedy": [14, 9, 29, 5, 10, 25, 11, 1, 19, 6], "incr": [468, 355, 667, 203, 406, 598, 482, 45, 443, 314], "opt": [4, 4, 5, 3, 3, 4, 3, 2, 8, 4], "t_opt": [0.04322457313537598, 0.017314910888671875, 0.08434033393859863, 0.008476734161376953, 0.02525806427001953, 0.0606999397277832, 0.014600276947021484, 0.004144906997680664, 0.04405355453491211, 0.015171051025390625], "t_incr": [0.003952980041503906, 0.003076791763305664, 0.0068509578704833984, 0.0017940998077392578, 0.00374603271484375, 0.02961444854736328, 0.016518354415893555, 0.0004115104675292969, 0.00414586067199707, 0.0029125213623046875], "t_greedy": [0.07825136184692383, 0.021503686904907227, 0.1950671672821045, 0.0056803226470947266, 0.03237009048461914, 0.1817018985748291, 0.06638360023498535, 7.987022399902344e-05, 0.06031918525695801, 0.024990320205688477], "t_sat": [0.08137941360473633, 0.0478816032409668, 0.18557214736938477, 0.037767887115478516, 0.07118654251098633, 0.1847062110900879, 0.11006665229797363, 0.003981351852416992, 0.07269096374511719, 0.05373859405517578], "t_grow": [10.328954935073853, 6.7637107372283936, 13.999070882797241, 3.75458025932312, 8.116892337799072, 18.175983667373657, 11.59311580657959, 0.4155738353729248, 9.850675821304321, 8.707504510879517]}