{"filename": "par16-3-c", "exec_times": ["timeout"], "H_sizes": [201], "greedy": [0], "incr": [0], "opt": [201], "t_opt": [600.2816874980927], "t_incr": [0], "t_greedy": [0], "t_sat": [0.040325164794921875], "t_grow": [1.330566644668579]}