{"filename": "zebra_v155_c1135", "exec_times": ["timeout"], "H_sizes": [594], "greedy": [0], "incr": [0], "opt": [594], "t_opt": [600.0178649425507], "t_incr": [0], "t_greedy": [0], "t_sat": [0.10251808166503906], "t_grow": [2.4169907569885254]}