{"clauses": 168, "avg_clause_len": 3, "steps": 168, "t_hitting_set": [2.6226043701171875e-06, 0.0019631385803222656, 0.0021677017211914062, 0.0021288394927978516, 0.0026907920837402344, 0.002397775650024414, 0.0028138160705566406, 0.0025315284729003906, 0.0025739669799804688, 0.002959728240966797, 0.0028815269470214844, 0.0032312870025634766, 0.0030188560485839844, 0.0031058788299560547, 0.003488302230834961, 0.0045490264892578125, 0.0041882991790771484, 0.004237174987792969, 0.004803657531738281, 0.004738807678222656, 0.0047206878662109375, 0.005125522613525391, 0.005609273910522461, 0.0059201717376708984, 0.005846738815307617, 0.007344245910644531, 0.00634002685546875, 0.0066986083984375, 0.008237600326538086, 0.007734537124633789, 0.008035898208618164, 0.008235692977905273, 0.008602380752563477, 0.00982522964477539, 0.009449958801269531, 0.00934457778930664, 0.01050877571105957, 0.010892391204833984, 0.011329412460327148, 0.01197361946105957, 0.012166261672973633, 0.012451887130737305, 0.013459444046020508, 0.013042449951171875, 0.015107393264770508, 0.01495814323425293, 0.015764713287353516, 0.01600050926208496, 0.016210317611694336, 0.016570568084716797, 0.017667531967163086, 0.01756119728088379, 0.02202749252319336, 0.02327871322631836, 0.023065805435180664, 0.023532390594482422, 0.020801305770874023, 0.022777795791625977, 0.023077964782714844, 0.026441097259521484, 0.027565956115722656, 0.026528596878051758, 0.026002168655395508, 0.027161598205566406, 0.02737593650817871, 0.027711153030395508, 0.02914905548095703, 0.028891563415527344, 0.030466079711914062, 0.03201889991760254, 0.03246021270751953, 0.03298306465148926, 0.033769845962524414, 0.03664231300354004, 0.039350271224975586, 0.04013204574584961, 0.04094982147216797, 0.04523587226867676, 0.04449629783630371, 0.04982733726501465, 0.048783063888549805, 0.05321311950683594, 0.0533604621887207, 0.0537564754486084, 0.056185007095336914, 0.05745291709899902, 0.05781269073486328, 0.05807185173034668, 0.06651830673217773, 0.06860613822937012, 0.06339359283447266, 0.06052136421203613, 0.05934262275695801, 0.0668644905090332, 0.07073163986206055, 0.07204484939575195, 0.07274413108825684, 0.06543612480163574, 0.06621026992797852, 0.06377458572387695, 0.06570124626159668, 0.06553983688354492, 0.06778693199157715, 0.06792759895324707, 0.06935000419616699, 0.06695032119750977, 0.06815958023071289, 0.06983351707458496, 0.07066512107849121, 0.07167506217956543, 0.07428884506225586, 0.07468128204345703, 0.07645606994628906, 0.07750844955444336, 0.07870268821716309, 0.08135652542114258, 0.08149170875549316, 0.08190703392028809, 0.08613395690917969, 0.08867573738098145, 0.0888526439666748, 0.08752918243408203, 0.08936786651611328, 0.09051942825317383, 0.09115338325500488, 0.09232115745544434, 0.09400725364685059, 0.09517669677734375, 0.09676098823547363, 0.09845161437988281, 0.10098004341125488, 0.10199570655822754, 0.10494756698608398, 0.10396122932434082, 0.11635422706604004, 0.1083078384399414, 0.10872483253479004, 0.10857868194580078, 0.1116025447845459, 0.11326718330383301, 0.11382365226745605, 0.11750435829162598, 0.11763238906860352, 0.11918759346008301, 0.12103152275085449, 0.12429547309875488, 0.12939667701721191, 0.1273801326751709, 0.12664437294006348, 0.13002419471740723, 0.1308743953704834, 0.13225102424621582, 0.13546013832092285, 0.14903545379638672, 0.13895726203918457, 0.14005780220031738, 0.14056921005249023, 0.14263319969177246, 0.14534378051757812, 0.14793157577514648, 0.14893436431884766, 0.1480395793914795, 0.15093541145324707, 0.1540825366973877, 0.15559601783752441, 0.16426730155944824, 0.15312957763671875, 0.15875482559204102, 0.1625525951385498], "t_sat_check": [2.1457672119140625e-06, 0.0001227855682373047, 0.00013828277587890625, 0.0001404285430908203, 0.00014472007751464844, 0.00015807151794433594, 0.0002269744873046875, 0.0001857280731201172, 0.00014901161193847656, 0.0001621246337890625, 0.0001678466796875, 0.0001690387725830078, 0.0002124309539794922, 0.0001850128173828125, 0.0001735687255859375, 0.00020813941955566406, 0.00017690658569335938, 0.0001957416534423828, 0.00027441978454589844, 0.00019502639770507812, 0.00027108192443847656, 0.00023174285888671875, 0.00022482872009277344, 0.00020933151245117188, 0.00023126602172851562, 0.00023794174194335938, 0.00022459030151367188, 0.00022101402282714844, 0.0002262592315673828, 0.00023865699768066406, 0.0002536773681640625, 0.00022649765014648438, 0.0002543926239013672, 0.00023674964904785156, 0.00023627281188964844, 0.0002410411834716797, 0.0002713203430175781, 0.00024080276489257812, 0.0002484321594238281, 0.00024509429931640625, 0.0002582073211669922, 0.0002753734588623047, 0.000278472900390625, 0.00028824806213378906, 0.00026106834411621094, 0.0002644062042236328, 0.0002665519714355469, 0.000293731689453125, 0.00029468536376953125, 0.0002923011779785156, 0.0003407001495361328, 0.0004131793975830078, 0.00033783912658691406, 0.0003924369812011719, 0.0003762245178222656, 0.0003685951232910156, 0.0002994537353515625, 0.0003170967102050781, 0.00032520294189453125, 0.0004410743713378906, 0.0003113746643066406, 0.0003097057342529297, 0.0003135204315185547, 0.0003056526184082031, 0.0003113746643066406, 0.0004260540008544922, 0.00032019615173339844, 0.0003418922424316406, 0.0003764629364013672, 0.0003268718719482422, 0.00043129920959472656, 0.0003781318664550781, 0.0003306865692138672, 0.00034546852111816406, 0.0007452964782714844, 0.00036215782165527344, 0.00036263465881347656, 0.0003781318664550781, 0.00038933753967285156, 0.00037980079650878906, 0.0004019737243652344, 0.0004372596740722656, 0.00041484832763671875, 0.0004527568817138672, 0.0004169940948486328, 0.00046539306640625, 0.00043272972106933594, 0.0004374980926513672, 0.00042510032653808594, 0.0005955696105957031, 0.000423431396484375, 0.00042247772216796875, 0.0004220008850097656, 0.00045037269592285156, 0.00040912628173828125, 0.00041294097900390625, 0.00044608116149902344, 0.00044417381286621094, 0.00040340423583984375, 0.00040411949157714844, 0.0006144046783447266, 0.0004055500030517578, 0.0005254745483398438, 0.0004112720489501953, 0.0004558563232421875, 0.0004012584686279297, 0.0004134178161621094, 0.0004029273986816406, 0.0004172325134277344, 0.0004374980926513672, 0.0004067420959472656, 0.0004849433898925781, 0.00044083595275878906, 0.0004181861877441406, 0.0006506443023681641, 0.0004780292510986328, 0.00045680999755859375, 0.0004305839538574219, 0.0004725456237792969, 0.00044155120849609375, 0.0004322528839111328, 0.0004317760467529297, 0.00043463706970214844, 0.0004799365997314453, 0.00044083595275878906, 0.00046539306640625, 0.0005490779876708984, 0.0004589557647705078, 0.000453948974609375, 0.0004811286926269531, 0.0004477500915527344, 0.0006284713745117188, 0.0004515647888183594, 0.0005123615264892578, 0.0005970001220703125, 0.00045418739318847656, 0.0004775524139404297, 0.0005185604095458984, 0.0005009174346923828, 0.00045490264892578125, 0.00046372413635253906, 0.0005276203155517578, 0.0004961490631103516, 0.00047326087951660156, 0.0005080699920654297, 0.0004744529724121094, 0.0007779598236083984, 0.0005185604095458984, 0.0005037784576416016, 0.0005059242248535156, 0.0005037784576416016, 0.00048804283142089844, 0.0005173683166503906, 0.0005543231964111328, 0.0004918575286865234, 0.0005140304565429688, 0.0005121231079101562, 0.000530242919921875, 0.0005297660827636719, 0.0005204677581787109, 0.0005156993865966797, 0.0007598400115966797, 0.0005631446838378906, 0.0005421638488769531, 0.0005209445953369141, 0.0005342960357666016, 0.0005092620849609375, 0.0005402565002441406, 0.0010302066802978516],