{"config": {"preseeding": true, "preseeding-grow": true, "sat-polarity": false, "sat-polarity-initial": true, "postpone_opt": false, "postpone_opt_incr": false, "postpone_opt_greedy": false, "grow": true, "grow_sat": false, "grow_subset_maximal": false, "grow_maxsat": true, "grow_maxsat_neg_cost": false, "grow_maxsat_pos_cost": false, "grow_maxsat_max_cost_neg": false, "grow_maxsat_unit": false, "grow_maxsat_initial": false, "grow_maxsat_actual_pos": false, "grow_maxsat_actual_unif": false, "grow_maxsat_actual_inv": true, "timeout": 7200, "instance": "origin-problem", "output": "/user/brussel/101/vsc10143/holygrail/experiments/03_OMUS/02_OUS/results/effectPreseeding/2021010804/20210108041933522633.json"}, "results": {"HS": [15, 2, 6, 3, 4, 4, 5, 2, 1, 6, 7, 2, 4, 63, 2, 3, 2, 1, 20, 2, 10, 3, 4, 5, 11, 4, 5, 8, 17, 10, 2, 2, 6, 3, 3, 11, 3, 7, 27, 19, 2, 8, 2, 4, 3, 3, 5, 3, 4, 1, 1, 1, 7, 2, 15, 8, 9, 1, 1, 1, 1, 1, 1, 1, 2, 5, 3, 1, 5, 3, 7, 7, 1, 2, 1, 2, 5, 21, 1, 14, 7, 2, 11, 1, 2, 1, 1, 1, 2, 2, 1, 5, 13, 4, 11, 2, 13, 1, 1, 2, 5, 8, 8, 4, 1, 1, 2, 3, 1, 2, 4, 1, 9, 1, 1, 4, 1, 1, 1, 1, 15, 1, 1, 1], "HS_greedy": [0, 0, 0, 0, 0, 0, 0, 0, 0, 0, 0, 0, 0, 0, 0, 0, 0, 0, 0, 0, 0, 0, 0, 0, 0, 0, 0, 0, 0, 0, 0, 0, 0, 0, 0, 0, 0, 0, 0, 0, 0, 0, 0, 0, 0, 0, 0, 0, 0, 0, 0, 0, 0, 0, 0, 0, 0, 0, 0, 0, 0, 0, 0, 0, 0, 0, 0, 0, 0, 0, 0, 0, 0, 0, 0, 0, 0, 0, 0, 0, 0, 0, 0, 0, 0, 0, 0, 0, 0, 0, 0, 0, 0, 0, 0, 0, 0, 0, 0, 0, 0, 0, 0, 0, 0, 0, 0, 0, 0, 0, 0, 0, 0, 0, 0, 0, 0, 0, 0, 0, 0, 0, 0, 0], "HS_incr": [0, 0, 0, 0, 0, 0, 0, 0, 0, 0, 0, 0, 0, 0, 0, 0, 0, 0, 0, 0, 0, 0, 0, 0, 0, 0, 0, 0, 0, 0, 0, 0, 0, 0, 0, 0, 0, 0, 0, 0, 0, 0, 0, 0, 0, 0, 0, 0, 0, 0, 0, 0, 0, 0, 0, 0, 0, 0, 0, 0, 0, 0, 0, 0, 0, 0, 0, 0, 0, 0, 0, 0, 0, 0, 0, 0, 0, 0, 0, 0, 0, 0, 0, 0, 0, 0, 0, 0, 0, 0, 0, 0, 0, 0, 0, 0, 0, 0, 0, 0, 0, 0, 0, 0, 0, 0, 0, 0, 0, 0, 0, 0, 0, 0, 0, 0, 0, 0, 0, 0, 0, 0, 0, 0], "HS-opt-time": [0.1456773281097412, 0.034609079360961914, 0.1324455738067627, 0.07166314125061035, 0.09349656105041504, 0.08650755882263184, 0.09227132797241211, 0.04510974884033203, 0.03446769714355469, 0.3206477165222168, 0.42153143882751465, 0.0811316967010498, 0.15217828750610352, 15.868181943893433, 0.5846071243286133, 2.1057963371276855, 0.09986114501953125, 0.11486434936523438, 10.046470642089844, 1.8225030899047852, 8.76273512840271, 0.41032886505126953, 2.5242342948913574, 3.4558498859405518, 8.851546287536621, 4.6341392993927, 5.965728759765625, 3.2075557708740234, 22.848531007766724, 1.518451452255249, 0.28836536407470703, 0.40459561347961426, 0.9594011306762695, 0.490344762802124, 0.35086941719055176, 2.1200270652770996, 0.39875102043151855, 1.7135365009307861, 4.494771718978882, 5.315825700759888, 1.5041391849517822, 3.890740394592285, 0.9828693866729736, 1.0287692546844482, 1.6147208213806152, 0.8265681266784668, 1.7878029346466064, 0.8155810832977295, 1.3581171035766602, 0.32349538803100586, 0.5461215972900391, 0.5427260398864746, 2.420858860015869, 1.404015302658081, 12.405874013900757, 2.3084402084350586, 4.162951469421387, 0.48671674728393555, 0.47649121284484863, 0.5555198192596436, 0.5254769325256348, 0.5378527641296387, 0.378237247467041, 0.3588414192199707, 0.7019102573394775, 2.261826753616333, 0.9227485656738281, 0.3369927406311035, 2.14736008644104, 0.8214898109436035, 2.2597110271453857, 2.46382212638855, 0.3340425491333008, 0.7562837600708008, 0.3166162967681885, 0.6732194423675537, 1.6204054355621338, 10.71567988395691, 0.6100878715515137, 5.095055103302002, 3.0137829780578613, 0.830744743347168, 4.4961097240448, 0.40375399589538574, 0.7727706432342529, 0.35349440574645996, 0.37094640731811523, 0.34253883361816406, 0.7816965579986572, 0.6509225368499756, 0.3313000202178955, 1.767909049987793, 4.950250148773193, 1.796048641204834, 5.950097560882568, 0.9331727027893066, 6.344000339508057, 0.48215770721435547, 0.490123987197876, 0.9028773307800293, 2.4622232913970947, 3.5190420150756836, 4.019911050796509, 1.8781473636627197, 0.4616682529449463, 0.4328343868255615, 0.8404872417449951, 1.2708628177642822, 0.4234757423400879, 0.8335020542144775, 1.7682390213012695, 0.43172383308410645, 3.948875904083252, 0.4344358444213867, 0.4385068416595459, 1.7741179466247559, 0.5240175724029541, 0.43352627754211426, 0.49187231063842773, 0.4301176071166992, 7.034739971160889, 0.3991672992706299, 0.3943972587585449, 0.39510345458984375], "HS-postpone-time": [0, 0, 0, 0, 0, 0, 0, 0, 0, 0, 0, 0, 0, 0, 0, 0, 0, 0, 0, 0, 0, 0, 0, 0, 0, 0, 0, 0, 0, 0, 0, 0, 0, 0, 0, 0, 0, 0, 0, 0, 0, 0, 0, 0, 0, 0, 0, 0, 0, 0, 0, 0, 0, 0, 0, 0, 0, 0, 0, 0, 0, 0, 0, 0, 0, 0, 0, 0, 0, 0, 0, 0, 0, 0, 0, 0, 0, 0, 0, 0, 0, 0, 0, 0, 0, 0, 0, 0, 0, 0, 0, 0, 0, 0, 0, 0, 0, 0, 0, 0, 0, 0, 0, 0, 0, 0, 0, 0, 0, 0, 0, 0, 0, 0, 0, 0, 0, 0, 0, 0, 0, 0, 0, 0], "SAT-time": [0.030053377151489258, 0.0023207664489746094, 0.012522697448730469, 0.004040956497192383, 0.00785970687866211, 0.007021665573120117, 0.011133432388305664, 0.0025548934936523438, 0.0015711784362792969, 0.011358261108398438, 0.014895915985107422, 0.002833843231201172, 0.00796198844909668, 0.14723515510559082, 0.0037631988525390625, 0.005428314208984375, 0.0038673877716064453, 0.0005447864532470703, 0.04576396942138672, 0.004106998443603516, 0.02333974838256836, 0.0055751800537109375, 0.008892297744750977, 0.010773658752441406, 0.024985313415527344, 0.008413076400756836, 0.012174606323242188, 0.018836021423339844, 0.042142629623413086, 0.022192955017089844, 0.003961086273193359, 0.0030744075775146484, 0.013946294784545898, 0.005624532699584961, 0.006553173065185547, 0.02567911148071289, 0.006567239761352539, 0.015543460845947266, 0.06944131851196289, 0.046385765075683594, 0.004272937774658203, 0.018359661102294922, 0.004274606704711914, 0.00845479965209961, 0.007085323333740234, 0.006082057952880859, 0.012720346450805664, 0.006183147430419922, 0.009809255599975586, 0.0005846023559570312, 0.0018334388732910156, 0.0006539821624755859, 0.016867876052856445, 0.0032851696014404297, 0.0382084846496582, 0.019129276275634766, 0.022188186645507812, 0.0006449222564697266, 0.001889944076538086, 0.0006186962127685547, 0.0018634796142578125, 0.0006136894226074219, 0.0018756389617919922, 0.0006616115570068359, 0.0044133663177490234, 0.011794805526733398, 0.006708860397338867, 0.0006546974182128906, 0.011656761169433594, 0.0062007904052734375, 0.016203880310058594, 0.017572879791259766, 0.0018973350524902344, 0.0032732486724853516, 0.0019109249114990234, 0.003162860870361328, 0.011868953704833984, 0.05550384521484375, 0.0019159317016601562, 0.034363508224487305, 0.018613338470458984, 0.0032553672790527344, 0.028583526611328125, 0.0006616115570068359, 0.0043599605560302734, 0.0007050037384033203, 0.0019249916076660156, 0.0006783008575439453, 0.004414796829223633, 0.0033555030822753906, 0.0019609928131103516, 0.011713743209838867, 0.033710479736328125, 0.00877237319946289, 0.028948307037353516, 0.003426790237426758, 0.03445720672607422, 0.000667572021484375, 0.001979827880859375, 0.0033371448516845703, 0.012239933013916016, 0.020009279251098633, 0.02111530303955078, 0.009013652801513672, 0.0020830631256103516, 0.0007414817810058594, 0.004352569580078125, 0.00592803955078125, 0.0020513534545898438, 0.003447294235229492, 0.010367870330810547, 0.0007576942443847656, 0.02438068389892578, 0.0007238388061523438, 0.002115011215209961, 0.00851297378540039, 0.0006761550903320312, 0.0020923614501953125, 0.0007078647613525391, 0.0021185874938964844, 0.03844642639160156, 0.0007538795471191406, 0.0021517276763916016, 0.0007112026214599609],