{"config": {"preseeding": false, "preseeding-grow": false, "sat-polarity": true, "sat-polarity-initial": false, "postpone_opt": true, "postpone_opt_incr": true, "postpone_opt_greedy": false, "grow": true, "grow_sat": false, "grow_subset_maximal": false, "grow_maxsat": true, "grow_maxsat_neg_cost": false, "grow_maxsat_pos_cost": false, "grow_maxsat_max_cost_neg": false, "grow_maxsat_unit": false, "grow_maxsat_initial": true, "grow_maxsat_actual_pos": false, "grow_maxsat_actual_unif": false, "grow_maxsat_actual_inv": false, "timeout": 10800, "instance": "origin-problem", "output": "/user/brussel/101/vsc10143/holygrail/experiments/03_OMUS/02_OUS/results/effectPreseeding/2021010602/20210106025725898850.json"}, "results": {"HS": [24, 2, 1, 1, 2, 2, 1, 1, 2, 3, 3, 1, 2, 27, 5, 2, 4, 3, 3, 4, 5, 2, 1, 12, 4, 1, 2, 4, 13, 2, 1, 4, 1, 2, 2, 1, 31, 1, 1, 1, 1, 1, 1, 3, 15, 4, 2, 2, 2, 2, 1, 1, 2, 1, 1, 1, 1, 2, 1, 1, 2, 2, 1, 2, 2, 1, 3, 7, 2, 3, 3, 1, 2, 1, 1, 1, 1, 1, 2, 7, 2, 1, 1, 1, 1, 2, 1, 3, 1, 1, 5, 2, 1, 5, 4, 5, 1, 2, 1, 12, 1, 7, 1, 3, 1, 1, 1, 1, 2, 6, 1, 3, 4, 1, 2, 1, 1, 2, 1, 1, 1, 1, 1], "HS_greedy": [0, 0, 0, 0, 0, 0, 0, 0, 0, 0, 0, 0, 0, 0, 0, 0, 0, 0, 0, 0, 0, 0, 0, 0, 0, 0, 0, 0, 0, 0, 0, 0, 0, 0, 0, 0, 0, 0, 0, 0, 0, 0, 0, 0, 0, 0, 0, 0, 0, 0, 0, 0, 0, 0, 0, 0, 0, 0, 0, 0, 0, 0, 0, 0, 0, 0, 0, 0, 0, 0, 0, 0, 0, 0, 0, 0, 0, 0, 0, 0, 0, 0, 0, 0, 0, 0, 0, 0, 0, 0, 0, 0, 0, 0, 0, 0, 0, 0, 0, 0, 0, 0, 0, 0, 0, 0, 0, 0, 0, 0, 0, 0, 0, 0, 0, 0, 0, 0, 0, 0, 0, 0, 0], "HS_incr": [169, 12, 0, 0, 13, 9, 0, 0, 4, 14, 12, 0, 2, 165, 30, 9, 22, 8, 16, 28, 30, 15, 0, 56, 47, 0, 18, 16, 106, 4, 0, 19, 0, 12, 7, 0, 145, 0, 0, 0, 0, 0, 0, 17, 84, 14, 10, 5, 5, 3, 0, 0, 13, 0, 0, 0, 0, 8, 0, 0, 11, 3, 0, 6, 4, 0, 18, 25, 4, 8, 7, 0, 5, 0, 0, 0, 0, 0, 10, 39, 7, 0, 0, 0, 0, 13, 0, 11, 0, 0, 31, 7, 0, 26, 14, 29, 0, 4, 0, 52, 0, 19, 0, 11, 0, 0, 0, 0, 13, 23, 0, 24, 20, 0, 2, 0, 0, 2, 0, 0, 0, 0, 0], "HS-opt-time": [1.416980266571045, 0.3144674301147461, 0.16605877876281738, 0.16045522689819336, 0.18190646171569824, 0.18200039863586426, 0.1377873420715332, 0.1926414966583252, 0.4845118522644043, 1.0288686752319336, 0.3839421272277832, 0.36141324043273926, 0.6456410884857178, 28.86490225791931, 8.432663679122925, 3.3818676471710205, 7.780134916305542, 7.10759711265564, 4.776193141937256, 14.94713830947876, 15.969686508178711, 1.0529232025146484, 0.641425609588623, 28.13325595855713, 16.05300283432007, 3.998361825942993, 5.851281404495239, 8.33040738105774, 75.25916862487793, 12.884132862091064, 1.9562180042266846, 22.767672777175903, 1.7394227981567383, 2.8702571392059326, 3.169403314590454, 1.6304681301116943, 178.8938159942627, 2.5010321140289307, 1.8683431148529053, 3.2291054725646973, 3.01767635345459, 5.413729906082153, 2.201784610748291, 5.714646339416504, 44.87514543533325, 7.700329303741455, 4.283872127532959, 5.329485893249512, 7.206023216247559, 5.204601764678955, 6.335271596908569, 3.330925941467285, 5.431240081787109, 3.1170687675476074, 2.896547317504883, 2.885373115539551, 3.0983119010925293, 5.353185176849365, 5.36759090423584, 2.592806816101074, 5.019073963165283, 5.649024963378906, 2.705254554748535, 4.847553968429565, 5.574946165084839, 3.831942081451416, 8.354254245758057, 32.80610156059265, 5.621899127960205, 7.569370746612549, 7.410327911376953, 2.048316478729248, 4.81404185295105, 3.263399124145508, 2.656461477279663, 2.2142040729522705, 2.290210247039795, 2.5283632278442383, 5.421118497848511, 16.93062400817871, 6.071972370147705, 2.429190158843994, 2.6215953826904297, 2.29899263381958, 2.369079351425171, 4.2617409229278564, 2.18636417388916, 6.812047481536865, 1.8971779346466064, 2.2785427570343018, 10.695916414260864, 4.680027961730957, 2.3293349742889404, 16.326977252960205, 9.191411018371582, 12.42795181274414, 2.5984244346618652, 4.582628965377808, 2.4011576175689697, 38.114516735076904, 2.926370620727539, 23.339197635650635, 2.769462823867798, 8.1645827293396, 2.552493095397949, 2.508789300918579, 2.4983441829681396, 2.4846298694610596, 5.2930357456207275, 16.46460771560669, 2.511108875274658, 7.551875829696655, 10.56562352180481, 3.081800937652588, 5.132810115814209, 2.759763479232788, 2.391730308532715, 4.5236427783966064, 2.34885573387146, 2.3827075958251953, 1.9840965270996094, 2.1298468112945557, 2.228365421295166], "HS-postpone-time": [0.006349325180053711, 0.0005729198455810547, 0, 0, 0.0005881786346435547, 0.00036835670471191406, 0, 0, 0.00015473365783691406, 0.0006139278411865234, 0.0005445480346679688, 0, 8.702278137207031e-05, 0.007567405700683594, 0.0013246536254882812, 0.0003917217254638672, 0.001009225845336914, 0.0003142356872558594, 0.0007927417755126953, 0.0013651847839355469, 0.0014243125915527344, 0.0007147789001464844, 0, 0.0025892257690429688, 0.002219676971435547, 0, 0.0008745193481445312, 0.0008192062377929688, 0.005280256271362305, 0.0002002716064453125, 0, 0.0008819103240966797, 0, 0.0005464553833007812, 0.0003387928009033203, 0, 0.007272005081176758, 0, 0, 0, 0, 0, 0, 0.0007309913635253906, 0.0039806365966796875, 0.0005636215209960938, 0.0005035400390625, 0.0002148151397705078, 0.00018596649169921875, 0.00010800361633300781, 0, 0, 0.0006272792816162109, 0, 0, 0, 0, 0.0003705024719238281, 0, 0, 0.00046634674072265625, 0.00010037422180175781, 0, 0.0002486705780029297, 0.00016999244689941406, 0, 0.0008108615875244141, 0.0011017322540283203, 0.00014138221740722656, 0.0003161430358886719, 0.00027632713317871094, 0, 0.00020194053649902344, 0, 0, 0, 0, 0, 0.0004496574401855469, 0.001501321792602539, 0.00029778480529785156, 0, 0, 0, 0, 0.0005176067352294922, 0, 0.0004239082336425781, 0, 0, 0.0010883808135986328, 0.00027441978454589844, 0, 0.0011277198791503906, 0.0005142688751220703, 0.0011301040649414062, 0, 0.00011706352233886719, 0, 0.0020525455474853516, 0, 0.0007672309875488281, 0, 0.0003807544708251953, 0, 0, 0, 0, 0.0004658699035644531, 0.0007460117340087891, 0, 0.0008294582366943359, 0.0006580352783203125, 0, 4.9114227294921875e-05, 0, 0, 4.887580871582031e-05, 0, 0, 0, 0, 0],