{"clauses": 176, "avg_clause_len": 3, "steps": 193, "t_hitting_set": [2.6226043701171875e-06, 0.0023849010467529297, 0.0027740001678466797, 0.0022537708282470703, 0.002930879592895508, 0.0023355484008789062, 0.003131866455078125, 0.0026717185974121094, 0.0027039051055908203, 0.003267049789428711, 0.0027751922607421875, 0.0033974647521972656, 0.0035097599029541016, 0.003398418426513672, 0.0038983821868896484, 0.004384279251098633, 0.004154205322265625, 0.004148721694946289, 0.004621744155883789, 0.004881143569946289, 0.004987239837646484, 0.005199909210205078, 0.005808830261230469, 0.005433082580566406, 0.005795001983642578, 0.00648045539855957, 0.008080482482910156, 0.00769805908203125, 0.008320808410644531, 0.00822591781616211, 0.009325742721557617, 0.009341955184936523, 0.009616374969482422, 0.011026144027709961, 0.009865045547485352, 0.012537956237792969, 0.012087106704711914, 0.011783361434936523, 0.010833024978637695, 0.010720014572143555, 0.011944770812988281, 0.012789011001586914, 0.014123201370239258, 0.016247034072875977, 0.014233827590942383, 0.017067670822143555, 0.015063762664794922, 0.017956972122192383, 0.016384124755859375, 0.018514394760131836, 0.017226219177246094, 0.019971847534179688, 0.01869058609008789, 0.02119612693786621, 0.019005775451660156, 0.021184682846069336, 0.019675731658935547, 0.022101163864135742, 0.02043461799621582, 0.023388147354125977, 0.021709442138671875, 0.0237884521484375, 0.022304058074951172, 0.02595806121826172, 0.023250579833984375, 0.02642083168029785, 0.023791074752807617, 0.026057004928588867, 0.02485036849975586, 0.02774333953857422, 0.025961875915527344, 0.029010534286499023, 0.03252887725830078, 0.03298377990722656, 0.03339505195617676, 0.03415369987487793, 0.03464031219482422, 0.03642463684082031, 0.03653120994567871, 0.037619829177856445, 0.0338435173034668, 0.03441119194030762, 0.04175114631652832, 0.04105806350708008, 0.041425466537475586, 0.03737950325012207, 0.03860640525817871, 0.03904986381530762, 0.03946852684020996, 0.04189491271972656, 0.04182314872741699, 0.04227161407470703, 0.043961286544799805, 0.04554343223571777, 0.04640531539916992, 0.04617667198181152, 0.0472109317779541, 0.0482177734375, 0.04787588119506836, 0.04915452003479004, 0.051781415939331055, 0.05230855941772461, 0.05461430549621582, 0.05553627014160156, 0.05744647979736328, 0.056366920471191406, 0.05776691436767578, 0.0584101676940918, 0.06055641174316406, 0.06170511245727539, 0.06186079978942871, 0.06273365020751953, 0.06380939483642578, 0.06469511985778809, 0.06847667694091797, 0.06922721862792969, 0.07322287559509277, 0.07379651069641113, 0.07638907432556152, 0.07567596435546875, 0.07249903678894043, 0.07401418685913086, 0.07743000984191895, 0.077301025390625, 0.07877445220947266, 0.08025836944580078, 0.07920408248901367, 0.08193778991699219, 0.08386826515197754, 0.0855264663696289, 0.08869194984436035, 0.08802127838134766, 0.0922081470489502, 0.09310483932495117, 0.09383010864257812, 0.09311580657958984, 0.11112666130065918, 0.09605646133422852, 0.09849071502685547, 0.09977483749389648, 0.1027977466583252, 0.10367846488952637, 0.10152506828308105, 0.10482287406921387, 0.10769963264465332, 0.10958695411682129, 0.11203289031982422, 0.11304688453674316, 0.11199402809143066, 0.11430740356445312, 0.11332964897155762, 0.11395025253295898, 0.11832094192504883, 0.11835002899169922, 0.12183284759521484, 0.12054777145385742, 0.12505125999450684, 0.1292586326599121, 0.12366294860839844, 0.13913202285766602, 0.13111495971679688, 0.13317322731018066, 0.13561129570007324, 0.13884854316711426, 0.139420747756958, 0.14046239852905273, 0.14110279083251953, 0.14341950416564941, 0.1446852684020996, 0.14679908752441406, 0.14841604232788086, 0.17082858085632324, 0.1459505558013916, 0.15209603309631348, 0.1678018569946289, 0.156571626663208, 0.15662336349487305, 0.16123390197753906, 0.16648530960083008, 0.1631622314453125, 0.1601572036743164, 0.17325735092163086, 0.1689293384552002, 0.17167067527770996, 0.16803336143493652, 0.17488670349121094, 0.17789387702941895, 0.181046724319458, 0.17420601844787598, 0.1841874122619629, 0.20040082931518555, 0.18332147598266602, 0.18894553184509277, 0.1916191577911377],