{"config": {"preseeding": true, "preseeding-minimal": false, "preseeding-grow": false, "preseeding-grow-maxsat": true, "sat-polarity": true, "postpone_opt": true, "postpone_opt_incr": false, "postpone_opt_greedy": true, "grow": true, "grow_sat": false, "grow_subset_maximal": false, "grow_maxsat": true, "timeout": 14400, "instance": "origin-problem", "output": "results/rq1_4/20201219/20201219103604446326.json"}, "results": {"HS": [2, 2, 1], "HS_greedy": [4558, 4894, 3955], "HS_incr": [0, 0, 0], "HS-opt-time": [55.58617281913757, 334.59642267227173, 43.439905643463135], "HS-postpone-time": [1343.6825857162476, 2514.3603541851044, 1893.149069070816], "SAT-time": [22.15965247154236, 29.11836266517639, 32.58518958091736], "grow-time": [1567.7453503608704, 2349.1316792964935, 2244.880892753601], "#expl": 2, "expl_seq": [{"constraints": [1723], "derived": [5]}, {"constraints": [156, 5], "derived": [-4, -3, -2, -1]}], "OUS-time": [3002.194818019867, 5243.151471853256, 4229.6302852630615], "timeout": true}}