{"config": {"preseeding": true, "preseeding-grow": false, "sat-polarity": true, "sat-polarity-initial": false, "postpone_opt": true, "postpone_opt_incr": true, "postpone_opt_greedy": true, "grow": true, "grow_sat": false, "grow_subset_maximal": false, "grow_maxsat": true, "grow_maxsat_neg_cost": false, "grow_maxsat_pos_cost": false, "grow_maxsat_max_cost_neg": false, "grow_maxsat_unit": false, "grow_maxsat_initial": false, "grow_maxsat_actual_pos": false, "grow_maxsat_actual_unif": true, "grow_maxsat_actual_inv": false, "timeout": 7200, "instance": "origin-problem", "output": "/user/brussel/101/vsc10143/holygrail/experiments/03_OMUS/02_OUS/results/effectPreseeding/2021010802/20210108021538930025.json"}, "results": {"HS": [2, 1, 1, 1, 2, 1, 1, 1, 1, 1, 1, 1, 1, 3, 1, 1, 5, 1, 3, 1, 1, 1, 1, 3, 1, 3, 1, 2, 2, 1, 1, 1, 1, 1, 1, 1, 1, 2, 1, 1, 1, 1, 1, 1, 1, 1, 1, 1, 1, 1, 1, 1, 1, 1, 1, 1, 1, 1, 1, 1, 1, 1, 2, 1, 1, 1, 1, 1, 1, 1, 1, 1, 1, 1, 1, 1, 1, 1, 2, 1, 1, 1, 1, 1, 1, 1, 1, 1, 2, 1, 1, 1, 1, 1, 1, 1, 2, 1, 1, 1, 1, 1, 1, 1, 1, 1, 1, 2, 1, 1, 1, 1, 1, 2, 1, 1, 1, 1, 1, 1, 1, 1], "HS_greedy": [22, 0, 0, 0, 43, 0, 0, 0, 0, 0, 0, 0, 0, 97, 0, 0, 115, 0, 83, 0, 0, 0, 0, 73, 0, 82, 0, 99, 97, 0, 0, 0, 0, 0, 0, 0, 0, 90, 0, 0, 0, 0, 0, 0, 0, 0, 0, 0, 0, 0, 0, 0, 0, 0, 0, 0, 0, 0, 0, 0, 0, 0, 74, 0, 0, 0, 0, 0, 0, 0, 0, 0, 0, 0, 0, 0, 0, 0, 64, 0, 0, 0, 0, 0, 0, 0, 0, 0, 36, 0, 0, 0, 0, 0, 0, 0, 36, 0, 0, 0, 0, 0, 0, 0, 0, 0, 0, 19, 0, 0, 0, 0, 0, 37, 0, 0, 0, 0, 0, 0, 0, 0], "HS_incr": [485, 0, 0, 0, 1009, 0, 0, 0, 0, 0, 0, 0, 0, 2117, 0, 0, 2547, 0, 1591, 0, 0, 0, 0, 1462, 0, 1607, 0, 1817, 1642, 0, 0, 0, 0, 0, 0, 0, 0, 1208, 0, 0, 0, 0, 0, 0, 0, 0, 0, 0, 0, 0, 0, 0, 0, 0, 0, 0, 0, 0, 0, 0, 0, 0, 879, 0, 0, 0, 0, 0, 0, 0, 0, 0, 0, 0, 0, 0, 0, 0, 614, 0, 0, 0, 0, 0, 0, 0, 0, 0, 301, 0, 0, 0, 0, 0, 0, 0, 244, 0, 0, 0, 0, 0, 0, 0, 0, 0, 0, 82, 0, 0, 0, 0, 0, 184, 0, 0, 0, 0, 0, 0, 0, 0], "HS-opt-time": [0.7595102787017822, 0.9609177112579346, 1.1545183658599854, 1.0985782146453857, 5.874371290206909, 5.2482218742370605, 5.359449148178101, 5.741192102432251, 4.7764551639556885, 5.952954053878784, 5.470435380935669, 4.9704132080078125, 9.269272804260254, 86.84916996955872, 3.9409255981445312, 2.646108627319336, 285.30310893058777, 66.27902483940125, 206.19556713104248, 85.4770495891571, 62.05001425743103, 67.6981430053711, 63.994781732559204, 36.97910833358765, 92.67934584617615, 298.04741621017456, 99.16156077384949, 47.0569212436676, 239.19983839988708, 18.257519006729126, 19.10725998878479, 19.738484621047974, 28.381255865097046, 33.788840532302856, 22.901163816452026, 22.216164112091064, 16.848504066467285, 70.72100162506104, 29.739824056625366, 26.91229820251465, 29.670832872390747, 29.525270462036133, 31.449204683303833, 68.52005767822266, 36.9505352973938, 31.784573793411255, 34.95676112174988, 43.009891986846924, 34.226855993270874, 37.83545279502869, 32.922183990478516, 37.5124294757843, 34.053130865097046, 71.41765642166138, 25.219908237457275, 34.74742317199707, 32.27280282974243, 79.36341142654419, 89.06513833999634, 24.92199444770813, 28.239018440246582, 23.487872838974, 38.373661041259766, 21.05690312385559, 20.40453553199768, 23.388705015182495, 20.225867986679077, 24.497231006622314, 24.782909631729126, 27.7295241355896, 19.324392318725586, 17.36057734489441, 20.844163417816162, 19.266834497451782, 25.2534396648407, 21.95167636871338, 16.746459007263184, 15.476978778839111, 24.551013708114624, 17.824788093566895, 16.36428427696228, 18.018798351287842, 15.65908932685852, 14.624460220336914, 16.41881275177002, 12.993329763412476, 12.22908329963684, 12.467326402664185, 26.643616914749146, 13.886945724487305, 16.722165822982788, 16.9073965549469, 16.97182607650757, 15.421927452087402, 20.711430072784424, 16.234511852264404, 23.29896378517151, 10.355265855789185, 15.779582977294922, 15.130743503570557, 12.9644193649292, 14.465268611907959, 14.530186176300049, 10.891798734664917, 10.312990188598633, 9.927700281143188, 9.870179414749146, 21.533579111099243, 16.820112705230713, 12.54432225227356, 16.717130422592163, 17.550095319747925, 12.596887111663818, 24.173470735549927, 15.784801483154297, 11.172240495681763, 11.29906415939331, 11.519014358520508, 11.030090093612671, 11.00782823562622, 10.88212776184082, 10.993562698364258], "HS-postpone-time": [0.15964055061340332, 0, 0, 0, 0.5901775360107422, 0, 0, 0, 0, 0, 0, 0, 0, 2.7667887210845947, 0, 0, 3.8961966037750244, 0, 1.7743701934814453, 0, 0, 0, 0, 1.342653512954712, 0, 1.6234912872314453, 0, 2.212758779525757, 1.9907853603363037, 0, 0, 0, 0, 0, 0, 0, 0, 1.167992115020752, 0, 0, 0, 0, 0, 0, 0, 0, 0, 0, 0, 0, 0, 0, 0, 0, 0, 0, 0, 0, 0, 0, 0, 0, 0.5442402362823486, 0, 0, 0, 0, 0, 0, 0, 0, 0, 0, 0, 0, 0, 0, 0, 0.25462937355041504, 0, 0, 0, 0, 0, 0, 0, 0, 0, 0.06230902671813965, 0, 0, 0, 0, 0, 0, 0, 0.04709219932556152, 0, 0, 0, 0, 0, 0, 0, 0, 0, 0, 0.008510351181030273, 0, 0, 0, 0, 0, 0.028960227966308594, 0, 0, 0, 0, 0, 0, 0, 0], "SAT-time": [0.7149257659912109, 0.00038170814514160156, 0.0014011859893798828, 0.00040912628173828125, 1.5998668670654297, 0.0004405975341796875, 0.0014498233795166016, 0.0005178451538085938, 0.001506805419921875, 0.00047326087951660156, 0.0014946460723876953, 0.0005154609680175781, 0.0015037059783935547, 3.7907612323760986, 0.0015635490417480469, 0.0005140304565429688, 4.888477802276611, 0.0013344287872314453, 3.1497929096221924, 0.001238107681274414, 0.001665353775024414, 0.0005507469177246094, 0.0016808509826660156, 2.9301788806915283, 0.0017516613006591797, 3.1980810165405273, 0.0016841888427734375, 3.567352533340454, 3.181875705718994, 0.0005705356597900391, 0.0017571449279785156, 0.0005881786346435547, 0.0017211437225341797, 0.0006086826324462891, 0.0017938613891601562, 0.0006036758422851562, 0.0018267631530761719, 2.3890254497528076, 0.0017385482788085938, 0.0005962848663330078, 0.0018155574798583984, 0.000598907470703125, 0.0018203258514404297, 0.0006086826324462891, 0.0017993450164794922, 0.0006172657012939453, 0.0018002986907958984, 0.0005877017974853516, 0.0018949508666992188, 0.0006117820739746094, 0.0018334388732910156, 0.0006301403045654297, 0.0018880367279052734, 0.0005898475646972656, 0.0006153583526611328, 0.0018126964569091797, 0.0006661415100097656, 0.0018360614776611328, 0.0006058216094970703, 0.0018460750579833984, 0.0006034374237060547, 0.0018572807312011719, 1.7481343746185303, 0.0018486976623535156, 0.0006475448608398438, 0.0018045902252197266, 0.0006384849548339844, 0.001953125, 0.0006945133209228516, 0.0019369125366210938, 0.0006861686706542969, 0.0018830299377441406, 0.0006880760192871094, 0.0019192695617675781, 0.0006847381591796875, 0.0019230842590332031, 0.0006785392761230469, 0.0019392967224121094, 1.2790448665618896, 0.0018875598907470703, 0.0006735324859619141, 0.0019016265869140625, 0.0007007122039794922, 0.0006749629974365234, 0.0020194053649902344, 0.0006859302520751953, 0.0019452571868896484, 0.0006806850433349609, 0.6723661422729492, 0.0006673336029052734, 0.0019664764404296875, 0.0007081031799316406, 0.0019683837890625, 0.0007045269012451172, 0.0019452571868896484, 0.0007328987121582031, 0.5110225677490234, 0.0007014274597167969, 0.0006883144378662109, 0.002004861831665039, 0.0007557868957519531, 0.0020351409912109375, 0.0007114410400390625, 0.001996755599975586, 0.0007045269012451172, 0.0020647048950195312, 0.0007116794586181641, 0.18645310401916504, 0.0007026195526123047, 0.0020101070404052734, 0.0008015632629394531, 0.001997709274291992, 0.0007715225219726562, 0.38904523849487305, 0.000762939453125, 0.0020821094512939453, 0.0007765293121337891, 0.000812530517578125, 0.00213623046875, 0.0008084774017333984, 0.0007369518280029297, 0.0021276473999023438],