{"config": {"preseeding": false, "preseeding-grow": false, "sat-polarity": false, "sat-polarity-initial": true, "postpone_opt": false, "postpone_opt_incr": false, "postpone_opt_greedy": false, "grow": true, "grow_sat": false, "grow_subset_maximal": false, "grow_maxsat": true, "grow_maxsat_neg_cost": false, "grow_maxsat_pos_cost": false, "grow_maxsat_max_cost_neg": false, "grow_maxsat_unit": false, "grow_maxsat_initial": false, "grow_maxsat_actual_pos": false, "grow_maxsat_actual_unif": false, "grow_maxsat_actual_inv": true, "timeout": 7200, "instance": "origin-problem", "output": "/user/brussel/101/vsc10143/holygrail/experiments/03_OMUS/02_OUS/results/effectPreseeding/2021010719/20210107193529882137.json"}, "results": {"HS": [43, 11, 2, 2, 5, 2, 4, 1, 1, 6, 5, 3, 1, 51, 4, 2, 1, 16, 4, 6, 5, 10, 6, 7, 3, 9, 5, 7, 19, 7, 1, 3, 3, 3, 2, 10, 5, 5, 21, 17, 6, 2, 6, 2, 7, 2, 2, 2, 2, 1, 5, 3, 1, 2, 18, 6, 2, 1, 2, 1, 1, 1, 3, 2, 1, 12, 5, 4, 4, 1, 1, 3, 1, 1, 2, 7, 18, 7, 8, 2, 5, 2, 2, 1, 2, 1, 5, 1, 2, 1, 5, 11, 3, 9, 5, 4, 1, 1, 1, 11, 1, 16, 1, 2, 2, 1, 1, 1, 2, 5, 1, 8, 1, 5, 1, 1, 1, 3, 3, 18, 1, 1, 1], "HS_greedy": [0, 0, 0, 0, 0, 0, 0, 0, 0, 0, 0, 0, 0, 0, 0, 0, 0, 0, 0, 0, 0, 0, 0, 0, 0, 0, 0, 0, 0, 0, 0, 0, 0, 0, 0, 0, 0, 0, 0, 0, 0, 0, 0, 0, 0, 0, 0, 0, 0, 0, 0, 0, 0, 0, 0, 0, 0, 0, 0, 0, 0, 0, 0, 0, 0, 0, 0, 0, 0, 0, 0, 0, 0, 0, 0, 0, 0, 0, 0, 0, 0, 0, 0, 0, 0, 0, 0, 0, 0, 0, 0, 0, 0, 0, 0, 0, 0, 0, 0, 0, 0, 0, 0, 0, 0, 0, 0, 0, 0, 0, 0, 0, 0, 0, 0, 0, 0, 0, 0, 0, 0, 0, 0], "HS_incr": [0, 0, 0, 0, 0, 0, 0, 0, 0, 0, 0, 0, 0, 0, 0, 0, 0, 0, 0, 0, 0, 0, 0, 0, 0, 0, 0, 0, 0, 0, 0, 0, 0, 0, 0, 0, 0, 0, 0, 0, 0, 0, 0, 0, 0, 0, 0, 0, 0, 0, 0, 0, 0, 0, 0, 0, 0, 0, 0, 0, 0, 0, 0, 0, 0, 0, 0, 0, 0, 0, 0, 0, 0, 0, 0, 0, 0, 0, 0, 0, 0, 0, 0, 0, 0, 0, 0, 0, 0, 0, 0, 0, 0, 0, 0, 0, 0, 0, 0, 0, 0, 0, 0, 0, 0, 0, 0, 0, 0, 0, 0, 0, 0, 0, 0, 0, 0, 0, 0, 0, 0, 0, 0], "HS-opt-time": [0.24165630340576172, 0.16445589065551758, 0.06309700012207031, 0.07931041717529297, 0.20321941375732422, 0.03991556167602539, 0.08653116226196289, 0.03721737861633301, 0.03571510314941406, 0.343189001083374, 0.40263891220092773, 0.11350178718566895, 0.07249283790588379, 14.0970938205719, 2.7378487586975098, 0.11508417129516602, 0.08332657814025879, 8.144075393676758, 2.4383089542388916, 3.824208974838257, 3.8775956630706787, 1.467249870300293, 4.306246995925903, 6.962538480758667, 2.1664764881134033, 9.244736194610596, 4.750874996185303, 2.6159660816192627, 21.647693157196045, 1.4313116073608398, 0.15047383308410645, 0.625826358795166, 0.6727738380432129, 0.7024846076965332, 0.33345866203308105, 2.208648443222046, 0.7407910823822021, 1.6092803478240967, 3.813366413116455, 3.913957357406616, 2.409243583679199, 0.7841968536376953, 2.310115337371826, 0.5563232898712158, 1.485471487045288, 0.8210155963897705, 0.6711432933807373, 0.8651392459869385, 0.5544285774230957, 0.36476755142211914, 1.3134381771087646, 1.0471222400665283, 0.5998201370239258, 0.5315694808959961, 11.986588478088379, 1.407914638519287, 0.6540312767028809, 0.3171265125274658, 0.610896110534668, 0.31080174446105957, 0.3074610233306885, 0.30227208137512207, 1.2456560134887695, 0.5366346836090088, 0.2937459945678711, 4.690713405609131, 1.369260549545288, 1.3018901348114014, 1.09476637840271, 0.3176267147064209, 0.33113741874694824, 0.9999189376831055, 0.3658256530761719, 0.2509582042694092, 0.6310417652130127, 2.0147950649261475, 7.647751092910767, 2.0580246448516846, 2.9710307121276855, 0.7574148178100586, 1.7267026901245117, 0.689988374710083, 0.6303277015686035, 0.3023538589477539, 0.5945074558258057, 0.26786231994628906, 1.6409556865692139, 0.2875521183013916, 0.572608470916748, 0.284226655960083, 1.47271728515625, 3.506890058517456, 1.109093189239502, 4.02066445350647, 1.783459186553955, 1.4434170722961426, 0.3641972541809082, 0.33159685134887695, 0.37258338928222656, 4.396095037460327, 0.39693307876586914, 6.667498350143433, 0.37285757064819336, 0.7638719081878662, 0.6745388507843018, 0.33927130699157715, 0.3341672420501709, 0.33430933952331543, 0.6666548252105713, 1.7677946090698242, 0.35412001609802246, 2.7167439460754395, 0.3713839054107666, 1.925513744354248, 0.43314099311828613, 0.3573462963104248, 0.34299635887145996, 1.2088351249694824, 1.1632881164550781, 7.745490074157715, 0.32163476943969727, 0.330000638961792, 0.3201568126678467], "HS-postpone-time": [0, 0, 0, 0, 0, 0, 0, 0, 0, 0, 0, 0, 0, 0, 0, 0, 0, 0, 0, 0, 0, 0, 0, 0, 0, 0, 0, 0, 0, 0, 0, 0, 0, 0, 0, 0, 0, 0, 0, 0, 0, 0, 0, 0, 0, 0, 0, 0, 0, 0, 0, 0, 0, 0, 0, 0, 0, 0, 0, 0, 0, 0, 0, 0, 0, 0, 0, 0, 0, 0, 0, 0, 0, 0, 0, 0, 0, 0, 0, 0, 0, 0, 0, 0, 0, 0, 0, 0, 0, 0, 0, 0, 0, 0, 0, 0, 0, 0, 0, 0, 0, 0, 0, 0, 0, 0, 0, 0, 0, 0, 0, 0, 0, 0, 0, 0, 0, 0, 0, 0, 0, 0, 0], "SAT-time": [0.07362723350524902, 0.015156745910644531, 0.00281524658203125, 0.002010345458984375, 0.008514404296875, 0.002190828323364258, 0.0067560672760009766, 0.0004973411560058594, 0.00146484375, 0.010011911392211914, 0.009373188018798828, 0.004354238510131836, 0.0015282630920410156, 0.10001778602600098, 0.007390022277832031, 0.0026607513427734375, 0.001604318618774414, 0.03173208236694336, 0.007431507110595703, 0.012115001678466797, 0.009233474731445312, 0.02148723602294922, 0.01288747787475586, 0.013509035110473633, 0.005396366119384766, 0.022574424743652344, 0.009611129760742188, 0.014812469482421875, 0.040407419204711914, 0.014853715896606445, 0.0005726814270019531, 0.0062639713287353516, 0.00548553466796875, 0.006016731262207031, 0.002830028533935547, 0.021513700485229492, 0.010201692581176758, 0.011451005935668945, 0.05213022232055664, 0.04581809043884277, 0.015189647674560547, 0.004502058029174805, 0.014448404312133789, 0.0049364566802978516, 0.017200946807861328, 0.004559993743896484, 0.0033779144287109375, 0.00449371337890625, 0.003174304962158203, 0.0020515918731689453, 0.011729717254638672, 0.0072252750396728516, 0.0007309913635253906, 0.004624605178833008, 0.046977996826171875, 0.015495777130126953, 0.0035660266876220703, 0.001974344253540039, 0.003628969192504883, 0.0020003318786621094, 0.0007104873657226562, 0.0020318031311035156, 0.0065364837646484375, 0.004395723342895508, 0.0007581710815429688, 0.03404426574707031, 0.01230764389038086, 0.009715080261230469, 0.009714603424072266, 0.0020210742950439453, 0.0007801055908203125, 0.007511615753173828, 0.0007405281066894531, 0.002233266830444336, 0.0035893917083740234, 0.018604278564453125, 0.049834251403808594, 0.01989150047302246, 0.020826339721679688, 0.004452943801879883, 0.011735916137695312, 0.0046308040618896484, 0.0034606456756591797, 0.0020589828491210938, 0.003529071807861328, 0.0021643638610839844, 0.011798858642578125, 0.0021119117736816406, 0.0035996437072753906, 0.002122640609741211, 0.011418819427490234, 0.030177831649780273, 0.006323575973510742, 0.02392721176147461, 0.012118816375732422, 0.010512590408325195, 0.0007545948028564453, 0.002175569534301758, 0.0008208751678466797, 0.030635833740234375, 0.0007903575897216797, 0.0452425479888916, 0.0007455348968505859, 0.004763603210449219, 0.003637075424194336, 0.0022606849670410156, 0.0008022785186767578, 0.002169370651245117, 0.0035333633422851562, 0.012978792190551758, 0.0008616447448730469, 0.022536277770996094, 0.0008585453033447266, 0.013678789138793945, 0.0008070468902587891, 0.002373218536376953, 0.0007977485656738281, 0.00782322883605957, 0.006201982498168945, 0.05332183837890625, 0.0008790493011474609, 0.0022966861724853516, 0.0008263587951660156],