{"config": {"preseeding": true, "preseeding-grow": false, "sat-polarity": true, "sat-polarity-initial": false, "postpone_opt": true, "postpone_opt_incr": true, "postpone_opt_greedy": true, "grow": true, "grow_sat": false, "grow_subset_maximal": false, "grow_maxsat": true, "grow_maxsat_neg_cost": false, "grow_maxsat_pos_cost": false, "grow_maxsat_max_cost_neg": false, "grow_maxsat_unit": false, "grow_maxsat_initial": true, "grow_maxsat_actual_pos": false, "grow_maxsat_actual_unif": false, "grow_maxsat_actual_inv": false, "timeout": 7200, "instance": "origin-problem", "output": "/user/brussel/101/vsc10143/holygrail/experiments/03_OMUS/02_OUS/results/effectPreseeding/2021010802/20210108021538929996.json"}, "results": {"HS": [2, 2, 1, 1, 1, 2, 1, 1, 1, 1, 1, 1, 1, 6, 1, 1, 5, 2, 2, 1, 2, 1, 1, 2, 1, 3, 3, 2, 13, 1, 1, 1, 1, 2, 1, 1, 1, 1], "HS_greedy": [26, 24, 0, 0, 0, 67, 0, 0, 0, 0, 0, 0, 0, 64, 0, 0, 64, 94, 68, 0, 74, 0, 0, 60, 0, 63, 78, 70, 83, 0, 0, 0, 0, 56, 0, 0, 0, 37], "HS_incr": [529, 436, 0, 0, 0, 1489, 0, 0, 0, 0, 0, 0, 0, 1469, 0, 0, 1229, 2286, 1555, 0, 1535, 0, 0, 1224, 0, 1295, 1733, 1531, 1704, 0, 0, 0, 0, 1207, 0, 0, 0, 780], "HS-opt-time": [0.9803109169006348, 3.377964735031128, 2.341869354248047, 2.2385013103485107, 2.5721800327301025, 10.039380311965942, 8.885835886001587, 8.983840227127075, 8.300674676895142, 9.02127456665039, 7.5093653202056885, 9.24069857597351, 9.371728897094727, 118.07079935073853, 4.464893579483032, 2.807973861694336, 157.69059872627258, 111.44072794914246, 32.72560000419617, 64.50207376480103, 141.55798840522766, 73.5804717540741, 91.5615656375885, 137.80573511123657, 99.45243382453918, 291.36237812042236, 206.15446972846985, 42.56470251083374, 1874.0535986423492, 25.304738521575928, 16.91457438468933, 27.478997945785522, 37.943742990493774, 73.40660047531128, 28.046478271484375, 43.90089797973633, 26.383010149002075, 28.452358722686768], "HS-postpone-time": [0.18482446670532227, 0.14284515380859375, 0, 0, 0, 1.4801616668701172, 0, 0, 0, 0, 0, 0, 0, 1.2769525051116943, 0, 0, 1.0793678760528564, 2.6325323581695557, 1.3542096614837646, 0, 1.419456958770752, 0, 0, 0.9208436012268066, 0, 1.018556833267212, 1.6336047649383545, 1.3186805248260498, 1.924311876296997, 0, 0, 0, 0, 0.7759130001068115, 0, 0, 0, 0.3093585968017578], "SAT-time": [0.8388729095458984, 0.7072720527648926, 0.0014739036560058594, 0.0004582405090332031, 0.0014564990997314453, 2.6333189010620117, 0.0015473365783691406, 0.0005161762237548828, 0.0015716552734375, 0.0005152225494384766, 0.0016148090362548828, 0.0004930496215820312, 0.0015861988067626953, 2.7847955226898193, 0.0016126632690429688, 0.0005438327789306641, 2.374098777770996, 4.431671857833862, 2.953326463699341, 0.0011494159698486328, 3.1490302085876465, 0.0005981922149658203, 0.0017435550689697266, 2.4678006172180176, 0.0017278194427490234, 2.6740643978118896, 3.4789910316467285, 3.0614876747131348, 3.379434108734131, 0.0017914772033691406, 0.0006270408630371094, 0.0017638206481933594, 0.0005843639373779297, 2.5129668712615967, 0.0006201267242431641, 0.0017681121826171875, 0.0006108283996582031, 1.5921998023986816], "grow-time": [75.16900420188904, 66.12783026695251, 0, 0, 0, 218.06983304023743, 0, 0, 0, 0, 0, 0, 0, 261.0653736591339, 0, 0, 193.3527045249939, 367.9922354221344, 260.7351863384247, 0, 238.25701022148132, 0, 0, 188.9337978363037, 0, 200.77372431755066, 287.58328557014465, 261.8701078891754, 284.77558970451355, 0, 0, 0, 0, 232.97468519210815, 0, 0, 0, 129.6498510837555], "#expl": 37, "expl_seq": [{"constraints": [1690], "derived": [-15, -14]}, {"constraints": [1689], "derived": [-104]}, {"constraints": [1694], "derived": [-100]}, {"constraints": [1696], "derived": [-27]}, {"constraints": [1687], "derived": [5]}, {"constraints": [5, 151], "derived": [-20, -10, -25]}, {"constraints": [153, 5], "derived": [-4, -3, -2, -1]}, {"constraints": [5, 179, -27], "derived": [-97]}, {"constraints": [180, -100, 5], "derived": [-30]}, {"constraints": [-27, 1693], "derived": [-52]}, {"constraints": [176, -52, 5], "derived": [-122]}, {"constraints": [-15, 1694], "derived": [-95]}, {"constraints": [-14, 1694], "derived": [-90]}, {"constraints": [1696, 161, 156], "derived": [-54, -51]}, {"constraints": [176, 5, -51], "derived": [-121]}, {"constraints": [176, -54, 5], "derived": [-124]}, {"constraints": [153, 164, 1694], "derived": [-11]}, {"constraints": [1690, 154, 167], "derived": [-103, -108]}, {"constraints": [-95, 164, -90, -108, 184, -103, -100], "derived": [-148]}, {"constraints": [156, 178, 1692], "derived": [-89]}, {"constraints": [1691, 156, 181], "derived": [-140]}, {"constraints": [168, 1690, 175], "derived": [-63]}, {"constraints": [164, 180, 1694], "derived": [-40]}, {"constraints": [160, 182, 1695], "derived": [-145]}, {"constraints": [168, 177, 1689], "derived": [-59]}, {"constraints": [168, 1689, 153, -124], "derived": [-9]}, {"constraints": [154, 1690, -11, 167], "derived": [-113]}, {"constraints": [168, 175, -113, -108, -10, -9, -103], "derived": [-58]}, {"constraints": [1696, 161, 1693], "derived": [-72, -62, -57]}, {"constraints": [160, -62, -57, -52, -72], "derived": [67]}, {"constraints": [161, 67], "derived": [-70, -69, -68, -66]}, {"constraints": [1688, -58, -57], "derived": [-32]}, {"constraints": [1688, -63, -62], "derived": [-37]}, {"constraints": [1696, -70, -68], "derived": [-42]}, {"constraints": [67, 182, -42], "derived": [-132]}, {"constraints": [-32, -27, -42, -37, 156], "derived": [47]}, {"constraints": [157, 47], "derived": [-48, -46, -50, -49]}], "OUS-time": [77.7530632019043, 70.84168815612793, 2.344226837158203, 2.239847183227539, 2.574474334716797, 233.8688943386078, 8.888248920440674, 8.987248182296753, 8.30310320854187, 9.022941827774048, 7.512141466140747, 9.241994619369507, 9.37443494796753, 384.73422837257385, 4.469752550125122, 2.8093600273132324, 355.75780606269836, 488.865350484848, 299.3456211090088, 64.50509834289551, 385.93367528915405, 73.59085750579834, 91.5734167098999, 331.35458421707153, 99.46414875984192, 497.1125328540802, 500.5748550891876, 310.33406376838684, 2165.7981703281403, 25.321373224258423, 16.91763424873352, 27.481675386428833, 37.94731903076172, 310.8124976158142, 28.05620574951172, 43.90541362762451, 26.390960693359375, 0], "timeout": true}}