{"t_nonopt": [0.2867858409881592, 0.0034406185150146484, 0.0012505054473876953, 0.0007071495056152344], "t_opt": [0.0006513595581054688, 0.0005035400390625, 0.00044345855712890625, 0.000438690185546875], "tot_time": 0.29540014266967773, "steps_opt": 4, "steps_incr": 203, "stps_greedy": 8, "steps_orig": 638}