{"config": {"preseeding": true, "preseeding-minimal": true, "preseeding-grow": false, "preseeding-grow-maxsat": false, "sat-polarity": true, "postpone_opt": true, "postpone_opt_incr": true, "postpone_opt_greedy": true, "grow": true, "grow_sat": false, "grow_subset_maximal": false, "grow_maxsat": true, "timeout": 14400, "instance": "frietkot", "output": "results/rq1_4/20201218/20201218165207515900.json"}, "results": {"HS": [2, 1, 1, 1], "HS_greedy": [13, 0, 0, 0], "HS_incr": [19, 0, 0, 0], "HS-opt-time": [0.0025942325592041016, 0.001577138900756836, 0.0015232563018798828, 0.001346588134765625], "HS-postpone-time": [0.0033359527587890625, 0, 0, 0], "SAT-time": [0.002224445343017578, 9.369850158691406e-05, 7.963180541992188e-05, 6.67572021484375e-05], "grow-time": [0.02299332618713379, 0, 0, 0], "#expl": 4, "expl_seq": [{"constraints": [82, 85], "derived": [-71, -75]}, {"constraints": [-71, 76], "derived": [72]}, {"constraints": [80, 81, 72], "derived": [74]}, {"constraints": [-71, 74, 83], "derived": [-73]}], "OUS-time": [0.03444957733154297, 0.0018978118896484375, 0.0017654895782470703, 0.0015382766723632812], "timeout": false}}