{"config": {"preseeding": true, "preseeding-minimal": false, "preseeding-grow": true, "preseeding-grow-maxsat": false, "sat-polarity": true, "postpone_opt": true, "postpone_opt_incr": false, "postpone_opt_greedy": true, "grow": true, "grow_sat": false, "grow_subset_maximal": false, "grow_maxsat": true, "timeout": 14400, "instance": "frietkot", "output": "results/rq1_4/20201218/20201218164507713327.json"}, "results": {"HS": [2, 1, 1, 2], "HS_greedy": [12, 0, 0, 3], "HS_incr": [0, 0, 0, 0], "HS-opt-time": [0.026920795440673828, 0.02947211265563965, 0.0014486312866210938, 0.027338027954101562], "HS-postpone-time": [0.0252840518951416, 0, 0, 0.00016570091247558594], "SAT-time": [0.0013589859008789062, 9.012222290039062e-05, 0.00010466575622558594, 0.0005648136138916016], "grow-time": [0.1432480812072754, 0, 0, 0.003786325454711914], "#expl": 4, "expl_seq": [{"constraints": [12, 15], "derived": [-5, -1]}, {"constraints": [6, -1], "derived": [2]}, {"constraints": [11, 2, 10], "derived": [4]}, {"constraints": [2, 4, 13, -1], "derived": [-3]}], "OUS-time": [0.19887375831604004, 0.029810428619384766, 0.0018160343170166016, 0.07297968864440918], "timeout": false}}