{"config": {"preseeding": true, "preseeding-minimal": true, "preseeding-grow": false, "preseeding-grow-maxsat": false, "sat-polarity": true, "postpone_opt": true, "postpone_opt_incr": true, "postpone_opt_greedy": true, "grow": true, "grow_sat": false, "grow_subset_maximal": false, "grow_maxsat": true, "timeout": 14400, "instance": "frietkot", "output": "results/rq1_4/20201218/20201218171951003433.json"}, "results": {"HS": [2, 2, 1, 2], "HS_greedy": [4, 6, 0, 4], "HS_incr": [14, 12, 0, 5], "HS-opt-time": [0.0012784004211425781, 0.002187490463256836, 0.0008883476257324219, 0.0023741722106933594], "HS-postpone-time": [0.00081634521484375, 0.0009577274322509766, 0, 0.00041747093200683594], "SAT-time": [0.0007379055023193359, 0.0006616115570068359, 3.0040740966796875e-05, 0.0003216266632080078], "grow-time": [0.007914543151855469, 0.006129026412963867, 0, 0.002834796905517578], "#expl": 4, "expl_seq": [{"constraints": [80, 77], "derived": [-70, -66]}, {"constraints": [80, -70, 71], "derived": [67]}, {"constraints": [75, 67, 76], "derived": [69]}, {"constraints": [80, -66, 69, 78], "derived": [-68]}], "OUS-time": [0.012312173843383789, 0.011615514755249023, 0.0009932518005371094, 0.006661891937255859], "timeout": false}}