{"config": {"preseeding": true, "preseeding-minimal": true, "preseeding-grow": false, "preseeding-grow-maxsat": false, "sat-polarity": true, "postpone_opt": true, "postpone_opt_incr": true, "postpone_opt_greedy": true, "grow": true, "grow_sat": false, "grow_subset_maximal": true, "grow_maxsat": false, "timeout": 14400, "instance": "frietkot", "output": "results/rq1_4/20201218/20201218164820704240.json"}, "results": {"HS": [2, 1, 1, 1], "HS_greedy": [15, 0, 0, 0], "HS_incr": [25, 0, 0, 0], "HS-opt-time": [0.0022666454315185547, 0.001245260238647461, 0.0012047290802001953, 0.001379251480102539], "HS-postpone-time": [0.0030264854431152344, 0, 0, 0], "SAT-time": [0.002562284469604492, 6.198883056640625e-05, 6.389617919921875e-05, 7.700920104980469e-05], "grow-time": [0.0012197494506835938, 0, 0, 0], "#expl": 4, "expl_seq": [{"constraints": [17, 20], "derived": [-6, -10]}, {"constraints": [-6, 11], "derived": [7]}, {"constraints": [16, 15, 7], "derived": [9]}, {"constraints": [9, 18, -6], "derived": [-8]}], "OUS-time": [0.010047435760498047, 0.0014224052429199219, 0.001371145248413086, 0.0015690326690673828], "timeout": false}}