{"config": {"preseeding": true, "preseeding-minimal": true, "preseeding-grow": false, "preseeding-grow-maxsat": false, "sat-polarity": true, "postpone_opt": true, "postpone_opt_incr": true, "postpone_opt_greedy": true, "grow": true, "grow_sat": false, "grow_subset_maximal": false, "grow_maxsat": true, "timeout": 14400, "instance": "frietkot", "output": "results/rq1_4/20201218/20201218171417399592.json"}, "results": {"HS": [2, 2, 1, 1], "HS_greedy": [5, 5, 0, 0], "HS_incr": [11, 8, 0, 0], "HS-opt-time": [0.0012519359588623047, 0.0018455982208251953, 0.0009052753448486328, 0.0008797645568847656], "HS-postpone-time": [0.0009586811065673828, 0.0007269382476806641, 0, 0], "SAT-time": [0.0009582042694091797, 0.0005910396575927734, 3.1948089599609375e-05, 3.218650817871094e-05], "grow-time": [0.008109569549560547, 0.006704092025756836, 0, 0], "#expl": 4, "expl_seq": [{"constraints": [92, 95], "derived": [-85, -81]}, {"constraints": [-85, 86, -81], "derived": [82]}, {"constraints": [90, 91, 82], "derived": [84]}, {"constraints": [84, 93, -81], "derived": [-83]}], "OUS-time": [0.012823343276977539, 0.011387109756469727, 0.001024007797241211, 0.0009884834289550781], "timeout": false}}