{"config": {"preseeding": true, "preseeding-minimal": true, "preseeding-grow": false, "preseeding-grow-maxsat": false, "sat-polarity": true, "postpone_opt": true, "postpone_opt_incr": true, "postpone_opt_greedy": true, "grow": true, "grow_sat": false, "grow_subset_maximal": false, "grow_maxsat": true, "timeout": 14400, "instance": "frietkot", "output": "results/rq1_4/20201218/20201218165549366287.json"}, "results": {"HS": [2, 1, 2, 1], "HS_greedy": [10, 0, 6, 0], "HS_incr": [18, 0, 7, 0], "HS-opt-time": [0.00201416015625, 0.0016665458679199219, 0.002566099166870117, 0.0012454986572265625], "HS-postpone-time": [0.001882314682006836, 0, 0.0009393692016601562, 0], "SAT-time": [0.0013256072998046875, 0.00010943412780761719, 0.0005605220794677734, 7.843971252441406e-05], "grow-time": [0.014022111892700195, 0, 0.005107402801513672, 0], "#expl": 4, "expl_seq": [{"constraints": [80, 77], "derived": [-70, -66]}, {"constraints": [-66, 71], "derived": [67]}, {"constraints": [75, 67, 76], "derived": [69]}, {"constraints": [67, -66, 69, 78], "derived": [-68]}], "OUS-time": [0.022351503372192383, 0.0021209716796875, 0.010469436645507812, 0.001489400863647461], "timeout": false}}