{"config": {"preseeding": true, "preseeding-minimal": false, "preseeding-grow": true, "preseeding-grow-maxsat": false, "sat-polarity": true, "postpone_opt": true, "postpone_opt_incr": true, "postpone_opt_greedy": true, "grow": true, "grow_sat": false, "grow_subset_maximal": false, "grow_maxsat": true, "timeout": 14400, "instance": "frietkot", "output": "results/rq1_4/20201218/20201218164507712955.json"}, "results": {"HS": [2, 1, 2, 1], "HS_greedy": [13, 0, 7, 0], "HS_incr": [20, 0, 7, 0], "HS-opt-time": [0.024356603622436523, 0.0023000240325927734, 0.05727362632751465, 0.006177186965942383], "HS-postpone-time": [0.002483367919921875, 0, 0.03937697410583496, 0], "SAT-time": [0.0030493736267089844, 0.00026607513427734375, 0.0015637874603271484, 9.417533874511719e-05], "grow-time": [0.26334404945373535, 0, 0.05250191688537598, 0], "#expl": 4, "expl_seq": [{"constraints": [12, 15], "derived": [-5, -1]}, {"constraints": [6, -1], "derived": [2]}, {"constraints": [11, 2, 10], "derived": [4]}, {"constraints": [-5, 4, 13, -1], "derived": [-3]}], "OUS-time": [0.2985501289367676, 0.0027780532836914062, 0.16488385200500488, 0.006480693817138672], "timeout": false}}