{"config": {"preseeding": true, "preseeding-minimal": true, "preseeding-grow": false, "preseeding-grow-maxsat": false, "sat-polarity": true, "postpone_opt": true, "postpone_opt_incr": true, "postpone_opt_greedy": true, "grow": true, "grow_sat": false, "grow_subset_maximal": false, "grow_maxsat": true, "timeout": 14400, "instance": "frietkot", "output": "results/rq1_4/20201218/20201218171951003427.json"}, "results": {"HS": [2, 2, 1, 1], "HS_greedy": [5, 5, 0, 0], "HS_incr": [17, 11, 0, 0], "HS-opt-time": [0.0014052391052246094, 0.004064798355102539, 0.00098419189453125, 0.0015549659729003906], "HS-postpone-time": [0.001262664794921875, 0.0008454322814941406, 0, 0], "SAT-time": [0.0011725425720214844, 0.0006558895111083984, 3.1948089599609375e-05, 4.0531158447265625e-05], "grow-time": [0.023665428161621094, 0.006451845169067383, 0, 0], "#expl": 4, "expl_seq": [{"constraints": [72, 75], "derived": [-61, -65]}, {"constraints": [66, -61, 70], "derived": [62]}, {"constraints": [70, 62, 71], "derived": [64]}, {"constraints": [64, 73, 75, -61], "derived": [-63]}], "OUS-time": [0.029538393020629883, 0.013435602188110352, 0.0011086463928222656, 0.0017025470733642578], "timeout": false}}