{"config": {"preseeding": true, "preseeding-minimal": true, "preseeding-grow": false, "preseeding-grow-maxsat": false, "sat-polarity": true, "postpone_opt": true, "postpone_opt_incr": true, "postpone_opt_greedy": true, "grow": true, "grow_sat": false, "grow_subset_maximal": false, "grow_maxsat": true, "timeout": 14400, "instance": "frietkot", "output": "results/rq1_4/20201218/20201218171957199094.json"}, "results": {"HS": [2, 2, 1, 1], "HS_greedy": [5, 5, 0, 0], "HS_incr": [17, 11, 0, 0], "HS-opt-time": [0.0016069412231445312, 0.006514310836791992, 0.0011126995086669922, 0.0012919902801513672], "HS-postpone-time": [0.001218557357788086, 0.0008437633514404297, 0, 0], "SAT-time": [0.0012507438659667969, 0.0009133815765380859, 4.57763671875e-05, 3.62396240234375e-05], "grow-time": [0.03401494026184082, 0.00930929183959961, 0, 0], "#expl": 4, "expl_seq": [{"constraints": [72, 75], "derived": [-61, -65]}, {"constraints": [66, -61, 70], "derived": [62]}, {"constraints": [70, 62, 71], "derived": [64]}, {"constraints": [64, 73, 75, -61], "derived": [-63]}], "OUS-time": [0.04043078422546387, 0.019591808319091797, 0.0012524127960205078, 0.001416921615600586], "timeout": false}}