{"config": {"preseeding": true, "preseeding-minimal": true, "preseeding-grow": false, "preseeding-grow-maxsat": false, "sat-polarity": true, "postpone_opt": true, "postpone_opt_incr": true, "postpone_opt_greedy": true, "grow": true, "grow_sat": false, "grow_subset_maximal": false, "grow_maxsat": true, "timeout": 14400, "instance": "frietkot", "output": "results/rq1_4/20201218/20201218180145414790.json"}, "results": {"HS": [2, 2, 1, 1], "HS_greedy": [5, 5, 0, 0], "HS_incr": [17, 11, 0, 0], "HS-opt-time": [0.0013744831085205078, 0.0042765140533447266, 0.0011606216430664062, 0.0012891292572021484], "HS-postpone-time": [0.00101470947265625, 0.0007808208465576172, 0, 0], "SAT-time": [0.0012230873107910156, 0.0005850791931152344, 5.936622619628906e-05, 5.2928924560546875e-05], "grow-time": [0.027254581451416016, 0.006693363189697266, 0, 0], "#expl": 4, "expl_seq": [{"constraints": [72, 75], "derived": [-61, -65]}, {"constraints": [66, -61, 70], "derived": [62]}, {"constraints": [70, 62, 71], "derived": [64]}, {"constraints": [64, 73, 75, -61], "derived": [-63]}], "OUS-time": [0.03268575668334961, 0.013624906539916992, 0.001333475112915039, 0.0014481544494628906], "timeout": false}}