{"config": {"preseeding": true, "preseeding-minimal": true, "preseeding-grow": false, "preseeding-grow-maxsat": false, "sat-polarity": true, "postpone_opt": true, "postpone_opt_incr": true, "postpone_opt_greedy": true, "grow": true, "grow_sat": false, "grow_subset_maximal": false, "grow_maxsat": true, "timeout": 14400, "instance": "frietkot", "output": "results/rq1_4/20201218/20201218165236661664.json"}, "results": {"HS": [2, 1, 2, 2], "HS_greedy": [8, 0, 4, 3], "HS_incr": [17, 0, 4, 4], "HS-opt-time": [0.0016245841979980469, 0.00079345703125, 0.001737833023071289, 0.0018982887268066406], "HS-postpone-time": [0.0013802051544189453, 0, 0.00033736228942871094, 0.0002551078796386719], "SAT-time": [0.0007555484771728516, 4.315376281738281e-05, 0.0002446174621582031, 0.00022363662719726562], "grow-time": [0.009359359741210938, 0, 0.0026123523712158203, 0.002096891403198242], "#expl": 4, "expl_seq": [{"constraints": [25, 22], "derived": [-15, -11]}, {"constraints": [16, -11], "derived": [12]}, {"constraints": [21, 12, 20], "derived": [14]}, {"constraints": [-15, -11, 14, 23], "derived": [-13]}], "OUS-time": [0.01430964469909668, 0.0009236335754394531, 0.005326032638549805, 0.004816770553588867], "timeout": false}}