{"config": {"preseeding": true, "preseeding-minimal": false, "preseeding-grow": true, "preseeding-grow-maxsat": false, "sat-polarity": true, "postpone_opt": true, "postpone_opt_incr": false, "postpone_opt_greedy": true, "grow": true, "grow_sat": false, "grow_subset_maximal": false, "grow_maxsat": true, "timeout": 14400, "instance": "frietkot", "output": "results/rq1_4/20201218/20201218163903018321.json"}, "results": {"HS": [2, 1, 1, 2], "HS_greedy": [12, 0, 0, 1], "HS_incr": [0, 0, 0, 0], "HS-opt-time": [0.02438497543334961, 0.02691054344177246, 0.0013976097106933594, 0.01388406753540039], "HS-postpone-time": [0.001039266586303711, 0, 0, 5.316734313964844e-05], "SAT-time": [0.001043558120727539, 9.489059448242188e-05, 8.58306884765625e-05, 0.0004775524139404297], "grow-time": [0.09670591354370117, 0, 0, 0.0027952194213867188], "#expl": 4, "expl_seq": [{"constraints": [12, 15], "derived": [-5, -1]}, {"constraints": [6, -1], "derived": [2]}, {"constraints": [11, 2, 10], "derived": [4]}, {"constraints": [4, 13, -1], "derived": [-3]}], "OUS-time": [0.13458871841430664, 0.027225017547607422, 0.001688241958618164, 0.04113149642944336], "timeout": false}}