{"config": {"preseeding": true, "preseeding-minimal": true, "preseeding-grow": false, "preseeding-grow-maxsat": false, "sat-polarity": true, "postpone_opt": true, "postpone_opt_incr": true, "postpone_opt_greedy": true, "grow": true, "grow_sat": false, "grow_subset_maximal": false, "grow_maxsat": true, "timeout": 14400, "instance": "frietkot", "output": "results/rq1_4/20201218/20201218171957199102.json"}, "results": {"HS": [2, 2, 1, 2], "HS_greedy": [4, 6, 0, 4], "HS_incr": [14, 12, 0, 5], "HS-opt-time": [0.0013852119445800781, 0.002414703369140625, 0.0010619163513183594, 0.0025658607482910156], "HS-postpone-time": [0.0007548332214355469, 0.0008826255798339844, 0, 0.0003998279571533203], "SAT-time": [0.0007615089416503906, 0.0006737709045410156, 5.054473876953125e-05, 0.0003337860107421875], "grow-time": [0.009069442749023438, 0.006964921951293945, 0, 0.002907276153564453], "#expl": 4, "expl_seq": [{"constraints": [80, 77], "derived": [-70, -66]}, {"constraints": [80, -70, 71], "derived": [67]}, {"constraints": [75, 67, 76], "derived": [69]}, {"constraints": [80, -66, 69, 78], "derived": [-68]}], "OUS-time": [0.013785362243652344, 0.01274251937866211, 0.0012023448944091797, 0.006929636001586914], "timeout": false}}