{"config": {"preseeding": true, "preseeding-minimal": true, "preseeding-grow": false, "preseeding-grow-maxsat": false, "sat-polarity": true, "postpone_opt": true, "postpone_opt_incr": true, "postpone_opt_greedy": true, "grow": true, "grow_sat": false, "grow_subset_maximal": false, "grow_maxsat": true, "timeout": 14400, "instance": "simple", "output": "results/rq1_4/20201218/20201218163903017089.json"}, "results": {"HS": [2, 1, 1], "HS_greedy": [5, 0, 0], "HS_incr": [6, 0, 0], "HS-opt-time": [0.0033533573150634766, 0.001644134521484375, 0.026324987411499023], "HS-postpone-time": [0.024697065353393555, 0, 0], "SAT-time": [0.0013537406921386719, 0.00012493133544921875, 0.00011682510375976562], "grow-time": [0.03499722480773926, 0, 0], "#expl": 3, "expl_seq": [{"constraints": [4, 6], "derived": [1]}, {"constraints": [1, 5, 6], "derived": [2]}, {"constraints": [1, 5, 7], "derived": [-3]}], "OUS-time": [0.06661510467529297, 0.0020995140075683594, 0.026690959930419922], "timeout": false}}