{"config": {"preseeding": true, "preseeding-minimal": false, "preseeding-grow": false, "preseeding-grow-maxsat": true, "sat-polarity": true, "postpone_opt": false, "postpone_opt_incr": false, "postpone_opt_greedy": false, "grow": true, "grow_sat": false, "grow_subset_maximal": false, "grow_maxsat": true, "timeout": 14400, "instance": "simple", "output": "results/rq1_4/20201218/20201218192108501176.json"}, "results": {"HS": [1, 4, 1], "HS_greedy": [0, 0, 0], "HS_incr": [0, 0, 0], "HS-opt-time": [0.0017228126525878906, 0.002064228057861328, 0.0002665519714355469], "HS-postpone-time": [0, 0, 0], "SAT-time": [2.193450927734375e-05, 0.00027441978454589844, 2.0742416381835938e-05], "grow-time": [0, 0.0068399906158447266, 0], "#expl": 3, "expl_seq": [{"constraints": [4], "derived": [1]}, {"constraints": [1, 5, 7], "derived": [-3]}, {"constraints": [1, -3, 6], "derived": [2]}], "OUS-time": [0.0019190311431884766, 0.010085105895996094, 0.000377655029296875], "timeout": false}}