{"config": {"preseeding": true, "preseeding-minimal": true, "preseeding-grow": false, "preseeding-grow-maxsat": false, "sat-polarity": true, "postpone_opt": false, "postpone_opt_incr": false, "postpone_opt_greedy": false, "grow": true, "grow_sat": false, "grow_subset_maximal": false, "grow_maxsat": true, "timeout": 14400, "instance": "simple", "output": "results/rq1_4/20201218/20201218135224788645.json"}, "results": {"HS": [3, 2, 1], "HS_greedy": [0, 0, 0], "HS_incr": [0, 0, 0], "HS-opt-time": [0.002975940704345703, 0.0026171207427978516, 0.0004780292510986328], "HS-postpone-time": [0, 0, 0], "SAT-time": [0.00038743019104003906, 0.0002968311309814453, 7.605552673339844e-05], "grow-time": [0.0027189254760742188, 0.007934808731079102, 0], "#expl": 3, "expl_seq": [{"constraints": [4], "derived": [1]}, {"constraints": [1, 5, 6], "derived": [2]}, {"constraints": [2, 7], "derived": [-3]}], "OUS-time": [0.006622791290283203, 0.011468172073364258, 0.0007262229919433594], "timeout": false}}