{"config": {"preseeding": true, "preseeding-minimal": false, "preseeding-grow": false, "preseeding-grow-maxsat": true, "sat-polarity": true, "postpone_opt": false, "postpone_opt_incr": false, "postpone_opt_greedy": false, "grow": true, "grow_sat": false, "grow_subset_maximal": false, "grow_maxsat": true, "timeout": 14400, "instance": "simple", "output": "results/rq1_4/20201218/20201218152140663646.json"}, "results": {"HS": [1, 4, 1], "HS_greedy": [0, 0, 0], "HS_incr": [0, 0, 0], "HS-opt-time": [0.022402524948120117, 0.0028569698333740234, 0.0004181861877441406], "HS-postpone-time": [0, 0, 0], "SAT-time": [0.00013017654418945312, 0.008521795272827148, 7.724761962890625e-05], "grow-time": [0, 0.0023429393768310547, 0], "#expl": 3, "expl_seq": [{"constraints": [4], "derived": [1]}, {"constraints": [1, 5, 7], "derived": [-3]}, {"constraints": [1, -3, 6], "derived": [2]}], "OUS-time": [0.022794723510742188, 0.01919865608215332, 0.0006573200225830078], "timeout": false}}