{"config": {"preseeding": true, "preseeding-minimal": true, "preseeding-grow": false, "preseeding-grow-maxsat": false, "sat-polarity": true, "postpone_opt": true, "postpone_opt_incr": true, "postpone_opt_greedy": false, "grow": true, "grow_sat": false, "grow_subset_maximal": false, "grow_maxsat": true, "timeout": 14400, "instance": "simple", "output": "results/rq1_4/20201218/20201218135224788134.json"}, "results": {"HS": [2, 2, 1], "HS_greedy": [0, 0, 0], "HS_incr": [2, 1, 0], "HS-opt-time": [0.017006397247314453, 0.0342869758605957, 0.002235889434814453], "HS-postpone-time": [2.2411346435546875e-05, 1.1682510375976562e-05, 0], "SAT-time": [0.0003409385681152344, 0.00028777122497558594, 0.00023365020751953125], "grow-time": [0.0023632049560546875, 0.0013363361358642578, 0], "#expl": 3, "expl_seq": [{"constraints": [4], "derived": [1]}, {"constraints": [1, 5, 6], "derived": [2]}, {"constraints": [2, 4, 7], "derived": [-3]}], "OUS-time": [0.02035808563232422, 0.03639721870422363, 0.0029191970825195312], "timeout": false}}