{"config": {"preseeding": true, "preseeding-minimal": true, "preseeding-grow": false, "preseeding-grow-maxsat": false, "sat-polarity": true, "postpone_opt": true, "postpone_opt_incr": true, "postpone_opt_greedy": false, "grow": true, "grow_sat": false, "grow_subset_maximal": false, "grow_maxsat": true, "timeout": 14400, "instance": "simple", "output": "results/rq1_4/20201218/20201218152140661718.json"}, "results": {"HS": [2, 2, 1], "HS_greedy": [0, 0, 0], "HS_incr": [2, 1, 0], "HS-opt-time": [0.0023698806762695312, 0.002500295639038086, 0.001249551773071289], "HS-postpone-time": [3.4809112548828125e-05, 1.0251998901367188e-05, 0], "SAT-time": [0.03196978569030762, 0.0003635883331298828, 9.775161743164062e-05], "grow-time": [0.002890348434448242, 0.0016682147979736328, 0], "#expl": 3, "expl_seq": [{"constraints": [4], "derived": [1]}, {"constraints": [1, 5, 6], "derived": [2]}, {"constraints": [2, 4, 7], "derived": [-3]}], "OUS-time": [0.03805994987487793, 0.005121946334838867, 0.0015091896057128906], "timeout": false}}