{"config": {"preseeding": true, "preseeding-minimal": false, "preseeding-grow": true, "preseeding-grow-maxsat": false, "sat-polarity": true, "postpone_opt": false, "postpone_opt_incr": false, "postpone_opt_greedy": false, "grow": false, "grow_sat": false, "grow_subset_maximal": false, "grow_maxsat": false, "timeout": 14400, "instance": "simple", "output": "results/rq1_4/20201218/20201218163903018547.json"}, "results": {"HS": [12, 24, 5], "HS_greedy": [0, 0, 0], "HS_incr": [0, 0, 0], "HS-opt-time": [0.07321500778198242, 0.26316332817077637, 0.03156280517578125], "HS-postpone-time": [0, 0, 0], "SAT-time": [0.0010945796966552734, 0.003355741500854492, 0.0006191730499267578], "grow-time": [2.4080276489257812e-05, 5.340576171875e-05, 7.867813110351562e-06], "#expl": 3, "expl_seq": [{"constraints": [4], "derived": [1]}, {"constraints": [1, 5, 6], "derived": [2]}, {"constraints": [2, 7], "derived": [-3]}], "OUS-time": [0.07598257064819336, 0.2715904712677002, 0.04538440704345703], "timeout": false}}