{"config": {"preseeding": true, "preseeding-minimal": false, "preseeding-grow": false, "preseeding-grow-maxsat": true, "sat-polarity": true, "postpone_opt": true, "postpone_opt_incr": true, "postpone_opt_greedy": false, "grow": true, "grow_sat": false, "grow_subset_maximal": false, "grow_maxsat": true, "timeout": 14400, "instance": "simple", "output": "results/rq1_4/20201218/20201218152140663242.json"}, "results": {"HS": [1, 3, 1], "HS_greedy": [0, 0, 0], "HS_incr": [0, 2, 0], "HS-opt-time": [0.01184535026550293, 0.0027675628662109375, 0.0008301734924316406], "HS-postpone-time": [0, 2.47955322265625e-05, 0], "SAT-time": [9.298324584960938e-05, 0.030540943145751953, 6.008148193359375e-05], "grow-time": [0, 0.002620697021484375, 0], "#expl": 3, "expl_seq": [{"constraints": [4], "derived": [1]}, {"constraints": [1, 5, 7], "derived": [-3]}, {"constraints": [1, -3, 6], "derived": [2]}], "OUS-time": [0.012125492095947266, 0.03659772872924805, 0.001032114028930664], "timeout": false}}