{"config": {"preseeding": true, "preseeding-minimal": false, "preseeding-grow": false, "preseeding-grow-maxsat": true, "sat-polarity": true, "postpone_opt": true, "postpone_opt_incr": false, "postpone_opt_greedy": true, "grow": true, "grow_sat": false, "grow_subset_maximal": false, "grow_maxsat": true, "timeout": 14400, "instance": "simple", "output": "results/rq1_4/20201218/20201218152140663522.json"}, "results": {"HS": [1, 2, 1], "HS_greedy": [0, 4, 0], "HS_incr": [0, 0, 0], "HS-opt-time": [0.021116971969604492, 0.014678239822387695, 0.0007224082946777344], "HS-postpone-time": [0, 0.00018787384033203125, 0], "SAT-time": [0.00021004676818847656, 0.0005242824554443359, 0.00014400482177734375], "grow-time": [0, 0.003525257110595703, 0], "#expl": 3, "expl_seq": [{"constraints": [4], "derived": [1]}, {"constraints": [1, 5, 6], "derived": [2]}, {"constraints": [2, 7], "derived": [-3]}], "OUS-time": [0.02149677276611328, 0.02876138687133789, 0.0010547637939453125], "timeout": false}}