{"config": {"preseeding": true, "preseeding-minimal": false, "preseeding-grow": true, "preseeding-grow-maxsat": false, "sat-polarity": true, "postpone_opt": true, "postpone_opt_incr": true, "postpone_opt_greedy": false, "grow": true, "grow_sat": false, "grow_subset_maximal": false, "grow_maxsat": true, "timeout": 14400, "instance": "simple", "output": "results/rq1_4/20201218/20201218152140662461.json"}, "results": {"HS": [2, 3, 1], "HS_greedy": [0, 0, 0], "HS_incr": [1, 2, 0], "HS-opt-time": [0.0012269020080566406, 0.014166116714477539, 0.0008804798126220703], "HS-postpone-time": [1.33514404296875e-05, 2.3126602172851562e-05, 0], "SAT-time": [0.01353144645690918, 0.0009293556213378906, 0.00010251998901367188], "grow-time": [0.0016913414001464844, 0.005536556243896484, 0], "#expl": 3, "expl_seq": [{"constraints": [4], "derived": [1]}, {"constraints": [1, 5, 6], "derived": [2]}, {"constraints": [2, 7], "derived": [-3]}], "OUS-time": [0.016927480697631836, 0.021514177322387695, 0.00115966796875], "timeout": false}}