{"config": {"preseeding": true, "preseeding-minimal": false, "preseeding-grow": true, "preseeding-grow-maxsat": false, "sat-polarity": true, "postpone_opt": true, "postpone_opt_incr": false, "postpone_opt_greedy": true, "grow": true, "grow_sat": false, "grow_subset_maximal": false, "grow_maxsat": true, "timeout": 14400, "instance": "simple", "output": "results/rq1_4/20201218/20201218163903018269.json"}, "results": {"HS": [2, 1, 1], "HS_greedy": [7, 0, 0], "HS_incr": [0, 0, 0], "HS-opt-time": [0.0032155513763427734, 0.01810598373413086, 0.000762939453125], "HS-postpone-time": [0.00047278404235839844, 0, 0], "SAT-time": [0.001257181167602539, 8.988380432128906e-05, 7.390975952148438e-05], "grow-time": [0.028634309768676758, 0, 0], "#expl": 3, "expl_seq": [{"constraints": [4], "derived": [1]}, {"constraints": [1, 5, 6], "derived": [2]}, {"constraints": [1, 2, 7], "derived": [-3]}], "OUS-time": [0.034598588943481445, 0.0186159610748291, 0.0009620189666748047], "timeout": false}}