{"config": {"preseeding": true, "preseeding-minimal": false, "preseeding-grow": true, "preseeding-grow-maxsat": false, "sat-polarity": true, "postpone_opt": true, "postpone_opt_incr": true, "postpone_opt_greedy": true, "grow": false, "grow_sat": false, "grow_subset_maximal": false, "grow_maxsat": false, "timeout": 14400, "instance": "simple", "output": "results/rq1_4/20201218/20201218192108500165.json"}, "results": {"HS": [5, 6, 1], "HS_greedy": [12, 12, 0], "HS_incr": [34, 26, 0], "HS-opt-time": [0.004305124282836914, 0.008337736129760742, 0.000982046127319336], "HS-postpone-time": [0.0012764930725097656, 0.0009796619415283203, 0], "SAT-time": [0.0007674694061279297, 0.0007283687591552734, 2.1696090698242188e-05], "grow-time": [2.2411346435546875e-05, 1.7642974853515625e-05, 0], "#expl": 3, "expl_seq": [{"constraints": [4], "derived": [1]}, {"constraints": [1, 5, 6], "derived": [2]}, {"constraints": [2, 7], "derived": [-3]}], "OUS-time": [0.007874011993408203, 0.011525154113769531, 0.0010952949523925781], "timeout": false}}