{"config": {"preseeding": true, "preseeding-minimal": true, "preseeding-grow": false, "preseeding-grow-maxsat": false, "sat-polarity": true, "postpone_opt": true, "postpone_opt_incr": true, "postpone_opt_greedy": true, "grow": true, "grow_sat": false, "grow_subset_maximal": false, "grow_maxsat": true, "timeout": 14400, "instance": "simple", "output": "results/rq1_4/20201218/20201218135224787989.json"}, "results": {"HS": [2, 2, 1], "HS_greedy": [2, 2, 0], "HS_incr": [3, 3, 0], "HS-opt-time": [0.02609562873840332, 0.0019495487213134766, 0.0010111331939697266], "HS-postpone-time": [0.00020241737365722656, 0.00017380714416503906, 0], "SAT-time": [0.02459239959716797, 0.0005385875701904297, 8.58306884765625e-05], "grow-time": [0.003824949264526367, 0.06826472282409668, 0], "#expl": 3, "expl_seq": [{"constraints": [4], "derived": [1]}, {"constraints": [1, 5, 7], "derived": [-3]}, {"constraints": [1, -3, 6], "derived": [2]}], "OUS-time": [0.055524349212646484, 0.07178282737731934, 0.0012340545654296875], "timeout": false}}