{"config": {"preseeding": true, "preseeding-minimal": true, "preseeding-grow": false, "preseeding-grow-maxsat": false, "sat-polarity": true, "postpone_opt": true, "postpone_opt_incr": true, "postpone_opt_greedy": true, "grow": true, "grow_sat": false, "grow_subset_maximal": false, "grow_maxsat": true, "timeout": 14400, "instance": "simple", "output": "results/rq1_4/20201218/20201218163903017022.json"}, "results": {"HS": [2, 1, 1], "HS_greedy": [5, 0, 0], "HS_incr": [6, 0, 0], "HS-opt-time": [0.0023627281188964844, 0.013739347457885742, 0.0021848678588867188], "HS-postpone-time": [0.0005702972412109375, 0, 0], "SAT-time": [0.0012447834014892578, 0.00012612342834472656, 0.00018668174743652344], "grow-time": [0.03112006187438965, 0, 0], "#expl": 3, "expl_seq": [{"constraints": [4, 6], "derived": [1]}, {"constraints": [1, 5, 6], "derived": [2]}, {"constraints": [1, 5, 7], "derived": [-3]}], "OUS-time": [0.03723502159118652, 0.014010190963745117, 0.0025424957275390625], "timeout": false}}