{"config": {"preseeding": true, "preseeding-minimal": true, "preseeding-grow": false, "preseeding-grow-maxsat": false, "sat-polarity": true, "postpone_opt": true, "postpone_opt_incr": true, "postpone_opt_greedy": true, "grow": true, "grow_sat": false, "grow_subset_maximal": false, "grow_maxsat": true, "timeout": 14400, "instance": "simple", "output": "results/rq1_4/20201218/20201218152140661560.json"}, "results": {"HS": [3, 1, 1], "HS_greedy": [2, 0, 0], "HS_incr": [3, 0, 0], "HS-opt-time": [0.01646137237548828, 0.0007991790771484375, 0.0012679100036621094], "HS-postpone-time": [0.00018739700317382812, 0, 0], "SAT-time": [0.01752161979675293, 8.511543273925781e-05, 8.416175842285156e-05], "grow-time": [0.012448787689208984, 0, 0], "#expl": 3, "expl_seq": [{"constraints": [4, 7], "derived": [1]}, {"constraints": [1, 5, 6], "derived": [2]}, {"constraints": [2, 4, 7], "derived": [-3]}], "OUS-time": [0.04805350303649902, 0.0010223388671875, 0.0014853477478027344], "timeout": false}}