{"config": {"preseeding": true, "preseeding-minimal": false, "preseeding-grow": true, "preseeding-grow-maxsat": false, "sat-polarity": true, "postpone_opt": false, "postpone_opt_incr": false, "postpone_opt_greedy": false, "grow": true, "grow_sat": false, "grow_subset_maximal": true, "grow_maxsat": false, "timeout": 14400, "instance": "simple", "output": "results/rq1_4/20201218/20201218163903018370.json"}, "results": {"HS": [1, 2, 1], "HS_greedy": [0, 0, 0], "HS_incr": [0, 0, 0], "HS-opt-time": [0.0006005764007568359, 0.0034165382385253906, 0.0011510848999023438], "HS-postpone-time": [0, 0, 0], "SAT-time": [6.0558319091796875e-05, 0.03286886215209961, 0.00023818016052246094], "grow-time": [0, 0.00017833709716796875, 0], "#expl": 3, "expl_seq": [{"constraints": [4], "derived": [1]}, {"constraints": [1, 5, 6], "derived": [2]}, {"constraints": [2, 7], "derived": [-3]}], "OUS-time": [0.0008053779602050781, 0.03687548637390137, 0.0017986297607421875], "timeout": false}}