{"config": {"preseeding": true, "preseeding-minimal": true, "preseeding-grow": false, "preseeding-grow-maxsat": false, "sat-polarity": true, "postpone_opt": true, "postpone_opt_incr": true, "postpone_opt_greedy": false, "grow": true, "grow_sat": false, "grow_subset_maximal": false, "grow_maxsat": true, "timeout": 14400, "instance": "simple", "output": "results/rq1_4/20201218/20201218151819372703.json"}, "results": {"HS": [2, 2, 1], "HS_greedy": [0, 0, 0], "HS_incr": [2, 1, 0], "HS-opt-time": [0.0018725395202636719, 0.0068051815032958984, 0.0011339187622070312], "HS-postpone-time": [3.790855407714844e-05, 1.2874603271484375e-05, 0], "SAT-time": [0.00037217140197753906, 0.00034737586975097656, 8.416175842285156e-05], "grow-time": [0.0031130313873291016, 0.0021390914916992188, 0], "#expl": 3, "expl_seq": [{"constraints": [4], "derived": [1]}, {"constraints": [1, 5, 6], "derived": [2]}, {"constraints": [2, 4, 7], "derived": [-3]}], "OUS-time": [0.030939817428588867, 0.009931564331054688, 0.0013728141784667969], "timeout": false}}