{"config": {"preseeding": true, "preseeding-minimal": false, "preseeding-grow": false, "preseeding-grow-maxsat": true, "sat-polarity": true, "postpone_opt": true, "postpone_opt_incr": true, "postpone_opt_greedy": true, "grow": true, "grow_sat": false, "grow_subset_maximal": false, "grow_maxsat": true, "timeout": 14400, "instance": "simple", "output": "results/rq1_4/20201218/20201218163903018587.json"}, "results": {"HS": [1, 2, 1], "HS_greedy": [0, 3, 0], "HS_incr": [0, 3, 0], "HS-opt-time": [0.0011663436889648438, 0.02250385284423828, 0.0008690357208251953], "HS-postpone-time": [0, 0.00032711029052734375, 0], "SAT-time": [8.058547973632812e-05, 0.0010025501251220703, 7.367134094238281e-05], "grow-time": [0, 0.024092912673950195, 0], "#expl": 3, "expl_seq": [{"constraints": [4], "derived": [1]}, {"constraints": [1, 5, 7], "derived": [-3]}, {"constraints": [4, 5, 6, 7], "derived": [2]}], "OUS-time": [0.0014145374298095703, 0.056955814361572266, 0.0010769367218017578], "timeout": false}}