{"config": {"preseeding": true, "preseeding-minimal": false, "preseeding-grow": true, "preseeding-grow-maxsat": false, "sat-polarity": true, "postpone_opt": true, "postpone_opt_incr": false, "postpone_opt_greedy": true, "grow": true, "grow_sat": false, "grow_subset_maximal": false, "grow_maxsat": true, "timeout": 14400, "instance": "simple", "output": "results/rq1_4/20201218/20201218152140662687.json"}, "results": {"HS": [1, 2, 1], "HS_greedy": [0, 4, 0], "HS_incr": [0, 0, 0], "HS-opt-time": [0.002499103546142578, 0.02398228645324707, 0.0008206367492675781], "HS-postpone-time": [0, 0.0002453327178955078, 0], "SAT-time": [0.00016164779663085938, 0.0005955696105957031, 0.00014781951904296875], "grow-time": [0, 0.028894901275634766, 0], "#expl": 3, "expl_seq": [{"constraints": [4], "derived": [1]}, {"constraints": [1, 5, 6], "derived": [2]}, {"constraints": [2, 7], "derived": [-3]}], "OUS-time": [0.0030372142791748047, 0.054842472076416016, 0.0012221336364746094], "timeout": false}}