{"config": {"preseeding": true, "preseeding-minimal": false, "preseeding-grow": false, "preseeding-grow-maxsat": true, "sat-polarity": true, "postpone_opt": true, "postpone_opt_incr": false, "postpone_opt_greedy": true, "grow": true, "grow_sat": false, "grow_subset_maximal": false, "grow_maxsat": true, "timeout": 14400, "instance": "simple", "output": "results/rq1_4/20201218/20201218152140663463.json"}, "results": {"HS": [1, 2, 1], "HS_greedy": [0, 4, 0], "HS_incr": [0, 0, 0], "HS-opt-time": [0.0013949871063232422, 0.00232696533203125, 0.0006701946258544922], "HS-postpone-time": [0, 0.00018787384033203125, 0], "SAT-time": [7.62939453125e-05, 0.01269674301147461, 0.00013303756713867188], "grow-time": [0, 0.0038194656372070312, 0], "#expl": 3, "expl_seq": [{"constraints": [4], "derived": [1]}, {"constraints": [1, 5, 6], "derived": [2]}, {"constraints": [2, 7], "derived": [-3]}], "OUS-time": [0.0016374588012695312, 0.01992654800415039, 0.000980377197265625], "timeout": false}}