{"config": {"preseeding": true, "preseeding-minimal": false, "preseeding-grow": true, "preseeding-grow-maxsat": false, "sat-polarity": true, "postpone_opt": true, "postpone_opt_incr": true, "postpone_opt_greedy": true, "grow": true, "grow_sat": false, "grow_subset_maximal": false, "grow_maxsat": true, "timeout": 14400, "instance": "simple", "output": "results/rq1_4/20201218/20201218152140662321.json"}, "results": {"HS": [1, 2, 1], "HS_greedy": [0, 4, 0], "HS_incr": [0, 4, 0], "HS-opt-time": [0.016727447509765625, 0.0019845962524414062, 0.0005862712860107422], "HS-postpone-time": [0, 0.00027632713317871094, 0], "SAT-time": [8.58306884765625e-05, 0.0006430149078369141, 8.440017700195312e-05], "grow-time": [0, 0.004983663558959961, 0], "#expl": 3, "expl_seq": [{"constraints": [4], "derived": [1]}, {"constraints": [1, 5, 6], "derived": [2]}, {"constraints": [2, 7], "derived": [-3]}], "OUS-time": [0.01703643798828125, 0.026357650756835938, 0.0008270740509033203], "timeout": false}}