{"config": {"preseeding": true, "preseeding-minimal": false, "preseeding-grow": true, "preseeding-grow-maxsat": false, "sat-polarity": true, "postpone_opt": true, "postpone_opt_incr": true, "postpone_opt_greedy": true, "grow": true, "grow_sat": false, "grow_subset_maximal": false, "grow_maxsat": true, "timeout": 14400, "instance": "simple", "output": "results/rq1_4/20201218/20201218135224788809.json"}, "results": {"HS": [1, 2, 1], "HS_greedy": [0, 3, 0], "HS_incr": [0, 3, 0], "HS-opt-time": [0.0019459724426269531, 0.0018706321716308594, 0.000644683837890625], "HS-postpone-time": [0, 0.00032329559326171875, 0], "SAT-time": [9.822845458984375e-05, 0.0020911693572998047, 7.2479248046875e-05], "grow-time": [0, 0.06263566017150879, 0], "#expl": 3, "expl_seq": [{"constraints": [4], "derived": [1]}, {"constraints": [1, 5, 6], "derived": [2]}, {"constraints": [2, 7], "derived": [-3]}], "OUS-time": [0.0024404525756835938, 0.06849861145019531, 0.0008881092071533203], "timeout": false}}