{"config": {"preseeding": true, "preseeding-minimal": true, "preseeding-grow": false, "preseeding-grow-maxsat": false, "sat-polarity": true, "postpone_opt": false, "postpone_opt_incr": false, "postpone_opt_greedy": false, "grow": true, "grow_sat": false, "grow_subset_maximal": false, "grow_maxsat": true, "timeout": 14400, "instance": "simple", "output": "results/rq1_4/20201218/20201218151819373101.json"}, "results": {"HS": [3, 2, 1], "HS_greedy": [0, 0, 0], "HS_incr": [0, 0, 0], "HS-opt-time": [0.0031614303588867188, 0.0031478404998779297, 0.0006182193756103516], "HS-postpone-time": [0, 0, 0], "SAT-time": [0.0003647804260253906, 0.0003533363342285156, 7.796287536621094e-05], "grow-time": [0.003122091293334961, 0.0013539791107177734, 0], "#expl": 3, "expl_seq": [{"constraints": [4], "derived": [1]}, {"constraints": [1, 5, 6], "derived": [2]}, {"constraints": [2, 7], "derived": [-3]}], "OUS-time": [0.007292747497558594, 0.0056307315826416016, 0.0009908676147460938], "timeout": false}}