{"config": {"preseeding": true, "preseeding-minimal": false, "preseeding-grow": true, "preseeding-grow-maxsat": false, "sat-polarity": true, "postpone_opt": true, "postpone_opt_incr": true, "postpone_opt_greedy": true, "grow": true, "grow_sat": false, "grow_subset_maximal": false, "grow_maxsat": true, "timeout": 14400, "instance": "simple", "output": "results/rq1_4/20201218/20201218135224788890.json"}, "results": {"HS": [1, 2, 1], "HS_greedy": [0, 3, 0], "HS_incr": [0, 3, 0], "HS-opt-time": [0.026944637298583984, 0.05696511268615723, 0.0013473033905029297], "HS-postpone-time": [0, 0.00036597251892089844, 0], "SAT-time": [0.0001609325408935547, 0.0019311904907226562, 0.0001437664031982422], "grow-time": [0, 0.030963659286499023, 0], "#expl": 3, "expl_seq": [{"constraints": [4], "derived": [1]}, {"constraints": [1, 5, 7], "derived": [-3]}, {"constraints": [4, 5, 6, 7], "derived": [2]}], "OUS-time": [0.02752232551574707, 0.09266853332519531, 0.0017464160919189453], "timeout": false}}