{"config": {"preseeding": true, "preseeding-minimal": false, "preseeding-grow": false, "preseeding-grow-maxsat": true, "sat-polarity": true, "postpone_opt": true, "postpone_opt_incr": true, "postpone_opt_greedy": true, "grow": true, "grow_sat": false, "grow_subset_maximal": true, "grow_maxsat": false, "timeout": 14400, "instance": "simple", "output": "results/rq1_4/20201218/20201218152140662963.json"}, "results": {"HS": [1, 2, 1], "HS_greedy": [0, 4, 0], "HS_incr": [0, 4, 0], "HS-opt-time": [0.003801584243774414, 0.002123117446899414, 0.0005953311920166016], "HS-postpone-time": [0, 0.0002608299255371094, 0], "SAT-time": [9.870529174804688e-05, 0.0009067058563232422, 0.00010609626770019531], "grow-time": [0, 0.0004131793975830078, 0], "#expl": 3, "expl_seq": [{"constraints": [4], "derived": [1]}, {"constraints": [1, 5, 6], "derived": [2]}, {"constraints": [2, 7], "derived": [-3]}], "OUS-time": [0.004082441329956055, 0.0042285919189453125, 0.0008618831634521484], "timeout": false}}