{"config": {"preseeding": true, "preseeding-minimal": false, "preseeding-grow": true, "preseeding-grow-maxsat": false, "sat-polarity": true, "postpone_opt": false, "postpone_opt_incr": false, "postpone_opt_greedy": false, "grow": true, "grow_sat": true, "grow_subset_maximal": false, "grow_maxsat": false, "timeout": 14400, "instance": "simple", "output": "results/rq1_4/20201218/20201218163903018363.json"}, "results": {"HS": [3, 2, 1], "HS_greedy": [0, 0, 0], "HS_incr": [0, 0, 0], "HS-opt-time": [0.02192091941833496, 0.0016112327575683594, 0.0007939338684082031], "HS-postpone-time": [0, 0, 0], "SAT-time": [0.00022101402282714844, 0.00014519691467285156, 0.00013256072998046875], "grow-time": [3.5762786865234375e-06, 2.384185791015625e-06, 0], "#expl": 3, "expl_seq": [{"constraints": [4], "derived": [1]}, {"constraints": [1, 5, 6], "derived": [2]}, {"constraints": [2, 7], "derived": [-3]}], "OUS-time": [0.022457361221313477, 0.0020394325256347656, 0.0010709762573242188], "timeout": false}}