{"config": {"preseeding": true, "preseeding-minimal": false, "preseeding-grow": true, "preseeding-grow-maxsat": false, "sat-polarity": true, "postpone_opt": true, "postpone_opt_incr": true, "postpone_opt_greedy": false, "grow": false, "grow_sat": false, "grow_subset_maximal": false, "grow_maxsat": false, "timeout": 14400, "instance": "simple", "output": "results/rq1_4/20201218/20201218192108500316.json"}, "results": {"HS": [7, 7, 1], "HS_greedy": [0, 0, 0], "HS_incr": [20, 10, 0], "HS-opt-time": [0.00643467903137207, 0.006796598434448242, 0.0007901191711425781], "HS-postpone-time": [0.003933906555175781, 9.965896606445312e-05, 0], "SAT-time": [0.0004532337188720703, 0.0003314018249511719, 2.193450927734375e-05], "grow-time": [1.3828277587890625e-05, 8.106231689453125e-06, 0], "#expl": 3, "expl_seq": [{"constraints": [4], "derived": [1]}, {"constraints": [1, 5, 6], "derived": [2]}, {"constraints": [2, 7], "derived": [-3]}], "OUS-time": [0.011835336685180664, 0.008097171783447266, 0.0009031295776367188], "timeout": false}}