{"config": {"preseeding": true, "preseeding-minimal": false, "preseeding-grow": false, "preseeding-grow-maxsat": true, "sat-polarity": true, "postpone_opt": true, "postpone_opt_incr": true, "postpone_opt_greedy": false, "grow": true, "grow_sat": false, "grow_subset_maximal": false, "grow_maxsat": true, "timeout": 14400, "instance": "simple", "output": "results/rq1_4/20201218/20201218163903018771.json"}, "results": {"HS": [1, 3, 1], "HS_greedy": [0, 0, 0], "HS_incr": [0, 2, 0], "HS-opt-time": [0.0015158653259277344, 0.07610511779785156, 0.0009107589721679688], "HS-postpone-time": [0, 2.6226043701171875e-05, 0], "SAT-time": [0.00018525123596191406, 0.0005004405975341797, 7.319450378417969e-05], "grow-time": [0, 0.0038902759552001953, 0], "#expl": 3, "expl_seq": [{"constraints": [4], "derived": [1]}, {"constraints": [1, 5, 7], "derived": [-3]}, {"constraints": [1, -3, 6], "derived": [2]}], "OUS-time": [0.0018687248229980469, 0.08145427703857422, 0.0011358261108398438], "timeout": false}}