{"config": {"preseeding": true, "preseeding-minimal": false, "preseeding-grow": true, "preseeding-grow-maxsat": false, "sat-polarity": true, "postpone_opt": true, "postpone_opt_incr": true, "postpone_opt_greedy": true, "grow": true, "grow_sat": false, "grow_subset_maximal": false, "grow_maxsat": true, "timeout": 14400, "instance": "simple", "output": "results/rq1_4/20201218/20201218152140662300.json"}, "results": {"HS": [1, 2, 1], "HS_greedy": [0, 4, 0], "HS_incr": [0, 4, 0], "HS-opt-time": [0.0009264945983886719, 0.0024499893188476562, 0.0010874271392822266], "HS-postpone-time": [0, 0.0002682209014892578, 0], "SAT-time": [7.939338684082031e-05, 0.006247997283935547, 7.462501525878906e-05], "grow-time": [0, 0.021585702896118164, 0], "#expl": 3, "expl_seq": [{"constraints": [4], "derived": [1]}, {"constraints": [1, 5, 7], "derived": [-3]}, {"constraints": [1, -3, 6], "derived": [2]}], "OUS-time": [0.0012028217315673828, 0.0399630069732666, 0.0013375282287597656], "timeout": false}}