{"config": {"preseeding": true, "preseeding-minimal": true, "preseeding-grow": false, "preseeding-grow-maxsat": false, "sat-polarity": true, "postpone_opt": false, "postpone_opt_incr": false, "postpone_opt_greedy": false, "grow": true, "grow_sat": false, "grow_subset_maximal": false, "grow_maxsat": true, "timeout": 14400, "instance": "simple", "output": "results/rq1_4/20201218/20201218151931940808.json"}, "results": {"HS": [3, 2, 1], "HS_greedy": [0, 0, 0], "HS_incr": [0, 0, 0], "HS-opt-time": [0.0045964717864990234, 0.0017917156219482422, 0.0004062652587890625], "HS-postpone-time": [0, 0, 0], "SAT-time": [0.0002887248992919922, 0.000171661376953125, 6.198883056640625e-05], "grow-time": [0.001980304718017578, 0.0007038116455078125, 0], "#expl": 3, "expl_seq": [{"constraints": [4], "derived": [1]}, {"constraints": [1, 5, 6], "derived": [2]}, {"constraints": [2, 7], "derived": [-3]}], "OUS-time": [0.007574558258056641, 0.002970457077026367, 0.0006234645843505859], "timeout": false}}