{"config": {"preseeding": true, "preseeding-minimal": true, "preseeding-grow": false, "preseeding-grow-maxsat": false, "sat-polarity": true, "postpone_opt": false, "postpone_opt_incr": false, "postpone_opt_greedy": false, "grow": true, "grow_sat": false, "grow_subset_maximal": false, "grow_maxsat": true, "timeout": 14400, "instance": "simple", "output": "results/rq1_4/20201218/20201218135224788566.json"}, "results": {"HS": [3, 2, 1], "HS_greedy": [0, 0, 0], "HS_incr": [0, 0, 0], "HS-opt-time": [0.030341625213623047, 0.007706642150878906, 0.025656938552856445], "HS-postpone-time": [0, 0, 0], "SAT-time": [0.0002713203430175781, 0.00048661231994628906, 0.00013756752014160156], "grow-time": [0.0021581649780273438, 0.0008814334869384766, 0], "#expl": 3, "expl_seq": [{"constraints": [4], "derived": [1]}, {"constraints": [1, 5, 6], "derived": [2]}, {"constraints": [2, 7], "derived": [-3]}], "OUS-time": [0.03326988220214844, 0.009435176849365234, 0.026163339614868164], "timeout": false}}