{"config": {"preseeding": true, "preseeding-minimal": false, "preseeding-grow": true, "preseeding-grow-maxsat": false, "sat-polarity": true, "postpone_opt": true, "postpone_opt_incr": true, "postpone_opt_greedy": false, "grow": true, "grow_sat": false, "grow_subset_maximal": false, "grow_maxsat": true, "timeout": 14400, "instance": "simple", "output": "results/rq1_4/20201218/20201218192108500229.json"}, "results": {"HS": [1, 3, 1], "HS_greedy": [0, 0, 0], "HS_incr": [0, 2, 0], "HS-opt-time": [0.0019392967224121094, 0.0017955303192138672, 0.00029587745666503906], "HS-postpone-time": [0, 2.288818359375e-05, 0], "SAT-time": [1.8835067749023438e-05, 0.00010013580322265625, 2.002716064453125e-05], "grow-time": [0, 0.0008146762847900391, 0], "#expl": 3, "expl_seq": [{"constraints": [4], "derived": [1]}, {"constraints": [1, 5, 7], "derived": [-3]}, {"constraints": [1, -3, 6], "derived": [2]}], "OUS-time": [0.0021317005157470703, 0.003082752227783203, 0.0004048347473144531], "timeout": false}}