{"config": {"preseeding": true, "preseeding-minimal": true, "preseeding-grow": false, "preseeding-grow-maxsat": false, "sat-polarity": true, "postpone_opt": true, "postpone_opt_incr": true, "postpone_opt_greedy": false, "grow": true, "grow_sat": false, "grow_subset_maximal": false, "grow_maxsat": true, "timeout": 14400, "instance": "simple", "output": "results/rq1_4/20201218/20201218135224788119.json"}, "results": {"HS": [2, 2, 1], "HS_greedy": [0, 0, 0], "HS_incr": [2, 1, 0], "HS-opt-time": [0.008719682693481445, 0.002408742904663086, 0.009353160858154297], "HS-postpone-time": [2.86102294921875e-05, 1.1205673217773438e-05, 0], "SAT-time": [0.0005254745483398438, 0.017104387283325195, 0.0038878917694091797], "grow-time": [0.015290498733520508, 0.0012178421020507812, 0], "#expl": 3, "expl_seq": [{"constraints": [4], "derived": [1]}, {"constraints": [1, 5, 6], "derived": [2]}, {"constraints": [2, 4, 7], "derived": [-3]}], "OUS-time": [0.07514381408691406, 0.021224260330200195, 0.03592252731323242], "timeout": false}}