{"config": {"preseeding": true, "preseeding-minimal": false, "preseeding-grow": false, "preseeding-grow-maxsat": true, "sat-polarity": true, "postpone_opt": true, "postpone_opt_incr": false, "postpone_opt_greedy": true, "grow": true, "grow_sat": false, "grow_subset_maximal": false, "grow_maxsat": true, "timeout": 14400, "instance": "simple", "output": "results/rq1_4/20201218/20201218163903019023.json"}, "results": {"HS": [1, 2, 1], "HS_greedy": [0, 3, 0], "HS_incr": [0, 0, 0], "HS-opt-time": [0.0011899471282958984, 0.0019106864929199219, 0.0003838539123535156], "HS-postpone-time": [0, 0.00015115737915039062, 0], "SAT-time": [8.368492126464844e-05, 0.00034427642822265625, 6.914138793945312e-05], "grow-time": [0, 0.03271365165710449, 0], "#expl": 3, "expl_seq": [{"constraints": [4], "derived": [1]}, {"constraints": [1, 5, 7], "derived": [-3]}, {"constraints": [1, -3, 6], "derived": [2]}], "OUS-time": [0.0014646053314208984, 0.03566765785217285, 0.0005848407745361328], "timeout": false}}