{"config": {"preseeding": true, "preseeding-minimal": true, "preseeding-grow": false, "preseeding-grow-maxsat": false, "sat-polarity": true, "postpone_opt": true, "postpone_opt_incr": false, "postpone_opt_greedy": true, "grow": true, "grow_sat": true, "grow_subset_maximal": false, "grow_maxsat": false, "timeout": 14400, "instance": "simple", "output": "results/rq1_4/20201218/20201218163903017397.json"}, "results": {"HS": [2, 1, 1], "HS_greedy": [7, 0, 0], "HS_incr": [0, 0, 0], "HS-opt-time": [0.0026702880859375, 0.0011131763458251953, 0.000885009765625], "HS-postpone-time": [0.0005440711975097656, 0, 0], "SAT-time": [0.0008642673492431641, 8.559226989746094e-05, 8.20159912109375e-05], "grow-time": [1.9788742065429688e-05, 0, 0], "#expl": 3, "expl_seq": [{"constraints": [4], "derived": [1]}, {"constraints": [1, 5, 6], "derived": [2]}, {"constraints": [1, 2, 7], "derived": [-3]}], "OUS-time": [0.005269289016723633, 0.001378774642944336, 0.0011074542999267578], "timeout": false}}