{"config": {"preseeding": true, "preseeding-minimal": true, "preseeding-grow": false, "preseeding-grow-maxsat": false, "sat-polarity": true, "postpone_opt": true, "postpone_opt_incr": true, "postpone_opt_greedy": true, "grow": true, "grow_sat": false, "grow_subset_maximal": false, "grow_maxsat": true, "timeout": 14400, "instance": "simple", "output": "results/rq1_4/20201218/20201218152140661553.json"}, "results": {"HS": [3, 1, 1], "HS_greedy": [2, 0, 0], "HS_incr": [3, 0, 0], "HS-opt-time": [0.060785531997680664, 0.0008339881896972656, 0.009846925735473633], "HS-postpone-time": [0.00017547607421875, 0, 0], "SAT-time": [0.0010981559753417969, 8.130073547363281e-05, 0.0001475811004638672], "grow-time": [0.022306203842163086, 0, 0], "#expl": 3, "expl_seq": [{"constraints": [4, 7], "derived": [1]}, {"constraints": [1, 5, 6], "derived": [2]}, {"constraints": [2, 4, 7], "derived": [-3]}], "OUS-time": [0.0856010913848877, 0.0010464191436767578, 0.010128498077392578], "timeout": false}}