{"config": {"preseeding": true, "preseeding-minimal": true, "preseeding-grow": false, "preseeding-grow-maxsat": false, "sat-polarity": true, "postpone_opt": true, "postpone_opt_incr": true, "postpone_opt_greedy": true, "grow": true, "grow_sat": false, "grow_subset_maximal": false, "grow_maxsat": true, "timeout": 14400, "instance": "simple", "output": "results/rq1_4/20201218/20201218163903017052.json"}, "results": {"HS": [2, 1, 1], "HS_greedy": [5, 0, 0], "HS_incr": [6, 0, 0], "HS-opt-time": [0.0032987594604492188, 0.0017404556274414062, 0.002237558364868164], "HS-postpone-time": [0.0012063980102539062, 0, 0], "SAT-time": [0.000980377197265625, 0.00019860267639160156, 0.00017333030700683594], "grow-time": [0.015172243118286133, 0, 0], "#expl": 3, "expl_seq": [{"constraints": [4, 6], "derived": [1]}, {"constraints": [1, 5, 6], "derived": [2]}, {"constraints": [1, 5, 7], "derived": [-3]}], "OUS-time": [0.022282838821411133, 0.002233266830444336, 0.002728700637817383], "timeout": false}}