{"config": {"preseeding": true, "preseeding-minimal": true, "preseeding-grow": false, "preseeding-grow-maxsat": false, "sat-polarity": true, "postpone_opt": false, "postpone_opt_incr": false, "postpone_opt_greedy": false, "grow": true, "grow_sat": false, "grow_subset_maximal": false, "grow_maxsat": true, "timeout": 14400, "instance": "simple", "output": "results/rq1_4/20201218/20201218151931940800.json"}, "results": {"HS": [3, 2, 1], "HS_greedy": [0, 0, 0], "HS_incr": [0, 0, 0], "HS-opt-time": [0.0030965805053710938, 0.009161710739135742, 0.0004291534423828125], "HS-postpone-time": [0, 0, 0], "SAT-time": [0.0004086494445800781, 0.0008325576782226562, 7.200241088867188e-05], "grow-time": [0.0051975250244140625, 0.018955230712890625, 0], "#expl": 3, "expl_seq": [{"constraints": [4], "derived": [1]}, {"constraints": [1, 5, 6], "derived": [2]}, {"constraints": [2, 7], "derived": [-3]}], "OUS-time": [0.009412050247192383, 0.029227018356323242, 0.0007171630859375], "timeout": false}}