{"config": {"preseeding": true, "preseeding-minimal": true, "preseeding-grow": false, "preseeding-grow-maxsat": false, "sat-polarity": true, "postpone_opt": false, "postpone_opt_incr": false, "postpone_opt_greedy": false, "grow": true, "grow_sat": true, "grow_subset_maximal": false, "grow_maxsat": false, "timeout": 14400, "instance": "simple", "output": "results/rq1_4/20201218/20201218192108499890.json"}, "results": {"HS": [3, 2, 1], "HS_greedy": [0, 0, 0], "HS_incr": [0, 0, 0], "HS-opt-time": [0.0018537044525146484, 0.0010373592376708984, 0.000240325927734375], "HS-postpone-time": [0, 0, 0], "SAT-time": [6.151199340820312e-05, 4.291534423828125e-05, 1.9788742065429688e-05], "grow-time": [2.6226043701171875e-06, 9.5367431640625e-07, 0], "#expl": 3, "expl_seq": [{"constraints": [4], "derived": [1]}, {"constraints": [1, 5, 6], "derived": [2]}, {"constraints": [2, 7], "derived": [-3]}], "OUS-time": [0.0021948814392089844, 0.0012433528900146484, 0.0003452301025390625], "timeout": false}}