{"config": {"preseeding": true, "preseeding-minimal": false, "preseeding-grow": true, "preseeding-grow-maxsat": false, "sat-polarity": true, "postpone_opt": false, "postpone_opt_incr": false, "postpone_opt_greedy": false, "grow": true, "grow_sat": false, "grow_subset_maximal": false, "grow_maxsat": true, "timeout": 14400, "instance": "simple", "output": "results/rq1_4/20201218/20201218192108500575.json"}, "results": {"HS": [1, 3, 1], "HS_greedy": [0, 0, 0], "HS_incr": [0, 0, 0], "HS-opt-time": [0.0019257068634033203, 0.0015671253204345703, 0.0002887248992919922], "HS-postpone-time": [0, 0, 0], "SAT-time": [2.574920654296875e-05, 6.771087646484375e-05, 2.09808349609375e-05], "grow-time": [0, 0.0008604526519775391, 0], "#expl": 3, "expl_seq": [{"constraints": [4], "derived": [1]}, {"constraints": [1, 5, 7], "derived": [-3]}, {"constraints": [1, -3, 6], "derived": [2]}], "OUS-time": [0.002137422561645508, 0.002765178680419922, 0.0004017353057861328], "timeout": false}}