{"config": {"preseeding": true, "preseeding-minimal": true, "preseeding-grow": false, "preseeding-grow-maxsat": false, "sat-polarity": true, "postpone_opt": true, "postpone_opt_incr": false, "postpone_opt_greedy": true, "grow": true, "grow_sat": false, "grow_subset_maximal": false, "grow_maxsat": true, "timeout": 14400, "instance": "simple", "output": "results/rq1_4/20201218/20201218152140661845.json"}, "results": {"HS": [3, 1, 1], "HS_greedy": [3, 0, 0], "HS_incr": [0, 0, 0], "HS-opt-time": [0.00362396240234375, 0.017908334732055664, 0.0028603076934814453], "HS-postpone-time": [0.0001361370086669922, 0, 0], "SAT-time": [0.0006158351898193359, 9.131431579589844e-05, 0.008189916610717773], "grow-time": [0.020429134368896484, 0, 0], "#expl": 3, "expl_seq": [{"constraints": [4, 6], "derived": [1]}, {"constraints": [1, 5, 6], "derived": [2]}, {"constraints": [2, 7], "derived": [-3]}], "OUS-time": [0.025709152221679688, 0.018239974975585938, 0.011206388473510742], "timeout": false}}