{"config": {"preseeding": true, "preseeding-minimal": true, "preseeding-grow": false, "preseeding-grow-maxsat": false, "sat-polarity": true, "postpone_opt": true, "postpone_opt_incr": true, "postpone_opt_greedy": false, "grow": true, "grow_sat": false, "grow_subset_maximal": false, "grow_maxsat": true, "timeout": 14400, "instance": "simple", "output": "results/rq1_4/20201218/20201218135224788148.json"}, "results": {"HS": [2, 2, 1], "HS_greedy": [0, 0, 0], "HS_incr": [2, 1, 0], "HS-opt-time": [0.0016453266143798828, 0.003966808319091797, 0.0014026165008544922], "HS-postpone-time": [2.288818359375e-05, 1.4066696166992188e-05, 0], "SAT-time": [0.00034880638122558594, 0.0004863739013671875, 0.00010561943054199219], "grow-time": [0.0022242069244384766, 0.009926080703735352, 0], "#expl": 3, "expl_seq": [{"constraints": [4], "derived": [1]}, {"constraints": [1, 5, 6], "derived": [2]}, {"constraints": [2, 4, 7], "derived": [-3]}], "OUS-time": [0.004721879959106445, 0.015100479125976562, 0.001851797103881836], "timeout": false}}