{"config": {"preseeding": true, "preseeding-minimal": false, "preseeding-grow": true, "preseeding-grow-maxsat": false, "sat-polarity": true, "postpone_opt": true, "postpone_opt_incr": true, "postpone_opt_greedy": true, "grow": true, "grow_sat": false, "grow_subset_maximal": false, "grow_maxsat": true, "timeout": 14400, "instance": "simple", "output": "results/rq1_4/20201218/20201218152140662293.json"}, "results": {"HS": [1, 2, 1], "HS_greedy": [0, 4, 0], "HS_incr": [0, 4, 0], "HS-opt-time": [0.0019390583038330078, 0.0021588802337646484, 0.016691923141479492], "HS-postpone-time": [0, 0.0002982616424560547, 0], "SAT-time": [8.177757263183594e-05, 0.0007185935974121094, 8.893013000488281e-05], "grow-time": [0, 0.04164528846740723, 0], "#expl": 3, "expl_seq": [{"constraints": [4], "derived": [1]}, {"constraints": [1, 5, 6], "derived": [2]}, {"constraints": [2, 7], "derived": [-3]}], "OUS-time": [0.002226114273071289, 0.04606461524963379, 0.01693129539489746], "timeout": false}}