{"config": {"preseeding": true, "preseeding-minimal": true, "preseeding-grow": false, "preseeding-grow-maxsat": false, "sat-polarity": true, "postpone_opt": false, "postpone_opt_incr": false, "postpone_opt_greedy": false, "grow": true, "grow_sat": false, "grow_subset_maximal": false, "grow_maxsat": true, "timeout": 14400, "instance": "simple", "output": "results/rq1_4/20201218/20201218163903017616.json"}, "results": {"HS": [3, 2, 1], "HS_greedy": [0, 0, 0], "HS_incr": [0, 0, 0], "HS-opt-time": [0.01879286766052246, 0.0017504692077636719, 0.00045013427734375], "HS-postpone-time": [0, 0, 0], "SAT-time": [0.00034499168395996094, 0.0002067089080810547, 0.00011301040649414062], "grow-time": [0.0027277469635009766, 0.0007305145263671875, 0], "#expl": 3, "expl_seq": [{"constraints": [4], "derived": [1]}, {"constraints": [1, 5, 6], "derived": [2]}, {"constraints": [2, 7], "derived": [-3]}], "OUS-time": [0.022448301315307617, 0.0029876232147216797, 0.0007119178771972656], "timeout": false}}