{"config": {"preseeding": true, "preseeding-minimal": true, "preseeding-grow": false, "preseeding-grow-maxsat": false, "sat-polarity": true, "postpone_opt": false, "postpone_opt_incr": false, "postpone_opt_greedy": false, "grow": true, "grow_sat": false, "grow_subset_maximal": false, "grow_maxsat": true, "timeout": 14400, "instance": "simple", "output": "results/rq1_4/20201218/20201218152140662070.json"}, "results": {"HS": [3, 2, 1], "HS_greedy": [0, 0, 0], "HS_incr": [0, 0, 0], "HS-opt-time": [0.021790504455566406, 0.002173185348510742, 0.024521350860595703], "HS-postpone-time": [0, 0, 0], "SAT-time": [0.0003895759582519531, 0.0002498626708984375, 9.560585021972656e-05], "grow-time": [0.0024073123931884766, 0.0010302066802978516, 0], "#expl": 3, "expl_seq": [{"constraints": [4], "derived": [1]}, {"constraints": [1, 5, 6], "derived": [2]}, {"constraints": [2, 7], "derived": [-3]}], "OUS-time": [0.025048017501831055, 0.0039730072021484375, 0.02475261688232422], "timeout": false}}