{"config": {"preseeding": true, "preseeding-minimal": false, "preseeding-grow": false, "preseeding-grow-maxsat": true, "sat-polarity": true, "postpone_opt": true, "postpone_opt_incr": false, "postpone_opt_greedy": true, "grow": true, "grow_sat": false, "grow_subset_maximal": true, "grow_maxsat": false, "timeout": 14400, "instance": "simple", "output": "results/rq1_4/20201218/20201218152140663349.json"}, "results": {"HS": [1, 2, 1], "HS_greedy": [0, 4, 0], "HS_incr": [0, 0, 0], "HS-opt-time": [0.0013937950134277344, 0.0020215511322021484, 0.0005261898040771484], "HS-postpone-time": [0, 0.00017070770263671875, 0], "SAT-time": [9.1552734375e-05, 0.002835988998413086, 7.605552673339844e-05], "grow-time": [0, 0.00028777122497558594, 0], "#expl": 3, "expl_seq": [{"constraints": [4], "derived": [1]}, {"constraints": [1, 5, 6], "derived": [2]}, {"constraints": [2, 7], "derived": [-3]}], "OUS-time": [0.0016484260559082031, 0.008011102676391602, 0.0007734298706054688], "timeout": false}}