{"config": {"preseeding": true, "preseeding-minimal": false, "preseeding-grow": false, "preseeding-grow-maxsat": true, "sat-polarity": true, "postpone_opt": false, "postpone_opt_incr": false, "postpone_opt_greedy": false, "grow": true, "grow_sat": false, "grow_subset_maximal": false, "grow_maxsat": true, "timeout": 14400, "instance": "simple", "output": "results/rq1_4/20201218/20201218163903019309.json"}, "results": {"HS": [1, 3, 1], "HS_greedy": [0, 0, 0], "HS_incr": [0, 0, 0], "HS-opt-time": [0.0012044906616210938, 0.0023665428161621094, 0.0005800724029541016], "HS-postpone-time": [0, 0, 0], "SAT-time": [8.106231689453125e-05, 0.00023818016052246094, 6.723403930664062e-05], "grow-time": [0, 0.0013566017150878906, 0], "#expl": 3, "expl_seq": [{"constraints": [4], "derived": [1]}, {"constraints": [1, 5, 7], "derived": [-3]}, {"constraints": [1, -3, 6], "derived": [2]}], "OUS-time": [0.0014672279357910156, 0.0043675899505615234, 0.0007843971252441406], "timeout": false}}