{"config": {"preseeding": true, "preseeding-minimal": true, "preseeding-grow": false, "preseeding-grow-maxsat": false, "sat-polarity": true, "postpone_opt": true, "postpone_opt_incr": true, "postpone_opt_greedy": true, "grow": true, "grow_sat": false, "grow_subset_maximal": false, "grow_maxsat": true, "timeout": 14400, "instance": "simple", "output": "results/rq1_4/20201218/20201218163903017110.json"}, "results": {"HS": [2, 1, 1], "HS_greedy": [5, 0, 0], "HS_incr": [6, 0, 0], "HS-opt-time": [0.019134044647216797, 0.0012161731719970703, 0.001371622085571289], "HS-postpone-time": [0.0008616447448730469, 0, 0], "SAT-time": [0.0010306835174560547, 8.487701416015625e-05, 8.606910705566406e-05], "grow-time": [0.039374589920043945, 0, 0], "#expl": 3, "expl_seq": [{"constraints": [4, 6], "derived": [1]}, {"constraints": [1, 5, 6], "derived": [2]}, {"constraints": [1, 5, 7], "derived": [-3]}], "OUS-time": [0.06219768524169922, 0.001438140869140625, 0.0016055107116699219], "timeout": false}}