{"filename": "par16-1-c", "exec_times": ["timeout"], "H_sizes": [95], "greedy": [0], "incr": [0], "opt": [95], "t_opt": [0.43451571464538574], "t_incr": [0], "t_greedy": [0], "t_sat": [0.04528951644897461], "t_grow": [624.9241490364075]}