{"clauses": 250, "avg_clause_len": 1.88, "steps": 2, "t_hitting_set": [1.1920928955078125e-06, 0.0007624626159667969, 0.0007472038269042969], "t_sat_check": [9.5367431640625e-07, 0.00010204315185546875, 9.655952453613281e-05], "t_grow": [0.00047516822814941406, 0.00044226646423339844], "total_time": 0.11258602142333984, "extension": 2, "sat": 1}