{"filename": "zebra_v155_c1135", "exec_times": [9.105, 7.879, 17.287, 9.364, 16.2, 21.923, 24.789, 15.303, 26.81, 31.476], "H_sizes": [468, 852, 1295, 1115, 1339, 1416, 1441, 1117, 1454, 1500], "greedy": [14, 10, 24, 8, 13, 12, 9, 1, 10, 7], "incr": [468, 385, 653, 231, 449, 485, 444, 37, 374, 388], "opt": [4, 3, 3, 4, 3, 3, 4, 2, 3, 2], "t_opt": [0.017879486083984375, 0.014586925506591797, 0.02859640121459961, 0.016579627990722656, 0.01861286163330078, 0.020105600357055664, 0.02475428581237793, 0.007233381271362305, 0.016666650772094727, 0.01092529296875], "t_incr": [0.003505229949951172, 0.0028467178344726562, 0.0054378509521484375, 0.0016429424285888672, 0.0030760765075683594, 0.0030624866485595703, 0.0028061866760253906, 0.0002238750457763672, 0.0023534297943115234, 0.0024878978729248047], "t_greedy": [0.05175638198852539, 0.03991079330444336, 0.1389296054840088, 0.03125619888305664, 0.0632781982421875, 0.07278919219970703, 0.05823397636413574, 0.0034689903259277344, 0.05475592613220215, 0.044835567474365234], "t_sat": [0.06531953811645508, 0.0460507869720459, 0.10392236709594727, 0.025838375091552734, 0.04491853713989258, 0.05897951126098633, 0.0496668815612793, 0.002300739288330078, 0.04181051254272461, 0.03752279281616211], "t_grow": [8.213344812393188, 6.260258913040161, 12.600499153137207, 3.749692916870117, 8.525471210479736, 10.893732786178589, 10.362107753753662, 0.5680382251739502, 8.658647298812866, 9.845265865325928]}