{"steps": 74, "OMUS": [191, 69, 70, 110, 28, 31], "clauses": 200, "avg_clause_len": 2, "parameters": {"count_clauses": 2, "best_unit_literal": 2, "best_counter_literal": 2, "sorting": 3, "extension": "greedy_param", "cutoff_main": 900, "output": "results/2020_05_28/Gurobi/wBF_100_200_greedy_param_106.json"}, "clause_length": "clause_length", "t_hitting_set": [1.430511474609375e-06, 0.0005676746368408203, 0.0005443096160888672, 0.0005507469177246094, 0.0007638931274414062, 0.0007905960083007812, 0.0008172988891601562, 0.0012650489807128906, 0.00125885009765625, 0.0009222030639648438, 0.0013370513916015625, 0.001424551010131836, 0.0012979507446289062, 0.001322031021118164, 0.0012700557708740234, 0.0012781620025634766, 0.0013842582702636719, 0.0017704963684082031, 0.0014791488647460938, 0.0015451908111572266, 0.001979351043701172, 0.0019741058349609375, 0.0015108585357666016, 0.0015861988067626953, 0.0017342567443847656, 0.002138376235961914, 0.0023527145385742188, 0.0024051666259765625, 0.0018208026885986328, 0.0024123191833496094, 0.0028891563415527344, 0.002181529998779297, 0.003180980682373047, 0.0034685134887695312, 0.0021948814392089844, 0.0019009113311767578, 0.0024368762969970703, 0.0019419193267822266, 0.0029489994049072266, 0.002092123031616211, 0.002897024154663086, 0.0030541419982910156, 0.003719806671142578, 0.004400968551635742, 0.0051326751708984375, 0.004265785217285156, 0.0047664642333984375, 0.004582405090332031, 0.005758762359619141, 0.006162881851196289, 0.0064961910247802734, 0.006376743316650391, 0.005815982818603516, 0.006021022796630859, 0.00693511962890625, 0.0069904327392578125, 0.007164716720581055, 0.007955312728881836, 0.006865262985229492, 0.005507707595825195, 0.0055735111236572266, 0.008111715316772461, 0.006773710250854492, 0.009712934494018555, 0.00836944580078125, 0.008037090301513672, 0.008578777313232422, 0.005917072296142578, 0.006043434143066406, 0.007037639617919922, 0.006170988082885742, 0.0062258243560791016, 0.005999326705932617, 0.007684469223022461, 0.008958816528320312], "t_sat_check": [4.76837158203125e-07, 6.437301635742188e-05, 6.365776062011719e-05, 9.322166442871094e-05, 6.318092346191406e-05, 6.532669067382812e-05, 6.67572021484375e-05, 7.176399230957031e-05, 6.461143493652344e-05, 6.794929504394531e-05, 7.081031799316406e-05, 7.390975952148438e-05, 7.82012939453125e-05, 7.224082946777344e-05, 6.914138793945312e-05, 7.128715515136719e-05, 7.414817810058594e-05, 7.867813110351562e-05, 7.557868957519531e-05, 7.653236389160156e-05, 7.605552673339844e-05, 7.891654968261719e-05, 7.772445678710938e-05, 7.462501525878906e-05, 6.437301635742188e-05, 8.034706115722656e-05, 7.891654968261719e-05, 8.392333984375e-05, 8.249282836914062e-05, 0.00015664100646972656, 8.678436279296875e-05, 8.296966552734375e-05, 8.58306884765625e-05, 8.7738037109375e-05, 8.106231689453125e-05, 0.0001049041748046875, 7.724761962890625e-05, 7.414817810058594e-05, 8.20159912109375e-05, 8.130073547363281e-05, 7.43865966796875e-05, 0.00014781951904296875, 8.702278137207031e-05, 9.012222290039062e-05, 9.131431579589844e-05, 9.036064147949219e-05, 9.322166442871094e-05, 9.107589721679688e-05, 9.417533874511719e-05, 9.369850158691406e-05, 8.797645568847656e-05, 9.72747802734375e-05, 9.369850158691406e-05, 9.393692016601562e-05, 9.822845458984375e-05, 9.465217590332031e-05, 9.751319885253906e-05, 9.584426879882812e-05, 9.226799011230469e-05, 8.893013000488281e-05, 9.489059448242188e-05, 9.489059448242188e-05, 9.72747802734375e-05, 9.489059448242188e-05, 9.72747802734375e-05, 9.512901306152344e-05, 9.608268737792969e-05, 9.250640869140625e-05, 9.107589721679688e-05, 9.012222290039062e-05, 9.059906005859375e-05, 9.083747863769531e-05, 9.179115295410156e-05, 9.417533874511719e-05, 7.843971252441406e-05], "t_grow": [0.0018877983093261719, 0.0014543533325195312, 0.0013489723205566406, 0.0013480186462402344, 0.0014095306396484375, 0.0012803077697753906, 0.0012025833129882812, 0.0013470649719238281, 0.001486063003540039, 0.0012276172637939453, 0.0012438297271728516, 0.0013282299041748047, 0.0012068748474121094, 0.0012888908386230469, 0.001466512680053711, 0.0012769699096679688, 0.0011909008026123047, 0.0012271404266357422, 0.0013988018035888672, 0.0011239051818847656, 0.0012907981872558594, 0.0011475086212158203, 0.0013146400451660156, 0.0012123584747314453, 0.0014829635620117188, 0.0013210773468017578, 0.0013568401336669922, 0.0013394355773925781, 0.0012354850769042969, 0.0013496875762939453, 0.0011093616485595703, 0.0012602806091308594, 0.001249551773071289, 0.0013589859008789062, 0.0012052059173583984, 0.0012981891632080078, 0.0013742446899414062, 0.0013241767883300781, 0.0012516975402832031, 0.0012707710266113281, 0.0014050006866455078, 0.0011355876922607422, 0.0012841224670410156, 0.0011165142059326172, 0.0011875629425048828, 0.0011796951293945312, 0.0012471675872802734, 0.001125335693359375, 0.0011911392211914062, 0.0011358261108398438, 0.0012900829315185547, 0.0011725425720214844, 0.0011560916900634766, 0.0013146400451660156, 0.0011029243469238281, 0.0011785030364990234, 0.0010864734649658203, 0.0011715888977050781, 0.00128936767578125, 0.0012080669403076172, 0.0011029243469238281, 0.0011641979217529297, 0.0011157989501953125, 0.0012347698211669922, 0.0012865066528320312, 0.0012011528015136719, 0.0011138916015625, 0.0012924671173095703, 0.0013051033020019531, 0.0013167858123779297, 0.0013184547424316406, 0.0012581348419189453, 0.001298666000366211, 0.0013890266418457031], "extension": "greedy_param", "s_hs": [0, 1, 2, 2, 2, 3, 4, 3, 2, 4, 3, 4, 4, 3, 3, 3, 4, 4, 3, 5, 4, 5, 4, 5, 2, 4, 3, 4, 5, 3, 5, 5, 4, 4, 5, 4, 4, 4, 5, 5, 4, 6, 5, 6, 5, 6, 5, 6, 6, 6, 4, 7, 7, 5, 8, 7, 7, 6, 6, 5, 8, 7, 8, 6, 6, 6, 7, 6, 5, 6, 7, 7, 6, 6, 6], "s_grow": [9, 8, 7, 6, 10, 10, 9, 5, 9, 11, 6, 4, 7, 8, 8, 7, 11, 6, 10, 12, 8, 7, 11, 9, 10, 11, 10, 9, 13, 7, 6, 8, 6, 6, 11, 11, 9, 11, 12, 11, 9, 10, 10, 9, 7, 10, 7, 8, 11, 7, 8, 9, 10, 8, 9, 10, 6, 8, 11, 9, 12, 8, 10, 9, 8, 8, 6, 6, 8, 13, 10, 10, 8, 12], "omus": true}