{"steps": 94, "OMUS": [195, 77, 84, 53, 118], "clauses": 200, "avg_clause_len": 2, "parameters": {"count_clauses": 1, "best_unit_literal": 1, "best_counter_literal": 1, "sorting": 2, "extension": "greedy_param", "cutoff_main": 900, "output": "results/2020_05_28/Gurobi/wBF_50_200_greedy_param_63.json"}, "clause_length": "clause_length", "t_hitting_set": [1.1920928955078125e-06, 0.0005917549133300781, 0.0006115436553955078, 0.0012581348419189453, 0.0012094974517822266, 0.0013415813446044922, 0.0012543201446533203, 0.0012853145599365234, 0.001300811767578125, 0.0014088153839111328, 0.0014469623565673828, 0.0014595985412597656, 0.0016050338745117188, 0.0017955303192138672, 0.0014853477478027344, 0.0019011497497558594, 0.0020563602447509766, 0.0018656253814697266, 0.002048492431640625, 0.0021347999572753906, 0.0032460689544677734, 0.0032706260681152344, 0.01876664161682129, 0.028757333755493164, 0.0037424564361572266, 0.004754304885864258, 0.0049016475677490234, 0.004266262054443359, 0.004782438278198242, 0.024076461791992188, 0.031047582626342773, 0.030701637268066406, 0.017815828323364258, 0.02892589569091797, 0.0043942928314208984, 0.02999591827392578, 0.030318021774291992, 0.004012584686279297, 0.005151510238647461, 0.024942874908447266, 0.006062030792236328, 0.005884408950805664, 0.006043672561645508, 0.020031452178955078, 0.02037334442138672, 0.03080892562866211, 0.005190610885620117, 0.005319356918334961, 0.0370175838470459, 0.024696826934814453, 0.03790020942687988, 0.007152557373046875, 0.04611396789550781, 0.006977558135986328, 0.02670121192932129, 0.038837432861328125, 0.03876996040344238, 0.03873276710510254, 0.03475308418273926, 0.006834745407104492, 0.049269914627075195, 0.04055905342102051, 0.03686642646789551, 0.04733991622924805, 0.009320259094238281, 0.04194378852844238, 0.009276390075683594, 0.010350942611694336, 0.010457277297973633, 0.010808229446411133, 0.04963088035583496, 0.01059579849243164, 0.05051827430725098, 0.051529884338378906, 0.010032415390014648, 0.05195331573486328, 0.0600123405456543, 0.051039695739746094, 0.010049581527709961, 0.010213851928710938, 0.010466814041137695, 0.05366683006286621, 0.011008024215698242, 0.051358938217163086, 0.012109041213989258, 0.05629777908325195, 0.05218982696533203, 0.05561709403991699, 0.0543208122253418, 0.06475377082824707, 0.053382158279418945, 0.05978226661682129, 0.05732154846191406, 0.01107335090637207, 0.012274980545043945], "t_sat_check": [7.152557373046875e-07, 5.054473876953125e-05, 5.245208740234375e-05, 6.29425048828125e-05, 6.270408630371094e-05, 5.888938903808594e-05, 6.0558319091796875e-05, 5.555152893066406e-05, 6.0558319091796875e-05, 6.413459777832031e-05, 6.127357482910156e-05, 6.29425048828125e-05, 6.699562072753906e-05, 6.031990051269531e-05, 6.508827209472656e-05, 6.914138793945312e-05, 6.699562072753906e-05, 6.508827209472656e-05, 6.103515625e-05, 6.794929504394531e-05, 7.534027099609375e-05, 7.772445678710938e-05, 7.557868957519531e-05, 7.891654968261719e-05, 8.177757263183594e-05, 8.273124694824219e-05, 8.177757263183594e-05, 7.462501525878906e-05, 8.177757263183594e-05, 8.416175842285156e-05, 8.416175842285156e-05, 8.463859558105469e-05, 8.392333984375e-05, 8.106231689453125e-05, 8.0108642578125e-05, 8.344650268554688e-05, 8.606910705566406e-05, 8.273124694824219e-05, 8.082389831542969e-05, 8.797645568847656e-05, 8.249282836914062e-05, 8.368492126464844e-05, 8.368492126464844e-05, 8.797645568847656e-05, 8.440017700195312e-05, 0.00014829635620117188, 8.416175842285156e-05, 8.559226989746094e-05, 8.893013000488281e-05, 9.226799011230469e-05, 9.012222290039062e-05, 8.916854858398438e-05, 9.322166442871094e-05, 8.7738037109375e-05, 8.96453857421875e-05, 8.749961853027344e-05, 9.274482727050781e-05, 9.250640869140625e-05, 9.34600830078125e-05, 8.654594421386719e-05, 9.369850158691406e-05, 9.131431579589844e-05, 9.250640869140625e-05, 9.202957153320312e-05, 8.440017700195312e-05, 9.083747863769531e-05, 8.559226989746094e-05, 8.58306884765625e-05, 8.916854858398438e-05, 9.298324584960938e-05, 9.322166442871094e-05, 8.749961853027344e-05, 8.96453857421875e-05, 9.679794311523438e-05, 8.559226989746094e-05, 9.369850158691406e-05, 9.34600830078125e-05, 9.441375732421875e-05, 8.7738037109375e-05, 8.916854858398438e-05, 8.535385131835938e-05, 9.512901306152344e-05, 9.131431579589844e-05, 9.34600830078125e-05, 9.512901306152344e-05, 9.012222290039062e-05, 9.5367431640625e-05, 9.226799011230469e-05, 9.393692016601562e-05, 8.988380432128906e-05, 9.131431579589844e-05, 9.226799011230469e-05, 0.00014710426330566406, 0.00011730194091796875, 7.891654968261719e-05], "t_grow": [0.0012912750244140625, 0.0010600090026855469, 0.0009961128234863281, 0.0009322166442871094, 0.0008990764617919922, 0.0009286403656005859, 0.0010876655578613281, 0.0010676383972167969, 0.0010416507720947266, 0.0009219646453857422, 0.0009684562683105469, 0.0009961128234863281, 0.0009670257568359375, 0.0009908676147460938, 0.0009613037109375, 0.0009763240814208984, 0.0009176731109619141, 0.0010418891906738281, 0.0010638236999511719, 0.0010020732879638672, 0.0010347366333007812, 0.0009965896606445312, 0.0012104511260986328, 0.0010485649108886719, 0.0009615421295166016, 0.0010347366333007812, 0.0009121894836425781, 0.0010929107666015625, 0.0008857250213623047, 0.0009558200836181641, 0.001085519790649414, 0.0008378028869628906, 0.0010421276092529297, 0.0010688304901123047, 0.0009169578552246094, 0.0008454322814941406, 0.0009198188781738281, 0.0008373260498046875, 0.0009534358978271484, 0.0009322166442871094, 0.0010275840759277344, 0.0008940696716308594, 0.0007989406585693359, 0.0008203983306884766, 0.0008704662322998047, 0.0008807182312011719, 0.0008561611175537109, 0.0008003711700439453, 0.0008702278137207031, 0.0008206367492675781, 0.0009169578552246094, 0.0009660720825195312, 0.0008234977722167969, 0.0008492469787597656, 0.0008246898651123047, 0.0010328292846679688, 0.0008149147033691406, 0.0008285045623779297, 0.0008831024169921875, 0.0008275508880615234, 0.001010894775390625, 0.0008141994476318359, 0.0008566379547119141, 0.0007789134979248047, 0.0009641647338867188, 0.0009477138519287109, 0.0009405612945556641, 0.0008959770202636719, 0.0008559226989746094, 0.0007791519165039062, 0.0009214878082275391, 0.0009710788726806641, 0.000946044921875, 0.000888824462890625, 0.0010280609130859375, 0.0008654594421386719, 0.0007739067077636719, 0.0008351802825927734, 0.0008673667907714844, 0.0007765293121337891, 0.0009758472442626953, 0.0007543563842773438, 0.0007884502410888672, 0.000835418701171875, 0.0007617473602294922, 0.0009846687316894531, 0.0008006095886230469, 0.0008716583251953125, 0.0009043216705322266, 0.0010704994201660156, 0.0008552074432373047, 0.0009343624114990234, 0.0008711814880371094, 0.0008370876312255859], "extension": "greedy_param", "s_hs": [0, 1, 2, 3, 4, 3, 2, 2, 2, 3, 3, 3, 3, 3, 4, 3, 4, 2, 2, 3, 4, 4, 1, 2, 4, 3, 4, 3, 5, 4, 3, 4, 3, 3, 5, 6, 5, 5, 4, 5, 4, 5, 5, 5, 5, 5, 5, 5, 5, 6, 5, 5, 6, 6, 6, 4, 6, 6, 6, 6, 5, 6, 5, 6, 4, 5, 5, 5, 6, 7, 6, 6, 4, 7, 5, 7, 7, 6, 7, 7, 5, 7, 7, 6, 7, 5, 7, 6, 6, 3, 5, 5, 6, 6, 5], "s_grow": [22, 24, 26, 30, 26, 25, 28, 24, 25, 34, 28, 36, 28, 26, 27, 31, 25, 25, 28, 20, 32, 35, 20, 33, 34, 30, 26, 20, 29, 34, 27, 36, 35, 28, 32, 27, 22, 28, 36, 36, 35, 32, 36, 35, 29, 33, 40, 36, 28, 28, 30, 29, 30, 36, 29, 28, 41, 33, 32, 40, 38, 26, 31, 30, 35, 29, 36, 43, 30, 35, 35, 34, 30, 39, 22, 37, 32, 29, 42, 36, 28, 31, 41, 28, 32, 28, 30, 40, 44, 30, 29, 31, 25, 38], "omus": true}