{"steps": 158, "OMUS": [34, 136, 201, 268, 244, 56], "clauses": 300, "avg_clause_len": 2, "parameters": {"count_clauses": 2, "best_unit_literal": 4, "best_counter_literal": 1, "sorting": 1, "extension": "greedy_param", "cutoff_main": 900, "output": "results/2020_05_28/Gurobi/wBF_50_300_greedy_param_49.json"}, "clause_length": "clause_length", "t_hitting_set": [1.1920928955078125e-06, 0.0007646083831787109, 0.00079345703125, 0.0008177757263183594, 0.0008649826049804688, 0.0012552738189697266, 0.0012326240539550781, 0.0009813308715820312, 0.0012226104736328125, 0.0013279914855957031, 0.001483917236328125, 0.0015320777893066406, 0.0015270709991455078, 0.0015366077423095703, 0.0016002655029296875, 0.001566171646118164, 0.0016314983367919922, 0.001802682876586914, 0.0019428730010986328, 0.0019214153289794922, 0.0019426345825195312, 0.0020401477813720703, 0.002158641815185547, 0.0022950172424316406, 0.0023653507232666016, 0.002462625503540039, 0.002428293228149414, 0.0028085708618164062, 0.0025429725646972656, 0.002780437469482422, 0.0028352737426757812, 0.003633737564086914, 0.0035338401794433594, 0.0029098987579345703, 0.0033016204833984375, 0.002977132797241211, 0.0032415390014648438, 0.00376129150390625, 0.003949642181396484, 0.004293918609619141, 0.00466465950012207, 0.004498958587646484, 0.005078792572021484, 0.004506826400756836, 0.00491786003112793, 0.006107807159423828, 0.00698399543762207, 0.0069332122802734375, 0.007156848907470703, 0.007295846939086914, 0.007825851440429688, 0.0067920684814453125, 0.0066869258880615234, 0.006981372833251953, 0.0074045658111572266, 0.008411407470703125, 0.007546901702880859, 0.00952768325805664, 0.007497549057006836, 0.007916688919067383, 0.008163213729858398, 0.022780895233154297, 0.023038864135742188, 0.008064985275268555, 0.03534412384033203, 0.008702278137207031, 0.007828950881958008, 0.00764918327331543, 0.009047269821166992, 0.0094757080078125, 0.009984731674194336, 0.032476186752319336, 0.04264426231384277, 0.010207891464233398, 0.010377168655395508, 0.040515899658203125, 0.008809566497802734, 0.008907079696655273, 0.036993980407714844, 0.012012720108032227, 0.011025667190551758, 0.05330801010131836, 0.0344388484954834, 0.05164623260498047, 0.06218409538269043, 0.011515378952026367, 0.06120729446411133, 0.04670429229736328, 0.05645012855529785, 0.058492422103881836, 0.06596851348876953, 0.060018301010131836, 0.06038308143615723, 0.04435992240905762, 0.06827187538146973, 0.06924128532409668, 0.07378506660461426, 0.06662201881408691, 0.054171085357666016, 0.08661508560180664, 0.09516739845275879, 0.08813834190368652, 0.09775876998901367, 0.10103487968444824, 0.10455107688903809, 0.08382272720336914, 0.09797120094299316, 0.10311555862426758, 0.06700587272644043, 0.08078265190124512, 0.09022641181945801, 0.07973384857177734, 0.10939717292785645, 0.08170294761657715, 0.0859384536743164, 0.08649563789367676, 0.09066152572631836, 0.11376047134399414, 0.11638069152832031, 0.10868716239929199, 0.11910033226013184, 0.12604475021362305, 0.14854907989501953, 0.12705492973327637, 0.13321661949157715, 0.2547585964202881, 0.13163113594055176, 0.11824727058410645, 0.1500718593597412, 0.15630531311035156, 0.17019391059875488, 0.14855647087097168, 0.13820242881774902, 0.1251523494720459, 0.13755273818969727, 0.23215413093566895, 0.16752934455871582, 0.24132943153381348, 0.13373231887817383, 0.14825177192687988, 0.1291654109954834, 0.1502528190612793, 0.21004700660705566, 0.1855168342590332, 0.14215874671936035, 0.1606283187866211, 0.1500718593597412, 0.160811185836792, 0.14709162712097168, 0.14500951766967773, 0.12411952018737793, 0.13431572914123535, 0.12534713745117188, 0.11290860176086426, 0.1399850845336914, 0.14407587051391602, 0.11859607696533203, 0.11330628395080566, 0.18169212341308594], "t_sat_check": [4.76837158203125e-07, 5.888938903808594e-05, 5.412101745605469e-05, 5.2928924560546875e-05, 5.316734313964844e-05, 5.626678466796875e-05, 5.602836608886719e-05, 5.4836273193359375e-05, 5.602836608886719e-05, 5.1975250244140625e-05, 5.435943603515625e-05, 5.7220458984375e-05, 5.650520324707031e-05, 5.7697296142578125e-05, 5.745887756347656e-05, 5.7697296142578125e-05, 5.3882598876953125e-05, 5.698204040527344e-05, 5.745887756347656e-05, 5.5789947509765625e-05, 5.2928924560546875e-05, 5.7220458984375e-05, 5.650520324707031e-05, 5.6743621826171875e-05, 5.698204040527344e-05, 5.650520324707031e-05, 5.626678466796875e-05, 5.7697296142578125e-05, 6.580352783203125e-05, 6.461143493652344e-05, 7.152557373046875e-05, 7.748603820800781e-05, 7.43865966796875e-05, 6.961822509765625e-05, 7.081031799316406e-05, 6.842613220214844e-05, 6.842613220214844e-05, 6.937980651855469e-05, 7.081031799316406e-05, 6.794929504394531e-05, 7.224082946777344e-05, 6.914138793945312e-05, 7.677078247070312e-05, 7.128715515136719e-05, 7.414817810058594e-05, 7.748603820800781e-05, 8.225440979003906e-05, 8.177757263183594e-05, 8.940696716308594e-05, 0.00014853477478027344, 8.702278137207031e-05, 7.939338684082031e-05, 7.486343383789062e-05, 8.0108642578125e-05, 7.987022399902344e-05, 8.130073547363281e-05, 8.20159912109375e-05, 8.153915405273438e-05, 8.344650268554688e-05, 8.225440979003906e-05, 8.559226989746094e-05, 9.036064147949219e-05, 9.226799011230469e-05, 8.58306884765625e-05, 9.632110595703125e-05, 9.417533874511719e-05, 8.606910705566406e-05, 9.250640869140625e-05, 8.7738037109375e-05, 8.58306884765625e-05, 8.869171142578125e-05, 9.34600830078125e-05, 9.34600830078125e-05, 9.036064147949219e-05, 8.845329284667969e-05, 9.417533874511719e-05, 8.678436279296875e-05, 8.726119995117188e-05, 9.131431579589844e-05, 9.059906005859375e-05, 9.322166442871094e-05, 9.441375732421875e-05, 9.250640869140625e-05, 9.202957153320312e-05, 9.226799011230469e-05, 9.202957153320312e-05, 9.489059448242188e-05, 9.369850158691406e-05, 9.5367431640625e-05, 9.846687316894531e-05, 9.632110595703125e-05, 9.322166442871094e-05, 9.72747802734375e-05, 9.703636169433594e-05, 9.608268737792969e-05, 9.322166442871094e-05, 9.489059448242188e-05, 9.417533874511719e-05, 9.512901306152344e-05, 9.584426879882812e-05, 9.846687316894531e-05, 9.584426879882812e-05, 9.703636169433594e-05, 9.775161743164062e-05, 9.560585021972656e-05, 9.417533874511719e-05, 0.00010085105895996094, 9.584426879882812e-05, 9.512901306152344e-05, 9.393692016601562e-05, 9.822845458984375e-05, 9.918212890625e-05, 9.417533874511719e-05, 9.679794311523438e-05, 9.5367431640625e-05, 9.465217590332031e-05, 9.72747802734375e-05, 0.00010323524475097656, 9.489059448242188e-05, 9.822845458984375e-05, 9.72747802734375e-05, 0.00010061264038085938, 9.751319885253906e-05, 0.0001010894775390625, 9.465217590332031e-05, 9.870529174804688e-05, 9.393692016601562e-05, 9.942054748535156e-05, 0.00010204315185546875, 0.00017881393432617188, 0.00010061264038085938, 0.00010442733764648438, 9.918212890625e-05, 9.274482727050781e-05, 9.632110595703125e-05, 0.00010037422180175781, 0.00010037422180175781, 9.799003601074219e-05, 9.846687316894531e-05, 9.584426879882812e-05, 9.679794311523438e-05, 9.703636169433594e-05, 9.775161743164062e-05, 9.918212890625e-05, 9.512901306152344e-05, 9.846687316894531e-05, 9.632110595703125e-05, 9.679794311523438e-05, 9.632110595703125e-05, 9.989738464355469e-05, 9.799003601074219e-05, 9.560585021972656e-05, 9.822845458984375e-05, 9.846687316894531e-05, 0.00010085105895996094, 9.894371032714844e-05, 9.417533874511719e-05, 9.560585021972656e-05, 0.0001418590545654297],