{"steps": 184, "OMUS": [64, 34, 99, 101, 14, 121, 29], "clauses": 150, "avg_clause_len": 2, "parameters": {"count_clauses": 3, "best_unit_literal": 1, "best_counter_literal": 1, "sorting": 1, "extension": "greedy_param", "cutoff_main": 900, "output": "results/2020_05_28/Gurobi/wBF_50_150_greedy_param_53.json"}, "clause_length": "clause_length", "t_hitting_set": [1.1920928955078125e-06, 0.0005249977111816406, 0.0005009174346923828, 0.0005290508270263672, 0.0005335807800292969, 0.0005395412445068359, 0.0012574195861816406, 0.0012650489807128906, 0.0013060569763183594, 0.001363992691040039, 0.0014491081237792969, 0.0013053417205810547, 0.0013451576232910156, 0.0017211437225341797, 0.0018088817596435547, 0.0016775131225585938, 0.0024077892303466797, 0.002290964126586914, 0.0019462108612060547, 0.0020952224731445312, 0.0016934871673583984, 0.0017604827880859375, 0.0017120838165283203, 0.0015535354614257812, 0.0020661354064941406, 0.002155780792236328, 0.0022013187408447266, 0.003415346145629883, 0.0017390251159667969, 0.0031981468200683594, 0.002809286117553711, 0.003673553466796875, 0.0033721923828125, 0.0039157867431640625, 0.0026357173919677734, 0.002689838409423828, 0.0040018558502197266, 0.0045812129974365234, 0.00467371940612793, 0.004861116409301758, 0.024651288986206055, 0.005181789398193359, 0.02254343032836914, 0.02553868293762207, 0.03655552864074707, 0.004937410354614258, 0.022724628448486328, 0.027014732360839844, 0.030678272247314453, 0.00499272346496582, 0.03141450881958008, 0.03578925132751465, 0.03280973434448242, 0.005112171173095703, 0.01912689208984375, 0.005290985107421875, 0.02268052101135254, 0.03626203536987305, 0.026999235153198242, 0.03973984718322754, 0.04005074501037598, 0.0357818603515625, 0.03598308563232422, 0.03686189651489258, 0.03387284278869629, 0.03011775016784668, 0.006608724594116211, 0.037561655044555664, 0.010462760925292969, 0.011727571487426758, 0.033077239990234375, 0.03648829460144043, 0.04235959053039551, 0.0317075252532959, 0.013631105422973633, 0.03365969657897949, 0.03878664970397949, 0.015480518341064453, 0.01304769515991211, 0.05906081199645996, 0.020392417907714844, 0.018771648406982422, 0.021875858306884766, 0.02066802978515625, 0.021546125411987305, 0.022766590118408203, 0.02027606964111328, 0.061415672302246094, 0.07527399063110352, 0.01981186866760254, 0.01630115509033203, 0.0668184757232666, 0.03196263313293457, 0.06915163993835449, 0.027138471603393555, 0.030265092849731445, 0.03299069404602051, 0.03966689109802246, 0.028902530670166016, 0.07789826393127441, 0.0820927619934082, 0.0724027156829834, 0.02083420753479004, 0.060827016830444336, 0.036284685134887695, 0.028873682022094727, 0.06462550163269043, 0.02145242691040039, 0.031063079833984375, 0.06080794334411621, 0.08052754402160645, 0.07172012329101562, 0.07086801528930664, 0.026678085327148438, 0.02327251434326172, 0.06515860557556152, 0.06499648094177246, 0.03094792366027832, 0.017878293991088867, 0.014370441436767578, 0.017032861709594727, 0.018973827362060547, 0.015543222427368164, 0.020372867584228516, 0.022938966751098633, 0.020798206329345703, 0.020732641220092773, 0.10247564315795898, 0.021643400192260742, 0.025630474090576172, 0.08500480651855469, 0.073089599609375, 0.07126688957214355, 0.09222173690795898, 0.02254009246826172, 0.019062280654907227, 0.023706912994384766, 0.018712759017944336, 0.018720149993896484, 0.01892995834350586, 0.021350383758544922, 0.0296475887298584, 0.02470111846923828, 0.02478313446044922, 0.02488398551940918, 0.02553415298461914, 0.02552318572998047, 0.025638818740844727, 0.025773048400878906, 0.038793325424194336, 0.02771759033203125, 0.02776312828063965, 0.029262304306030273, 0.029748201370239258, 0.028434276580810547, 0.029855728149414062, 0.03354954719543457, 0.10378766059875488, 0.03312993049621582, 0.03390002250671387, 0.03868269920349121, 0.03946042060852051, 0.03865671157836914, 0.03859448432922363, 0.03844714164733887, 0.03859376907348633, 0.039221763610839844, 0.03873944282531738, 0.04088759422302246, 0.04813385009765625, 0.04832148551940918, 0.04153108596801758, 0.03942370414733887, 0.03884243965148926, 0.03835463523864746, 0.04112696647644043, 0.03959918022155762, 0.04062533378601074, 0.04344344139099121, 0.04448580741882324, 0.04365253448486328, 0.04524636268615723, 0.04338479042053223, 0.05037713050842285, 0.05806112289428711],