{"steps": 74, "OMUS": [191, 69, 70, 110, 28, 31], "clauses": 200, "avg_clause_len": 2, "parameters": {"count_clauses": 2, "best_unit_literal": 2, "best_counter_literal": 2, "sorting": 2, "extension": "greedy_param", "cutoff_main": 900, "output": "results/2020_05_28/Gurobi/wBF_100_200_greedy_param_76.json"}, "clause_length": "clause_length", "t_hitting_set": [1.1920928955078125e-06, 0.0005602836608886719, 0.0005588531494140625, 0.0005693435668945312, 0.0007586479187011719, 0.0007736682891845703, 0.0008001327514648438, 0.0012919902801513672, 0.0012392997741699219, 0.0009312629699707031, 0.0013282299041748047, 0.0014073848724365234, 0.001336812973022461, 0.0013072490692138672, 0.0013065338134765625, 0.0013031959533691406, 0.001363515853881836, 0.0017361640930175781, 0.0015079975128173828, 0.0017628669738769531, 0.0019314289093017578, 0.0019426345825195312, 0.0015404224395751953, 0.0016601085662841797, 0.0017085075378417969, 0.0020949840545654297, 0.002291440963745117, 0.0023255348205566406, 0.0018608570098876953, 0.0024552345275878906, 0.002878904342651367, 0.002255678176879883, 0.0032160282135009766, 0.003443479537963867, 0.0021250247955322266, 0.0019142627716064453, 0.0025026798248291016, 0.0019335746765136719, 0.0029523372650146484, 0.002094745635986328, 0.0029006004333496094, 0.0030469894409179688, 0.0037000179290771484, 0.004374504089355469, 0.0051631927490234375, 0.004270792007446289, 0.004719972610473633, 0.004576921463012695, 0.005774497985839844, 0.006116390228271484, 0.0064275264739990234, 0.006311893463134766, 0.0057904720306396484, 0.00599360466003418, 0.006970643997192383, 0.00709080696105957, 0.00714564323425293, 0.007940530776977539, 0.006827831268310547, 0.005489826202392578, 0.005591392517089844, 0.00807332992553711, 0.006765842437744141, 0.00976109504699707, 0.008354902267456055, 0.008028268814086914, 0.008585691452026367, 0.00591278076171875, 0.006077766418457031, 0.0070781707763671875, 0.006186008453369141, 0.006227731704711914, 0.006097078323364258, 0.007668972015380859, 0.00895547866821289], "t_sat_check": [7.152557373046875e-07, 6.747245788574219e-05, 6.389617919921875e-05, 6.008148193359375e-05, 6.437301635742188e-05, 6.532669067382812e-05, 6.67572021484375e-05, 7.033348083496094e-05, 6.914138793945312e-05, 6.985664367675781e-05, 7.081031799316406e-05, 7.414817810058594e-05, 7.796287536621094e-05, 9.942054748535156e-05, 7.081031799316406e-05, 7.605552673339844e-05, 7.605552673339844e-05, 8.0108642578125e-05, 7.653236389160156e-05, 8.797645568847656e-05, 8.0108642578125e-05, 8.296966552734375e-05, 8.153915405273438e-05, 7.867813110351562e-05, 6.67572021484375e-05, 8.058547973632812e-05, 7.987022399902344e-05, 8.630752563476562e-05, 8.249282836914062e-05, 8.249282836914062e-05, 8.702278137207031e-05, 8.606910705566406e-05, 8.702278137207031e-05, 8.988380432128906e-05, 8.106231689453125e-05, 7.891654968261719e-05, 8.058547973632812e-05, 7.677078247070312e-05, 8.440017700195312e-05, 8.392333984375e-05, 7.867813110351562e-05, 8.606910705566406e-05, 9.036064147949219e-05, 9.036064147949219e-05, 9.036064147949219e-05, 9.179115295410156e-05, 9.179115295410156e-05, 9.298324584960938e-05, 9.34600830078125e-05, 9.369850158691406e-05, 8.726119995117188e-05, 9.72747802734375e-05, 9.632110595703125e-05, 9.441375732421875e-05, 9.870529174804688e-05, 9.608268737792969e-05, 9.799003601074219e-05, 9.775161743164062e-05, 9.34600830078125e-05, 9.1552734375e-05, 9.679794311523438e-05, 9.632110595703125e-05, 9.775161743164062e-05, 9.822845458984375e-05, 9.655952453613281e-05, 9.608268737792969e-05, 9.822845458984375e-05, 9.441375732421875e-05, 9.298324584960938e-05, 9.512901306152344e-05, 9.441375732421875e-05, 9.417533874511719e-05, 9.441375732421875e-05, 9.822845458984375e-05, 7.867813110351562e-05], "t_grow": [0.0016794204711914062, 0.0012843608856201172, 0.0011894702911376953, 0.0011992454528808594, 0.0012497901916503906, 0.0011324882507324219, 0.0010595321655273438, 0.0011935234069824219, 0.0013217926025390625, 0.001093149185180664, 0.0011057853698730469, 0.0012199878692626953, 0.0010733604431152344, 0.0011489391326904297, 0.0012450218200683594, 0.0011410713195800781, 0.0011279582977294922, 0.0011243820190429688, 0.0012540817260742188, 0.0010166168212890625, 0.0012166500091552734, 0.0011005401611328125, 0.0011043548583984375, 0.0010752677917480469, 0.001390218734741211, 0.0012540817260742188, 0.001260995864868164, 0.0011894702911376953, 0.0010974407196044922, 0.0011889934539794922, 0.0009856224060058594, 0.0010783672332763672, 0.0011053085327148438, 0.00119781494140625, 0.0010743141174316406, 0.001154184341430664, 0.0011699199676513672, 0.0012066364288330078, 0.0011394023895263672, 0.0011539459228515625, 0.0012578964233398438, 0.0010972023010253906, 0.0011453628540039062, 0.0010008811950683594, 0.0010609626770019531, 0.0010559558868408203, 0.0011734962463378906, 0.0010142326354980469, 0.0010571479797363281, 0.0010929107666015625, 0.001215219497680664, 0.0011086463928222656, 0.0009677410125732422, 0.0011048316955566406, 0.000911712646484375, 0.0009951591491699219, 0.0009701251983642578, 0.0010488033294677734, 0.001149892807006836, 0.0010807514190673828, 0.0009303092956542969, 0.0010449886322021484, 0.0009908676147460938, 0.00104522705078125, 0.0011458396911621094, 0.0010805130004882812, 0.0009999275207519531, 0.0011601448059082031, 0.001157999038696289, 0.0011844635009765625, 0.0011668205261230469, 0.001071929931640625, 0.0011556148529052734, 0.001245737075805664], "extension": "greedy_param", "s_hs": [0, 1, 2, 2, 2, 3, 4, 3, 2, 4, 3, 4, 4, 3, 3, 3, 4, 4, 3, 5, 4, 5, 4, 5, 2, 4, 3, 4, 5, 3, 5, 5, 4, 4, 5, 4, 4, 4, 5, 5, 4, 6, 5, 6, 5, 6, 5, 6, 6, 6, 4, 7, 7, 5, 8, 7, 7, 6, 6, 5, 8, 7, 8, 6, 6, 6, 7, 6, 5, 6, 7, 7, 6, 6, 6], "s_grow": [9, 8, 7, 6, 10, 10, 9, 5, 9, 11, 6, 4, 7, 8, 8, 7, 11, 6, 10, 12, 8, 7, 11, 9, 10, 11, 10, 9, 13, 7, 6, 8, 6, 6, 11, 11, 9, 11, 12, 11, 9, 10, 10, 9, 7, 10, 7, 8, 11, 7, 8, 9, 10, 8, 9, 10, 6, 8, 11, 9, 12, 8, 10, 9, 8, 8, 6, 6, 8, 13, 10, 10, 8, 12], "omus": true}