{"steps": 35, "OMUS": [191, 69, 70, 110, 28, 31], "clauses": 200, "avg_clause_len": 2, "parameters": {"count_clauses": 1, "best_unit_literal": 2, "best_counter_literal": 1, "sorting": 3, "extension": "greedy_param", "cutoff_main": 900, "output": "results/2020_05_28/Gurobi/wBF_100_200_greedy_param_95.json"}, "clause_length": "clause_length", "t_hitting_set": [1.1920928955078125e-06, 0.0005786418914794922, 0.0005397796630859375, 0.0005567073822021484, 0.0005564689636230469, 0.0005812644958496094, 0.00060272216796875, 0.0006334781646728516, 0.0006113052368164062, 0.0012853145599365234, 0.0012271404266357422, 0.0012345314025878906, 0.0008819103240966797, 0.001249074935913086, 0.0013551712036132812, 0.00093841552734375, 0.0013780593872070312, 0.001443624496459961, 0.0014111995697021484, 0.0014362335205078125, 0.0014140605926513672, 0.0013427734375, 0.0014524459838867188, 0.0017161369323730469, 0.002315998077392578, 0.002351045608520508, 0.002292633056640625, 0.0016911029815673828, 0.001768350601196289, 0.0015325546264648438, 0.0014743804931640625, 0.0032958984375, 0.0032303333282470703, 0.003152608871459961, 0.003565549850463867, 0.00341033935546875], "t_sat_check": [9.5367431640625e-07, 7.534027099609375e-05, 6.4849853515625e-05, 6.29425048828125e-05, 6.461143493652344e-05, 6.604194641113281e-05, 6.604194641113281e-05, 6.604194641113281e-05, 6.532669067382812e-05, 7.128715515136719e-05, 7.534027099609375e-05, 7.700920104980469e-05, 0.00012969970703125, 7.390975952148438e-05, 7.724761962890625e-05, 7.152557373046875e-05, 7.534027099609375e-05, 7.987022399902344e-05, 7.796287536621094e-05, 7.772445678710938e-05, 7.700920104980469e-05, 7.748603820800781e-05, 7.843971252441406e-05, 8.0108642578125e-05, 8.034706115722656e-05, 0.00015211105346679688, 8.630752563476562e-05, 8.463859558105469e-05, 7.772445678710938e-05, 7.534027099609375e-05, 7.534027099609375e-05, 8.7738037109375e-05, 9.179115295410156e-05, 8.940696716308594e-05, 9.298324584960938e-05, 7.510185241699219e-05], "t_grow": [0.0016019344329833984, 0.0013594627380371094, 0.0013585090637207031, 0.0012357234954833984, 0.001283884048461914, 0.0011894702911376953, 0.0012230873107910156, 0.0011093616485595703, 0.0011734962463378906, 0.0011684894561767578, 0.0012023448944091797, 0.0011701583862304688, 0.0011179447174072266, 0.0012021064758300781, 0.001257181167602539, 0.0011563301086425781, 0.0010540485382080078, 0.0011610984802246094, 0.0012013912200927734, 0.0010628700256347656, 0.0010907649993896484, 0.0011572837829589844, 0.0011360645294189453, 0.0011622905731201172, 0.001149892807006836, 0.001039266586303711, 0.0011417865753173828, 0.0010912418365478516, 0.0012059211730957031, 0.0011143684387207031, 0.0012164115905761719, 0.0012171268463134766, 0.0011775493621826172, 0.001207113265991211, 0.0011265277862548828], "extension": "greedy_param", "s_hs": [0, 1, 2, 3, 4, 5, 5, 5, 5, 5, 6, 6, 6, 6, 6, 7, 7, 7, 7, 7, 6, 6, 7, 7, 5, 7, 7, 7, 5, 5, 6, 7, 7, 6, 8, 6], "s_grow": [7, 6, 7, 6, 6, 6, 6, 5, 4, 4, 5, 7, 6, 7, 6, 6, 5, 5, 7, 6, 5, 6, 6, 8, 4, 10, 7, 7, 5, 5, 8, 8, 9, 9, 5], "omus": true}