{"steps": 257, "OMUS": [4, 14, 47, 125, 121, 29], "clauses": 150, "avg_clause_len": 2, "parameters": {"count_clauses": 1, "best_unit_literal": 1, "best_counter_literal": 2, "sorting": 1, "extension": "greedy_param", "cutoff_main": 900, "output": "results/2020_05_28/Gurobi/wBF_50_150_greedy_param_34.json"}, "clause_length": "clause_length", "t_hitting_set": [9.5367431640625e-07, 0.0005078315734863281, 0.00048613548278808594, 0.0007975101470947266, 0.0008065700531005859, 0.001119375228881836, 0.0011126995086669922, 0.0013234615325927734, 0.0012829303741455078, 0.0013878345489501953, 0.0013453960418701172, 0.0017483234405517578, 0.0014586448669433594, 0.0014634132385253906, 0.0015645027160644531, 0.002367734909057617, 0.0025022029876708984, 0.0019288063049316406, 0.001874685287475586, 0.0017304420471191406, 0.002019643783569336, 0.003431558609008789, 0.02510356903076172, 0.0034902095794677734, 0.0033059120178222656, 0.0033659934997558594, 0.0034332275390625, 0.0035109519958496094, 0.0024101734161376953, 0.004649639129638672, 0.004485368728637695, 0.004738807678222656, 0.004091024398803711, 0.004225254058837891, 0.004349946975708008, 0.004418849945068359, 0.01763916015625, 0.024335145950317383, 0.026998281478881836, 0.03087782859802246, 0.002928495407104492, 0.0033180713653564453, 0.03214573860168457, 0.02657628059387207, 0.013351678848266602, 0.032903194427490234, 0.02470088005065918, 0.032608747482299805, 0.005956411361694336, 0.03068256378173828, 0.03150534629821777, 0.035031795501708984, 0.02903890609741211, 0.0375058650970459, 0.03803277015686035, 0.03583836555480957, 0.036590576171875, 0.036675453186035156, 0.03952145576477051, 0.032205820083618164, 0.03902482986450195, 0.03843283653259277, 0.04085183143615723, 0.0421137809753418, 0.043978214263916016, 0.03633284568786621, 0.04687929153442383, 0.04559183120727539, 0.042958736419677734, 0.040946245193481445, 0.045754432678222656, 0.05124378204345703, 0.051560163497924805, 0.06348299980163574, 0.06411886215209961, 0.053700923919677734, 0.05528688430786133, 0.06554460525512695, 0.05169081687927246, 0.06833839416503906, 0.045531272888183594, 0.05492687225341797, 0.07536029815673828, 0.058974504470825195, 0.08367347717285156, 0.0785210132598877, 0.07989978790283203, 0.08220720291137695, 0.07930254936218262, 0.07388091087341309, 0.08876800537109375, 0.08430695533752441, 0.07863354682922363, 0.026823043823242188, 0.06447219848632812, 0.03282523155212402, 0.08357906341552734, 0.03164076805114746, 0.10278820991516113, 0.08866620063781738, 0.11765170097351074, 0.08039546012878418, 0.09771037101745605, 0.11162567138671875, 0.13806867599487305, 0.13467073440551758, 0.13385462760925293, 0.09561991691589355, 0.02890801429748535, 0.02414107322692871, 0.024454593658447266, 0.08676624298095703, 0.10790586471557617, 0.022379636764526367, 0.026782751083374023, 0.0238797664642334, 0.02738666534423828, 0.07899045944213867, 0.10529565811157227, 0.09442520141601562, 0.028218984603881836, 0.028638124465942383, 0.025714397430419922, 0.11401820182800293, 0.09309244155883789, 0.1111760139465332, 0.12763595581054688, 0.1371440887451172, 0.10662555694580078, 0.10961627960205078, 0.15009331703186035, 0.1729598045349121, 0.13568878173828125, 0.20871424674987793, 0.15690994262695312, 0.12825989723205566, 0.1292722225189209, 0.1896214485168457, 0.10881257057189941, 0.1380784511566162, 0.11576223373413086, 0.12370896339416504, 0.12800884246826172, 0.12028980255126953, 0.15063905715942383, 0.0405888557434082, 0.1193084716796875, 0.18396210670471191, 0.04040718078613281, 0.13709592819213867, 0.18773460388183594, 0.08545064926147461, 0.03311944007873535, 0.03468179702758789, 0.0351412296295166, 0.03506135940551758, 0.1493210792541504, 0.035897254943847656, 0.03546738624572754, 0.04096269607543945, 0.037337303161621094, 0.1282942295074463, 0.1347942352294922, 0.03647589683532715, 0.03697776794433594, 0.20255732536315918, 0.062201738357543945, 0.06353139877319336, 0.23270082473754883, 0.20456266403198242, 0.2308194637298584, 0.20369219779968262, 0.25811123847961426, 0.07030677795410156, 0.06277608871459961, 0.0748443603515625, 0.27390527725219727, 0.22533798217773438, 0.2238175868988037, 0.2094402313232422, 0.2333660125732422, 0.2282545566558838, 0.21603846549987793, 0.06730461120605469, 0.06922793388366699, 0.2243051528930664, 0.2358689308166504, 0.21912097930908203, 0.27251386642456055, 0.2543001174926758, 0.250901460647583, 0.2622404098510742, 0.07553219795227051, 0.0859537124633789, 0.08338451385498047, 0.08994078636169434, 0.09124255180358887, 0.3370332717895508, 0.08614993095397949, 0.3620128631591797, 0.07628655433654785, 0.34900450706481934, 0.07588458061218262, 0.2957890033721924, 0.2447373867034912, 0.26538991928100586, 0.3782505989074707, 0.3364832401275635, 0.3745136260986328, 0.3713521957397461, 0.3062121868133545, 0.08395528793334961, 0.09249567985534668, 0.0843203067779541, 0.07935142517089844, 0.07988595962524414, 0.247636079788208, 0.0788578987121582, 0.09154033660888672, 0.10508060455322266, 0.09294795989990234, 0.09156250953674316, 0.4905819892883301, 0.4004371166229248, 0.33531785011291504, 0.32965683937072754, 0.33958888053894043, 0.33496975898742676, 0.3681480884552002, 0.3454625606536865, 0.5509741306304932, 0.5910918712615967, 0.5769617557525635, 0.5929789543151855, 0.3679945468902588, 0.3210008144378662, 0.3667929172515869, 0.42597007751464844, 0.5781404972076416, 0.3693878650665283, 0.6499311923980713, 0.3879129886627197, 0.09370183944702148, 0.49114561080932617, 0.3439755439758301, 0.4304189682006836, 0.43244147300720215, 0.5112249851226807, 0.4737262725830078, 0.48537659645080566, 0.4058566093444824, 0.491469144821167, 0.43484067916870117, 0.3931922912597656, 0.4341881275177002, 0.4425942897796631, 0.40743422508239746, 0.37610721588134766],