{"steps": 95, "OMUS": [191, 69, 70, 110, 28, 31], "clauses": 200, "avg_clause_len": 2, "parameters": {"count_clauses": 3, "best_unit_literal": 3, "best_counter_literal": 1, "sorting": 1, "extension": "greedy_param", "cutoff_main": 900, "output": "results/2020_05_28/Gurobi/wBF_100_200_greedy_param_57.json"}, "clause_length": "clause_length", "t_hitting_set": [9.5367431640625e-07, 0.0005767345428466797, 0.0005397796630859375, 0.0005614757537841797, 0.0011401176452636719, 0.0012054443359375, 0.0011944770812988281, 0.0012173652648925781, 0.0012793540954589844, 0.0011944770812988281, 0.0012295246124267578, 0.0013079643249511719, 0.0012791156768798828, 0.0008974075317382812, 0.0012645721435546875, 0.0012056827545166016, 0.0019383430480957031, 0.0020644664764404297, 0.001748800277709961, 0.0018892288208007812, 0.0021071434020996094, 0.0020363330841064453, 0.0017573833465576172, 0.002477407455444336, 0.002685546875, 0.003809213638305664, 0.002830982208251953, 0.0033216476440429688, 0.003072500228881836, 0.0036003589630126953, 0.004052639007568359, 0.0043487548828125, 0.0038306713104248047, 0.003036975860595703, 0.004246711730957031, 0.00520634651184082, 0.003782033920288086, 0.0037195682525634766, 0.004439115524291992, 0.003551959991455078, 0.004119157791137695, 0.005499124526977539, 0.005571126937866211, 0.004393577575683594, 0.00553584098815918, 0.004117012023925781, 0.004743099212646484, 0.005361318588256836, 0.005245685577392578, 0.0063512325286865234, 0.005845785140991211, 0.006029605865478516, 0.006062030792236328, 0.0049479007720947266, 0.006903886795043945, 0.005296230316162109, 0.0064885616302490234, 0.0063571929931640625, 0.006265401840209961, 0.006442070007324219, 0.006090402603149414, 0.005720376968383789, 0.006806850433349609, 0.008674860000610352, 0.007078886032104492, 0.007213592529296875, 0.007268190383911133, 0.009248495101928711, 0.005961418151855469, 0.006174802780151367, 0.007166862487792969, 0.007989645004272461, 0.006643772125244141, 0.007464885711669922, 0.009201288223266602, 0.007577657699584961, 0.010272502899169922, 0.009726285934448242, 0.011506795883178711, 0.010954141616821289, 0.010997295379638672, 0.010830879211425781, 0.011667728424072266, 0.01136922836303711, 0.009226560592651367, 0.01175546646118164, 0.009525537490844727, 0.01158761978149414, 0.011628866195678711, 0.012793302536010742, 0.010794878005981445, 0.011434078216552734, 0.01151585578918457, 0.011283397674560547, 0.011546850204467773, 0.012192964553833008], "t_sat_check": [7.152557373046875e-07, 6.699562072753906e-05, 6.0558319091796875e-05, 6.031990051269531e-05, 7.152557373046875e-05, 7.414817810058594e-05, 7.176399230957031e-05, 7.152557373046875e-05, 7.534027099609375e-05, 7.2479248046875e-05, 7.43865966796875e-05, 7.367134094238281e-05, 7.271766662597656e-05, 7.081031799316406e-05, 7.081031799316406e-05, 6.985664367675781e-05, 7.700920104980469e-05, 8.487701416015625e-05, 8.034706115722656e-05, 8.177757263183594e-05, 8.535385131835938e-05, 8.58306884765625e-05, 8.273124694824219e-05, 8.559226989746094e-05, 9.036064147949219e-05, 9.036064147949219e-05, 9.179115295410156e-05, 9.083747863769531e-05, 9.441375732421875e-05, 9.799003601074219e-05, 9.465217590332031e-05, 9.560585021972656e-05, 9.369850158691406e-05, 9.179115295410156e-05, 9.5367431640625e-05, 9.512901306152344e-05, 9.489059448242188e-05, 8.916854858398438e-05, 9.560585021972656e-05, 8.96453857421875e-05, 9.799003601074219e-05, 9.489059448242188e-05, 9.751319885253906e-05, 9.465217590332031e-05, 9.894371032714844e-05, 9.632110595703125e-05, 9.584426879882812e-05, 9.1552734375e-05, 9.751319885253906e-05, 0.00010013580322265625, 9.703636169433594e-05, 0.00010013580322265625, 9.989738464355469e-05, 0.00010037422180175781, 9.870529174804688e-05, 9.846687316894531e-05, 9.989738464355469e-05, 0.00010061264038085938, 0.00010061264038085938, 9.72747802734375e-05, 9.679794311523438e-05, 9.870529174804688e-05, 0.00011467933654785156, 0.00010919570922851562, 0.00010395050048828125, 0.00010132789611816406, 9.703636169433594e-05, 9.489059448242188e-05, 9.560585021972656e-05, 9.083747863769531e-05, 9.322166442871094e-05, 9.822845458984375e-05, 0.00010061264038085938, 0.00012135505676269531, 0.00010251998901367188, 9.870529174804688e-05, 0.00010132789611816406, 0.00010371208190917969, 9.965896606445312e-05, 0.0001049041748046875, 0.00010037422180175781, 0.00010800361633300781, 0.00010085105895996094, 9.608268737792969e-05, 0.0001049041748046875, 0.00010228157043457031, 0.00010156631469726562, 0.00010466575622558594, 0.0001010894775390625, 0.0001010894775390625, 9.918212890625e-05, 0.000102996826171875, 0.00010180473327636719, 0.00010800361633300781, 0.00010538101196289062, 8.249282836914062e-05], "t_grow": [0.0016298294067382812, 0.0014052391052246094, 0.0013508796691894531, 0.0012409687042236328, 0.0012841224670410156, 0.0011706352233886719, 0.001355886459350586, 0.0011227130889892578, 0.0011832714080810547, 0.0013666152954101562, 0.0011019706726074219, 0.0010972023010253906, 0.0012362003326416016, 0.0011763572692871094, 0.0012404918670654297, 0.0012748241424560547, 0.0011131763458251953, 0.0011873245239257812, 0.0012636184692382812, 0.001157999038696289, 0.0012254714965820312, 0.0010399818420410156, 0.0010793209075927734, 0.0012578964233398438, 0.0011882781982421875, 0.0010304450988769531, 0.0010821819305419922, 0.00116729736328125, 0.0010175704956054688, 0.0011112689971923828, 0.0011487007141113281, 0.0010824203491210938, 0.0012362003326416016, 0.0012712478637695312, 0.0010876655578613281, 0.0011756420135498047, 0.0010406970977783203, 0.0010843276977539062, 0.001163482666015625, 0.0011110305786132812, 0.000942230224609375, 0.001146078109741211, 0.001020669937133789, 0.0011806488037109375, 0.0010082721710205078, 0.0011334419250488281, 0.0010607242584228516, 0.001085519790649414, 0.0011258125305175781, 0.0012316703796386719, 0.0010132789611816406, 0.0010378360748291016, 0.0009474754333496094, 0.0009596347808837891, 0.0010437965393066406, 0.0009758472442626953, 0.0009210109710693359, 0.000982046127319336, 0.0010457038879394531, 0.001039743423461914, 0.0010519027709960938, 0.0009334087371826172, 0.0010540485382080078, 0.0010061264038085938, 0.0009450912475585938, 0.0010051727294921875, 0.0011012554168701172, 0.0011677742004394531, 0.0012097358703613281, 0.0012083053588867188, 0.0011403560638427734, 0.0010106563568115234, 0.0009806156158447266, 0.0010459423065185547, 0.0009334087371826172, 0.0010781288146972656, 0.0010113716125488281, 0.0009713172912597656, 0.0010037422180175781, 0.0008864402770996094, 0.0009982585906982422, 0.0009052753448486328, 0.0010342597961425781, 0.00118255615234375, 0.0009801387786865234, 0.0009987354278564453, 0.0010399818420410156, 0.0008890628814697266, 0.0010654926300048828, 0.0010499954223632812, 0.001148223876953125, 0.0009622573852539062, 0.0009975433349609375, 0.0009813308715820312, 0.000980377197265625], "extension": "greedy_param", "s_hs": [0, 1, 1, 2, 2, 3, 3, 4, 4, 4, 5, 5, 5, 5, 4, 4, 5, 5, 5, 5, 5, 6, 6, 5, 5, 6, 6, 6, 7, 7, 6, 7, 6, 6, 6, 8, 6, 5, 7, 6, 9, 6, 7, 6, 9, 8, 6, 5, 7, 9, 8, 8, 9, 9, 9, 9, 10, 10, 10, 8, 7, 8, 7, 9, 11, 11, 6, 6, 6, 5, 6, 8, 10, 10, 11, 7, 8, 11, 8, 11, 8, 11, 8, 6, 11, 9, 9, 12, 7, 9, 7, 10, 9, 10, 10, 6], "s_grow": [4, 8, 8, 5, 8, 8, 10, 7, 8, 10, 7, 6, 6, 6, 10, 9, 8, 10, 8, 6, 7, 8, 12, 9, 6, 7, 6, 7, 9, 8, 5, 7, 7, 6, 6, 7, 7, 7, 7, 6, 9, 9, 7, 7, 9, 12, 6, 7, 7, 9, 9, 7, 9, 8, 9, 10, 10, 9, 11, 12, 8, 7, 7, 9, 11, 12, 6, 6, 7, 7, 8, 8, 9, 9, 11, 8, 9, 11, 8, 9, 8, 9, 8, 10, 11, 7, 9, 11, 8, 7, 9, 9, 12, 11, 12], "omus": true}