{"steps": 223, "OMUS": [34, 136, 201, 268, 244, 56], "clauses": 300, "avg_clause_len": 2, "parameters": {"count_clauses": 2, "best_unit_literal": 4, "best_counter_literal": 2, "sorting": 0, "extension": "greedy_param", "cutoff_main": 900, "output": "results/2020_05_28/Gurobi/wBF_50_300_greedy_param_20.json"}, "clause_length": "clause_length", "t_hitting_set": [1.1920928955078125e-06, 0.0007500648498535156, 0.0007884502410888672, 0.0010952949523925781, 0.0011172294616699219, 0.0011153221130371094, 0.0011413097381591797, 0.001260519027709961, 0.0012786388397216797, 0.0012943744659423828, 0.0012989044189453125, 0.0013396739959716797, 0.0013637542724609375, 0.0015919208526611328, 0.0017957687377929688, 0.001901388168334961, 0.0019381046295166016, 0.0020313262939453125, 0.0021228790283203125, 0.0021767616271972656, 0.0023403167724609375, 0.0024187564849853516, 0.0023157596588134766, 0.0027360916137695312, 0.002367734909057617, 0.002355337142944336, 0.0023660659790039062, 0.0024199485778808594, 0.003513336181640625, 0.0037407875061035156, 0.0040378570556640625, 0.004174947738647461, 0.003889799118041992, 0.004333972930908203, 0.0037903785705566406, 0.0036649703979492188, 0.003303050994873047, 0.0037164688110351562, 0.005759716033935547, 0.022337913513183594, 0.021942138671875, 0.023286819458007812, 0.006152153015136719, 0.0058743953704833984, 0.005482673645019531, 0.0064105987548828125, 0.006970643997192383, 0.006402254104614258, 0.00613093376159668, 0.004805564880371094, 0.007382869720458984, 0.007542848587036133, 0.007634162902832031, 0.03166961669921875, 0.0375666618347168, 0.030934810638427734, 0.03107452392578125, 0.04272723197937012, 0.03249812126159668, 0.007971525192260742, 0.007498025894165039, 0.03865981101989746, 0.032971858978271484, 0.008025646209716797, 0.008125543594360352, 0.008666038513183594, 0.00888967514038086, 0.00940704345703125, 0.00957942008972168, 0.009867668151855469, 0.009948968887329102, 0.04580879211425781, 0.04630398750305176, 0.050209760665893555, 0.04185605049133301, 0.06198740005493164, 0.05261945724487305, 0.03385472297668457, 0.03992891311645508, 0.0516209602355957, 0.04587531089782715, 0.05859184265136719, 0.05291557312011719, 0.047005414962768555, 0.043530941009521484, 0.048981428146362305, 0.04343843460083008, 0.013249635696411133, 0.013445615768432617, 0.013705730438232422, 0.013408422470092773, 0.05486035346984863, 0.05714774131774902, 0.013294696807861328, 0.05788016319274902, 0.07855081558227539, 0.014593124389648438, 0.04966473579406738, 0.05875587463378906, 0.05863142013549805, 0.05441784858703613, 0.06178092956542969, 0.06000828742980957, 0.06119227409362793, 0.06569075584411621, 0.07375049591064453, 0.06722283363342285, 0.05602884292602539, 0.05279660224914551, 0.05780625343322754, 0.07232666015625, 0.07019186019897461, 0.07772421836853027, 0.06085610389709473, 0.07199263572692871, 0.09586000442504883, 0.07589054107666016, 0.0559847354888916, 0.09441518783569336, 0.09668993949890137, 0.11149001121520996, 0.08828997611999512, 0.08964180946350098, 0.08971762657165527, 0.1202549934387207, 0.0972599983215332, 0.07955479621887207, 0.09554457664489746, 0.10053730010986328, 0.10410261154174805, 0.08610391616821289, 0.09717130661010742, 0.09954285621643066, 0.122955322265625, 0.12363123893737793, 0.12102389335632324, 0.12400579452514648, 0.2424008846282959, 0.15456843376159668, 0.13347363471984863, 0.12799072265625, 0.1111917495727539, 0.11324453353881836, 0.12184572219848633, 0.13865303993225098, 0.10480499267578125, 0.10591578483581543, 0.11427021026611328, 0.1282808780670166, 0.12282562255859375, 0.0889899730682373, 0.08265280723571777, 0.1054072380065918, 0.14905071258544922, 0.13332033157348633, 0.13448047637939453, 0.13130497932434082, 0.13155770301818848, 0.12470698356628418, 0.13122248649597168, 0.15041637420654297, 0.1255354881286621, 0.11959981918334961, 0.13366007804870605, 0.15200567245483398, 0.1515359878540039, 0.12771940231323242, 0.14026618003845215, 0.17157363891601562, 0.14618611335754395, 0.136185884475708, 0.13974690437316895, 0.19139838218688965, 0.1592700481414795, 0.15923428535461426, 0.36356377601623535, 0.30126023292541504, 0.16016268730163574, 0.1733105182647705, 0.164564847946167, 0.20416712760925293, 0.20272278785705566, 0.23398399353027344, 0.16507863998413086, 0.2213754653930664, 0.16628098487854004, 0.18644452095031738, 0.17089557647705078, 0.18045568466186523, 0.17757129669189453, 0.18642234802246094, 0.1909630298614502, 0.24631643295288086, 0.18127846717834473, 0.1782817840576172, 0.20646381378173828, 0.2148582935333252, 0.18604493141174316, 0.16398382186889648, 0.17341351509094238, 0.17966246604919434, 0.1713695526123047, 0.18677449226379395, 0.19993805885314941, 0.16886615753173828, 0.14427447319030762, 0.19882583618164062, 0.13962626457214355, 0.18363714218139648, 0.14476776123046875, 0.2049250602722168, 0.21263909339904785, 0.1633133888244629, 0.2205488681793213, 0.35506272315979004, 0.16688227653503418, 0.2144944667816162, 0.2076261043548584, 0.21748948097229004, 0.22591829299926758, 0.17873239517211914, 0.21325993537902832, 0.33255958557128906, 0.27653050422668457],