{"steps": 172, "OMUS": [195, 77, 84, 53, 118], "clauses": 200, "avg_clause_len": 2, "parameters": {"count_clauses": 2, "best_unit_literal": 0, "best_counter_literal": 1, "sorting": 3, "extension": "greedy_param", "cutoff_main": 900, "output": "results/2020_05_28/Gurobi/wBF_50_200_greedy_param_101.json"}, "clause_length": "clause_length", "t_hitting_set": [1.1920928955078125e-06, 0.0005843639373779297, 0.0005812644958496094, 0.0005893707275390625, 0.0005762577056884766, 0.0005826950073242188, 0.0006115436553955078, 0.0009696483612060547, 0.0009410381317138672, 0.0009770393371582031, 0.0009930133819580078, 0.001043081283569336, 0.0010747909545898438, 0.0010921955108642578, 0.0012331008911132812, 0.001241445541381836, 0.001367330551147461, 0.0014088153839111328, 0.0014176368713378906, 0.0015044212341308594, 0.0024034976959228516, 0.002329587936401367, 0.002600431442260742, 0.002875089645385742, 0.002895832061767578, 0.003301382064819336, 0.0023391246795654297, 0.0025053024291992188, 0.0025360584259033203, 0.003188610076904297, 0.0028433799743652344, 0.0031418800354003906, 0.0033271312713623047, 0.0032372474670410156, 0.003264188766479492, 0.003384828567504883, 0.003021240234375, 0.0030684471130371094, 0.0030121803283691406, 0.0034368038177490234, 0.0034325122833251953, 0.0038771629333496094, 0.003871440887451172, 0.004074573516845703, 0.003920316696166992, 0.032120704650878906, 0.03454446792602539, 0.02481985092163086, 0.02388143539428711, 0.024989604949951172, 0.03311276435852051, 0.024181842803955078, 0.023076295852661133, 0.006243467330932617, 0.0058574676513671875, 0.0065174102783203125, 0.006519317626953125, 0.005793571472167969, 0.02384328842163086, 0.006177663803100586, 0.006636857986450195, 0.006361722946166992, 0.008764982223510742, 0.010444164276123047, 0.036859750747680664, 0.0444338321685791, 0.008896350860595703, 0.03657698631286621, 0.008997917175292969, 0.010744333267211914, 0.044738054275512695, 0.010508060455322266, 0.010185480117797852, 0.03388094902038574, 0.007837057113647461, 0.0077419281005859375, 0.008577346801757812, 0.008535623550415039, 0.008313417434692383, 0.008385419845581055, 0.04045701026916504, 0.04538917541503906, 0.008882284164428711, 0.009861469268798828, 0.011499881744384766, 0.011049032211303711, 0.013430118560791016, 0.045644283294677734, 0.03132963180541992, 0.0109710693359375, 0.014376163482666016, 0.01689600944519043, 0.01354360580444336, 0.04810285568237305, 0.04912590980529785, 0.05462646484375, 0.042612552642822266, 0.04715371131896973, 0.04452204704284668, 0.013709783554077148, 0.04907631874084473, 0.047081708908081055, 0.05277562141418457, 0.014303207397460938, 0.04765176773071289, 0.052062034606933594, 0.014781951904296875, 0.047534942626953125, 0.04201698303222656, 0.01411747932434082, 0.01852273941040039, 0.01952075958251953, 0.020241498947143555, 0.02286219596862793, 0.0376284122467041, 0.022354602813720703, 0.018980741500854492, 0.02909708023071289, 0.022908449172973633, 0.025858402252197266, 0.03144097328186035, 0.0846409797668457, 0.07863283157348633, 0.03199577331542969, 0.03251338005065918, 0.03769183158874512, 0.023824453353881836, 0.0288088321685791, 0.04026174545288086, 0.03452944755554199, 0.0258023738861084, 0.04826545715332031, 0.07577204704284668, 0.03271484375, 0.03210592269897461, 0.056519508361816406, 0.07733464241027832, 0.03871345520019531, 0.09016227722167969, 0.0945425033569336, 0.024886131286621094, 0.03709244728088379, 0.05402731895446777, 0.0326237678527832, 0.09550833702087402, 0.08873772621154785, 0.09514975547790527, 0.10056757926940918, 0.09981203079223633, 0.11893534660339355, 0.09485769271850586, 0.11691927909851074, 0.08985209465026855, 0.03401350975036621, 0.05504322052001953, 0.08291220664978027, 0.10389184951782227, 0.09017658233642578, 0.11403727531433105, 0.05677509307861328, 0.10561060905456543, 0.12546396255493164, 0.0912625789642334, 0.10776853561401367, 0.12133312225341797, 0.09453177452087402, 0.10261368751525879, 0.070098876953125, 0.12673664093017578, 0.11278438568115234, 0.11238837242126465, 0.11174750328063965, 0.07829594612121582],