{"steps": 207, "OMUS": [195, 77, 84, 53, 118], "clauses": 200, "avg_clause_len": 2, "parameters": {"count_clauses": 2, "best_unit_literal": 0, "best_counter_literal": 2, "sorting": 0, "extension": "greedy_param", "cutoff_main": 900, "output": "results/2020_05_28/Gurobi/wBF_50_200_greedy_param_12.json"}, "clause_length": "clause_length", "t_hitting_set": [1.430511474609375e-06, 0.0005581378936767578, 0.0005781650543212891, 0.0008859634399414062, 0.0006213188171386719, 0.0008494853973388672, 0.0012195110321044922, 0.0013039112091064453, 0.0012478828430175781, 0.001497507095336914, 0.0014553070068359375, 0.0015594959259033203, 0.0017664432525634766, 0.0017871856689453125, 0.0017414093017578125, 0.0017392635345458984, 0.0018219947814941406, 0.0024302005767822266, 0.0023779869079589844, 0.002267599105834961, 0.002300262451171875, 0.0023965835571289062, 0.0024976730346679688, 0.002093791961669922, 0.0018067359924316406, 0.0019075870513916016, 0.0017900466918945312, 0.002933979034423828, 0.0205838680267334, 0.01979231834411621, 0.003023386001586914, 0.019393205642700195, 0.019978761672973633, 0.022673606872558594, 0.0027551651000976562, 0.0022330284118652344, 0.0022144317626953125, 0.002717256546020508, 0.0025658607482910156, 0.004270792007446289, 0.0043201446533203125, 0.004339694976806641, 0.0348355770111084, 0.024083852767944336, 0.03145766258239746, 0.020814180374145508, 0.00458216667175293, 0.004595756530761719, 0.02410888671875, 0.005605459213256836, 0.00476384162902832, 0.004481315612792969, 0.004887819290161133, 0.006178379058837891, 0.0066716670989990234, 0.0066378116607666016, 0.007253170013427734, 0.006836652755737305, 0.008451223373413086, 0.007268190383911133, 0.007538795471191406, 0.00758814811706543, 0.007243156433105469, 0.007745027542114258, 0.010442256927490234, 0.008445978164672852, 0.010577201843261719, 0.008113384246826172, 0.008116006851196289, 0.008626222610473633, 0.008807897567749023, 0.008085250854492188, 0.009998798370361328, 0.009357213973999023, 0.01084136962890625, 0.009776115417480469, 0.010729074478149414, 0.010360956192016602, 0.009822607040405273, 0.011569976806640625, 0.00980234146118164, 0.009674310684204102, 0.010066509246826172, 0.03356003761291504, 0.012318611145019531, 0.013253211975097656, 0.01359415054321289, 0.012654542922973633, 0.013556480407714844, 0.012676715850830078, 0.010961294174194336, 0.015097618103027344, 0.013810157775878906, 0.015488862991333008, 0.014380931854248047, 0.016211271286010742, 0.045664072036743164, 0.011737346649169922, 0.03917407989501953, 0.015442848205566406, 0.013934135437011719, 0.01882314682006836, 0.01872086524963379, 0.0164797306060791, 0.017351150512695312, 0.016263246536254883, 0.018249034881591797, 0.018535852432250977, 0.06172585487365723, 0.04853200912475586, 0.05118393898010254, 0.05177593231201172, 0.021176815032958984, 0.022370100021362305, 0.020125865936279297, 0.05448126792907715, 0.05818438529968262, 0.0632319450378418, 0.06682705879211426, 0.05708432197570801, 0.018388748168945312, 0.05028939247131348, 0.05010819435119629, 0.057167768478393555, 0.054679155349731445, 0.05112051963806152, 0.02238011360168457, 0.05401897430419922, 0.020186185836791992, 0.022398948669433594, 0.023426294326782227, 0.04865002632141113, 0.025111675262451172, 0.05184125900268555, 0.024522781372070312, 0.0225374698638916, 0.027620792388916016, 0.04637336730957031, 0.029282093048095703, 0.040367841720581055, 0.10187125205993652, 0.07262563705444336, 0.07939577102661133, 0.023656368255615234, 0.07985115051269531, 0.0760946273803711, 0.03622698783874512, 0.03654217720031738, 0.08925628662109375, 0.08759927749633789, 0.027441024780273438, 0.0379023551940918, 0.09411859512329102, 0.09052371978759766, 0.051084041595458984, 0.08760762214660645, 0.027644634246826172, 0.09091377258300781, 0.08641505241394043, 0.02739095687866211, 0.10026383399963379, 0.09193134307861328, 0.10019826889038086, 0.10444951057434082, 0.06803011894226074, 0.10300040245056152, 0.07974076271057129, 0.10703134536743164, 0.1086888313293457, 0.12443780899047852, 0.11197113990783691, 0.09351539611816406, 0.11080265045166016, 0.12009787559509277, 0.11257600784301758, 0.14813494682312012, 0.09971046447753906, 0.12657666206359863, 0.10556697845458984, 0.11563992500305176, 0.12941932678222656, 0.05611443519592285, 0.05477595329284668, 0.1250629425048828, 0.0570833683013916, 0.11808300018310547, 0.11346650123596191, 0.12030243873596191, 0.12471675872802734, 0.1098792552947998, 0.06833434104919434, 0.07070398330688477, 0.10469841957092285, 0.04863882064819336, 0.07639288902282715, 0.05996584892272949, 0.06900906562805176, 0.07459831237792969, 0.1360933780670166, 0.12187576293945312, 0.12070679664611816, 0.14121341705322266, 0.13622450828552246, 0.14386487007141113, 0.1759629249572754, 0.0834355354309082, 0.06278347969055176, 0.0760962963104248],