{"steps": 237, "OMUS": [196, 37, 205, 48, 93], "clauses": 250, "avg_clause_len": 2, "parameters": {"count_clauses": 3, "best_unit_literal": 1, "best_counter_literal": 1, "sorting": 0, "extension": "greedy_param", "cutoff_main": 900, "output": "results/2020_05_28/Gurobi/wBF_50_250_greedy_param_23.json"}, "clause_length": "clause_length", "t_hitting_set": [1.430511474609375e-06, 0.0006883144378662109, 0.0006985664367675781, 0.0009567737579345703, 0.0008077621459960938, 0.0008013248443603516, 0.002130270004272461, 0.001814126968383789, 0.0016088485717773438, 0.0016398429870605469, 0.0017120838165283203, 0.0016772747039794922, 0.0016980171203613281, 0.0017554759979248047, 0.0014934539794921875, 0.0014312267303466797, 0.002349853515625, 0.002119779586791992, 0.0022497177124023438, 0.002217531204223633, 0.0021889209747314453, 0.0021848678588867188, 0.0023326873779296875, 0.0029959678649902344, 0.0024785995483398438, 0.017342329025268555, 0.029002666473388672, 0.004010677337646484, 0.003992319107055664, 0.004250288009643555, 0.004373073577880859, 0.004703998565673828, 0.004600048065185547, 0.028580188751220703, 0.027344703674316406, 0.03167271614074707, 0.026239395141601562, 0.029465198516845703, 0.031488895416259766, 0.025804519653320312, 0.020795583724975586, 0.023537158966064453, 0.006169319152832031, 0.005751609802246094, 0.0312197208404541, 0.028362274169921875, 0.007903099060058594, 0.036691904067993164, 0.006328582763671875, 0.03867602348327637, 0.00684046745300293, 0.0398101806640625, 0.04028511047363281, 0.04446578025817871, 0.04372382164001465, 0.04234194755554199, 0.04097938537597656, 0.047255754470825195, 0.033910512924194336, 0.04327702522277832, 0.03966927528381348, 0.009187698364257812, 0.008282184600830078, 0.035086631774902344, 0.008662700653076172, 0.03126049041748047, 0.05657219886779785, 0.04168343544006348, 0.009653091430664062, 0.03374934196472168, 0.009832382202148438, 0.03218531608581543, 0.045467376708984375, 0.04685807228088379, 0.0504002571105957, 0.04864907264709473, 0.04641890525817871, 0.05012655258178711, 0.06258344650268555, 0.06548333168029785, 0.05349397659301758, 0.06248664855957031, 0.05892181396484375, 0.07739758491516113, 0.07152271270751953, 0.07518458366394043, 0.08868622779846191, 0.07237124443054199, 0.07678008079528809, 0.06261348724365234, 0.02238321304321289, 0.07990431785583496, 0.07666492462158203, 0.07584619522094727, 0.08956265449523926, 0.08547472953796387, 0.08643436431884766, 0.19454193115234375, 0.09113812446594238, 0.07368755340576172, 0.08750319480895996, 0.11254191398620605, 0.10216832160949707, 0.10283470153808594, 0.1184382438659668, 0.1138906478881836, 0.10421562194824219, 0.11536359786987305, 0.10703492164611816, 0.1237800121307373, 0.13620448112487793, 0.1285088062286377, 0.13216543197631836, 0.12761592864990234, 0.12588119506835938, 0.13661766052246094, 0.11784982681274414, 0.12856435775756836, 0.1177527904510498, 0.1173543930053711, 0.13507580757141113, 0.14089345932006836, 0.266620397567749, 0.12521052360534668, 0.1454765796661377, 0.1175689697265625, 0.12962722778320312, 0.13721108436584473, 0.1320805549621582, 0.13087773323059082, 0.24251270294189453, 0.14766430854797363, 0.12455320358276367, 0.13411378860473633, 0.1340487003326416, 0.14095330238342285, 0.12711715698242188, 0.13590741157531738, 0.15792012214660645, 0.13043999671936035, 0.12251400947570801, 0.139906644821167, 0.13495492935180664, 0.15816307067871094, 0.12802648544311523, 0.28154873847961426, 0.22118496894836426, 0.2763793468475342, 0.28776979446411133, 0.35317063331604004, 0.3818833827972412, 0.3829832077026367, 0.3144404888153076, 0.2698476314544678, 0.434765100479126, 0.3797006607055664, 0.32089710235595703, 0.4913620948791504, 0.23660755157470703, 0.36562657356262207, 0.3953397274017334, 0.3955576419830322, 0.31783175468444824, 0.45077085494995117, 0.17585182189941406, 0.44715189933776855, 0.5147385597229004, 0.40792059898376465, 0.4421975612640381, 0.4940378665924072, 0.3794732093811035, 0.4166600704193115, 0.3354625701904297, 0.3799600601196289, 0.46129298210144043, 0.3025655746459961, 0.17284226417541504, 0.2234184741973877, 0.2221813201904297, 0.6429543495178223, 0.18398237228393555, 0.3355400562286377, 0.982661247253418, 0.7875592708587646, 0.44687795639038086, 0.26072049140930176, 0.30306482315063477, 0.23677444458007812, 0.28047823905944824, 0.29018211364746094, 0.2589116096496582, 0.6207888126373291, 1.2580101490020752, 0.5404388904571533, 1.215439796447754, 1.1769039630889893, 1.3109679222106934, 0.3370828628540039, 0.7364323139190674, 0.6298356056213379, 0.5858361721038818, 0.5903594493865967, 0.6036968231201172, 0.34711647033691406, 0.3239121437072754, 0.7169420719146729, 0.3233516216278076, 0.5590770244598389, 0.3630194664001465, 0.4424874782562256, 0.34793949127197266, 0.32581043243408203, 0.5456905364990234, 0.4894089698791504, 0.36372900009155273, 0.6927516460418701, 0.5551700592041016, 0.5922446250915527, 0.6057310104370117, 0.3619687557220459, 1.1860783100128174, 0.3986551761627197, 0.616340160369873, 0.42793822288513184, 0.4678959846496582, 0.3929781913757324, 0.5393452644348145, 0.4660794734954834, 0.3873178958892822, 0.4741678237915039, 0.7154872417449951, 0.8189642429351807, 0.6574428081512451, 0.5668327808380127, 0.34735822677612305, 0.7660517692565918, 0.5568711757659912, 0.9268798828125],