{"steps": 79, "OMUS": [195, 77, 84, 53, 118], "clauses": 200, "avg_clause_len": 2, "parameters": {"count_clauses": 1, "best_unit_literal": 0, "best_counter_literal": 2, "sorting": 4, "extension": "greedy_param", "cutoff_main": 900, "output": "results/2020_05_28/Gurobi/wBF_50_200_greedy_param_122.json"}, "clause_length": "clause_length", "t_hitting_set": [1.1920928955078125e-06, 0.0005879402160644531, 0.0005695819854736328, 0.0005950927734375, 0.0006077289581298828, 0.0007486343383789062, 0.001215219497680664, 0.0012252330780029297, 0.0012357234954833984, 0.0013413429260253906, 0.0013036727905273438, 0.0010564327239990234, 0.0015704631805419922, 0.0018973350524902344, 0.0018167495727539062, 0.0016121864318847656, 0.0017011165618896484, 0.0017399787902832031, 0.001705169677734375, 0.0025632381439208984, 0.002789735794067383, 0.002756357192993164, 0.002622365951538086, 0.0034956932067871094, 0.0038843154907226562, 0.002778291702270508, 0.002962827682495117, 0.0029366016387939453, 0.01914834976196289, 0.0028417110443115234, 0.0209195613861084, 0.0036933422088623047, 0.0037813186645507812, 0.003882169723510742, 0.005209207534790039, 0.02342677116394043, 0.005177974700927734, 0.02708292007446289, 0.0061511993408203125, 0.02242588996887207, 0.0074310302734375, 0.007368564605712891, 0.0072476863861083984, 0.008385181427001953, 0.007483720779418945, 0.006938934326171875, 0.007796287536621094, 0.008044958114624023, 0.006916522979736328, 0.00777745246887207, 0.01060938835144043, 0.009072303771972656, 0.007256031036376953, 0.008896350860595703, 0.007306337356567383, 0.008269309997558594, 0.008147001266479492, 0.00950169563293457, 0.010028839111328125, 0.012543201446533203, 0.043862342834472656, 0.010126113891601562, 0.056208133697509766, 0.050826072692871094, 0.04238390922546387, 0.03868889808654785, 0.03638505935668945, 0.04243826866149902, 0.041284799575805664, 0.032802581787109375, 0.010836362838745117, 0.010595560073852539, 0.010837316513061523, 0.014372110366821289, 0.03892827033996582, 0.05977225303649902, 0.01849985122680664, 0.05501532554626465, 0.02045154571533203, 0.024220705032348633], "t_sat_check": [9.5367431640625e-07, 5.745887756347656e-05, 5.364418029785156e-05, 5.2928924560546875e-05, 5.14984130859375e-05, 5.14984130859375e-05, 6.0558319091796875e-05, 6.079673767089844e-05, 6.604194641113281e-05, 6.365776062011719e-05, 5.245208740234375e-05, 5.459785461425781e-05, 6.389617919921875e-05, 6.461143493652344e-05, 7.05718994140625e-05, 6.914138793945312e-05, 6.580352783203125e-05, 6.246566772460938e-05, 6.532669067382812e-05, 7.05718994140625e-05, 6.985664367675781e-05, 7.843971252441406e-05, 7.367134094238281e-05, 7.343292236328125e-05, 7.724761962890625e-05, 7.987022399902344e-05, 7.510185241699219e-05, 7.653236389160156e-05, 8.940696716308594e-05, 7.82012939453125e-05, 7.987022399902344e-05, 8.20159912109375e-05, 8.344650268554688e-05, 7.677078247070312e-05, 7.796287536621094e-05, 9.036064147949219e-05, 8.296966552734375e-05, 8.630752563476562e-05, 8.988380432128906e-05, 8.58306884765625e-05, 8.249282836914062e-05, 8.630752563476562e-05, 8.368492126464844e-05, 8.726119995117188e-05, 8.463859558105469e-05, 8.702278137207031e-05, 8.320808410644531e-05, 8.392333984375e-05, 8.344650268554688e-05, 8.678436279296875e-05, 8.893013000488281e-05, 8.988380432128906e-05, 9.298324584960938e-05, 8.606910705566406e-05, 9.036064147949219e-05, 9.059906005859375e-05, 8.845329284667969e-05, 9.179115295410156e-05, 9.059906005859375e-05, 8.654594421386719e-05, 8.916854858398438e-05, 8.440017700195312e-05, 9.34600830078125e-05, 8.96453857421875e-05, 9.72747802734375e-05, 9.274482727050781e-05, 9.012222290039062e-05, 9.059906005859375e-05, 9.083747863769531e-05, 9.322166442871094e-05, 8.96453857421875e-05, 8.20159912109375e-05, 8.940696716308594e-05, 9.226799011230469e-05, 9.036064147949219e-05, 9.131431579589844e-05, 8.821487426757812e-05, 9.107589721679688e-05, 8.893013000488281e-05, 8.153915405273438e-05], "t_grow": [0.005408287048339844, 0.004733085632324219, 0.004566669464111328, 0.004496335983276367, 0.005288600921630859, 0.005080461502075195, 0.004437446594238281, 0.004814624786376953, 0.004477500915527344, 0.004874229431152344, 0.005011320114135742, 0.004570484161376953, 0.004374265670776367, 0.004361867904663086, 0.00410771369934082, 0.00422358512878418, 0.004624128341674805, 0.005375862121582031, 0.004110574722290039, 0.004340171813964844, 0.004923343658447266, 0.0041294097900390625, 0.004408359527587891, 0.004730939865112305, 0.00477290153503418, 0.003891468048095703, 0.00434112548828125, 0.004534721374511719, 0.0038404464721679688, 0.004347324371337891, 0.004774332046508789, 0.004662990570068359, 0.004012107849121094, 0.0051422119140625, 0.004534482955932617, 0.0040967464447021484, 0.004407167434692383, 0.004179716110229492, 0.003783702850341797, 0.003567934036254883, 0.004471540451049805, 0.0042552947998046875, 0.004129886627197266, 0.004286050796508789, 0.003885507583618164, 0.004796743392944336, 0.004255533218383789, 0.003869295120239258, 0.004061460494995117, 0.0042781829833984375, 0.004066944122314453, 0.0038869380950927734, 0.0044939517974853516, 0.004500627517700195, 0.0035796165466308594, 0.004189014434814453, 0.004587411880493164, 0.0037598609924316406, 0.00415349006652832, 0.004378557205200195, 0.004582405090332031, 0.004570722579956055, 0.0046155452728271484, 0.004254341125488281, 0.003898143768310547, 0.003906726837158203, 0.003927946090698242, 0.004071712493896484, 0.003952503204345703, 0.003953456878662109, 0.0046520233154296875, 0.004351377487182617, 0.004010200500488281, 0.0039014816284179688, 0.0041201114654541016, 0.00420689582824707, 0.004053354263305664, 0.0036919116973876953, 0.004351615905761719], "extension": "greedy_param", "s_hs": [0, 1, 2, 2, 1, 1, 2, 2, 3, 3, 1, 2, 3, 2, 4, 4, 4, 1, 3, 2, 2, 5, 3, 2, 3, 4, 2, 2, 3, 3, 2, 4, 5, 2, 4, 4, 3, 3, 6, 4, 3, 4, 3, 3, 4, 3, 4, 3, 3, 4, 4, 4, 5, 4, 4, 5, 5, 5, 5, 3, 3, 2, 5, 5, 6, 6, 5, 4, 5, 5, 4, 2, 5, 5, 4, 5, 5, 4, 4, 5], "s_grow": [18, 17, 16, 17, 19, 20, 18, 21, 21, 18, 16, 17, 19, 16, 21, 18, 20, 19, 18, 19, 21, 20, 20, 18, 21, 18, 18, 20, 22, 22, 19, 19, 19, 20, 17, 18, 21, 22, 21, 18, 18, 27, 22, 19, 22, 19, 19, 17, 17, 19, 22, 23, 20, 19, 20, 17, 21, 22, 19, 19, 23, 24, 20, 22, 18, 21, 19, 19, 20, 25, 18, 17, 20, 20, 22, 19, 18, 17, 18], "omus": true}