{"steps": 150, "OMUS": [195, 77, 84, 53, 118], "clauses": 200, "avg_clause_len": 2, "parameters": {"count_clauses": 2, "best_unit_literal": 2, "best_counter_literal": 2, "sorting": 4, "extension": "greedy_param", "cutoff_main": 900, "output": "results/2020_05_28/Gurobi/wBF_50_200_greedy_param_136.json"}, "clause_length": "clause_length", "t_hitting_set": [1.430511474609375e-06, 0.0005977153778076172, 0.0005714893341064453, 0.0006115436553955078, 0.0006248950958251953, 0.0006413459777832031, 0.0009653568267822266, 0.0010020732879638672, 0.001004934310913086, 0.0012423992156982422, 0.0011143684387207031, 0.0011446475982666016, 0.0011680126190185547, 0.0019655227661132812, 0.0019617080688476562, 0.001991748809814453, 0.0020601749420166016, 0.002169370651245117, 0.002068758010864258, 0.0016143321990966797, 0.002218008041381836, 0.002463102340698242, 0.0027625560760498047, 0.027901649475097656, 0.016199111938476562, 0.028227567672729492, 0.0278623104095459, 0.0029327869415283203, 0.028134822845458984, 0.0034551620483398438, 0.03060770034790039, 0.022125244140625, 0.003355264663696289, 0.022977352142333984, 0.02910614013671875, 0.024685144424438477, 0.031088829040527344, 0.02647256851196289, 0.02168440818786621, 0.0301513671875, 0.025283336639404297, 0.02156829833984375, 0.01876664161682129, 0.004878044128417969, 0.016281604766845703, 0.004997730255126953, 0.004957914352416992, 0.031232833862304688, 0.02019524574279785, 0.0052721500396728516, 0.0057277679443359375, 0.030795812606811523, 0.03680753707885742, 0.028528451919555664, 0.025841236114501953, 0.03023672103881836, 0.007063865661621094, 0.03414654731750488, 0.0272066593170166, 0.028348445892333984, 0.02741718292236328, 0.02089524269104004, 0.020554304122924805, 0.0416257381439209, 0.022045373916625977, 0.038942813873291016, 0.023967742919921875, 0.02087235450744629, 0.006089925765991211, 0.03804826736450195, 0.0337984561920166, 0.030707597732543945, 0.0399327278137207, 0.03843212127685547, 0.011806488037109375, 0.0348360538482666, 0.014273643493652344, 0.011634588241577148, 0.04505300521850586, 0.00995016098022461, 0.016648292541503906, 0.014705181121826172, 0.05219721794128418, 0.040140390396118164, 0.043992042541503906, 0.04776906967163086, 0.015559911727905273, 0.0518338680267334, 0.05895662307739258, 0.01643681526184082, 0.06159687042236328, 0.05747413635253906, 0.05624055862426758, 0.06265926361083984, 0.04224228858947754, 0.06119537353515625, 0.0578150749206543, 0.06411480903625488, 0.06105995178222656, 0.06081414222717285, 0.01595902442932129, 0.0169525146484375, 0.06074881553649902, 0.07324910163879395, 0.05246758460998535, 0.05151844024658203, 0.015996456146240234, 0.05301499366760254, 0.07251787185668945, 0.07940292358398438, 0.06789255142211914, 0.06617331504821777, 0.06495952606201172, 0.04989504814147949, 0.0601809024810791, 0.05651736259460449, 0.05898404121398926, 0.07077527046203613, 0.0196378231048584, 0.06898689270019531, 0.06287622451782227, 0.0666511058807373, 0.07823681831359863, 0.0629417896270752, 0.06513452529907227, 0.06365728378295898, 0.0631098747253418, 0.08694672584533691, 0.06624555587768555, 0.06527566909790039, 0.06299114227294922, 0.06884169578552246, 0.0475003719329834, 0.06773853302001953, 0.04510784149169922, 0.03282809257507324, 0.10175371170043945, 0.09854412078857422, 0.10370373725891113, 0.08312392234802246, 0.08238577842712402, 0.08180594444274902, 0.0781393051147461, 0.08091306686401367, 0.08440184593200684, 0.09427809715270996, 0.08274197578430176, 0.07269144058227539, 0.059218406677246094, 0.09170150756835938, 0.0640573501586914], "t_sat_check": [7.152557373046875e-07, 4.982948303222656e-05, 5.1975250244140625e-05, 5.2928924560546875e-05, 4.76837158203125e-05, 5.173683166503906e-05, 5.5789947509765625e-05, 5.507469177246094e-05, 5.53131103515625e-05, 5.626678466796875e-05, 5.5789947509765625e-05, 5.435943603515625e-05, 5.1021575927734375e-05, 6.318092346191406e-05, 6.628036499023438e-05, 6.842613220214844e-05, 6.890296936035156e-05, 6.771087646484375e-05, 6.961822509765625e-05, 6.437301635742188e-05, 6.699562072753906e-05, 7.128715515136719e-05, 7.557868957519531e-05, 7.62939453125e-05, 8.106231689453125e-05, 8.177757263183594e-05, 8.511543273925781e-05, 7.62939453125e-05, 8.034706115722656e-05, 8.0108642578125e-05, 8.869171142578125e-05, 9.179115295410156e-05, 7.987022399902344e-05, 8.249282836914062e-05, 8.845329284667969e-05, 8.916854858398438e-05, 8.797645568847656e-05, 8.7738037109375e-05, 9.179115295410156e-05, 0.00010156631469726562, 9.179115295410156e-05, 8.511543273925781e-05, 8.559226989746094e-05, 8.034706115722656e-05, 8.96453857421875e-05, 8.177757263183594e-05, 7.987022399902344e-05, 8.344650268554688e-05, 8.440017700195312e-05, 8.368492126464844e-05, 8.392333984375e-05, 9.107589721679688e-05, 9.202957153320312e-05, 9.059906005859375e-05, 8.726119995117188e-05, 9.036064147949219e-05, 8.153915405273438e-05, 8.726119995117188e-05, 8.702278137207031e-05, 8.845329284667969e-05, 8.797645568847656e-05, 0.00010466575622558594, 8.916854858398438e-05, 8.845329284667969e-05, 8.7738037109375e-05, 8.869171142578125e-05, 8.845329284667969e-05, 8.821487426757812e-05, 8.487701416015625e-05, 9.012222290039062e-05, 8.96453857421875e-05, 9.34600830078125e-05, 9.250640869140625e-05, 9.059906005859375e-05, 8.916854858398438e-05, 9.012222290039062e-05, 9.179115295410156e-05, 8.630752563476562e-05, 9.083747863769531e-05, 8.988380432128906e-05, 8.797645568847656e-05, 9.012222290039062e-05, 9.059906005859375e-05, 9.298324584960938e-05, 9.465217590332031e-05, 9.584426879882812e-05, 9.131431579589844e-05, 9.322166442871094e-05, 9.369850158691406e-05, 9.250640869140625e-05, 9.250640869140625e-05, 9.083747863769531e-05, 9.369850158691406e-05, 9.1552734375e-05, 9.202957153320312e-05, 8.988380432128906e-05, 9.298324584960938e-05, 9.250640869140625e-05, 9.393692016601562e-05, 9.322166442871094e-05, 8.678436279296875e-05, 9.036064147949219e-05, 9.274482727050781e-05, 9.465217590332031e-05, 9.655952453613281e-05, 9.584426879882812e-05, 9.417533874511719e-05, 9.608268737792969e-05, 9.72747802734375e-05, 9.393692016601562e-05, 9.369850158691406e-05, 9.1552734375e-05, 9.298324584960938e-05, 9.5367431640625e-05, 9.34600830078125e-05, 9.417533874511719e-05, 9.322166442871094e-05, 9.34600830078125e-05, 9.5367431640625e-05, 9.34600830078125e-05, 9.298324584960938e-05, 9.226799011230469e-05, 9.584426879882812e-05, 9.489059448242188e-05, 9.441375732421875e-05, 9.72747802734375e-05, 9.5367431640625e-05, 9.226799011230469e-05, 9.369850158691406e-05, 9.059906005859375e-05, 9.298324584960938e-05, 9.274482727050781e-05, 9.369850158691406e-05, 9.369850158691406e-05, 9.274482727050781e-05, 9.322166442871094e-05, 9.632110595703125e-05, 9.846687316894531e-05, 9.72747802734375e-05, 9.584426879882812e-05, 9.512901306152344e-05, 9.441375732421875e-05, 9.393692016601562e-05, 9.632110595703125e-05, 0.00012540817260742188, 9.703636169433594e-05, 9.393692016601562e-05, 9.298324584960938e-05, 9.655952453613281e-05, 8.988380432128906e-05, 8.416175842285156e-05],