{"steps": 74, "OMUS": [191, 69, 70, 110, 28, 31], "clauses": 200, "avg_clause_len": 2, "parameters": {"count_clauses": 2, "best_unit_literal": 3, "best_counter_literal": 2, "sorting": 1, "extension": "greedy_param", "cutoff_main": 900, "output": "results/2020_05_28/Gurobi/wBF_100_200_greedy_param_48.json"}, "clause_length": "clause_length", "t_hitting_set": [9.5367431640625e-07, 0.0005748271942138672, 0.0005407333374023438, 0.00055694580078125, 0.0007491111755371094, 0.0007641315460205078, 0.0008080005645751953, 0.0012319087982177734, 0.0012445449829101562, 0.0009174346923828125, 0.0012776851654052734, 0.0013911724090576172, 0.0013489723205566406, 0.001247406005859375, 0.0012946128845214844, 0.0013070106506347656, 0.0013375282287597656, 0.0017004013061523438, 0.0015575885772705078, 0.0015292167663574219, 0.0018739700317382812, 0.0020198822021484375, 0.0015780925750732422, 0.0015876293182373047, 0.001730203628540039, 0.0021224021911621094, 0.0023660659790039062, 0.0023627281188964844, 0.0017440319061279297, 0.002412080764770508, 0.0028510093688964844, 0.002209901809692383, 0.0031952857971191406, 0.0034940242767333984, 0.002132892608642578, 0.001955270767211914, 0.0025169849395751953, 0.001987457275390625, 0.003001689910888672, 0.0020952224731445312, 0.0029261112213134766, 0.0030689239501953125, 0.003865480422973633, 0.004405498504638672, 0.005154132843017578, 0.004232645034790039, 0.004766941070556641, 0.004526615142822266, 0.0058746337890625, 0.0061779022216796875, 0.006413698196411133, 0.006325721740722656, 0.005782604217529297, 0.0061130523681640625, 0.006953239440917969, 0.007074117660522461, 0.0071125030517578125, 0.007930994033813477, 0.00685882568359375, 0.00550532341003418, 0.0056798458099365234, 0.008136987686157227, 0.0068187713623046875, 0.009712696075439453, 0.008350133895874023, 0.008019208908081055, 0.008586883544921875, 0.005879878997802734, 0.00603485107421875, 0.007370948791503906, 0.006194353103637695, 0.006270885467529297, 0.006067752838134766, 0.007616758346557617, 0.00903177261352539], "t_sat_check": [4.76837158203125e-07, 6.4849853515625e-05, 6.270408630371094e-05, 6.008148193359375e-05, 6.270408630371094e-05, 6.532669067382812e-05, 6.580352783203125e-05, 6.842613220214844e-05, 6.67572021484375e-05, 6.747245788574219e-05, 0.0001270771026611328, 7.343292236328125e-05, 7.724761962890625e-05, 6.937980651855469e-05, 7.009506225585938e-05, 7.152557373046875e-05, 7.343292236328125e-05, 7.677078247070312e-05, 7.510185241699219e-05, 7.677078247070312e-05, 7.748603820800781e-05, 8.249282836914062e-05, 0.00010323524475097656, 7.462501525878906e-05, 6.4849853515625e-05, 7.939338684082031e-05, 0.00010728836059570312, 8.487701416015625e-05, 8.0108642578125e-05, 8.106231689453125e-05, 8.630752563476562e-05, 8.344650268554688e-05, 8.320808410644531e-05, 8.678436279296875e-05, 8.058547973632812e-05, 7.486343383789062e-05, 7.843971252441406e-05, 7.677078247070312e-05, 8.177757263183594e-05, 8.058547973632812e-05, 0.0001125335693359375, 8.487701416015625e-05, 8.821487426757812e-05, 8.893013000488281e-05, 9.1552734375e-05, 9.059906005859375e-05, 9.226799011230469e-05, 9.131431579589844e-05, 9.274482727050781e-05, 9.441375732421875e-05, 8.630752563476562e-05, 9.72747802734375e-05, 9.512901306152344e-05, 9.608268737792969e-05, 9.870529174804688e-05, 9.584426879882812e-05, 9.512901306152344e-05, 9.72747802734375e-05, 9.059906005859375e-05, 8.988380432128906e-05, 9.655952453613281e-05, 9.72747802734375e-05, 9.655952453613281e-05, 0.00010991096496582031, 9.489059448242188e-05, 9.489059448242188e-05, 9.679794311523438e-05, 9.393692016601562e-05, 9.179115295410156e-05, 9.179115295410156e-05, 9.393692016601562e-05, 9.083747863769531e-05, 9.202957153320312e-05, 9.489059448242188e-05, 8.177757263183594e-05], "t_grow": [0.0015354156494140625, 0.0011959075927734375, 0.0011131763458251953, 0.0011224746704101562, 0.0011577606201171875, 0.0010650157928466797, 0.00099945068359375, 0.0011146068572998047, 0.0012328624725341797, 0.0010294914245605469, 0.0010406970977783203, 0.001050710678100586, 0.0010135173797607422, 0.001138925552368164, 0.0011444091796875, 0.0010771751403808594, 0.0010504722595214844, 0.0010285377502441406, 0.0011196136474609375, 0.0010280609130859375, 0.0010716915130615234, 0.0009760856628417969, 0.0010330677032470703, 0.0010149478912353516, 0.0012094974517822266, 0.0010924339294433594, 0.0011265277862548828, 0.0011036396026611328, 0.001096487045288086, 0.0011105537414550781, 0.0009510517120361328, 0.0010073184967041016, 0.001039266586303711, 0.0011749267578125, 0.0010118484497070312, 0.0010733604431152344, 0.001087188720703125, 0.0010538101196289062, 0.0009970664978027344, 0.0010998249053955078, 0.0011606216430664062, 0.0009582042694091797, 0.0010747909545898438, 0.0009429454803466797, 0.0010077953338623047, 0.0009946823120117188, 0.0010404586791992188, 0.0009596347808837891, 0.0010004043579101562, 0.0009613037109375, 0.0011446475982666016, 0.0010488033294677734, 0.0009238719940185547, 0.0010378360748291016, 0.0008769035339355469, 0.0009424686431884766, 0.0009226799011230469, 0.0009868144989013672, 0.0010666847229003906, 0.0010135173797607422, 0.0008864402770996094, 0.0009882450103759766, 0.0009438991546630859, 0.0009765625, 0.001062631607055664, 0.0009596347808837891, 0.0009412765502929688, 0.0011060237884521484, 0.0010325908660888672, 0.0011200904846191406, 0.0010535717010498047, 0.0010137557983398438, 0.0010874271392822266, 0.0010979175567626953], "extension": "greedy_param", "s_hs": [0, 1, 2, 2, 2, 3, 4, 3, 2, 4, 3, 4, 4, 3, 3, 3, 4, 4, 3, 5, 4, 5, 4, 5, 2, 4, 3, 4, 5, 3, 5, 5, 4, 4, 5, 4, 4, 4, 5, 5, 4, 6, 5, 6, 5, 6, 5, 6, 6, 6, 4, 7, 7, 5, 8, 7, 7, 6, 6, 5, 8, 7, 8, 6, 6, 6, 7, 6, 5, 6, 7, 7, 6, 6, 6], "s_grow": [9, 8, 7, 6, 10, 10, 9, 5, 9, 11, 6, 4, 7, 8, 8, 7, 11, 6, 10, 12, 8, 7, 11, 9, 10, 11, 10, 9, 13, 7, 6, 8, 6, 6, 11, 11, 9, 11, 12, 11, 9, 10, 10, 9, 7, 10, 7, 8, 11, 7, 8, 9, 10, 8, 9, 10, 6, 8, 11, 9, 12, 8, 10, 9, 8, 8, 6, 6, 8, 13, 10, 10, 8, 12], "omus": true}