{"steps": 153, "OMUS": [195, 77, 84, 53, 118], "clauses": 200, "avg_clause_len": 2, "parameters": {"count_clauses": 3, "best_unit_literal": 0, "best_counter_literal": 1, "sorting": 2, "extension": "greedy_param", "cutoff_main": 900, "output": "results/2020_05_28/Gurobi/wBF_50_200_greedy_param_81.json"}, "clause_length": "clause_length", "t_hitting_set": [9.5367431640625e-07, 0.0006113052368164062, 0.0005853176116943359, 0.0005652904510498047, 0.0005717277526855469, 0.0009274482727050781, 0.0009160041809082031, 0.0009267330169677734, 0.0009975433349609375, 0.0010704994201660156, 0.0010020732879638672, 0.0011131763458251953, 0.0012602806091308594, 0.0013012886047363281, 0.0013661384582519531, 0.0014379024505615234, 0.0015506744384765625, 0.0015261173248291016, 0.001699686050415039, 0.0018858909606933594, 0.00162506103515625, 0.0020346641540527344, 0.002080202102661133, 0.0021147727966308594, 0.002115488052368164, 0.0022423267364501953, 0.002111673355102539, 0.002126455307006836, 0.003659963607788086, 0.02028059959411621, 0.023335695266723633, 0.003696441650390625, 0.00418400764465332, 0.0037271976470947266, 0.0039904117584228516, 0.0037937164306640625, 0.0039157867431640625, 0.004675626754760742, 0.0232393741607666, 0.029078960418701172, 0.030772924423217773, 0.032028913497924805, 0.0055065155029296875, 0.02643895149230957, 0.03200125694274902, 0.005707979202270508, 0.022887468338012695, 0.006512165069580078, 0.006819248199462891, 0.021932601928710938, 0.006689310073852539, 0.006719350814819336, 0.007607936859130859, 0.007407665252685547, 0.010587215423583984, 0.009454488754272461, 0.009699344635009766, 0.007741212844848633, 0.008359909057617188, 0.007459878921508789, 0.008736848831176758, 0.010346651077270508, 0.009321928024291992, 0.011266231536865234, 0.041924238204956055, 0.011963844299316406, 0.0597376823425293, 0.04346108436584473, 0.016118526458740234, 0.04332232475280762, 0.01493692398071289, 0.05117368698120117, 0.013788938522338867, 0.01645636558532715, 0.014828205108642578, 0.011647224426269531, 0.014521121978759766, 0.01456594467163086, 0.014808416366577148, 0.02004528045654297, 0.056485891342163086, 0.02137446403503418, 0.023143768310546875, 0.01648259162902832, 0.017749786376953125, 0.01764678955078125, 0.01580071449279785, 0.016976356506347656, 0.06999945640563965, 0.02390456199645996, 0.07872557640075684, 0.05559945106506348, 0.018761873245239258, 0.060503244400024414, 0.04862809181213379, 0.033704280853271484, 0.021736860275268555, 0.02439284324645996, 0.025189638137817383, 0.026746034622192383, 0.03612160682678223, 0.03711867332458496, 0.03242611885070801, 0.03741931915283203, 0.04533696174621582, 0.0368342399597168, 0.03201150894165039, 0.02505326271057129, 0.0373995304107666, 0.028331756591796875, 0.03689932823181152, 0.024270296096801758, 0.029639482498168945, 0.03701639175415039, 0.04420661926269531, 0.029819488525390625, 0.03442549705505371, 0.07937192916870117, 0.032034873962402344, 0.02592778205871582, 0.027574777603149414, 0.10518383979797363, 0.03384089469909668, 0.026621341705322266, 0.027945756912231445, 0.07277727127075195, 0.029394149780273438, 0.09675407409667969, 0.09175968170166016, 0.12502217292785645, 0.10448336601257324, 0.09663605690002441, 0.11138582229614258, 0.10910749435424805, 0.08362126350402832, 0.1277329921722412, 0.11374354362487793, 0.10291862487792969, 0.10370826721191406, 0.1580190658569336, 0.10446381568908691, 0.1324477195739746, 0.10903310775756836, 0.11898374557495117, 0.12018060684204102, 0.11761593818664551, 0.11704516410827637, 0.10622906684875488, 0.1327071189880371, 0.13105368614196777, 0.09954547882080078, 0.05475258827209473, 0.05370926856994629, 0.11701679229736328], "t_sat_check": [9.5367431640625e-07, 5.173683166503906e-05, 5.5789947509765625e-05, 4.863739013671875e-05, 5.078315734863281e-05, 5.316734313964844e-05, 5.316734313964844e-05, 5.316734313964844e-05, 5.054473876953125e-05, 5.125999450683594e-05, 5.030632019042969e-05, 5.3882598876953125e-05, 5.340576171875e-05, 5.507469177246094e-05, 5.5789947509765625e-05, 5.364418029785156e-05, 5.602836608886719e-05, 5.555152893066406e-05, 5.650520324707031e-05, 6.29425048828125e-05, 6.461143493652344e-05, 6.365776062011719e-05, 6.937980651855469e-05, 6.341934204101562e-05, 6.699562072753906e-05, 6.818771362304688e-05, 6.747245788574219e-05, 6.365776062011719e-05, 7.605552673339844e-05, 8.249282836914062e-05, 8.535385131835938e-05, 7.557868957519531e-05, 7.891654968261719e-05, 8.463859558105469e-05, 0.00015211105346679688, 7.915496826171875e-05, 8.320808410644531e-05, 8.177757263183594e-05, 9.059906005859375e-05, 8.916854858398438e-05, 8.678436279296875e-05, 8.797645568847656e-05, 8.797645568847656e-05, 8.845329284667969e-05, 9.083747863769531e-05, 8.106231689453125e-05, 8.678436279296875e-05, 8.392333984375e-05, 8.177757263183594e-05, 8.535385131835938e-05, 8.726119995117188e-05, 8.511543273925781e-05, 8.296966552734375e-05, 8.726119995117188e-05, 8.559226989746094e-05, 8.20159912109375e-05, 8.440017700195312e-05, 8.58306884765625e-05, 8.511543273925781e-05, 8.487701416015625e-05, 8.511543273925781e-05, 8.702278137207031e-05, 8.821487426757812e-05, 9.083747863769531e-05, 9.417533874511719e-05, 8.940696716308594e-05, 9.512901306152344e-05, 9.34600830078125e-05, 8.988380432128906e-05, 9.584426879882812e-05, 9.512901306152344e-05, 9.012222290039062e-05, 9.107589721679688e-05, 9.369850158691406e-05, 9.298324584960938e-05, 9.274482727050781e-05, 9.322166442871094e-05, 9.202957153320312e-05, 9.1552734375e-05, 9.274482727050781e-05, 9.202957153320312e-05, 9.465217590332031e-05, 9.202957153320312e-05, 9.179115295410156e-05, 9.393692016601562e-05, 9.369850158691406e-05, 9.5367431640625e-05, 8.988380432128906e-05, 9.512901306152344e-05, 8.821487426757812e-05, 9.179115295410156e-05, 8.940696716308594e-05, 9.369850158691406e-05, 9.083747863769531e-05, 9.226799011230469e-05, 9.202957153320312e-05, 9.083747863769531e-05, 9.226799011230469e-05, 9.369850158691406e-05, 9.417533874511719e-05, 9.179115295410156e-05, 9.489059448242188e-05, 9.369850158691406e-05, 9.107589721679688e-05, 9.369850158691406e-05, 9.441375732421875e-05, 9.322166442871094e-05, 8.606910705566406e-05, 0.00010323524475097656, 9.083747863769531e-05, 9.34600830078125e-05, 9.608268737792969e-05, 9.584426879882812e-05, 9.298324584960938e-05, 9.1552734375e-05, 9.012222290039062e-05, 8.893013000488281e-05, 9.584426879882812e-05, 9.775161743164062e-05, 9.512901306152344e-05, 9.489059448242188e-05, 9.5367431640625e-05, 8.678436279296875e-05, 9.202957153320312e-05, 8.916854858398438e-05, 9.512901306152344e-05, 8.96453857421875e-05, 9.059906005859375e-05, 9.107589721679688e-05, 9.5367431640625e-05, 9.632110595703125e-05, 9.72747802734375e-05, 9.584426879882812e-05, 9.226799011230469e-05, 9.250640869140625e-05, 9.393692016601562e-05, 9.751319885253906e-05, 0.00010466575622558594, 9.655952453613281e-05, 9.202957153320312e-05, 9.226799011230469e-05, 9.870529174804688e-05, 9.465217590332031e-05, 8.988380432128906e-05, 9.72747802734375e-05, 9.298324584960938e-05, 9.1552734375e-05, 9.560585021972656e-05, 9.703636169433594e-05, 9.131431579589844e-05, 9.465217590332031e-05, 9.34600830078125e-05, 9.34600830078125e-05, 8.559226989746094e-05],