{"t_opt": [0.0009679794311523438, 0.00095367431640625], "t_opt_hs": [0.0006570816040039062, 0.0004515647888183594, 0.00043320655822753906], "t_non_opt": [0.0004642009735107422, 0.0021224021911621094, 0.00069427490234375], "t_grow": [0.0001404285430908203, 0.00010514259338378906, 9.465217590332031e-05, 8.749961853027344e-05, 7.510185241699219e-05, 7.82012939453125e-05, 6.771087646484375e-05, 5.91278076171875e-05, 5.459785461425781e-05, 0.00034999847412109375], "t_incr": [4.0531158447265625e-06, 3.337860107421875e-06, 3.0994415283203125e-06, 3.337860107421875e-06, 3.0994415283203125e-06, 3.337860107421875e-06, 3.337860107421875e-06, 2.86102294921875e-06, 3.337860107421875e-06, 3.5762786865234375e-06], "t_greedy": [9.441375732421875e-05, 6.0558319091796875e-05, 6.008148193359375e-05], "t_sat": [0.0003638267517089844, 0.000164031982421875, 5.507469177246094e-05, 5.2928924560546875e-05, 5.221366882324219e-05, 5.14984130859375e-05, 0.0001614093780517578, 6.270408630371094e-05, 5.626678466796875e-05, 0.00013184547424316406, 9.250640869140625e-05, 0.0003483295440673828, 0.00014638900756835938, 0.00026679039001464844, 0.0003476142883300781, 0.0003533363342285156], "tot_time": 0.3512434959411621, "steps_opt": 3, "steps_incr": 10, "stps_greedy": 179}