{"config": {"preseeding": false, "preseeding-minimal": false, "sat-polarity": true, "postpone_opt": false, "postpone_opt_incr": false, "postpone_opt_greedy": false, "subset_maximal": false, "timeout": 7200, "instance": "simple"}, "results": {"HS": [4, 2, 1], "HS_greedy": [0, 0, 0], "HS_incr": [0, 0, 0], "HS-opt-time": [0.0011448860168457031, 0.0008945465087890625, 0.0002052783966064453], "HS-postpone-time": [0, 0, 0], "SAT-time": [0.00039649009704589844, 8.487701416015625e-05, 3.218650817871094e-05], "#expl": 3, "expl_seq": [{"constraints": [4], "derived": [1]}, {"constraints": [1, 5, 6], "derived": [2]}, {"constraints": [2, 7], "derived": [-3]}], "OUS-time": [0.05297112464904785, 0.0018551349639892578, 0.0005216598510742188]}}