{"config": {"preseeding": true, "preseeding-minimal": true, "preseeding-grow": false, "preseeding-grow-maxsat": false, "sat-polarity": true, "postpone_opt": true, "postpone_opt_incr": true, "postpone_opt_greedy": false, "grow": true, "grow_sat": false, "grow_subset_maximal": false, "grow_maxsat": true, "timeout": 14400, "instance": "origin-problem", "output": "results/rq1/20201216/20201216144049094400.json"}, "results": {"HS": [162, 13, 40, 93], "HS_greedy": [0, 0, 0, 0], "HS_incr": [3872, 152, 1405, 1576], "HS-opt-time": [2722.6156594753265, 277.7876708507538, 1409.503172159195, 6375.42151594162], "HS-postpone-time": [1.1203293800354004, 0.023121118545532227, 0.31711387634277344, 0.5471255779266357], "SAT-time": [25.48210096359253, 0.7502033710479736, 9.06285285949707, 12.842591762542725], "#expl": 3, "expl_seq": [{"constraints": [1723], "derived": [5]}, {"constraints": [156, 5], "derived": [-4, -3, -2, -1]}, {"constraints": [155, 5], "derived": [-15, -20, -10, -25]}], "OUS-time": [4680.310077190399, 324.1914780139923, 2069.1106338500977, 7323.151176929474], "timeout": true}}