{"config": {"preseeding": false, "preseeding-grow": false, "sat-polarity": true, "sat-polarity-initial": false, "postpone_opt": true, "postpone_opt_incr": false, "postpone_opt_greedy": true, "grow": true, "grow_sat": false, "grow_subset_maximal": false, "grow_maxsat": true, "grow_maxsat_neg_cost": true, "grow_maxsat_pos_cost": false, "grow_maxsat_max_cost_neg": false, "grow_maxsat_unit": false, "grow_maxsat_initial": false, "grow_maxsat_actual": false, "timeout": 10800, "instance": "origin-problem", "output": "/user/brussel/101/vsc10143/holygrail/experiments/03_OMUS/02_OUS/results/effectPreseeding/2021010516/20210105162857591228.json"}, "results": {"HS": [10, 29, 4], "HS_greedy": [2834, 9532, 4578], "HS_incr": [0, 0, 0], "HS-opt-time": [182.453453540802, 4647.745997905731, 983.167412519455], "HS-postpone-time": [189.00568056106567, 2133.66788649559, 433.5669038295746], "SAT-time": [4.666800260543823, 17.03435182571411, 9.154525518417358], "grow-time": [319.53603625297546, 1164.4138112068176, 562.5584423542023], "#expl": 2, "expl_seq": [{"constraints": [1792], "derived": [-27]}, {"constraints": [1786], "derived": [-15, -14]}], "OUS-time": [699.0945427417755, 7974.988884449005, 0], "timeout": true}}