{"config": {"preseeding": false, "preseeding-grow": false, "sat-polarity": true, "sat-polarity-initial": false, "postpone_opt": false, "postpone_opt_incr": false, "postpone_opt_greedy": false, "grow": true, "grow_sat": false, "grow_subset_maximal": false, "grow_maxsat": true, "grow_maxsat_neg_cost": false, "grow_maxsat_pos_cost": false, "grow_maxsat_max_cost_neg": false, "grow_maxsat_unit": false, "grow_maxsat_initial": false, "grow_maxsat_actual": true, "timeout": 10800, "instance": "origin-problem", "output": "/user/brussel/101/vsc10143/holygrail/experiments/03_OMUS/02_OUS/results/effectPreseeding/2021010516/20210105160028251358.json"}, "results": {"HS": [41, 12, 7, 3, 3, 3, 4, 3, 2, 2, 5, 4, 2, 61, 1, 7, 3, 4, 2, 18, 8, 7, 20, 7, 6, 7, 4, 3, 30, 9, 1, 11, 25], "HS_greedy": [0, 0, 0, 0, 0, 0, 0, 0, 0, 0, 0, 0, 0, 0, 0, 0, 0, 0, 0, 0, 0, 0, 0, 0, 0, 0, 0, 0, 0, 0, 0, 0, 0], "HS_incr": [0, 0, 0, 0, 0, 0, 0, 0, 0, 0, 0, 0, 0, 0, 0, 0, 0, 0, 0, 0, 0, 0, 0, 0, 0, 0, 0, 0, 0, 0, 0, 0, 0], "HS-opt-time": [0.24080753326416016, 0.2422161102294922, 0.21097660064697266, 0.1104741096496582, 0.19569087028503418, 0.056369781494140625, 0.07189226150512695, 0.09448456764221191, 0.07294678688049316, 0.11501598358154297, 0.35772228240966797, 0.15092873573303223, 0.13516855239868164, 18.421653985977173, 0.8701894283294678, 4.928072452545166, 2.472303628921509, 0.30293846130371094, 0.1822652816772461, 11.177836418151855, 1.4164791107177734, 4.350645303726196, 15.105640411376953, 4.527016878128052, 4.831378698348999, 6.6702399253845215, 3.4806694984436035, 1.0270555019378662, 43.089662075042725, 12.695721864700317, 0.3953123092651367, 10.683907985687256, 30.46259045600891], "HS-postpone-time": [0, 0, 0, 0, 0, 0, 0, 0, 0, 0, 0, 0, 0, 0, 0, 0, 0, 0, 0, 0, 0, 0, 0, 0, 0, 0, 0, 0, 0, 0, 0, 0, 0], "SAT-time": [0.06633496284484863, 0.0200042724609375, 0.012649059295654297, 0.00476384162902832, 0.004999637603759766, 0.005352497100830078, 0.007053375244140625, 0.005197286605834961, 0.003253936767578125, 0.0036821365356445312, 0.009337186813354492, 0.007527589797973633, 0.003310680389404297, 0.1184086799621582, 0.0015392303466796875, 0.013673543930053711, 0.005504608154296875, 0.007784366607666016, 0.0033702850341796875, 0.03622174263000488, 0.01602959632873535, 0.014124870300292969, 0.03986001014709473, 0.014716863632202148, 0.012105941772460938, 0.014302253723144531, 0.007857799530029297, 0.005963563919067383, 0.06212472915649414, 0.01788616180419922, 0.0015735626220703125, 0.02315664291381836, 0.05510687828063965], "grow-time": [3.265374183654785, 11.285562992095947, 1.3464417457580566, 0.1638035774230957, 0.7522082328796387, 0.20673489570617676, 158.11823511123657, 0.15716052055358887, 0.14809274673461914, 84.0369246006012, 25.557636976242065, 0.31078362464904785, 0.24612212181091309, 3473.278265953064, 0, 194.9255712032318, 1895.5761370658875, 0.5852601528167725, 0.23353242874145508, 614.5049993991852, 1.622100830078125, 58.721848487854004, 824.5947647094727, 139.4313588142395, 182.02898836135864, 82.50085806846619, 40.649670124053955, 0.203233003616333, 1483.5645554065704, 2.994245767593384, 0, 43.88325524330139, 488.5761835575104], "#expl": 32, "expl_seq": [{"constraints": [1792], "derived": [-27]}, {"constraints": [1786], "derived": [-15, -14]}, {"constraints": [1785], "derived": [-104]}, {"constraints": [1790], "derived": [-100]}, {"constraints": [1783], "derived": [5]}, {"constraints": [161, 5], "derived": [-4, -3, -2, -1]}, {"constraints": [5, 159], "derived": [-20, -10, -25]}, {"constraints": [5, 275, -27], "derived": [-97]}, {"constraints": [5, -100, 276], "derived": [-30]}, {"constraints": [-14, 1790], "derived": [-90]}, {"constraints": [1789, -27], "derived": [-52]}, {"constraints": [272, -52, 5], "derived": [-122]}, {"constraints": [-15, 1790], "derived": [-95]}, {"constraints": [220, 276, 1790], "derived": [-40]}, {"constraints": [1786, 166, 271], "derived": [-63]}, {"constraints": [176, 1787, 277], "derived": [-140]}, {"constraints": [1792, 201, 174], "derived": [-54, -51]}, {"constraints": [272, 5, -51], "derived": [-121]}, {"constraints": [272, -54, 5], "derived": [-124]}, {"constraints": [1786, 235, 166], "derived": [-103, -108]}, {"constraints": [-95, -90, 236, -108, 281, -103, -100], "derived": [-148]}, {"constraints": [200, 278, 1791], "derived": [-145]}, {"constraints": [220, 165, 1790], "derived": [-11]}, {"constraints": [273, 1785, 238], "derived": [-59]}, {"constraints": [275, 156, 1788], "derived": [-89]}, {"constraints": [1785, 163, -124, 238], "derived": [-9]}, {"constraints": [1786, 235, -11, 166], "derived": [-113]}, {"constraints": [236, 271, -113, -108, -10, -9, -103], "derived": [-58]}, {"constraints": [1792, 209, 1789], "derived": [-72]}, {"constraints": [1792, 205, 1789], "derived": [-62]}, {"constraints": [1784, -63, -62], "derived": [-37]}, {"constraints": [1792, -37, 174, 199], "derived": [-65]}], "OUS-time": [3.618192672729492, 11.561482667922974, 1.577850341796875, 0.2822091579437256, 0.9569447040557861, 0.27227258682250977, 158.20161652565002, 0.2598702907562256, 0.22628331184387207, 84.15755295753479, 25.929940938949585, 0.4734530448913574, 0.38654160499572754, 3491.885200023651, 0.8729116916656494, 199.8750283718109, 1898.0570755004883, 0.9002172946929932, 0.4210090637207031, 625.7373385429382, 3.0627284049987793, 63.093883752822876, 839.7608494758606, 143.9802896976471, 186.8788640499115, 89.1926953792572, 44.14245319366455, 1.2393474578857422, 1526.7467687129974, 15.717018842697144, 0.39829540252685547, 54.60096526145935, 0], "timeout": true}}