{"config": {"preseeding": false, "preseeding-grow": false, "sat-polarity": true, "sat-polarity-initial": false, "postpone_opt": true, "postpone_opt_incr": false, "postpone_opt_greedy": true, "grow": true, "grow_sat": false, "grow_subset_maximal": true, "grow_maxsat": false, "grow_maxsat_neg_cost": false, "grow_maxsat_pos_cost": false, "grow_maxsat_max_cost_neg": false, "grow_maxsat_unit": false, "grow_maxsat_initial": false, "grow_maxsat_actual": false, "timeout": 10800, "instance": "origin-problem", "output": "/user/brussel/101/vsc10143/holygrail/experiments/03_OMUS/02_OUS/results/effectPreseeding/2021010516/20210105162857591204.json"}, "results": {"HS": [20, 2, 2, 1, 2, 2, 1, 2, 1, 1, 2, 5, 1, 28, 4, 3, 3, 5, 4, 1, 28, 30, 7, 1, 8, 5, 54, 1, 3], "HS_greedy": [162, 43, 62, 0, 61, 150, 0, 133, 0, 0, 237, 154, 0, 214, 201, 233, 221, 254, 223, 0, 249, 310, 291, 0, 144, 228, 354, 0, 286], "HS_incr": [0, 0, 0, 0, 0, 0, 0, 0, 0, 0, 0, 0, 0, 0, 0, 0, 0, 0, 0, 0, 0, 0, 0, 0, 0, 0, 0, 0, 0], "HS-opt-time": [3.763479709625244, 2.868130683898926, 1.193617820739746, 0.786513090133667, 4.225677251815796, 2.6350152492523193, 2.7733752727508545, 12.754184246063232, 2.585456371307373, 11.048322916030884, 17.695831298828125, 13.19854474067688, 19.778630256652832, 732.7723577022552, 128.18662285804749, 103.39781379699707, 122.50574135780334, 321.37574768066406, 32.0528769493103, 9.130103826522827, 1766.9747457504272, 1580.2448568344116, 481.89390993118286, 44.579864501953125, 521.6764605045319, 312.59417748451233, 3946.244537830353, 85.04290294647217, 331.1364789009094], "HS-postpone-time": [0.5276684761047363, 0.04146218299865723, 0.08577513694763184, 0, 0.07733726501464844, 0.4438750743865967, 0, 0.34392428398132324, 0, 0, 1.0720739364624023, 0.49808716773986816, 0, 0.9057843685150146, 0.7827363014221191, 1.056828260421753, 0.9858753681182861, 1.2000386714935303, 0.9917190074920654, 0, 1.2197091579437256, 1.8042004108428955, 1.5120656490325928, 0, 0.38164234161376953, 0.9667651653289795, 2.228332281112671, 0, 1.5241649150848389], "SAT-time": [1.3528072834014893, 0.3196859359741211, 0.47462010383605957, 0.0019998550415039062, 0.441770076751709, 1.2183506488800049, 0.0021142959594726562, 1.0886943340301514, 0.0008831024169921875, 0.0022590160369873047, 1.9620497226715088, 1.2478406429290771, 0.0009789466857910156, 1.799656629562378, 1.744105339050293, 1.9732980728149414, 1.7806978225708008, 2.1013526916503906, 1.7869694232940674, 0.0015921592712402344, 2.19854736328125, 2.7671141624450684, 2.3063478469848633, 0.0011925697326660156, 1.0890748500823975, 1.863783597946167, 3.0186829566955566, 0.0013358592987060547, 2.602118968963623], "grow-time": [1.1965363025665283, 0.2680542469024658, 0.3927023410797119, 0, 0.3640584945678711, 1.046510934829712, 0, 0.914463996887207, 0, 0, 1.6536319255828857, 1.0342204570770264, 0, 1.506622076034546, 1.477508544921875, 1.6445655822753906, 1.4537317752838135, 1.7194733619689941, 1.4376757144927979, 0, 1.828822374343872, 2.348890781402588, 1.8934829235076904, 0, 0.8760974407196045, 1.524315595626831, 2.491699695587158, 0, 2.158266067504883], "#expl": 28, "expl_seq": [{"constraints": [1786], "derived": [-15, -14]}, {"constraints": [1783], "derived": [5]}, {"constraints": [161, 5], "derived": [-4, -3, -2, -1]}, {"constraints": [5, 159], "derived": [-20, -10, -25]}, {"constraints": [1792], "derived": [-27]}, {"constraints": [5, 275, -27], "derived": [-97]}, {"constraints": [1785], "derived": [-104]}, {"constraints": [1790], "derived": [-100]}, {"constraints": [5, -100, 276], "derived": [-30]}, {"constraints": [-15, 1790], "derived": [-95]}, {"constraints": [1789, -27], "derived": [-52]}, {"constraints": [272, -52, 5], "derived": [-122]}, {"constraints": [-14, 1790], "derived": [-90]}, {"constraints": [275, 156, 1788], "derived": [-89]}, {"constraints": [220, 276, 1790], "derived": [-40]}, {"constraints": [200, 278, 1791], "derived": [-145]}, {"constraints": [220, 165, 1790], "derived": [-11]}, {"constraints": [1792, 201, 174], "derived": [-54, -51]}, {"constraints": [272, -54, 5], "derived": [-124]}, {"constraints": [272, 5, -51], "derived": [-121]}, {"constraints": [273, 1785, 238], "derived": [-59]}, {"constraints": [176, 1787, 277], "derived": [-140]}, {"constraints": [1786, 235, 166], "derived": [-103, -108]}, {"constraints": [-95, -90, 220, -108, 280, -103, -100], "derived": [-148]}, {"constraints": [1786, 166, 271], "derived": [-63]}, {"constraints": [1786, 235, -11, 166], "derived": [-113]}, {"constraints": [1785, 163, -124, 238], "derived": [-9]}, {"constraints": [236, 271, -113, -108, -10, -9, -103], "derived": [-58]}], "OUS-time": [6.111221790313721, 3.3394219875335693, 1.9164721965789795, 0.7896785736083984, 4.897536993026733, 4.695967674255371, 2.7765915393829346, 14.532079935073853, 2.588568925857544, 11.051735162734985, 21.35517168045044, 15.334508419036865, 19.78070569038391, 736.0399045944214, 131.24643421173096, 107.01947808265686, 125.821950674057, 325.3088607788086, 35.372740268707275, 9.138426303863525, 1771.0787675380707, 1585.6932277679443, 486.4263243675232, 44.58408570289612, 523.4922196865082, 316.00035977363586, 3952.3891174793243, 85.053466796875, 0], "timeout": true}}