{"config": {"preseeding": false, "preseeding-grow": false, "sat-polarity": true, "sat-polarity-initial": false, "postpone_opt": true, "postpone_opt_incr": true, "postpone_opt_greedy": false, "grow": true, "grow_sat": false, "grow_subset_maximal": false, "grow_maxsat": true, "grow_maxsat_neg_cost": true, "grow_maxsat_pos_cost": false, "grow_maxsat_max_cost_neg": false, "grow_maxsat_unit": false, "grow_maxsat_initial": false, "grow_maxsat_actual": false, "timeout": 10800, "instance": "origin-problem", "output": "/user/brussel/101/vsc10143/holygrail/experiments/03_OMUS/02_OUS/results/effectPreseeding/2021010516/20210105162857591307.json"}, "results": {"HS": [256, 1, 5, 188], "HS_greedy": [0, 0, 0, 0], "HS_incr": [8717, 0, 34, 5289], "HS-opt-time": [1342.5825643539429, 39.90117645263672, 119.34734964370728, 7464.917725563049], "HS-postpone-time": [0.7166504859924316, 0, 0.0029501914978027344, 0.4672255516052246], "SAT-time": [15.59537410736084, 0.0016100406646728516, 0.06778621673583984, 9.971341371536255], "grow-time": [1060.508339881897, 0, 4.081969261169434, 670.3531558513641], "#expl": 3, "expl_seq": [{"constraints": [1783], "derived": [5]}, {"constraints": [161, 5], "derived": [-4, -3, -2, -1]}, {"constraints": [5, 159], "derived": [-15, -20, -10, -25]}], "OUS-time": [2431.3976488113403, 39.90400052070618, 123.54806566238403, 0], "timeout": true}}