{"config": {"preseeding": true, "preseeding-minimal": false, "preseeding-grow": false, "preseeding-grow-maxsat": true, "sat-polarity": true, "postpone_opt": false, "postpone_opt_incr": false, "postpone_opt_greedy": false, "grow": true, "grow_sat": false, "grow_subset_maximal": false, "grow_maxsat": true, "timeout": 14400, "instance": "origin-problem", "output": "results/rq1_4/20201217/20201217225327830166.json"}, "results": {"HS": [312, 112, 212, 793, 160], "HS_greedy": [0, 0, 0, 0, 0], "HS_incr": [0, 0, 0, 0, 0], "HS-opt-time": [104.34176421165466, 361.360155582428, 727.7775828838348, 9820.672638654709, 2840.5498349666595], "HS-postpone-time": [0, 0, 0, 0, 0], "SAT-time": [1.7494754791259766, 0.571073055267334, 0.9401595592498779, 4.131289958953857, 0.7147448062896729], "#expl": 4, "expl_seq": [{"constraints": [1723], "derived": [5]}, {"constraints": [156, 5], "derived": [-4, -3, -1, -2]}, {"constraints": [155, 5], "derived": [-15, -20, -10, -25]}, {"constraints": [1726], "derived": [-14]}], "OUS-time": [194.4000563621521, 392.1447238922119, 789.3355088233948, 10061.996254205704, 2878.4930453300476], "timeout": true}}