{"config": {"preseeding": true, "preseeding-minimal": false, "preseeding-grow": false, "preseeding-grow-maxsat": true, "sat-polarity": true, "postpone_opt": true, "postpone_opt_incr": true, "postpone_opt_greedy": false, "grow": true, "grow_sat": false, "grow_subset_maximal": true, "grow_maxsat": false, "timeout": 14400, "instance": "simple", "output": "results/rq1_4/20201217/20201217225327830073.json"}, "results": {"HS": [2, 1, 1], "HS_greedy": [0, 0, 0], "HS_incr": [2, 0, 0], "HS-opt-time": [0.002329111099243164, 0.00043511390686035156, 0.0003795623779296875], "HS-postpone-time": [1.0967254638671875e-05, 0, 0], "SAT-time": [0.00012230873107910156, 2.1696090698242188e-05, 1.9550323486328125e-05], "#expl": 3, "expl_seq": [{"constraints": [4], "derived": [1]}, {"constraints": [1, 5, 6], "derived": [2]}, {"constraints": [2, 7], "derived": [-3]}], "OUS-time": [0.0027358531951904297, 0.0005214214324951172, 0.0004544258117675781], "timeout": false}}