{"config": {"preseeding": true, "preseeding-minimal": true, "preseeding-grow": false, "preseeding-grow-maxsat": false, "sat-polarity": true, "postpone_opt": true, "postpone_opt_incr": true, "postpone_opt_greedy": true, "grow": true, "grow_sat": false, "grow_subset_maximal": false, "grow_maxsat": true, "timeout": 14400, "instance": "frietkot", "output": "results/rq1_4/20201218/20201218171555797511.json"}, "results": {"HS": [2, 1, 2, 1], "HS_greedy": [4, 0, 7, 0], "HS_incr": [15, 0, 9, 0], "HS-opt-time": [0.0011718273162841797, 0.0015268325805664062, 0.0021209716796875, 0.0017321109771728516], "HS-postpone-time": [0.0013318061828613281, 0, 0.0012786388397216797, 0], "SAT-time": [0.0008511543273925781, 0.00010418891906738281, 0.0008327960968017578, 6.246566772460938e-05], "grow-time": [0.010023117065429688, 0, 0.007298707962036133, 0], "#expl": 4, "expl_seq": [{"constraints": [92, 95], "derived": [-85, -81]}, {"constraints": [91, 86, -81], "derived": [82]}, {"constraints": [90, 91, 82], "derived": [84]}, {"constraints": [84, 93, 95, -81], "derived": [-83]}], "OUS-time": [0.015369653701782227, 0.0017859935760498047, 0.01337122917175293, 0.0019009113311767578], "timeout": false}}