{"config": {"preseeding": true, "preseeding-minimal": true, "preseeding-grow": false, "preseeding-grow-maxsat": false, "sat-polarity": true, "postpone_opt": true, "postpone_opt_incr": true, "postpone_opt_greedy": true, "grow": true, "grow_sat": false, "grow_subset_maximal": false, "grow_maxsat": true, "timeout": 14400, "instance": "frietkot", "output": "results/rq1_4/20201218/20201218180657777854.json"}, "results": {"HS": [2, 2, 1, 1], "HS_greedy": [5, 5, 0, 0], "HS_incr": [17, 11, 0, 0], "HS-opt-time": [0.001249551773071289, 0.004477739334106445, 0.001354217529296875, 0.001611948013305664], "HS-postpone-time": [0.0009033679962158203, 0.0008642673492431641, 0, 0], "SAT-time": [0.0014612674713134766, 0.0006988048553466797, 8.368492126464844e-05, 5.173683166503906e-05], "grow-time": [0.02454376220703125, 0.007586479187011719, 0, 0], "#expl": 4, "expl_seq": [{"constraints": [72, 75], "derived": [-61, -65]}, {"constraints": [66, -61, 70], "derived": [62]}, {"constraints": [70, 62, 71], "derived": [64]}, {"constraints": [64, 73, 75, -61], "derived": [-63]}], "OUS-time": [0.029906272888183594, 0.015218257904052734, 0.0015957355499267578, 0.0017819404602050781], "timeout": false}}