{"config": {"preseeding": true, "preseeding-minimal": true, "preseeding-grow": false, "preseeding-grow-maxsat": false, "sat-polarity": true, "postpone_opt": true, "postpone_opt_incr": true, "postpone_opt_greedy": true, "grow": true, "grow_sat": false, "grow_subset_maximal": false, "grow_maxsat": true, "timeout": 14400, "instance": "frietkot", "output": "results/rq1_4/20201218/20201218180134501623.json"}, "results": {"HS": [2, 1, 2, 1], "HS_greedy": [4, 0, 7, 0], "HS_incr": [16, 0, 9, 0], "HS-opt-time": [0.0010459423065185547, 0.0009655952453613281, 0.0015361309051513672, 0.0008475780487060547], "HS-postpone-time": [0.0008897781372070312, 0, 0.0012137889862060547, 0], "SAT-time": [0.0013897418975830078, 3.218650817871094e-05, 0.0005021095275878906, 3.552436828613281e-05], "grow-time": [0.00874185562133789, 0, 0.004543304443359375, 0], "#expl": 4, "expl_seq": [{"constraints": [27, 30], "derived": [-16, -20]}, {"constraints": [-16, 26, 21], "derived": [17]}, {"constraints": [-16, 17, 26, 25], "derived": [19]}, {"constraints": [19, -20, 28, 30], "derived": [-18]}], "OUS-time": [0.013968944549560547, 0.0010898113250732422, 0.008974552154541016, 0.0009546279907226562], "timeout": false}}