{"config": {"preseeding": true, "preseeding-minimal": true, "preseeding-grow": false, "preseeding-grow-maxsat": false, "sat-polarity": true, "postpone_opt": true, "postpone_opt_incr": true, "postpone_opt_greedy": true, "grow": true, "grow_sat": false, "grow_subset_maximal": false, "grow_maxsat": true, "timeout": 14400, "instance": "frietkot", "output": "results/rq1_4/20201218/20201218180849984963.json"}, "results": {"HS": [2, 1, 2, 1], "HS_greedy": [4, 0, 7, 0], "HS_incr": [16, 0, 9, 0], "HS-opt-time": [0.0010745525360107422, 0.0009534358978271484, 0.0015285015106201172, 0.000843048095703125], "HS-postpone-time": [0.0009191036224365234, 0, 0.0010437965393066406, 0], "SAT-time": [0.0012178421020507812, 2.9325485229492188e-05, 0.0004265308380126953, 2.9802322387695312e-05], "grow-time": [0.008810758590698242, 0, 0.0044879913330078125, 0], "#expl": 4, "expl_seq": [{"constraints": [27, 30], "derived": [-16, -20]}, {"constraints": [-16, 26, 21], "derived": [17]}, {"constraints": [-16, 17, 26, 25], "derived": [19]}, {"constraints": [19, -20, 28, 30], "derived": [-18]}], "OUS-time": [0.014199495315551758, 0.0010716915130615234, 0.008622884750366211, 0.000949859619140625], "timeout": false}}