{"config": {"preseeding": true, "preseeding-minimal": true, "preseeding-grow": false, "preseeding-grow-maxsat": false, "sat-polarity": true, "postpone_opt": true, "postpone_opt_incr": true, "postpone_opt_greedy": true, "grow": true, "grow_sat": false, "grow_subset_maximal": false, "grow_maxsat": true, "timeout": 14400, "instance": "frietkot", "output": "results/rq1_4/20201218/20201218165210436538.json"}, "results": {"HS": [2, 1, 2, 1], "HS_greedy": [6, 0, 6, 0], "HS_incr": [12, 0, 6, 0], "HS-opt-time": [0.0014777183532714844, 0.0008914470672607422, 0.002195596694946289, 0.0013422966003417969], "HS-postpone-time": [0.0012836456298828125, 0, 0.0008118152618408203, 0], "SAT-time": [0.0007092952728271484, 4.7206878662109375e-05, 0.014134883880615234, 6.818771362304688e-05], "grow-time": [0.00855875015258789, 0, 0.005281686782836914, 0], "#expl": 4, "expl_seq": [{"constraints": [72, 75], "derived": [-61, -65]}, {"constraints": [66, -61], "derived": [62]}, {"constraints": [70, 62, 71], "derived": [64]}, {"constraints": [64, 73, -61, 62], "derived": [-63]}], "OUS-time": [0.013053417205810547, 0.001104116439819336, 0.023320913314819336, 0.0015125274658203125], "timeout": false}}