{"config": {"preseeding": true, "preseeding-minimal": false, "preseeding-grow": false, "preseeding-grow-maxsat": true, "sat-polarity": true, "postpone_opt": true, "postpone_opt_incr": true, "postpone_opt_greedy": true, "grow": true, "grow_sat": false, "grow_subset_maximal": false, "grow_maxsat": true, "timeout": 14400, "instance": "simple", "output": "results/rq1_4/20201218/20201218163903018729.json"}, "results": {"HS": [1, 2, 1], "HS_greedy": [0, 3, 0], "HS_incr": [0, 3, 0], "HS-opt-time": [0.0010113716125488281, 0.0021839141845703125, 0.0009570121765136719], "HS-postpone-time": [0, 0.000194549560546875, 0], "SAT-time": [8.559226989746094e-05, 0.0004928112030029297, 8.940696716308594e-05], "grow-time": [0, 0.014698505401611328, 0], "#expl": 3, "expl_seq": [{"constraints": [4], "derived": [1]}, {"constraints": [1, 5, 7], "derived": [-3]}, {"constraints": [4, 5, 6, 7], "derived": [2]}], "OUS-time": [0.0012900829315185547, 0.018418312072753906, 0.016956806182861328], "timeout": false}}