{"config": {"preseeding": true, "preseeding-minimal": true, "preseeding-grow": false, "preseeding-grow-maxsat": false, "sat-polarity": true, "postpone_opt": true, "postpone_opt_incr": false, "postpone_opt_greedy": true, "grow": true, "grow_sat": false, "grow_subset_maximal": false, "grow_maxsat": true, "timeout": 14400, "instance": "simple", "output": "results/rq1_4/20201218/20201218152140661786.json"}, "results": {"HS": [3, 1, 1], "HS_greedy": [3, 0, 0], "HS_incr": [0, 0, 0], "HS-opt-time": [0.01119542121887207, 0.0024361610412597656, 0.0024247169494628906], "HS-postpone-time": [0.00015044212341308594, 0, 0], "SAT-time": [0.0007517337799072266, 0.00011205673217773438, 8.702278137207031e-05], "grow-time": [0.008758306503295898, 0, 0], "#expl": 3, "expl_seq": [{"constraints": [4, 6], "derived": [1]}, {"constraints": [1, 5, 6], "derived": [2]}, {"constraints": [2, 7], "derived": [-3]}], "OUS-time": [0.026027679443359375, 0.0027205944061279297, 0.0026497840881347656], "timeout": false}}