{"config": {"preseeding": true, "preseeding-minimal": true, "preseeding-grow": false, "preseeding-grow-maxsat": false, "sat-polarity": true, "postpone_opt": true, "postpone_opt_incr": true, "postpone_opt_greedy": true, "grow": true, "grow_sat": false, "grow_subset_maximal": false, "grow_maxsat": true, "timeout": 14400, "instance": "simple", "output": "results/rq1_4/20201218/20201218192108499481.json"}, "results": {"HS": [2, 2, 1], "HS_greedy": [4, 5, 0], "HS_incr": [6, 7, 0], "HS-opt-time": [0.0026929378509521484, 0.001546621322631836, 0.0004723072052001953], "HS-postpone-time": [0.000347137451171875, 0.0003039836883544922, 0], "SAT-time": [0.00023937225341796875, 0.0002627372741699219, 2.1219253540039062e-05], "grow-time": [0.016488313674926758, 0.0028219223022460938, 0], "#expl": 3, "expl_seq": [{"constraints": [4], "derived": [1]}, {"constraints": [1, 5, 6], "derived": [2]}, {"constraints": [2, 7], "derived": [-3]}], "OUS-time": [0.020464658737182617, 0.005630970001220703, 0.0005855560302734375], "timeout": false}}