{"config": {"preseeding": true, "preseeding-minimal": false, "preseeding-grow": false, "preseeding-grow-maxsat": true, "sat-polarity": true, "postpone_opt": true, "postpone_opt_incr": true, "postpone_opt_greedy": false, "grow": true, "grow_sat": false, "grow_subset_maximal": false, "grow_maxsat": true, "timeout": 14400, "instance": "simple", "output": "results/rq1_4/20201218/20201218163903018827.json"}, "results": {"HS": [1, 3, 1], "HS_greedy": [0, 0, 0], "HS_incr": [0, 2, 0], "HS-opt-time": [0.001232147216796875, 0.003857851028442383, 0.0013365745544433594], "HS-postpone-time": [0, 2.2411346435546875e-05, 0], "SAT-time": [0.0043947696685791016, 0.0004665851593017578, 0.00013709068298339844], "grow-time": [0, 0.02585625648498535, 0], "#expl": 3, "expl_seq": [{"constraints": [4], "derived": [1]}, {"constraints": [1, 5, 7], "derived": [-3]}, {"constraints": [1, -3, 6], "derived": [2]}], "OUS-time": [0.04949378967285156, 0.0309298038482666, 0.0016551017761230469], "timeout": false}}