{"config": {"preseeding": true, "preseeding-minimal": false, "preseeding-grow": true, "preseeding-grow-maxsat": false, "sat-polarity": true, "postpone_opt": false, "postpone_opt_incr": false, "postpone_opt_greedy": false, "grow": false, "grow_sat": false, "grow_subset_maximal": false, "grow_maxsat": false, "timeout": 14400, "instance": "simple", "output": "results/rq1_4/20201218/20201218152140662947.json"}, "results": {"HS": [12, 24, 5], "HS_greedy": [0, 0, 0], "HS_incr": [0, 0, 0], "HS-opt-time": [0.018857955932617188, 0.26959228515625, 0.03331160545349121], "HS-postpone-time": [0, 0, 0], "SAT-time": [0.018389463424682617, 0.007428646087646484, 0.0004482269287109375], "grow-time": [2.574920654296875e-05, 4.0531158447265625e-05, 6.9141387939453125e-06], "#expl": 3, "expl_seq": [{"constraints": [4], "derived": [1]}, {"constraints": [1, 5, 6], "derived": [2]}, {"constraints": [2, 7], "derived": [-3]}], "OUS-time": [0.039070844650268555, 0.3047609329223633, 0.03442955017089844], "timeout": false}}