{"config": {"preseeding": true, "preseeding-minimal": false, "preseeding-grow": true, "preseeding-grow-maxsat": false, "sat-polarity": true, "postpone_opt": true, "postpone_opt_incr": true, "postpone_opt_greedy": true, "grow": true, "grow_sat": false, "grow_subset_maximal": false, "grow_maxsat": true, "timeout": 14400, "instance": "simple", "output": "results/rq1_4/20201218/20201218192108500082.json"}, "results": {"HS": [1, 2, 1], "HS_greedy": [0, 4, 0], "HS_incr": [0, 6, 0], "HS-opt-time": [0.001744985580444336, 0.0013530254364013672, 0.00029468536376953125], "HS-postpone-time": [0, 0.0003399848937988281, 0], "SAT-time": [1.9073486328125e-05, 0.00022220611572265625, 2.0503997802734375e-05], "grow-time": [0, 0.002374410629272461, 0], "#expl": 3, "expl_seq": [{"constraints": [4], "derived": [1]}, {"constraints": [1, 5, 6], "derived": [2]}, {"constraints": [2, 7], "derived": [-3]}], "OUS-time": [0.0019347667694091797, 0.004869937896728516, 0.00040602684020996094], "timeout": false}}