{"config": {"preseeding": true, "preseeding-minimal": false, "preseeding-grow": false, "preseeding-grow-maxsat": true, "sat-polarity": true, "postpone_opt": true, "postpone_opt_incr": true, "postpone_opt_greedy": false, "grow": true, "grow_sat": false, "grow_subset_maximal": false, "grow_maxsat": true, "timeout": 14400, "instance": "simple", "output": "results/rq1_4/20201218/20201218135224789759.json"}, "results": {"HS": [1, 3, 1], "HS_greedy": [0, 0, 0], "HS_incr": [0, 2, 0], "HS-opt-time": [0.0009236335754394531, 0.0038094520568847656, 0.0009415149688720703], "HS-postpone-time": [0, 3.910064697265625e-05, 0], "SAT-time": [5.3882598876953125e-05, 0.0006291866302490234, 0.00020933151245117188], "grow-time": [0, 0.0038099288940429688, 0], "#expl": 3, "expl_seq": [{"constraints": [4], "derived": [1]}, {"constraints": [1, 5, 7], "derived": [-3]}, {"constraints": [1, -3, 6], "derived": [2]}], "OUS-time": [0.001096963882446289, 0.008974790573120117, 0.0013375282287597656], "timeout": false}}