{"config": {"preseeding": true, "preseeding-minimal": true, "preseeding-grow": false, "preseeding-grow-maxsat": false, "sat-polarity": true, "postpone_opt": true, "postpone_opt_incr": true, "postpone_opt_greedy": false, "grow": true, "grow_sat": false, "grow_subset_maximal": false, "grow_maxsat": true, "timeout": 14400, "instance": "simple", "output": "results/rq1_4/20201218/20201218152140661589.json"}, "results": {"HS": [2, 2, 1], "HS_greedy": [0, 0, 0], "HS_incr": [2, 1, 0], "HS-opt-time": [0.0016787052154541016, 0.0024585723876953125, 0.001210927963256836], "HS-postpone-time": [2.2649765014648438e-05, 1.1444091796875e-05, 0], "SAT-time": [0.00032830238342285156, 0.00036525726318359375, 9.369850158691406e-05], "grow-time": [0.0022475719451904297, 0.037652015686035156, 0], "#expl": 3, "expl_seq": [{"constraints": [4], "derived": [1]}, {"constraints": [1, 5, 6], "derived": [2]}, {"constraints": [2, 4, 7], "derived": [-3]}], "OUS-time": [0.0047376155853271484, 0.04103708267211914, 0.0014793872833251953], "timeout": false}}