{"config": {"preseeding": true, "preseeding-minimal": true, "preseeding-grow": false, "preseeding-grow-maxsat": false, "sat-polarity": true, "postpone_opt": true, "postpone_opt_incr": true, "postpone_opt_greedy": true, "grow": true, "grow_sat": false, "grow_subset_maximal": false, "grow_maxsat": true, "timeout": 14400, "instance": "simple", "output": "results/rq1_4/20201218/20201218152140661401.json"}, "results": {"HS": [3, 1, 1], "HS_greedy": [2, 0, 0], "HS_incr": [3, 0, 0], "HS-opt-time": [0.0035240650177001953, 0.0008530616760253906, 0.0012254714965820312], "HS-postpone-time": [0.00021600723266601562, 0, 0], "SAT-time": [0.0007741451263427734, 7.653236389160156e-05, 9.34600830078125e-05], "grow-time": [0.005712032318115234, 0, 0], "#expl": 3, "expl_seq": [{"constraints": [4, 7], "derived": [1]}, {"constraints": [1, 5, 6], "derived": [2]}, {"constraints": [2, 4, 7], "derived": [-3]}], "OUS-time": [0.011671781539916992, 0.0010752677917480469, 0.0014600753784179688], "timeout": false}}