{"config": {"preseeding": true, "preseeding-minimal": true, "preseeding-grow": false, "preseeding-grow-maxsat": false, "sat-polarity": true, "postpone_opt": true, "postpone_opt_incr": true, "postpone_opt_greedy": false, "grow": true, "grow_sat": false, "grow_subset_maximal": false, "grow_maxsat": true, "timeout": 14400, "instance": "simple", "output": "results/rq1_4/20201218/20201218135224788162.json"}, "results": {"HS": [2, 2, 1], "HS_greedy": [0, 0, 0], "HS_incr": [2, 1, 0], "HS-opt-time": [0.0018291473388671875, 0.026753664016723633, 0.04217672348022461], "HS-postpone-time": [2.4318695068359375e-05, 2.765655517578125e-05, 0], "SAT-time": [0.0003085136413574219, 0.0004851818084716797, 0.00010037422180175781], "grow-time": [0.0023894309997558594, 0.02258610725402832, 0], "#expl": 3, "expl_seq": [{"constraints": [4], "derived": [1]}, {"constraints": [1, 5, 6], "derived": [2]}, {"constraints": [2, 4, 7], "derived": [-3]}], "OUS-time": [0.005097389221191406, 0.050667762756347656, 0.042661428451538086], "timeout": false}}