{"config": {"preseeding": true, "preseeding-minimal": false, "preseeding-grow": true, "preseeding-grow-maxsat": false, "sat-polarity": true, "postpone_opt": true, "postpone_opt_incr": true, "postpone_opt_greedy": false, "grow": true, "grow_sat": false, "grow_subset_maximal": false, "grow_maxsat": true, "timeout": 14400, "instance": "simple", "output": "results/rq1_4/20201218/20201218152140662503.json"}, "results": {"HS": [2, 3, 1], "HS_greedy": [0, 0, 0], "HS_incr": [1, 2, 0], "HS-opt-time": [0.008190155029296875, 0.002892732620239258, 0.0015518665313720703], "HS-postpone-time": [1.0251998901367188e-05, 2.2411346435546875e-05, 0], "SAT-time": [0.0002810955047607422, 0.0005121231079101562, 0.00014066696166992188], "grow-time": [0.0013935565948486328, 0.02570939064025879, 0], "#expl": 3, "expl_seq": [{"constraints": [4], "derived": [1]}, {"constraints": [1, 5, 6], "derived": [2]}, {"constraints": [2, 7], "derived": [-3]}], "OUS-time": [0.010295629501342773, 0.029952049255371094, 0.00196075439453125], "timeout": false}}