{"config": {"preseeding": true, "preseeding-minimal": false, "preseeding-grow": false, "preseeding-grow-maxsat": true, "sat-polarity": true, "postpone_opt": true, "postpone_opt_incr": true, "postpone_opt_greedy": false, "grow": true, "grow_sat": false, "grow_subset_maximal": false, "grow_maxsat": true, "timeout": 14400, "instance": "origin-problem", "output": "results/rq1_2/20201217/20201217151209021733.json"}, "results": {"HS": [222, 266, 146], "HS_greedy": [0, 0, 0], "HS_incr": [3224, 4713, 2458], "HS-opt-time": [646.6697392463684, 5610.227171182632, 6383.701906204224], "HS-postpone-time": [0.3335590362548828, 0.5236175060272217, 0.2586038112640381], "SAT-time": [6.158947706222534, 10.908952236175537, 6.487632513046265], "#expl": 2, "expl_seq": [{"constraints": [1726], "derived": [-15, -14]}, {"constraints": [1732], "derived": [-27]}], "OUS-time": [1153.3940000534058, 6394.786568403244, 6791.982957839966], "timeout": true}}