{"config": {"preseeding": true, "preseeding-minimal": false, "preseeding-grow": true, "preseeding-grow-maxsat": false, "sat-polarity": true, "postpone_opt": false, "postpone_opt_incr": false, "postpone_opt_greedy": false, "grow": true, "grow_sat": false, "grow_subset_maximal": true, "grow_maxsat": false, "timeout": 14400, "instance": "simple", "output": "results/rq1_2/20201217/20201217151209021612.json"}, "results": {"HS": [1, 3, 1], "HS_greedy": [0, 0, 0], "HS_incr": [0, 0, 0], "HS-opt-time": [0.2776339054107666, 0.0018649101257324219, 0.0003218650817871094], "HS-postpone-time": [0, 0, 0], "SAT-time": [3.9577484130859375e-05, 0.00013637542724609375, 2.193450927734375e-05], "#expl": 3, "expl_seq": [{"constraints": [4], "derived": [1]}, {"constraints": [1, 5, 7], "derived": [-3]}, {"constraints": [1, -3, 6], "derived": [2]}], "OUS-time": [0.36429643630981445, 0.022801637649536133, 0.00044846534729003906], "timeout": false}}