{"config": {"preseeding": false, "sat-polarity": false, "sat-polarity-initial": false, "postpone_opt": false, "postpone_opt_incr": false, "postpone_opt_greedy": false, "grow": true, "grow_sat": false, "grow_subset_maximal": false, "grow_subset_maximal_actual": true, "grow_maxsat": false, "maxsat_polarities": false, "grow_maxsat_full_pos": false, "grow_maxsat_full_inv": false, "grow_maxsat_full_unif": false, "grow_maxsat_initial_pos": false, "grow_maxsat_initial_inv": false, "grow_maxsat_initial_unif": false, "grow_maxsat_actual_pos": false, "grow_maxsat_actual_unif": false, "grow_maxsat_actual_inv": false, "timeout": 7200, "instance": "p93", "output": "/data/brussel/101/vsc10143/OUSResults/experiment6_greedy_subset_actual/2021012019/20210120193129953430.json", "reuse_SSes": true, "sort_literals": true}, "results": {"HS": [7069, 7187, 7313], "HS_greedy": [0, 0, 0], "HS_incr": [0, 0, 0], "HS-opt-time": [11.827310562133789, 13.077937364578247, 13.467924118041992], "HS-postpone-time": [0, 0, 0], "SAT-time": [32.374051570892334, 36.995256423950195, 37.41668391227722], "grow-time": [20.25313639640808, 23.01250720024109, 22.68010902404785], "#expl": 3, "expl_seq": [{"constraints": [1694], "derived": [-29]}, {"constraints": [1691], "derived": [-66]}, {"constraints": [1687], "derived": [3]}], "OUS-time": [[0.06955504417419434, 0.11752009391784668, 0.2035815715789795, 0.21043181419372559, 0.2031545639038086, 0.17322373390197754, 0.2149796485900879, 0.28746652603149414, 0.22072601318359375, 0.2045145034790039, 0.28560471534729004, 0.2046678066253662, 0.18548107147216797, 0.2070331573486328, 0.30123186111450195, 0.3591914176940918, 0.24605107307434082, 0.2759387493133545, 0.24364638328552246, 0.23540544509887695, 0.2185666561126709, 0.2312631607055664, 0.2657003402709961, 0.3155784606933594, 0.16850805282592773, 0.2170100212097168, 0.20290207862854004, 0.26525044441223145, 0.32326579093933105, 0.23331522941589355, 0.22287869453430176, 0.351865291595459, 0.34409117698669434, 0.7422728538513184, 0.3721964359283447, 0.41358208656311035, 0.2886319160461426, 0.41077351570129395, 0.5510704517364502, 0.39855027198791504, 0.35857439041137695, 0.263324499130249, 0.48502016067504883, 0.5723044872283936, 0.20490527153015137, 0.2516324520111084, 0.2071840763092041, 0.31057214736938477, 0.29882216453552246, 0.3240242004394531, 0.2339155673980713, 0.331073522567749, 0.3738226890563965, 0.2882080078125, 0.35722780227661133, 0.5841422080993652, 0.23553895950317383, 0.3455526828765869, 0.3870549201965332, 0.5155518054962158, 0.39640021324157715, 0.2675290107727051, 0.42850804328918457, 0.22866010665893555, 0.33915281295776367, 0.2912108898162842, 0.35176515579223633, 0.33049893379211426, 0.36661410331726074, 0.5712811946868896, 0.2628452777862549, 0.3888282775878906, 0.39874768257141113, 0.3325536251068115, 0.3002431392669678, 0.3553633689880371, 0.2517678737640381, 0.2942531108856201, 0.2671055793762207, 0.3126051425933838, 0.35902953147888184, 0.38152050971984863, 0.5233659744262695, 0.2752692699432373, 0.3634030818939209, 0.7940323352813721, 0.4112694263458252, 0.5452053546905518, 0.3773343563079834, 0.5440108776092529, 0.3988938331604004, 0.2961878776550293, 0.452564001083374, 0.31357908248901367, 0.3567678928375244, 0.35773229598999023, 0.4247457981109619, 0.5139021873474121, 0.2506749629974365, 0.36372923851013184, 0.36138129234313965, 0.41487550735473633, 0.3723287582397461, 0.43476033210754395, 0.45113611221313477, 0.3215456008911133, 0.5112321376800537, 0.40554046630859375, 0.3425784111022949, 0.399259090423584, 0.4429621696472168, 0.46096038818359375, 0.37035179138183594, 0.29149961471557617, 0.42882251739501953, 0.469663143157959, 0.22439360618591309, 0.3756437301635742, 0.28311824798583984, 0.33080077171325684, 0.4467940330505371, 0.30876708030700684, 0.4753530025482178, 0.31656694412231445, 0.40671801567077637, 0.39452481269836426, 0.24743914604187012, 0.38265109062194824, 0.40997767448425293, 0.2953305244445801, 0.474780797958374, 0.29065942764282227, 0.9939370155334473, 0.45340681076049805, 0.2838101387023926, 0.4409630298614502, 0.2491929531097412, 0.37857747077941895, 0.7350146770477295, 0.6774885654449463, 0.46007299423217773, 0.46391820907592773, 0.49370551109313965, 0.835641622543335, 0.5862147808074951, 0.37105393409729004, 0.33260297775268555, 0.3431081771850586, 0.6458637714385986, 0.4629786014556885], [0.2968711853027344, 0.4152355194091797, 0.2039339542388916, 0.24680614471435547, 0.3132033348083496, 0.6901364326477051, 0.43065881729125977, 0.26043033599853516, 0.1963798999786377, 0.37151217460632324, 0.5412225723266602, 0.2624082565307617, 0.24417376518249512, 0.3335912227630615, 0.2063300609588623, 0.2636222839355469, 0.1883687973022461, 0.16858315467834473, 0.31055688858032227, 0.22708702087402344, 0.4219322204589844, 0.20324087142944336, 0.17782258987426758, 0.2545278072357178, 0.24078750610351562, 0.4442758560180664, 0.26460933685302734, 0.2729988098144531, 0.27878236770629883, 0.2857687473297119, 0.22071599960327148, 0.6070306301116943, 0.41933631896972656, 0.4165670871734619, 0.335054874420166, 0.4568009376525879, 0.4537475109100342, 0.2842750549316406, 0.3602113723754883, 0.2610056400299072, 0.23735761642456055, 0.46816205978393555, 0.41125035285949707, 0.30270886421203613, 0.5429041385650635, 0.34243321418762207, 0.47885656356811523, 0.39168334007263184, 0.5572116374969482, 0.42511916160583496, 0.36868786811828613, 0.3229711055755615, 0.5629229545593262, 0.8213798999786377, 0.5430707931518555, 0.3452422618865967, 0.44106435775756836, 0.4374086856842041, 0.3979010581970215, 0.4054224491119385, 0.4200611114501953, 0.45346856117248535, 0.3884861469268799, 0.40295863151550293, 0.31235289573669434, 0.27753448486328125, 0.5685274600982666, 0.3274047374725342, 0.4283406734466553, 0.3567771911621094, 0.6558322906494141, 0.5187718868255615, 0.3900597095489502, 0.4357738494873047, 0.3511636257171631, 0.625835657119751, 1.089583396911621, 0.41572999954223633, 0.6534676551818848, 0.6301271915435791, 0.4354724884033203, 0.62032151222229, 0.5081019401550293, 0.4796624183654785, 0.6171073913574219, 0.3668673038482666, 0.39267611503601074, 0.4922487735748291, 0.33399176597595215, 0.21698594093322754, 0.3371868133544922, 0.35741496086120605, 0.3336913585662842, 0.3056774139404297, 0.26761555671691895, 0.41248250007629395, 0.4134082794189453, 0.519536018371582, 0.44118642807006836, 0.2505981922149658, 0.6797952651977539, 0.6408209800720215, 0.45823121070861816, 0.26348376274108887, 0.5570387840270996, 0.4542374610900879, 0.23081254959106445, 0.6021687984466553, 0.5012202262878418, 0.3838996887207031, 0.3810257911682129, 0.2598428726196289, 0.6707305908203125, 0.3852381706237793, 0.2804586887359619, 0.530325174331665, 0.3490121364593506, 0.17789506912231445, 0.586111307144165, 0.7694721221923828, 0.33223891258239746, 0.4186716079711914, 0.4727647304534912, 0.5331249237060547, 0.39652442932128906, 0.4094724655151367, 0.48337864875793457, 0.39023613929748535, 0.5413491725921631, 0.4066636562347412, 0.5376017093658447, 0.3380279541015625, 0.32710838317871094, 0.5701451301574707, 0.4635145664215088, 0.39186787605285645, 0.5589272975921631, 0.5704700946807861, 0.36704063415527344, 0.4631326198577881, 0.3342571258544922, 0.5970196723937988, 0.3374497890472412, 0.2839527130126953, 0.24841523170471191, 0.5814249515533447, 0.5504474639892578, 0.4476335048675537, 0.38069844245910645], [0.39620471000671387, 0.2361147403717041, 0.20333337783813477, 0.26199793815612793, 0.22476935386657715, 0.26476287841796875, 0.4010181427001953, 0.3264436721801758, 0.3529016971588135, 0.28888940811157227, 0.3014051914215088, 0.2972984313964844, 0.2961235046386719, 0.31604623794555664, 0.44973111152648926, 0.4451162815093994, 0.26680469512939453, 0.2763831615447998, 0.1960287094116211, 0.2060999870300293, 0.19940614700317383, 0.2249889373779297, 0.2224559783935547, 0.2509806156158447, 0.26076602935791016, 0.22595715522766113, 0.3374135494232178, 0.38567471504211426, 0.28995847702026367, 