{"clauses": 160, "avg_clause_len": 3, "steps": 181, "t_hitting_set": [3.5762786865234375e-06, 0.0009667873382568359, 0.0008599758148193359, 0.0008749961853027344, 0.0008804798126220703, 0.0010313987731933594, 0.0009255409240722656, 0.0010776519775390625, 0.0009522438049316406, 0.0008940696716308594, 0.0012116432189941406, 0.0012221336364746094, 0.001007080078125, 0.0009655952453613281, 0.0009469985961914062, 0.0012896060943603516, 0.0009648799896240234, 0.0009572505950927734, 0.0010039806365966797, 0.0010666847229003906, 0.0009214878082275391, 0.0009582042694091797, 0.0009491443634033203, 0.0012104511260986328, 0.0009179115295410156, 0.0009021759033203125, 0.0013015270233154297, 0.0009815692901611328, 0.0009090900421142578, 0.0009503364562988281, 0.0008168220520019531, 0.0008454322814941406, 0.000835418701171875, 0.0008068084716796875, 0.0008428096771240234, 0.0010814666748046875, 0.0012764930725097656, 0.0009701251983642578, 0.0010340213775634766, 0.0011065006256103516, 0.0009586811065673828, 0.0009205341339111328, 0.0010912418365478516, 0.0015583038330078125, 0.0010640621185302734, 0.0008988380432128906, 0.0008525848388671875, 0.0009090900421142578, 0.000865936279296875, 0.0009198188781738281, 0.0013666152954101562, 0.000919342041015625, 0.0010559558868408203, 0.0009446144104003906, 0.0013473033905029297, 0.0010089874267578125, 0.0014030933380126953, 0.001461029052734375, 0.00141143798828125, 0.0012640953063964844, 0.0014739036560058594, 0.0010061264038085938, 0.0014681816101074219, 0.0009534358978271484, 0.0010762214660644531, 0.0009467601776123047, 0.0012030601501464844, 0.0009367465972900391, 0.0012693405151367188, 0.001383066177368164, 0.0014488697052001953, 0.0010449886322021484, 0.0011990070343017578, 0.001028299331665039, 0.0014340877532958984, 0.0010042190551757812, 0.0014142990112304688, 0.0017158985137939453, 0.001218557357788086, 0.0008997917175292969, 0.0012331008911132812, 0.001283407211303711, 0.0013723373413085938, 0.0009164810180664062, 0.0010833740234375, 0.0008871555328369141, 0.0013153553009033203, 0.0010466575622558594, 0.0010464191436767578, 0.0010335445404052734, 0.0009446144104003906, 0.0012035369873046875, 0.0008947849273681641, 0.0010714530944824219, 0.0010685920715332031, 0.0010788440704345703, 0.0009481906890869141, 0.0009553432464599609, 0.0008757114410400391, 0.0009295940399169922, 0.0010309219360351562, 0.0009419918060302734, 0.0009398460388183594, 0.0009720325469970703, 0.0013811588287353516, 0.0009443759918212891, 0.001287698745727539, 0.0010843276977539062, 0.000982046127319336, 0.0010614395141601562, 0.0012302398681640625, 0.0012536048889160156, 0.0010175704956054688, 0.0008945465087890625, 0.0009429454803466797, 0.0008323192596435547, 0.0008392333984375, 0.0009098052978515625, 0.0011594295501708984, 0.0013587474822998047, 0.0009377002716064453, 0.0012767314910888672, 0.0009555816650390625, 0.0010824203491210938, 0.0010516643524169922, 0.001367807388305664, 0.0010433197021484375, 0.00115203857421875, 0.001157522201538086, 0.0009741783142089844, 0.0009431838989257812, 0.0009417533874511719, 0.0009472370147705078, 0.0009753704071044922, 0.0009276866912841797, 0.0009369850158691406, 0.0009424686431884766, 0.0013315677642822266, 0.001004934310913086, 0.0010700225830078125, 0.0009701251983642578, 0.001405954360961914, 0.001190185546875, 0.0014772415161132812, 0.0010204315185546875, 0.0010721683502197266, 0.0009162425994873047, 0.0008952617645263672, 0.0010700225830078125, 0.000972747802734375, 0.0009202957153320312, 0.0011663436889648438, 0.0010821819305419922, 0.0009877681732177734, 0.0011060237884521484, 0.0009548664093017578, 0.0011138916015625, 0.001837015151977539, 0.0010826587677001953, 0.0009274482727050781, 0.0009737014770507812, 0.000934600830078125, 0.0009970664978027344, 0.0009069442749023438, 0.0009038448333740234, 0.0014126300811767578, 0.0010826587677001953, 0.0010738372802734375, 0.0010318756103515625, 0.0010347366333007812, 0.0013523101806640625, 0.0012905597686767578, 0.0010442733764648438, 0.001407623291015625, 0.001529693603515625, 0.0009629726409912109, 0.0009484291076660156, 0.0013737678527832031, 0.0010530948638916016, 0.0010602474212646484, 0.0014607906341552734, 0.001064300537109375],