{"config": {"preseeding": true, "preseeding-minimal": true, "preseeding-grow": false, "preseeding-grow-maxsat": false, "sat-polarity": true, "postpone_opt": true, "postpone_opt_incr": false, "postpone_opt_greedy": true, "grow": true, "grow_sat": false, "grow_subset_maximal": true, "grow_maxsat": false, "timeout": 30, "instance": "simple", "output": "/user/brussel/101/vsc10143/holygrail/experiments/03_OMUS/02_OUS/results/rq1_5/2020122112/20201221122653316601.json"}, "results": {"HS": [3, 1, 1], "HS_greedy": [7, 0, 0], "HS_incr": [0, 0, 0], "HS-opt-time": [0.001859426498413086, 0.0006055831909179688, 0.00046753883361816406], "HS-postpone-time": [0.000400543212890625, 0, 0], "SAT-time": [0.0003407001495361328, 2.5033950805664062e-05, 2.3365020751953125e-05], "grow-time": [0.00017881393432617188, 0, 0], "#expl": 3, "expl_seq": [{"constraints": [4], "derived": [1]}, {"constraints": [1, 5, 6], "derived": [2]}, {"constraints": [2, 7], "derived": [-3]}], "OUS-time": [0.003499269485473633, 0.00080108642578125, 0.0006148815155029297], "timeout": false}}