{"config": {"preseeding": true, "preseeding-grow": true, "sat-polarity": false, "sat-polarity-initial": true, "postpone_opt": true, "postpone_opt_incr": true, "postpone_opt_greedy": true, "grow": true, "grow_sat": false, "grow_subset_maximal": false, "grow_maxsat": true, "grow_maxsat_neg_cost": false, "grow_maxsat_pos_cost": false, "grow_maxsat_max_cost_neg": false, "grow_maxsat_unit": false, "grow_maxsat_initial": true, "grow_maxsat_actual": false, "timeout": 10800, "instance": "origin-problem", "output": "/user/brussel/101/vsc10143/holygrail/experiments/03_OMUS/02_OUS/results/effectPreseeding/2021010519/20210105190432722702.json"}, "results": {"HS": [2, 2, 1, 2, 1, 1, 2, 1, 1, 1, 1, 1, 2, 7, 1, 1, 1, 4, 1, 1, 1, 1, 1, 1, 1, 3, 2, 3, 4, 1, 1], "HS_greedy": [19, 17, 0, 22, 0, 0, 161, 0, 0, 0, 0, 0, 139, 101, 0, 0, 0, 116, 0, 0, 0, 0, 0, 0, 0, 134, 109, 97, 87, 0, 57], "HS_incr": [159, 140, 0, 201, 0, 0, 1733, 0, 0, 0, 0, 0, 1473, 1052, 0, 0, 0, 1193, 0, 0, 0, 0, 0, 0, 0, 1543, 1154, 1030, 956, 0, 589], "HS-opt-time": [0.14496707916259766, 0.28897809982299805, 0.14895153045654297, 0.5108304023742676, 0.4925973415374756, 0.3518979549407959, 8.931326389312744, 8.35435700416565, 8.231215953826904, 9.963395118713379, 12.293493032455444, 8.302122831344604, 34.443304777145386, 358.98894119262695, 71.39991664886475, 18.93657112121582, 17.30775260925293, 164.55117201805115, 38.632405281066895, 41.82330393791199, 37.34519577026367, 8.733980655670166, 61.291574001312256, 53.886842250823975, 41.94305992126465, 147.4734857082367, 105.51636052131653, 35.35522651672363, 286.0608079433441, 23.54427933692932, 81.08910822868347], "HS-postpone-time": [0.04877614974975586, 0.042724609375, 0, 0.07290005683898926, 0, 0, 4.248771667480469, 0, 0, 0, 0, 0, 2.903484344482422, 1.5323147773742676, 0, 0, 0, 1.9580349922180176, 0, 0, 0, 0, 0, 0, 0, 2.717801094055176, 1.6792194843292236, 1.4234824180603027, 1.1037132740020752, 0, 0.448192834854126], "SAT-time": [0.24689435958862305, 0.2113947868347168, 0.0014178752899169922, 0.32341647148132324, 0.0014595985412597656, 0.0014679431915283203, 2.903651714324951, 0.0015439987182617188, 0.0016033649444580078, 0.001512765884399414, 0.001573801040649414, 0.0016088485717773438, 2.6536900997161865, 2.039802312850952, 0.0016331672668457031, 0.0016634464263916016, 0.00164794921875, 2.3118185997009277, 0.0019659996032714844, 0.0016856193542480469, 0.0016684532165527344, 0.001789093017578125, 0.0016942024230957031, 0.0021157264709472656, 0.0016851425170898438, 3.1480443477630615, 2.378575563430786, 2.0880095958709717, 1.9262957572937012, 0.001764059066772461, 1.2241568565368652], "grow-time": [20.931308031082153, 38.686076402664185, 0, 41.94311475753784, 0, 0, 1209.7139601707458, 0, 0, 0, 0, 0, 1340.2467920780182, 796.6237938404083, 0, 0, 0, 1081.910231590271, 0, 0, 0, 0, 0, 0, 0, 1663.9944334030151, 902.8417890071869, 1019.7907123565674, 633.113431930542, 0, 294.243953704834], "#expl": 30, "expl_seq": [{"constraints": [1792], "derived": [-27]}, {"constraints": [1785], "derived": [-104]}, {"constraints": [1786], "derived": [-15, -14]}, {"constraints": [1790], "derived": [-100]}, {"constraints": [1783], "derived": [5]}, {"constraints": [161, 5], "derived": [-4, -3, -1, -2]}, {"constraints": [5, 159], "derived": [-20, -10, -25]}, {"constraints": [5, 275, -27], "derived": [-97]}, {"constraints": [5, -100, 276], "derived": [-30]}, {"constraints": [-14, 1790], "derived": [-90]}, {"constraints": [1789, -27], "derived": [-52]}, {"constraints": [272, -52, 5], "derived": [-122]}, {"constraints": [-15, 1790], "derived": [-95]}, {"constraints": [275, 156, 1788], "derived": [-89]}, {"constraints": [1792, 201, 174], "derived": [-54, -51]}, {"constraints": [272, 5, -51], "derived": [-121]}, {"constraints": [272, -54, 5], "derived": [-124]}, {"constraints": [273, 1785, 238], "derived": [-59]}, {"constraints": [200, 1787, 278], "derived": [-140]}, {"constraints": [1786, 166, 271], "derived": [-63]}, {"constraints": [1786, 235, 166], "derived": [-103, -108]}, {"constraints": [-95, -90, 236, -108, 281, -103, -100], "derived": [-148]}, {"constraints": [220, 276, 1790], "derived": [-40]}, {"constraints": [200, 278, 1791], "derived": [-145]}, {"constraints": [220, 165, 1790], "derived": [-11]}, {"constraints": [1786, 235, -11, 166], "derived": [-113]}, {"constraints": [1785, 163, -124, 238], "derived": [-9]}, {"constraints": [164, -113, 273, -108, -10, -9, -103], "derived": [-58]}, {"constraints": [1792, 205, 1789], "derived": [-62]}, {"constraints": [1784, -63, -62], "derived": [-37]}], "OUS-time": [21.557566165924072, 39.39085412025452, 0.1513354778289795, 43.08218240737915, 0.4950549602508545, 0.3544886112213135, 1227.8488461971283, 8.356890201568604, 8.236568927764893, 9.969589710235596, 12.29946517944336, 8.30866527557373, 1381.9594388008118, 1160.4226336479187, 71.40575170516968, 18.94399333000183, 17.31041646003723, 1252.0907299518585, 38.63869047164917, 41.82891297340393, 37.352559089660645, 8.74092698097229, 61.2948362827301, 53.89418125152588, 41.94968223571777, 1819.0588116645813, 1013.7166318893433, 1059.8063189983368, 923.2543053627014, 23.55889081954956, 0], "timeout": true}}