{"filename": "par16-4", "exec_times": [0.162, 0.854, 3.355, 5.049, 7.738, "timeout"], "H_sizes": [2, 13, 61, 131, 238, 16224], "greedy": [1, 2, 8, 8, 12, 7], "incr": [2, 12, 49, 73, 109, 15991], "opt": [2, 2, 3, 3, 3, 1], "t_opt": [0.011012554168701172, 0.012232542037963867, 0.020949363708496094, 0.023534297943115234, 0.026171207427978516, 0.006527423858642578], "t_incr": [2.1219253540039062e-05, 0.0001277923583984375, 0.0005295276641845703, 0.0007963180541992188, 0.001251220703125, 0.35998082160949707], "t_greedy": [7.891654968261719e-05, 0.00021791458129882812, 0.002306222915649414, 0.005564212799072266, 0.01918625831604004, 3.813807487487793], "t_sat": [0.0007238388061523438, 0.003002643585205078, 0.011697530746459961, 0.01677727699279785, 0.02554941177368164, 13.475597858428955], "t_grow": [0.13740777969360352, 0.8222322463989258, 3.2637507915496826, 4.8423473834991455, 7.211691617965698, 352.04353976249695]}