{"filename": "par8-5", "exec_times": [0.041, 0.176, 0.359, 0.825, 1.277, "timeout"], "H_sizes": [2, 16, 49, 128, 247, 32924], "greedy": [1, 2, 4, 7, 12, 68], "incr": [2, 15, 34, 83, 122, 32681], "opt": [2, 2, 3, 3, 3, 1], "t_opt": [0.00429987907409668, 0.005249738693237305, 0.009812116622924805, 0.01454925537109375, 0.01879143714904785, 0.004638195037841797], "t_incr": [1.5974044799804688e-05, 0.0001437664031982422, 0.0003485679626464844, 0.0008141994476318359, 0.0011522769927978516, 0.45262885093688965], "t_greedy": [2.956390380859375e-05, 0.00023317337036132812, 0.0011949539184570312, 0.00464320182800293, 0.016373634338378906, 29.862783432006836], "t_sat": [0.0007765293121337891, 0.002362489700317383, 0.00519251823425293, 0.011664867401123047, 0.018612146377563477, 9.581549644470215], "t_grow": [0.02410602569580078, 0.1589798927307129, 0.3203582763671875, 0.7289829254150391, 1.070059061050415, 457.4940445423126]}