{"config": {"preseeding": false, "preseeding-grow": false, "sat-polarity": false, "sat-polarity-initial": true, "postpone_opt": true, "postpone_opt_incr": false, "postpone_opt_greedy": true, "grow": true, "grow_sat": false, "grow_subset_maximal": false, "grow_maxsat": true, "grow_maxsat_neg_cost": false, "grow_maxsat_pos_cost": false, "grow_maxsat_max_cost_neg": false, "grow_maxsat_unit": false, "grow_maxsat_initial": false, "grow_maxsat_actual_pos": true, "grow_maxsat_actual_unif": false, "grow_maxsat_actual_inv": false, "timeout": 7200, "instance": "origin-problem", "output": "/user/brussel/101/vsc10143/holygrail/experiments/03_OMUS/02_OUS/results/effectPreseeding/2021010723/20210107235552261275.json"}, "results": {"HS": [2, 3, 2, 8, 3, 1, 2, 2, 1, 3, 1, 2, 1, 5, 1, 2, 2, 3, 1], "HS_greedy": [42, 40, 30, 31, 38, 0, 38, 38, 0, 455, 0, 467, 0, 348, 0, 440, 415, 419, 350], "HS_incr": [0, 0, 0, 0, 0, 0, 0, 0, 0, 0, 0, 0, 0, 0, 0, 0, 0, 0, 0], "HS-opt-time": [0.01023101806640625, 0.06253957748413086, 0.07014203071594238, 0.49152612686157227, 0.15633749961853027, 0.0866539478302002, 0.1982567310333252, 0.24716854095458984, 0.12034177780151367, 1.825026273727417, 1.1970367431640625, 4.076014280319214, 4.889083385467529, 39.52140712738037, 4.080593109130859, 9.744267702102661, 30.05984592437744, 60.58155608177185, 8.033809661865234], "HS-postpone-time": [0.0330657958984375, 0.03154325485229492, 0.017953872680664062, 0.01874542236328125, 0.026492595672607422, 0, 0.026041507720947266, 0.025498628616333008, 0, 2.8701624870300293, 0, 3.0695488452911377, 0, 1.5981838703155518, 0, 2.5788986682891846, 2.2694954872131348, 2.343048334121704, 1.7457201480865479], "SAT-time": [0.0708925724029541, 0.06251049041748047, 0.04760479927062988, 0.049459218978881836, 0.06376886367797852, 0.0004482269287109375, 0.06744980812072754, 0.06270241737365723, 0.0013992786407470703, 0.8275191783905029, 0.0014524459838867188, 0.9207882881164551, 0.001432180404663086, 0.6431598663330078, 0.001508474349975586, 0.841505765914917, 0.7579081058502197, 0.8154244422912598, 0.8677096366882324], "grow-time": [3.4782004356384277, 6.094566345214844, 7.233865261077881, 12.700910568237305, 3.793497323989868, 0, 3.9018664360046387, 3.7817087173461914, 0, 721.6463053226471, 0, 834.4528696537018, 0, 577.9882447719574, 0, 1451.7957892417908, 711.0484502315521, 2071.0973954200745, 527.3935992717743], "#expl": 18, "expl_seq": [{"constraints": [1687], "derived": [5]}, {"constraints": [5, 151], "derived": [-15, -20, -10, -25]}, {"constraints": [153, 5], "derived": [-4, -3, -2, -1]}, {"constraints": [1694], "derived": [-100]}, {"constraints": [180, -100, 5], "derived": [-30]}, {"constraints": [1690], "derived": [-14]}, {"constraints": [1696], "derived": [-27]}, {"constraints": [5, 179, -27], "derived": [-97]}, {"constraints": [1689], "derived": [-104]}, {"constraints": [-15, 1694], "derived": [-95]}, {"constraints": [-27, 1693], "derived": [-52]}, {"constraints": [176, -52, 5], "derived": [-122]}, {"constraints": [-14, 1694], "derived": [-90]}, {"constraints": [1696, 161, 156], "derived": [-54, -51]}, {"constraints": [176, 5, -51], "derived": [-121]}, {"constraints": [176, -54, 5], "derived": [-124]}, {"constraints": [160, 1691, 182], "derived": [-140]}, {"constraints": [1690, 154, 167], "derived": [-103, -108]}], "OUS-time": [3.633706569671631, 6.291189670562744, 7.400126218795776, 13.29116678237915, 4.077716112136841, 0.08780765533447266, 4.230760812759399, 4.153949022293091, 0.12255239486694336, 727.6077573299408, 1.1992557048797607, 842.9885857105255, 4.891268014907837, 620.0846838951111, 4.083472013473511, 1465.37708902359, 744.5250391960144, 2135.2404181957245, 0], "timeout": true}}