{"filename": "par16-1-c", "exec_times": ["timeout"], "H_sizes": [181], "greedy": [0], "incr": [0], "opt": [181], "t_opt": [632.8962807655334], "t_incr": [0], "t_greedy": [0], "t_sat": [0.037255048751831055], "t_grow": [1.0987083911895752]}