{"clauses": 133, "avg_clause_len": 2.210526315789474, "steps": 235, "t_hitting_set": [1.1920928955078125e-06, 0.0004935264587402344, 0.0004868507385253906, 0.0004935264587402344, 0.0004868507385253906, 0.0004830360412597656, 0.00044989585876464844, 0.0005359649658203125, 0.0004420280456542969, 0.00044798851013183594, 0.0004417896270751953, 0.000431060791015625, 0.0004260540008544922, 0.00043082237243652344, 0.0004496574401855469, 0.0004417896270751953, 0.00044226646423339844, 0.00044035911560058594, 0.00044345855712890625, 0.0004546642303466797, 0.0004220008850097656, 0.00043654441833496094, 0.0004696846008300781, 0.00044918060302734375, 0.00044727325439453125, 0.0004417896270751953, 0.0004420280456542969, 0.0004127025604248047, 0.00041222572326660156, 0.0004150867462158203, 0.00040984153747558594, 0.00041222572326660156, 0.0004248619079589844, 0.0004291534423828125, 0.0004391670227050781, 0.0004436969757080078, 0.00044083595275878906, 0.0004487037658691406, 0.00045180320739746094, 0.0006122589111328125, 0.0004825592041015625, 0.00046372413635253906, 0.00047516822814941406, 0.0004966259002685547, 0.0004966259002685547, 0.0006320476531982422, 0.0006272792816162109, 0.00055694580078125, 0.0005421638488769531, 0.0006821155548095703, 0.0005528926849365234, 0.0005412101745605469, 0.0006718635559082031, 0.0005376338958740234, 0.0006716251373291016, 0.0009675025939941406, 0.0005602836608886719, 0.0010166168212890625, 0.0006363391876220703, 0.0011739730834960938, 0.0015494823455810547, 0.0017058849334716797, 0.0019326210021972656, 0.0018177032470703125, 0.001965761184692383, 0.002118825912475586, 0.0020062923431396484, 0.0019228458404541016, 0.0016016960144042969, 0.0019037723541259766, 0.0019040107727050781, 0.0015246868133544922, 0.0020329952239990234, 0.002226591110229492, 0.0019526481628417969, 0.0015747547149658203, 0.0016021728515625, 0.001405954360961914, 0.0018689632415771484, 0.0020608901977539062, 0.0020606517791748047, 0.0012660026550292969, 0.0014595985412597656, 0.0011146068572998047, 0.0011026859283447266, 0.002241373062133789, 0.0021276473999023438, 0.0018618106842041016, 0.0018925666809082031, 0.002162456512451172, 0.002131938934326172, 0.002118349075317383, 0.0021255016326904297, 0.0019199848175048828, 0.0016083717346191406, 0.002270221710205078, 0.0022954940795898438, 0.0021691322326660156, 0.0015060901641845703, 0.00170135498046875, 0.001680612564086914, 0.0022673606872558594, 0.0014643669128417969, 0.0014045238494873047, 0.002267599105834961, 0.002096414566040039, 0.002233743667602539, 0.0018701553344726562, 0.0013206005096435547, 0.0013628005981445312, 0.0012249946594238281, 0.0017962455749511719, 0.0018541812896728516, 0.001621246337890625, 0.0010919570922851562, 0.0013742446899414062, 0.0010809898376464844, 0.001070261001586914, 0.0010390281677246094, 0.0010309219360351562, 0.0010209083557128906, 0.0010411739349365234, 0.0009615421295166016, 0.0009436607360839844, 0.0010001659393310547, 0.0009429454803466797, 0.0009350776672363281, 0.0009698867797851562, 0.0009419918060302734, 0.0005950927734375, 0.0005946159362792969, 0.0009579658508300781, 0.0009586811065673828, 0.000957489013671875, 0.000985860824584961, 0.0010504722595214844, 0.001163482666015625, 0.001074075698852539, 0.0010409355163574219, 0.001552581787109375, 0.0010521411895751953, 0.0010628700256347656, 0.0011832714080810547, 0.0009610652923583984, 0.0009496212005615234, 0.0010013580322265625, 0.0009448528289794922, 0.0009410381317138672, 0.000982046127319336, 0.0009524822235107422, 0.0009372234344482422, 0.0009860992431640625, 0.0009479522705078125, 0.0009443759918212891, 0.0009722709655761719, 0.0009596347808837891, 0.000942230224609375, 0.0009653568267822266, 0.0009639263153076172, 0.0009486675262451172, 0.0007152557373046875, 0.0006699562072753906, 0.0006618499755859375, 0.0006620883941650391, 0.0006597042083740234, 0.0006592273712158203, 0.0006577968597412109, 0.0006604194641113281, 0.0006582736968994141, 0.0006608963012695312, 0.0006594657897949219, 0.00066375732421875, 0.0006639957427978516, 0.0006649494171142578, 0.000659942626953125, 0.0006592273712158203, 0.0006670951843261719, 0.0006659030914306641, 0.0006597042083740234, 0.0006659030914306641, 0.0006620883941650391, 0.0006601810455322266, 0.0006594657897949219, 0.0006697177886962891, 0.0006625652313232422, 0.0006625652313232422, 0.0009293556213378906, 0.0005736351013183594, 0.0006394386291503906, 0.0006430149078369141, 0.0006449222564697266, 0.0006406307220458984, 0.0006353855133056641, 0.0006434917449951172, 0.0006432533264160156, 0.0006444454193115234, 0.0006389617919921875, 0.0006515979766845703, 0.0006399154663085938, 0.0006451606750488281, 0.000644683837890625, 0.0006425380706787109, 0.0006444454193115234, 0.0006430149078369141, 0.0006425380706787109, 0.000644683837890625, 0.0006434917449951172, 0.0006465911865234375, 0.0006437301635742188, 0.0006394386291503906, 0.0006420612335205078, 0.0006420612335205078, 0.0005171298980712891, 0.0005054473876953125, 0.000484466552734375, 0.00048279762268066406, 0.00048160552978515625, 0.0004801750183105469, 0.0004811286926269531, 0.000484466552734375, 0.0004801750183105469, 0.0004825592041015625, 0.0004782676696777344, 0.00047278404235839844, 0.0004668235778808594, 0.00047278404235839844, 0.00047135353088378906, 0.00047397613525390625, 0.0004734992980957031, 0.0004703998565673828, 0.0004711151123046875, 0.000469207763671875, 0.00047016143798828125, 0.0004715919494628906, 0.0004773139953613281, 0.0004715919494628906],