{"filename": "hanoi4", "exec_times": ["timeout"], "H_sizes": [281], "greedy": [0], "incr": [280], "opt": [1], "t_opt": [0.0077953338623046875], "t_incr": [0.003019094467163086], "t_greedy": [0], "t_sat": [0.10789036750793457], "t_grow": [605.0391328334808]}