{"config": {"preseeding": true, "preseeding-minimal": false, "preseeding-grow": true, "preseeding-grow-maxsat": false, "sat-polarity": true, "postpone_opt": true, "postpone_opt_incr": true, "postpone_opt_greedy": true, "grow": true, "grow_sat": false, "grow_subset_maximal": false, "grow_maxsat": true, "timeout": 14400, "instance": "origin-problem", "output": "/user/brussel/101/vsc10143/holygrail/experiments/03_OMUS/02_OUS/results/rq1_5/2020122113/20201221133809032537.json"}, "results": {"HS": [120, 1], "HS_greedy": [322, 222], "HS_incr": [5015, 2761], "HS-opt-time": [1632.7225217819214, 14.652774333953857], "HS-postpone-time": [53.26071262359619, 20.84196710586548], "SAT-time": [10.91890811920166, 5.96830415725708], "grow-time": [5428.003289461136, 7198.558455467224], "#expl": 1, "expl_seq": [{"constraints": [1723], "derived": [5]}], "OUS-time": [7139.978098154068, 7187.788355112076], "timeout": true}}