{"steps": 231, "OMUS": [34, 136, 201, 268, 244, 56], "clauses": 300, "avg_clause_len": 2, "parameters": {"extension": "satlike", "output": "results/2020_05_31/Gurobi/wBF_50_300_satlike.json", "cutoff": 15, "h_inc": 3, "max_restart": 5, "s_inc": 0, "pb_restarts": 0.001, "cutoff_main": 3600, "sp": 0.01}, "clause_length": "clause_length", "t_hitting_set": [1.1920928955078125e-06, 0.0008573532104492188, 0.0009479522705078125, 0.0009548664093017578, 0.001377105712890625, 0.001374959945678711, 0.001154184341430664, 0.0013964176177978516, 0.0014562606811523438, 0.0015537738800048828, 0.0015995502471923828, 0.0016295909881591797, 0.0016891956329345703, 0.0022461414337158203, 0.0017921924591064453, 0.00173187255859375, 0.0017852783203125, 0.0022194385528564453, 0.0023834705352783203, 0.0021142959594726562, 0.0022134780883789062, 0.0022211074829101562, 0.002453327178955078, 0.002457857131958008, 0.0032646656036376953, 0.003541707992553711, 0.003943443298339844, 0.0038487911224365234, 0.0034286975860595703, 0.0035085678100585938, 0.003460407257080078, 0.0035810470581054688, 0.0044403076171875, 0.004466533660888672, 0.004179239273071289, 0.004548311233520508, 0.03430795669555664, 0.03563189506530762, 0.027545452117919922, 0.0351107120513916, 0.0351099967956543, 0.028469324111938477, 0.029375791549682617, 0.03156089782714844, 0.010750293731689453, 0.023694992065429688, 0.02366328239440918, 0.027113914489746094, 0.032358646392822266, 0.006891727447509766, 0.007039070129394531, 0.007110595703125, 0.006617546081542969, 0.006874561309814453, 0.009221553802490234, 0.008657693862915039, 0.03777766227722168, 0.038065195083618164, 0.042472124099731445, 0.009778261184692383, 0.042990922927856445, 0.047003984451293945, 0.043231964111328125, 0.04592561721801758, 0.04394984245300293, 0.009310245513916016, 0.05197286605834961, 0.04522228240966797, 0.04453253746032715, 0.0443723201751709, 0.043891191482543945, 0.04467153549194336, 0.044821739196777344, 0.03934645652770996, 0.009307146072387695, 0.011215925216674805, 0.011459112167358398, 0.046033620834350586, 0.060033559799194336, 0.01125025749206543, 0.01166534423828125, 0.011057853698730469, 0.06984353065490723, 0.0596463680267334, 0.06950044631958008, 0.06950139999389648, 0.07512855529785156, 0.07052254676818848, 0.07078695297241211, 0.05134296417236328, 0.05724740028381348, 0.049794912338256836, 0.06102490425109863, 0.07533979415893555, 0.013171195983886719, 0.01615142822265625, 0.016254901885986328, 0.05679130554199219, 0.09071636199951172, 0.09084510803222656, 0.07977724075317383, 0.0870659351348877, 0.08752560615539551, 0.08678126335144043, 0.07986307144165039, 0.07878947257995605, 0.10668230056762695, 0.09863710403442383, 0.07136940956115723, 0.10390353202819824, 0.06947851181030273, 0.07802891731262207, 0.08202910423278809, 0.07018828392028809, 0.09885501861572266, 0.07666349411010742, 0.11727452278137207, 0.0630640983581543, 0.06337499618530273, 0.0700380802154541, 0.07866573333740234, 0.10473799705505371, 0.11643743515014648, 0.11000680923461914, 0.13724660873413086, 0.12240791320800781, 0.12663960456848145, 0.13686132431030273, 0.14178991317749023, 0.13866734504699707, 0.13855552673339844, 0.13993287086486816, 0.11856293678283691, 0.10149240493774414, 0.10050249099731445, 0.12796735763549805, 0.12702488899230957, 0.1173257827758789, 0.13002753257751465, 0.12313222885131836, 0.13626909255981445, 0.12818551063537598, 0.15143537521362305, 0.12503552436828613, 0.12726092338562012, 0.11792230606079102, 0.11832737922668457, 0.1279592514038086, 0.1396350860595703, 0.11759519577026367, 0.11263823509216309, 0.13644981384277344, 0.15501093864440918, 0.12906193733215332, 0.1982734203338623, 0.13230609893798828, 0.15533661842346191, 0.15520358085632324, 0.16368865966796875, 0.1582036018371582, 0.19488763809204102, 0.16000080108642578, 0.3926100730895996, 0.33980512619018555, 0.2274494171142578, 0.1832897663116455, 0.17634868621826172, 0.19751787185668945, 0.24627184867858887, 0.240142822265625, 0.21373391151428223, 0.19023776054382324, 0.19307470321655273, 0.17333292961120605, 0.22996926307678223, 0.16779589653015137, 0.18094801902770996, 0.4747614860534668, 0.30428385734558105, 0.4220273494720459, 0.353071928024292, 0.5361454486846924, 0.4363524913787842, 0.2000894546508789, 0.3073463439941406, 0.2872180938720703, 0.2930114269256592, 0.550743579864502, 0.4631528854370117, 0.4598255157470703, 0.47988367080688477, 0.5866014957427979, 0.6386640071868896, 0.5356693267822266, 0.4807553291320801, 0.357189416885376, 0.3511824607849121, 0.5708062648773193, 0.602797269821167, 0.4027292728424072, 0.547499418258667, 0.44960546493530273, 0.6155281066894531, 0.3065211772918701, 0.6750643253326416, 0.6865918636322021, 0.572700023651123, 0.8685612678527832, 0.2901425361633301, 0.2913932800292969, 0.6247761249542236, 0.3168909549713135, 0.5878973007202148, 0.5441248416900635, 0.7860236167907715, 0.7193748950958252, 0.5671002864837646, 0.274369478225708, 0.2424178123474121, 0.2873508930206299, 0.5477488040924072, 0.5818891525268555, 0.2794678211212158, 0.4750549793243408, 0.5146808624267578, 0.4283413887023926, 0.6422057151794434, 0.44451427459716797, 0.577566385269165, 0.3583683967590332, 0.2811856269836426, 0.5162496566772461],