{"config": {"preseeding": true, "sat-polarity": false, "sat-polarity-initial": false, "postpone_opt": false, "postpone_opt_incr": false, "postpone_opt_greedy": false, "grow": true, "grow_sat": false, "grow_subset_maximal": false, "grow_maxsat": true, "maxsat_polarities": true, "grow_maxsat_full_pos": false, "grow_maxsat_full_inv": false, "grow_maxsat_full_unif": false, "grow_maxsat_initial_pos": false, "grow_maxsat_initial_inv": false, "grow_maxsat_initial_unif": false, "grow_maxsat_actual_pos": false, "grow_maxsat_actual_unif": true, "grow_maxsat_actual_inv": false, "timeout": 7200, "instance": "p25", "output": "/data/brussel/101/vsc10143/OUSResults/experiment5_qualitative/2021011611/20210116110237570683.json"}, "results": {"HS": [0, 19, 27, 1, 3, 16, 13, 3, 5, 10, 8, 8, 2, 3, 10, 9, 79, 69, 2, 1, 18, 2, 7, 10, 3, 3, 5, 1, 5, 2, 1, 1, 1, 17, 15, 4, 1, 13, 3, 1, 8, 4, 1, 1, 8, 4, 1, 1, 13, 1, 2, 4, 1, 12, 4, 3, 1, 3, 2, 1, 1, 8, 4, 8, 4, 12, 1, 2, 1, 2, 1, 6, 2, 2, 3, 1, 5, 4, 9, 3, 6, 2, 4, 6, 3, 2, 1, 2, 1, 1, 5, 9, 2, 3, 5, 5, 1, 1, 4, 5, 11, 1, 1, 4, 5, 1, 2, 2, 1, 1, 11, 1, 2, 1], "HS_greedy": [0, 0, 0, 0, 0, 0, 0, 0, 0, 0, 0, 0, 0, 0, 0, 0, 0, 0, 0, 0, 0, 0, 0, 0, 0, 0, 0, 0, 0, 0, 0, 0, 0, 0, 0, 0, 0, 0, 0, 0, 0, 0, 0, 0, 0, 0, 0, 0, 0, 0, 0, 0, 0, 0, 0, 0, 0, 0, 0, 0, 0, 0, 0, 0, 0, 0, 0, 0, 0, 0, 0, 0, 0, 0, 0, 0, 0, 0, 0, 0, 0, 0, 0, 0, 0, 0, 0, 0, 0, 0, 0, 0, 0, 0, 0, 0, 0, 0, 0, 0, 0, 0, 0, 0, 0, 0, 0, 0, 0, 0, 0, 0, 0, 0], "HS_incr": [0, 0, 0, 0, 0, 0, 0, 0, 0, 0, 0, 0, 0, 0, 0, 0, 0, 0, 0, 0, 0, 0, 0, 0, 0, 0, 0, 0, 0, 0, 0, 0, 0, 0, 0, 0, 0, 0, 0, 0, 0, 0, 0, 0, 0, 0, 0, 0, 0, 0, 0, 0, 0, 0, 0, 0, 0, 0, 0, 0, 0, 0, 0, 0, 0, 0, 0, 0, 0, 0, 0, 0, 0, 0, 0, 0, 0, 0, 0, 0, 0, 0, 0, 0, 0, 0, 0, 0, 0, 0, 0, 0, 0, 0, 0, 0, 0, 0, 0, 0, 0, 0, 0, 0, 0, 0, 0, 0, 0, 0, 0, 0, 0, 0], "HS-opt-time": [0, 0.3296942710876465, 5.583569765090942, 0.040062665939331055, 0.10642647743225098, 2.787595748901367, 3.801015853881836, 0.7530701160430908, 1.1590654850006104, 2.8133983612060547, 1.8883519172668457, 0.5052132606506348, 0.11665534973144531, 0.3350071907043457, 2.5931456089019775, 4.144732475280762, 81.69228911399841, 62.35657358169556, 0.9816358089447021, 1.1299667358398438, 31.185605764389038, 0.5505671501159668, 4.184772491455078, 23.591718435287476, 0.8714966773986816, 0.7218399047851562, 1.4361131191253662, 0.29006195068359375, 1.377359390258789, 0.7714571952819824, 0.4384784698486328, 0.38797831535339355, 0.42243528366088867, 4.666908025741577, 4.070716619491577, 1.7768545150756836, 0.4510354995727539, 4.039226770401001, 1.4285824298858643, 0.4032704830169678, 4.547152280807495, 1.2884609699249268, 0.3746657371520996, 0.38028454780578613, 4.825392484664917, 1.6124989986419678, 0.4864068031311035, 0.4405229091644287, 7.284656286239624, 0.474473237991333, 0.9037466049194336, 1.798398494720459, 0.4281949996948242, 5.6604838371276855, 2.078495740890503, 1.4937825202941895, 0.5468661785125732, 1.8522145748138428, 1.030766487121582, 0.46483850479125977, 0.504138708114624, 5.712413549423218, 2.279470920562744, 3.842993974685669, 2.2920782566070557, 7.059143304824829, 0.6172065734863281, 1.0893826484680176, 0.580155611038208, 1.0161635875701904, 0.5418491363525391, 3.2070724964141846, 1.0606780052185059, 1.0093934535980225, 1.8852295875549316, 0.6194427013397217, 3.385795831680298, 2.059178352355957, 5.0120415687561035, 1.8048059940338135, 3.538217782974243, 1.2380144596099854, 2.186842441558838, 3.276785373687744, 1.6847584247589111, 1.077279806137085, 0.6645638942718506, 1.4219200611114502, 0.6982958316802979, 0.6574265956878662, 2.9509949684143066, 4.707879543304443, 1.2454054355621338, 1.6223664283752441, 2.831214427947998, 2.775524377822876, 0.510967493057251, 0.4732351303100586, 2.00351881980896, 2.450761079788208, 5.966828346252441, 0.5855855941772461, 0.6500749588012695, 2.391749620437622, 3.2871766090393066, 0.5732264518737793, 1.1098926067352295, 1.2149653434753418, 0.533937931060791, 0.5982921123504639, 6.440798282623291, 0.45841479301452637, 0.9502668380737305, 0.45743680000305176], "HS-postpone-time": [0, 0, 0, 0, 0, 0, 0, 0, 0, 0, 0, 0, 0, 0, 0, 0, 0, 0, 0, 0, 0, 0, 0, 0, 0, 0, 0, 0, 0, 0, 0, 0, 0, 0, 0, 0, 0, 0, 0, 0, 0, 0, 0, 0, 0, 0, 0, 0, 0, 0, 0, 0, 0, 0, 0, 0, 0, 0, 0, 0, 0, 0, 0, 0, 0, 0, 0, 0, 0, 0, 0, 0, 0, 0, 0, 0, 0, 0, 0, 0, 0, 0, 0, 0, 0, 0, 0, 0, 0, 0, 0, 0, 0, 0, 0, 0, 0, 0, 0, 0, 0, 0, 0, 0, 0, 0, 0, 0, 0, 0, 0, 0, 0, 0], "SAT-time": [0.07357645034790039, 0.051952362060546875, 0.07217979431152344, 0.0015604496002197266, 0.005938053131103516, 0.04055643081665039, 0.03155779838562012, 0.006786346435546875, 0.010737180709838867, 0.024987220764160156, 0.020006179809570312, 0.019291400909423828, 0.003326892852783203, 0.006551504135131836, 0.025554895401000977, 0.024332284927368164, 0.22496747970581055, 0.1851799488067627, 0.00344085693359375, 0.0017864704132080078, 0.047112226486206055, 0.003987312316894531, 0.017041683197021484, 0.027173995971679688, 0.006429195404052734, 0.006842613220214844, 0.012279272079467773, 0.001821756362915039, 0.012532472610473633, 0.004223346710205078, 0.0006427764892578125, 0.001886606216430664, 0.0006501674652099609, 0.04757523536682129, 0.042212724685668945, 0.010106325149536133, 0.0006728172302246094, 0.03623342514038086, 0.006399631500244141, 0.001848459243774414, 0.022374629974365234, 0.010390281677246094, 0.0006906986236572266, 0.001951456069946289, 0.021517038345336914, 0.010416984558105469, 0.0006673336029052734, 0.001814126968383789, 0.03687715530395508, 0.0018846988677978516, 0.0034589767456054688, 0.010606050491333008, 0.0007107257843017578, 0.03635978698730469, 0.008843183517456055, 0.007876157760620117, 0.0006587505340576172, 0.007735252380371094, 0.0034911632537841797, 0.0019485950469970703, 0.0007445812225341797, 0.02303934097290039, 0.009748697280883789, 0.023372173309326172, 0.009853839874267578, 0.03564906120300293, 0.0006971359252929688, 0.00514531135559082, 0.0007393360137939453, 0.004433631896972656, 0.000743865966796875, 0.016948699951171875, 0.003670215606689453, 0.004311084747314453, 0.007044315338134766, 0.0019080638885498047, 0.013415098190307617, 0.011191129684448242, 0.025258779525756836, 0.008152961730957031, 0.016361713409423828, 0.004648685455322266, 0.010005474090576172, 0.016959667205810547, 0.006760358810424805, 0.004578590393066406, 0.0007197856903076172, 0.004506349563598633, 0.0007021427154541016, 0.0018885135650634766, 0.013187646865844727, 0.025751352310180664, 0.003629446029663086, 0.007879495620727539, 0.013379335403442383, 0.014114618301391602, 0.0006995201110839844, 0.0020570755004882812, 0.010171890258789062, 0.014685392379760742, 0.033669233322143555, 0.002008676528930664, 0.0007874965667724609, 0.011205673217773438, 0.014283895492553711, 0.0020296573638916016, 0.0039157867431640625, 0.004673957824707031, 0.0007879734039306641, 0.002949237823486328, 0.0329737663269043, 0.002106904983520508, 0.003843069076538086, 0.0021347999572753906],