{"execution_times": [0.062155723571777344, 0.010660409927368164, 0.009278297424316406, 0.01025390625, 0.010016918182373047, 0.008731365203857422, 0.009169340133666992, 0.010969400405883789, 0.009857892990112305, 0.010536670684814453], "MSS_sizes": [4, 11, 5, 7, 4, 3, 2, 3, 3, 3], "MSSes": [[[0, 1, 2, 4, 5, 6, 11, 15], [1, -5, -4, -3, -2]], [[0, 1, 2, 3, 4, 5, 6, 7, 8, 11, 13], [2, 4, -5, -3, -1]], [[0, 1, 2, 3, 4, 6, 7, 8, 11, 15], [2, 3, -5, -4, -1]], [[1, 2, 3, 4, 5, 6, 7, 8, 11, 13, 15], [3, -1, -5, -4, -2]], [[1, 2, 3, 4, 5, 6, 7, 8, 11], [3, -1, -5, -4, -2]], [[0, 1, 2, 3, 5, 6, 7, 8, 9, 11, 13, 15], [2, -5, -4, -3, -1]], [[1, 2, 3, 4, 5, 6, 7, 8, 11, 14], [4, -1, -5, -3, -2]], [[0, 1, 2, 3, 4, 6, 7, 8, 11, 13, 17], [2, 3, -5, -4, -1]], [[0, 1, 2, 3, 4, 5, 7, 8, 11, 13, 17], [2, 3, 4, -5, -1]], [[0, 1, 2, 3, 4, 5, 6, 7, 8, 14], [1, 4, 5, -3, -2]], [[0, 1, 2, 4, 5, 6, 11, 18], [1, -5, -4, -3, -2]], [[0, 1, 2, 3, 4, 6, 7, 8, 9, 11, 13, 15], [2, 3, -5, -4, -1]], [[0, 1, 2, 3, 4, 5, 6, 7, 8, 11], [2, 4, -5, -3, -1]], [[0, 1, 2, 3, 5, 6, 7, 8, 11, 15], [2, -5, -4, -3, -1]], [[0, 1, 2, 3, 4, 5, 6, 7, 11, 18], [1, 4, -5, -3, -2]], [[0, 1, 2, 4, 5, 6, 7, 8], [1, 5, -4, -3, -2]], [[0, 1, 2, 3, 4, 5, 6, 11, 15], [1, 3, -5, -4, -2]], [[0, 1, 2, 3, 4, 5, 6, 7, 8, 9, 11, 13], [2, 4, -5, -3, -1]], [[0, 1, 2, 3, 4, 5, 6, 7, 9, 11, 17], [1, 2, 3, 4, -5]], [[1, 2, 3, 4, 5, 6, 7, 8, 11, 13, 17], [3, -1, -5, -4, -2]], [[0, 1, 2, 3, 4, 5, 7, 8, 9, 10, 11, 13, 17], [2, 3, 4, -5, -1]], [[1, 2, 3, 4, 5, 6, 7, 8, 11], [4, -1, -5, -3, -2]], [[0, 1, 2, 3, 4, 5, 6, 7, 8, 18], [1, 4, 5, -3, -2]], [[0, 1, 2, 4, 5, 6, 11, 14], [1, -5, -4, -3, -2]], [[1, 2, 3, 4, 5, 6, 7, 8, 11, 17], [3, -1, -5, -4, -2]], [[1, 2, 4, 5, 6, 7, 8, 11, 15], [-1, -5, -4, -3, -2]], [[0, 1, 2, 4, 5, 6, 7, 8, 15], [1, 5, -4, -3, -2]], [[0, 1, 2, 3, 4, 5, 6, 7, 8], [1, 4, 5, -3, -2]], [[0, 1, 2, 3, 4, 5, 6, 7, 8, 9, 10, 11, 13], [2, 4, -5, -3, -1]], [[1, 2, 4, 5, 6, 7, 8, 11], [-1, -5, -4, -3, -2]], [[0, 1, 2, 3, 4, 5, 7, 8, 9, 11, 13, 17], [2, 3, 4, -5, -1]], [[0, 1, 2, 3, 4, 5, 6, 7, 8, 17], [1, 3, 5, -4, -2]], [[0, 1, 2, 3, 4, 5, 6, 7, 11, 14], [1, 4, -5, -3, -2]], [[0, 1, 2, 3, 4, 5, 6, 7, 11], [1, 4, -5, -3, -2]], [[0, 1, 2, 3, 4, 6, 7, 8, 11, 17], [2, 3, -5, -4, -1]], [[0, 1, 2, 3, 4, 6, 7, 8, 9, 11, 13, 17], [2, 3, -5, -4, -1]], [[1, 2, 3, 4, 5, 6, 7, 8, 11, 15], [3, -1, -5, -4, -2]], [[1, 2, 3, 4, 5, 6, 7, 8, 11, 13, 14], [4, -1, -5, -3, -2]], [[0, 1, 2, 3, 4, 5, 7, 8, 11, 17], [2, 3, 4, -5, -1]], [[0, 1, 2, 3, 4, 5, 6, 7, 8, 15], [1, 3, 5, -4, -2]], [[0, 1, 2, 3, 4, 5, 6, 11, 17], [1, 3, -5, -4, -2]], [[0, 1, 2, 3, 5, 6, 7, 8, 11, 13, 15], [2, -5, -4, -3, -1]], [[0, 1, 2, 4, 5, 6, 11], [1, -5, -4, -3, -2]], [[0, 1, 2, 3, 4, 6, 7, 8, 11, 13, 15], [2, 3, -5, -4, -1]], [[0, 1, 2, 3, 4, 5, 6, 7, 9, 10, 11, 17], [1, 2, 3, 4, -5]]], "nClauses": 14, "nWeights": 14, "optimal_steps": [1, 3, 1, 2, 1, 1, 1, 1, 1, 1], "greedy_steps": [1, 4, 1, 3, 1, 1, 1, 1, 2, 1], "incremental_steps": [4, 8, 0, 3, 0, 0, 0, 0, 1, 0], "timing.optimal": [0.0005049705505371094, 0.00025272369384765625, 0.00018906593322753906, 0.00025272369384765625, 0.000286102294921875, 0.00021886825561523438, 0.00020051002502441406, 0.00024175643920898438, 0.0002071857452392578, 0.0002593994140625, 0.00024318695068359375, 0.0002048015594482422, 0.0002720355987548828], "timing.greedy": [0.06007266044616699, 5.4836273193359375e-06, 0.0071485042572021484, 2.8133392333984375e-05, 2.2649765014648438e-05, 3.0517578125e-05, 3.504753112792969e-05, 0.00800466537475586, 3.0994415283203125e-05, 0.008083105087280273, 2.765655517578125e-05, 2.4318695068359375e-05, 2.6226043701171875e-05, 0.008691787719726562, 2.3365020751953125e-05, 0.007683992385864258, 1.9550323486328125e-05, 0.008094549179077148, 1.9311904907226562e-05, 0.009705781936645508, 2.5272369384765625e-05, 0.008498191833496094, 2.2172927856445312e-05, 2.765655517578125e-05, 0.009279251098632812, 3.075599670410156e-05], "timing.sat": [7.486343383789062e-05, 6.437301635742188e-05, 3.62396240234375e-05, 3.552436828613281e-05, 3.0279159545898438e-05, 4.4345855712890625e-05, 5.984306335449219e-05, 7.224082946777344e-05, 5.841255187988281e-05, 3.8623809814453125e-05, 3.123283386230469e-05, 5.054473876953125e-05, 7.414817810058594e-05, 3.4809112548828125e-05, 3.409385681152344e-05, 3.24249267578125e-05, 4.792213439941406e-05, 6.389617919921875e-05, 3.552436828613281e-05, 4.315376281738281e-05, 5.245208740234375e-05, 7.534027099609375e-05, 8.940696716308594e-05, 9.417533874511719e-05, 0.00011491775512695312, 8.20159912109375e-05, 7.963180541992188e-05, 9.417533874511719e-05, 3.552436828613281e-05, 5.698204040527344e-05, 6.866455078125e-05, 3.600120544433594e-05, 3.1948089599609375e-05, 4.863739013671875e-05, 6.699562072753906e-05, 6.699562072753906e-05, 9.846687316894531e-05, 7.152557373046875e-05, 7.390975952148438e-05, 5.817413330078125e-05, 6.151199340820312e-05, 7.009506225585938e-05, 8.559226989746094e-05, 7.414817810058594e-05, 6.222724914550781e-05, 8.130073547363281e-05, 6.532669067382812e-05, 6.937980651855469e-05, 5.793571472167969e-05, 3.361701965332031e-05, 4.410743713378906e-05, 8.797645568847656e-05, 5.507469177246094e-05, 8.392333984375e-05, 7.724761962890625e-05], "timing.incremental": [1.3589859008789062e-05, 5.0067901611328125e-06, 5.4836273193359375e-06, 5.0067901611328125e-06, 5.0067901611328125e-06, 4.5299530029296875e-06, 5.4836273193359375e-06, 5.7220458984375e-06, 5.245208740234375e-06, 5.0067901611328125e-06, 6.9141387939453125e-06, 8.106231689453125e-06, 5.9604644775390625e-06, 5.4836273193359375e-06, 5.0067901611328125e-06, 5.9604644775390625e-06], "timing.growMss": [0.0002193450927734375, 0.00012135505676269531, 0.00011157989501953125, 9.870529174804688e-05, 3.075599670410156e-05, 2.4080276489257812e-05, 2.0742416381835938e-05, 1.7881393432617188e-05, 0.00010132789611816406, 7.843971252441406e-05, 0.00010228157043457031, 7.772445678710938e-05, 8.58306884765625e-05, 0.00010228157043457031, 7.319450378417969e-05, 0.0002715587615966797, 8.130073547363281e-05, 3.62396240234375e-05, 3.0279159545898438e-05, 2.1696090698242188e-05, 2.002716064453125e-05, 1.7642974853515625e-05, 4.57763671875e-05, 2.5987625122070312e-05, 2.2172927856445312e-05, 3.3855438232421875e-05, 1.8358230590820312e-05, 2.7894973754882812e-05, 1.8596649169921875e-05, 1.8835067749023438e-05, 7.295608520507812e-05, 9.083747863769531e-05, 7.224082946777344e-05, 4.458427429199219e-05, 4.6253204345703125e-05, 2.2649765014648438e-05, 3.123283386230469e-05, 2.0742416381835938e-05, 2.09808349609375e-05, 2.8371810913085938e-05, 2.8133392333984375e-05, 2.0265579223632812e-05, 1.7881393432617188e-05, 3.695487976074219e-05, 3.4809112548828125e-05, 1.9073486328125e-05, 2.002716064453125e-05, 3.075599670410156e-05, 5.7697296142578125e-05, 2.0742416381835938e-05, 6.4849853515625e-05, 2.3365020751953125e-05, 3.218650817871094e-05, 2.0265579223632812e-05, 1.9788742065429688e-05, 4.744529724121094e-05, 3.814697265625e-05, 4.00543212890625e-05, 2.002716064453125e-05, 3.743171691894531e-05, 2.2172927856445312e-05, 3.504753112792969e-05, 3.361701965332031e-05, 3.8623809814453125e-05, 3.4332275390625e-05, 3.0994415283203125e-05, 2.7894973754882812e-05, 2.0265579223632812e-05, 2.1219253540039062e-05, 2.2172927856445312e-05, 0.00010228157043457031, 4.982948303222656e-05, 4.673004150390625e-05, 3.218650817871094e-05, 3.790855407714844e-05, 2.9802322387695312e-05, 2.0503997802734375e-05, 2.2172927856445312e-05]}