{"execution_times": [0.05473899841308594, 0.0063822269439697266, 0.00783395767211914, 0.007290363311767578, 0.006240129470825195, 0.005972862243652344, 0.0060367584228515625, 0.007116079330444336, 0.00628209114074707, 0.006569862365722656], "MSS_sizes": [6, 5, 4, 6, 6, 4, 1, 3, 4, 4], "MSSes": [[[1, 2, 3, 4, 5, 6, 7, 8, 11, 14], [3, -1, -5, -4, -2]], [[0, 1, 2, 4, 5, 6, 11, 15], [1, -5, -4, -3, -2]], [[0, 1, 2, 3, 4, 5, 6, 7, 8, 11, 13], [2, 4, -5, -3, -1]], [[0, 1, 2, 3, 4, 6, 7, 8, 11], [2, 3, -5, -4, -1]], [[0, 1, 2, 3, 4, 6, 7, 8, 11, 15], [2, 3, -5, -4, -1]], [[1, 2, 3, 4, 5, 6, 7, 8, 11, 13, 15], [3, -1, -5, -4, -2]], [[1, 2, 3, 4, 5, 6, 7, 8, 11], [3, -1, -5, -4, -2]], [[0, 1, 2, 3, 4, 5, 7, 8, 11, 13], [2, 3, 4, -5, -1]], [[0, 1, 2, 3, 5, 6, 7, 8, 9, 11, 13, 15], [2, -5, -4, -3, -1]], [[0, 1, 2, 3, 4, 5, 7, 8, 11], [2, 3, 4, -5, -1]], [[0, 1, 2, 3, 4, 6, 7, 8, 11, 13, 17], [2, 3, -5, -4, -1]], [[0, 1, 2, 3, 4, 5, 7, 8, 11, 13, 17], [2, 3, 4, -5, -1]], [[0, 1, 2, 3, 4, 5, 6, 7, 8, 14], [1, 4, 5, -3, -2]], [[0, 1, 2, 3, 4, 6, 7, 8, 9, 11, 13, 15], [2, 3, -5, -4, -1]], [[0, 1, 2, 3, 4, 5, 6, 7, 8, 11], [2, 4, -5, -3, -1]], [[0, 1, 3, 4, 5, 6, 7, 8], [1, 2, 3, 4, 5]], [[0, 1, 2, 3, 5, 6, 7, 8, 11, 15], [2, -5, -4, -3, -1]], [[0, 1, 2, 3, 4, 5, 6, 7, 8, 9, 11, 13], [2, 4, -5, -3, -1]], [[0, 1, 2, 3, 4, 5, 6, 7, 9, 11, 17], [1, 2, 3, 4, -5]], [[0, 1, 3, 4, 5, 6, 7, 8, 9, 17], [1, 2, 3, 4, 5]], [[1, 2, 3, 4, 5, 6, 7, 8, 11, 13, 17], [3, -1, -5, -4, -2]], [[0, 1, 2, 3, 4, 5, 7, 8, 9, 10, 11, 13, 17], [2, 3, 4, -5, -1]], [[0, 1, 2, 4, 5, 6, 11, 14], [1, -5, -4, -3, -2]], [[1, 2, 3, 4, 5, 6, 7, 8, 11, 17], [3, -1, -5, -4, -2]], [[0, 1, 3, 4, 5, 6, 7, 8, 9, 10, 17], [1, 2, 3, 4, 5]], [[0, 1, 2, 3, 4, 5, 6, 7, 8], [1, 4, 5, -3, -2]], [[0, 1, 2, 3, 4, 5, 6, 7, 8, 9, 10, 11, 13], [2, 4, -5, -3, -1]], [[0, 1, 2, 3, 4, 5, 6, 7, 11, 17], [1, 2, 3, 4, -5]], [[0, 1, 3, 4, 5, 6, 7, 8, 17], [1, 2, 3, 4, 5]], [[0, 1, 2, 3, 4, 5, 7, 8, 9, 11, 13, 17], [2, 3, 4, -5, -1]], [[0, 1, 3, 4, 5, 6, 7, 8, 18], [1, 2, 3, 4, 5]], [[0, 1, 2, 3, 4, 6, 7, 8, 11, 17], [2, 3, -5, -4, -1]], [[1, 2, 3, 4, 5, 6, 7, 8, 11, 13, 14], [3, -1, -5, -4, -2]], [[0, 1, 2, 3, 4, 6, 7, 8, 9, 11, 13, 17], [2, 3, -5, -4, -1]], [[1, 2, 3, 4, 5, 6, 7, 8, 11, 15], [3, -1, -5, -4, -2]], [[0, 1, 2, 3, 4, 5, 6, 7, 11, 18], [1, 2, 3, 4, -5]], [[0, 1, 2, 3, 4, 5, 7, 8, 11, 17], [2, 3, 4, -5, -1]], [[0, 1, 2, 3, 4, 5, 6, 7, 8, 15], [1, 3, 5, -4, -2]], [[0, 1, 2, 3, 4, 5, 6, 7, 11], [1, 2, 3, 4, -5]], [[0, 1, 2, 3, 5, 6, 7, 8, 11, 13, 15], [2, -5, -4, -3, -1]], [[0, 1, 2, 4, 5, 6, 11], [1, -5, -4, -3, -2]], [[0, 1, 2, 3, 4, 6, 7, 8, 11, 13, 15], [2, 3, -5, -4, -1]], [[0, 1, 2, 3, 4, 5, 6, 7, 9, 10, 11, 17], [1, 2, 3, 4, -5]]], "nClauses": 14, "nWeights": 14, "optimal_steps": [1, 1, 2, 2, 1, 1, 1, 1, 1, 1], "greedy_steps": [1, 1, 3, 3, 1, 1, 1, 1, 1, 1], "incremental_steps": [6, 0, 2, 3, 0, 0, 0, 0, 0, 0], "timing.optimal": [0.0002722740173339844, 0.00021266937255859375, 0.0002551078796386719, 0.00016307830810546875, 0.0001766681671142578, 0.0001285076141357422, 0.0001380443572998047, 0.0001480579376220703, 0.00020837783813476562, 0.0001773834228515625, 0.000152587890625, 0.00014257431030273438], "timing.greedy": [0.052831172943115234, 1.3828277587890625e-05, 0.005514383316040039, 2.4557113647460938e-05, 0.0061190128326416016, 1.6450881958007812e-05, 2.0265579223632812e-05, 1.9550323486328125e-05, 0.00571751594543457, 1.3113021850585938e-05, 1.8358230590820312e-05, 1.811981201171875e-05, 0.0054547786712646484, 1.5497207641601562e-05, 0.005284547805786133, 1.3828277587890625e-05, 0.0051727294921875, 1.239776611328125e-05, 0.006270647048950195, 1.5735626220703125e-05, 0.005529880523681641, 1.9073486328125e-05, 0.005736827850341797, 2.0503997802734375e-05], "timing.sat": [0.00014328956604003906, 5.650520324707031e-05, 3.504753112792969e-05, 2.6702880859375e-05, 2.5510787963867188e-05, 2.86102294921875e-05, 2.288818359375e-05, 4.100799560546875e-05, 4.7206878662109375e-05, 5.269050598144531e-05, 7.987022399902344e-05, 8.225440979003906e-05, 5.507469177246094e-05, 0.0001246929168701172, 4.267692565917969e-05, 0.00015616416931152344, 6.580352783203125e-05, 2.6226043701171875e-05, 3.5762786865234375e-05, 4.673004150390625e-05, 0.00016379356384277344, 6.914138793945312e-05, 2.9802322387695312e-05, 2.4080276489257812e-05, 3.695487976074219e-05, 5.221366882324219e-05, 2.4080276489257812e-05, 3.4809112548828125e-05, 4.673004150390625e-05, 4.8160552978515625e-05, 4.0531158447265625e-05, 4.267692565917969e-05, 5.054473876953125e-05, 4.0531158447265625e-05, 4.2438507080078125e-05, 0.00015783309936523438, 6.651878356933594e-05, 6.031990051269531e-05, 4.792213439941406e-05, 6.556510925292969e-05, 5.078315734863281e-05, 4.7206878662109375e-05, 4.220008850097656e-05, 3.981590270996094e-05, 3.7670135498046875e-05, 3.647804260253906e-05, 0.00013017654418945312], "timing.incremental": [6.67572021484375e-06, 5.4836273193359375e-06, 4.0531158447265625e-06, 3.814697265625e-06, 3.814697265625e-06, 4.0531158447265625e-06, 5.9604644775390625e-06, 4.76837158203125e-06, 6.9141387939453125e-06, 5.0067901611328125e-06, 4.5299530029296875e-06], "timing.growMss": [0.000179290771484375, 0.00011014938354492188, 9.179115295410156e-05, 7.295608520507812e-05, 6.127357482910156e-05, 5.221366882324219e-05, 3.504753112792969e-05, 1.8358230590820312e-05, 1.52587890625e-05, 2.47955322265625e-05, 2.2172927856445312e-05, 1.5497207641601562e-05, 5.555152893066406e-05, 2.193450927734375e-05, 1.5974044799804688e-05, 1.2874603271484375e-05, 5.888938903808594e-05, 8.654594421386719e-05, 4.2438507080078125e-05, 1.9788742065429688e-05, 2.2411346435546875e-05, 1.33514404296875e-05, 1.239776611328125e-05, 5.3882598876953125e-05, 5.4836273193359375e-05, 5.9604644775390625e-05, 3.695487976074219e-05, 1.8835067749023438e-05, 2.7894973754882812e-05, 1.5020370483398438e-05, 1.5020370483398438e-05, 2.0503997802734375e-05, 2.1696090698242188e-05, 2.0503997802734375e-05, 1.2874603271484375e-05, 3.409385681152344e-05, 1.8835067749023438e-05, 1.239776611328125e-05, 1.33514404296875e-05, 1.3589859008789062e-05, 2.0265579223632812e-05, 1.8596649169921875e-05, 4.172325134277344e-05, 2.7894973754882812e-05, 1.239776611328125e-05, 1.430511474609375e-05, 5.3882598876953125e-05, 2.09808349609375e-05, 1.9788742065429688e-05, 2.5033950805664062e-05, 2.4080276489257812e-05, 1.4543533325195312e-05, 3.910064697265625e-05, 1.9073486328125e-05, 1.9550323486328125e-05, 1.9073486328125e-05, 1.7642974853515625e-05, 1.9788742065429688e-05, 2.002716064453125e-05, 3.838539123535156e-05, 2.0503997802734375e-05, 2.4557113647460938e-05, 1.9550323486328125e-05, 3.0994415283203125e-05, 2.0265579223632812e-05, 2.002716064453125e-05]}