{"execution_times": [0.053682804107666016, 0.006856679916381836, 0.006700038909912109, 0.00623631477355957, 0.007009267807006836, 0.006733894348144531, 0.005833864212036133, 0.006575107574462891, 0.00657200813293457, 0.007738590240478516], "MSS_sizes": [6, 8, 6, 4, 6, 1, 4, 5, 3, 4], "MSSes": [[[1, 2, 3, 4, 5, 6, 7, 8, 11, 14], [3, -1, -5, -4, -2]], [[0, 1, 2, 4, 5, 6, 11, 15], [1, -5, -4, -3, -2]], [[0, 1, 2, 3, 4, 5, 6, 7, 8, 11, 13], [2, 4, -5, -3, -1]], [[0, 1, 2, 3, 4, 6, 7, 8, 11], [2, 3, -5, -4, -1]], [[0, 1, 2, 3, 4, 6, 7, 8, 11, 15], [2, 3, -5, -4, -1]], [[1, 2, 3, 4, 5, 6, 7, 8, 11, 13, 15], [3, -1, -5, -4, -2]], [[1, 2, 3, 4, 5, 6, 7, 8, 11], [3, -1, -5, -4, -2]], [[0, 1, 2, 3, 5, 6, 7, 8, 9, 11, 13, 15], [2, -5, -4, -3, -1]], [[0, 1, 2, 3, 4, 5, 7, 8, 11], [2, 3, 4, -5, -1]], [[0, 1, 2, 3, 4, 6, 7, 8, 11, 13, 17], [2, 3, -5, -4, -1]], [[0, 1, 2, 3, 4, 5, 7, 8, 11, 13, 17], [2, 3, 4, -5, -1]], [[0, 1, 2, 3, 5, 6, 7, 8, 15], [1, 2, 5, -4, -3]], [[0, 1, 2, 4, 5, 6, 11, 18], [1, -5, -4, -3, -2]], [[0, 1, 2, 3, 4, 6, 7, 8, 9, 11, 13, 15], [2, 3, -5, -4, -1]], [[0, 1, 2, 3, 4, 5, 6, 7, 8, 11], [2, 4, -5, -3, -1]], [[0, 1, 3, 4, 5, 6, 7, 8], [1, 2, 3, 4, 5]], [[0, 1, 2, 3, 5, 6, 7, 8, 11, 15], [2, -5, -4, -3, -1]], [[0, 1, 2, 4, 5, 6, 7, 8], [1, 5, -4, -3, -2]], [[0, 1, 2, 3, 4, 5, 6, 7, 8, 9, 11, 13], [2, 4, -5, -3, -1]], [[0, 1, 2, 3, 4, 5, 6, 7, 9, 11, 17], [1, 2, 3, 4, -5]], [[0, 1, 2, 3, 5, 6, 7, 8, 9, 15], [1, 2, 5, -4, -3]], [[0, 1, 2, 4, 5, 6, 7, 8, 18], [1, 5, -4, -3, -2]], [[0, 1, 2, 3, 5, 6, 7, 8], [1, 2, 5, -4, -3]], [[0, 1, 3, 4, 5, 6, 7, 8, 9, 17], [1, 2, 3, 4, 5]], [[1, 2, 3, 4, 5, 6, 7, 8, 11, 13, 17], [3, -1, -5, -4, -2]], [[0, 1, 2, 4, 5, 6, 7, 8, 14], [1, 5, -4, -3, -2]], [[0, 1, 2, 3, 4, 5, 7, 8, 9, 10, 11, 13, 17], [2, 3, 4, -5, -1]], [[0, 1, 2, 4, 5, 6, 11, 14], [1, -5, -4, -3, -2]], [[1, 2, 3, 4, 5, 6, 7, 8, 11, 17], [3, -1, -5, -4, -2]], [[0, 1, 2, 3, 5, 6, 7, 8, 18], [1, 2, 5, -4, -3]], [[0, 1, 3, 4, 5, 6, 7, 8, 9, 10, 17], [1, 2, 3, 4, 5]], [[0, 1, 2, 4, 5, 6, 7, 8, 15], [1, 5, -4, -3, -2]], [[0, 1, 2, 3, 4, 5, 6, 7, 8, 9, 10, 11, 13], [2, 4, -5, -3, -1]], [[0, 1, 2, 3, 4, 5, 6, 7, 11, 17], [1, 2, 3, 4, -5]], [[0, 1, 3, 4, 5, 6, 7, 8, 17], [1, 2, 3, 4, 5]], [[0, 1, 2, 3, 4, 5, 7, 8, 9, 11, 13, 17], [2, 3, 4, -5, -1]], [[0, 1, 2, 3, 4, 6, 7, 8, 11, 17], [2, 3, -5, -4, -1]], [[1, 2, 3, 4, 5, 6, 7, 8, 11, 13, 14], [3, -1, -5, -4, -2]], [[0, 1, 2, 3, 4, 6, 7, 8, 9, 11, 13, 17], [2, 3, -5, -4, -1]], [[1, 2, 3, 4, 5, 6, 7, 8, 11, 15], [3, -1, -5, -4, -2]], [[0, 1, 2, 3, 4, 5, 7, 8, 11, 17], [2, 3, 4, -5, -1]], [[0, 1, 2, 3, 5, 6, 7, 11, 18], [1, 2, -5, -4, -3]], [[0, 1, 2, 3, 4, 5, 6, 7, 11], [1, 2, 3, 4, -5]], [[0, 1, 2, 3, 5, 6, 7, 8, 11, 13, 15], [2, -5, -4, -3, -1]], [[0, 1, 2, 4, 5, 6, 11], [1, -5, -4, -3, -2]], [[0, 1, 2, 3, 4, 6, 7, 8, 11, 13, 15], [2, 3, -5, -4, -1]], [[0, 1, 2, 3, 4, 5, 6, 7, 9, 10, 11, 17], [1, 2, 3, 4, -5]]], "nClauses": 14, "nWeights": 14, "optimal_steps": [1, 2, 1, 1, 1, 1, 1, 1, 1, 1], "greedy_steps": [1, 3, 2, 1, 1, 1, 1, 1, 1, 1], "incremental_steps": [6, 3, 2, 0, 0, 0, 0, 0, 0, 0], "timing.optimal": [0.00034809112548828125, 0.00013589859008789062, 0.00015115737915039062, 0.00023555755615234375, 0.00018668174743652344, 0.00026798248291015625, 0.0001842975616455078, 0.00014019012451171875, 0.00017523765563964844, 0.00019359588623046875, 0.00019168853759765625], "timing.greedy": [0.05177044868469238, 1.430511474609375e-05, 0.0054624080657958984, 1.9311904907226562e-05, 1.6689300537109375e-05, 2.2172927856445312e-05, 0.005548954010009766, 2.002716064453125e-05, 2.4318695068359375e-05, 0.005320072174072266, 3.0517578125e-05, 0.005875825881958008, 1.9311904907226562e-05, 0.0059626102447509766, 1.4066696166992188e-05, 0.005129098892211914, 1.3113021850585938e-05, 0.00574183464050293, 1.9788742065429688e-05, 0.005639314651489258, 2.09808349609375e-05, 0.006754875183105469, 2.3365020751953125e-05], "timing.sat": [6.008148193359375e-05, 5.316734313964844e-05, 2.765655517578125e-05, 2.6941299438476562e-05, 2.5987625122070312e-05, 2.86102294921875e-05, 2.3603439331054688e-05, 4.172325134277344e-05, 4.935264587402344e-05, 5.316734313964844e-05, 5.340576171875e-05, 2.6941299438476562e-05, 3.6716461181640625e-05, 4.410743713378906e-05, 2.7894973754882812e-05, 2.2649765014648438e-05, 3.4809112548828125e-05, 4.506111145019531e-05, 5.14984130859375e-05, 7.462501525878906e-05, 2.8848648071289062e-05, 2.3603439331054688e-05, 3.552436828613281e-05, 4.887580871582031e-05, 5.316734313964844e-05, 5.91278076171875e-05, 5.53131103515625e-05, 4.7206878662109375e-05, 9.083747863769531e-05, 7.224082946777344e-05, 5.91278076171875e-05, 5.793571472167969e-05, 4.863739013671875e-05, 4.9114227294921875e-05, 3.9577484130859375e-05, 4.076957702636719e-05, 3.814697265625e-05, 6.222724914550781e-05, 4.887580871582031e-05, 4.76837158203125e-05, 6.651878356933594e-05, 5.3882598876953125e-05, 4.0531158447265625e-05, 6.985664367675781e-05, 5.507469177246094e-05], "timing.incremental": [7.152557373046875e-06, 4.0531158447265625e-06, 4.0531158447265625e-06, 3.5762786865234375e-06, 3.814697265625e-06, 4.291534423828125e-06, 4.0531158447265625e-06, 4.291534423828125e-06, 4.0531158447265625e-06, 4.76837158203125e-06, 4.291534423828125e-06], "timing.growMss": [0.00018024444580078125, 0.00011754035949707031, 9.059906005859375e-05, 7.414817810058594e-05, 6.270408630371094e-05, 5.364418029785156e-05, 2.574920654296875e-05, 2.6941299438476562e-05, 2.2649765014648438e-05, 1.5020370483398438e-05, 1.5020370483398438e-05, 1.4543533325195312e-05, 5.054473876953125e-05, 6.270408630371094e-05, 5.1975250244140625e-05, 3.409385681152344e-05, 3.3855438232421875e-05, 1.5497207641601562e-05, 2.3603439331054688e-05, 1.2636184692382812e-05, 6.580352783203125e-05, 5.1975250244140625e-05, 4.267692565917969e-05, 2.4557113647460938e-05, 1.6689300537109375e-05, 1.4543533325195312e-05, 2.193450927734375e-05, 1.430511474609375e-05, 1.5020370483398438e-05, 1.33514404296875e-05, 1.1444091796875e-05, 5.364418029785156e-05, 2.1457672119140625e-05, 1.9073486328125e-05, 3.0517578125e-05, 1.6927719116210938e-05, 1.4066696166992188e-05, 1.7642974853515625e-05, 4.482269287109375e-05, 1.8835067749023438e-05, 4.100799560546875e-05, 2.9087066650390625e-05, 1.8835067749023438e-05, 1.2874603271484375e-05, 1.4781951904296875e-05, 3.5762786865234375e-05, 1.811981201171875e-05, 2.4080276489257812e-05, 1.2159347534179688e-05, 1.3828277587890625e-05, 1.9788742065429688e-05, 2.002716064453125e-05, 4.792213439941406e-05, 2.002716064453125e-05, 1.9550323486328125e-05, 1.9073486328125e-05, 1.811981201171875e-05, 1.9550323486328125e-05, 2.0503997802734375e-05, 5.555152893066406e-05, 2.0265579223632812e-05, 2.0503997802734375e-05, 2.6464462280273438e-05, 2.3126602172851562e-05, 2.47955322265625e-05, 1.4781951904296875e-05, 7.915496826171875e-05, 2.384185791015625e-05, 2.6226043701171875e-05, 2.0265579223632812e-05, 2.4557113647460938e-05, 2.002716064453125e-05, 2.1219253540039062e-05]}