{"execution_times": [0.06365513801574707, 0.008800268173217773, 0.00985264778137207, 0.009587764739990234, 0.009810924530029297, 0.009775876998901367, 0.009287834167480469, 0.01078176498413086, 0.010540008544921875, 0.01103353500366211], "MSS_sizes": [7, 5, 6, 4, 4, 3, 3, 5, 5, 3], "MSSes": [[[1, 2, 3, 4, 5, 6, 7, 8, 11, 14], [3, -1, -5, -4, -2]], [[0, 1, 2, 3, 4, 6, 7, 8, 15], [1, 2, 3, 5, -4]], [[0, 1, 2, 3, 4, 6, 7, 8, 11], [2, 3, -5, -4, -1]], [[0, 1, 2, 3, 4, 5, 6, 7, 8, 14], [1, 3, 5, -4, -2]], [[0, 1, 2, 3, 4, 6, 7, 8, 11, 15], [2, 3, -5, -4, -1]], [[0, 1, 2, 3, 4, 5, 7, 8, 9, 11, 13], [2, 3, 4, -5, -1]], [[1, 2, 3, 4, 5, 6, 7, 8, 11, 13, 15], [3, -1, -5, -4, -2]], [[0, 1, 2, 3, 4, 5, 7, 8, 11, 13], [2, 3, 4, -5, -1]], [[0, 1, 2, 3, 4, 6, 7, 8, 11, 13], [2, 3, -5, -4, -1]], [[0, 1, 2, 3, 4, 5, 7, 8, 11], [2, 3, 4, -5, -1]], [[0, 1, 2, 3, 4, 6, 7, 8, 11, 13, 17], [2, 3, -5, -4, -1]], [[0, 1, 2, 3, 4, 5, 7, 8, 11, 13, 17], [2, 3, 4, -5, -1]], [[0, 1, 2, 3, 5, 6, 7, 8, 9, 11, 13, 15], [2, -5, -4, -3, -1]], [[0, 1, 2, 3, 4, 6, 7, 8], [1, 2, 3, 5, -4]], [[0, 1, 2, 3, 4, 6, 7, 8, 9, 11, 13, 15], [2, 3, -5, -4, -1]], [[0, 1, 2, 3, 5, 6, 7, 8, 11, 15], [2, -5, -4, -3, -1]], [[0, 1, 2, 3, 4, 5, 6, 11, 15], [1, 3, -5, -4, -2]], [[0, 1, 2, 3, 5, 6, 7, 8, 11], [2, -5, -4, -3, -1]], [[0, 1, 2, 3, 4, 5, 6, 7, 9, 11, 17], [1, 2, 3, 4, -5]], [[0, 1, 2, 3, 5, 6, 7, 8, 9, 11, 13], [2, -5, -4, -3, -1]], [[1, 2, 3, 4, 5, 6, 7, 8, 11, 13, 17], [3, -1, -5, -4, -2]], [[0, 1, 2, 3, 4, 5, 6, 7, 8, 18], [1, 3, 5, -4, -2]], [[0, 1, 2, 3, 4, 5, 6, 11, 18], [1, 3, -5, -4, -2]], [[0, 1, 2, 3, 5, 6, 7, 8, 11, 13], [2, -5, -4, -3, -1]], [[0, 1, 2, 3, 4, 5, 7, 8, 9, 10, 11, 13, 17], [2, 3, 4, -5, -1]], [[1, 2, 3, 4, 5, 6, 7, 8, 11, 17], [3, -1, -5, -4, -2]], [[0, 1, 2, 3, 4, 6, 7, 8, 17], [1, 2, 3, 5, -4]], [[1, 2, 4, 5, 6, 7, 8, 11, 15], [-1, -5, -4, -3, -2]], [[0, 1, 2, 3, 4, 5, 6, 11, 14], [1, 3, -5, -4, -2]], [[0, 1, 2, 3, 4, 5, 6, 7, 8, 9, 10, 11, 13], [2, 4, -5, -3, -1]], [[1, 2, 4, 5, 6, 7, 8, 11], [-1, -5, -4, -3, -2]], [[0, 1, 2, 3, 4, 5, 7, 8, 9, 11, 13, 17], [2, 3, 4, -5, -1]], [[0, 1, 2, 3, 4, 5, 6, 7, 8, 17], [1, 3, 5, -4, -2]], [[0, 1, 2, 3, 4, 5, 6, 7, 9, 11], [1, 2, 3, 4, -5]], [[0, 1, 2, 3, 4, 6, 7, 8, 9, 17], [1, 2, 3, 5, -4]], [[0, 1, 2, 3, 4, 6, 7, 8, 11, 17], [2, 3, -5, -4, -1]], [[1, 2, 3, 4, 5, 6, 7, 8, 11, 13, 14], [3, -1, -5, -4, -2]], [[0, 1, 2, 3, 4, 6, 7, 8, 9, 11, 13, 17], [2, 3, -5, -4, -1]], [[0, 1, 2, 3, 4, 6, 7, 8, 9, 15], [1, 2, 3, 5, -4]], [[0, 1, 2, 3, 4, 5, 7, 8, 11, 17], [2, 3, 4, -5, -1]], [[0, 1, 2, 3, 4, 5, 6, 7, 8, 15], [1, 3, 5, -4, -2]], [[0, 1, 2, 3, 4, 5, 6, 11, 17], [1, 3, -5, -4, -2]], [[0, 1, 2, 3, 5, 6, 7, 8, 11, 13, 15], [2, -5, -4, -3, -1]], [[0, 1, 2, 3, 4, 6, 7, 8, 11, 13, 15], [2, 3, -5, -4, -1]], [[0, 1, 2, 3, 4, 5, 6, 7, 9, 10, 11, 17], [1, 2, 3, 4, -5]]], "nClauses": 14, "nWeights": 14, "optimal_steps": [2, 1, 1, 1, 1, 1, 1, 1, 1, 1], "greedy_steps": [2, 1, 2, 1, 1, 1, 1, 2, 1, 2], "incremental_steps": [7, 0, 1, 0, 0, 0, 0, 1, 0, 1], "timing.optimal": [0.0004987716674804688, 0.00017523765563964844, 0.00034546852111816406, 0.00022721290588378906, 0.0004849433898925781, 0.00024199485778808594, 0.00022935867309570312, 0.0003209114074707031, 0.00024056434631347656, 0.0002524852752685547, 0.0003044605255126953], "timing.greedy": [0.06033968925476074, 4.172325134277344e-05, 3.0994415283203125e-05, 0.007529735565185547, 2.9087066650390625e-05, 0.008445024490356445, 2.7179718017578125e-05, 2.3365020751953125e-05, 0.007791280746459961, 3.886222839355469e-05, 0.008456230163574219, 2.765655517578125e-05, 0.008575916290283203, 2.6941299438476562e-05, 0.00791311264038086, 2.8848648071289062e-05, 0.00919651985168457, 3.504753112792969e-05, 3.170967102050781e-05, 0.008864641189575195, 3.7670135498046875e-05, 0.009187698364257812, 3.4809112548828125e-05, 2.9325485229492188e-05], "timing.sat": [8.559226989746094e-05, 6.4849853515625e-05, 3.600120544433594e-05, 4.76837158203125e-05, 5.316734313964844e-05, 4.792213439941406e-05, 3.528594970703125e-05, 5.9604644775390625e-05, 6.866455078125e-05, 3.337860107421875e-05, 5.078315734863281e-05, 6.079673767089844e-05, 0.00018787384033203125, 8.296966552734375e-05, 9.369850158691406e-05, 0.00011229515075683594, 8.7738037109375e-05, 3.5762786865234375e-05, 4.8160552978515625e-05, 7.128715515136719e-05, 6.914138793945312e-05, 0.00013065338134765625, 0.00011277198791503906, 8.916854858398438e-05, 8.20159912109375e-05, 0.00018739700317382812, 7.367134094238281e-05, 8.153915405273438e-05, 7.534027099609375e-05, 6.985664367675781e-05, 0.00011682510375976562, 9.298324584960938e-05, 6.389617919921875e-05, 9.131431579589844e-05, 3.62396240234375e-05, 4.8160552978515625e-05, 6.842613220214844e-05, 0.00020194053649902344, 9.179115295410156e-05, 7.081031799316406e-05, 5.817413330078125e-05, 0.00010967254638671875, 3.790855407714844e-05, 4.744529724121094e-05, 7.939338684082031e-05], "timing.incremental": [1.7881393432617188e-05, 5.9604644775390625e-06, 6.67572021484375e-06, 8.821487426757812e-06, 7.62939453125e-06, 5.4836273193359375e-06, 5.245208740234375e-06, 5.7220458984375e-06, 5.7220458984375e-06, 5.9604644775390625e-06], "timing.growMss": [0.0002186298370361328, 0.0001308917999267578, 0.00012159347534179688, 0.00013136863708496094, 0.0001430511474609375, 7.081031799316406e-05, 8.749961853027344e-05, 3.5762786865234375e-05, 2.4080276489257812e-05, 3.5762786865234375e-05, 2.86102294921875e-05, 2.574920654296875e-05, 1.8596649169921875e-05, 5.6743621826171875e-05, 3.218650817871094e-05, 2.288818359375e-05, 2.9802322387695312e-05, 1.8835067749023438e-05, 3.075599670410156e-05, 2.7418136596679688e-05, 7.62939453125e-05, 7.462501525878906e-05, 3.790855407714844e-05, 5.221366882324219e-05, 3.933906555175781e-05, 4.8160552978515625e-05, 3.6716461181640625e-05, 3.1948089599609375e-05, 6.008148193359375e-05, 3.075599670410156e-05, 3.790855407714844e-05, 3.933906555175781e-05, 2.2411346435546875e-05, 3.4809112548828125e-05, 3.0517578125e-05, 6.461143493652344e-05, 3.9577484130859375e-05, 3.4332275390625e-05, 3.8623809814453125e-05, 2.86102294921875e-05, 2.7179718017578125e-05, 3.0279159545898438e-05, 6.651878356933594e-05, 2.765655517578125e-05, 3.600120544433594e-05, 3.838539123535156e-05, 2.8848648071289062e-05, 2.0503997802734375e-05, 3.147125244140625e-05, 7.152557373046875e-05, 4.887580871582031e-05, 4.7206878662109375e-05, 3.075599670410156e-05, 3.528594970703125e-05, 3.695487976074219e-05, 3.218650817871094e-05, 9.894371032714844e-05, 0.00010442733764648438, 5.698204040527344e-05, 0.0001010894775390625, 3.218650817871094e-05, 2.9802322387695312e-05, 3.719329833984375e-05, 2.2411346435546875e-05, 2.956390380859375e-05, 7.343292236328125e-05, 5.078315734863281e-05, 4.982948303222656e-05, 3.2901763916015625e-05, 3.6716461181640625e-05, 2.193450927734375e-05, 3.504753112792969e-05, 2.9325485229492188e-05, 0.0001246929168701172]}