{"execution_times": [0.061922311782836914, 0.01437830924987793, 0.009225130081176758, 0.012768030166625977, 0.010890722274780273, 0.012232303619384766, 0.015158414840698242, 0.01393580436706543, 0.012675285339355469, 0.014962196350097656, 0.01799154281616211, 0.018003463745117188, 0.020929336547851562, 0.02088189125061035, 0.02311253547668457], "MSS_sizes": [4, 5, 1, 5, 2, 4, 5, 5, 2, 4, 4, 5, 6, 5, 6], "MSSes": [[[34, 12, 13, 14, 15, 16, 17, 18, 19, 20], [1, 4, 6, 7, 8, 9, 10, 11, 12, 13, 14, 16, 17, 18, 19, 20, 21, 22, 23, -24, -15, -5, -3, -2]], [[34, 12, 13, 14, 15, 16, 17, 19, 20, 21], [1, 4, 5, 6, 7, 8, 9, 10, 11, 13, 14, 15, 16, 17, 18, 19, 20, 21, 22, 23, 24, -12, -3, -2]], [[12, 13, 14, 15, 16, 17, 19, 20, 21, 22, 23, 24, 25, 56, 29, 30], [1, 3, 5, 6, 7, 8, 9, 10, 11, 13, 14, 15, 16, 17, 18, 19, 20, 21, 22, 23, 24, -12, -4, -2]], [[35, 13, 14, 15, 16, 17, 18, 19, 20, 21, 23, 24, 31], [3, 7, 8, 9, 10, 11, 12, 13, 14, 15, 17, 18, 19, 20, 21, 22, 23, 24, -16, -1, -6, -5, -4, -2]], [[12, 13, 14, 15, 16, 17, 18, 19, 20, 23, 24, 56, 31], [1, 3, 4, 6, 7, 8, 9, 10, 11, 12, 13, 14, 16, 17, 18, 19, 20, 21, 22, 23, -24, -15, -5, -2]], [[33, 35, 12, 13, 14, 15, 16, 18, 19, 20, 21, 23, 24, 29, 30, 31], [2, 3, 6, 7, 8, 9, 10, 12, 13, 14, 15, 16, 17, 18, 19, 20, 22, 23, 24, -21, -11, -5, -4, -1]], [[10, 12, 13, 14, 15, 16, 18, 19, 20, 21, 22, 23, 24, 25, 29, 30, 31, 33, 56], [2, 3, 6, 7, 8, 9, 10, 12, 13, 14, 15, 16, 17, 18, 19, 20, 22, 23, 24, -21, -11, -5, -4, -1]], [[35, 12, 13, 14, 15, 16, 17, 19, 20, 21], [1, 3, 5, 6, 7, 8, 9, 10, 11, 13, 14, 15, 16, 17, 18, 19, 20, 21, 22, 23, 24, -12, -4, -2]], [[35, 12, 13, 14, 15, 16, 17, 18, 19, 23, 24, 31], [1, 3, 6, 7, 8, 9, 10, 11, 12, 13, 16, 17, 18, 19, 20, 21, 22, -24, -23, -15, -14, -5, -4, -2]], [[12, 13, 14, 15, 16, 17, 19, 20, 21, 23, 24, 56, 29, 30], [1, 3, 5, 6, 7, 8, 9, 10, 11, 13, 14, 15, 16, 17, 18, 19, 20, 21, 22, 23, 24, -12, -4, -2]], [[13, 14, 15, 16, 17, 18, 19, 20, 21, 23, 24, 56, 31], [3, 7, 8, 9, 10, 11, 12, 13, 14, 15, 17, 18, 19, 20, 21, 22, 23, 24, -16, -1, -6, -5, -4, -2]], [[10, 12, 13, 14, 15, 16, 17, 18, 19, 20, 21, 22, 23, 24, 25, 29, 30, 31, 33], [2, 4, 6, 7, 8, 9, 10, 11, 12, 13, 14, 15, 16, 17, 18, 19, 20, 21, 22, 23, 24, -5, -3, -1]], [[13, 14, 15, 16, 17, 18, 19, 20, 21, 23, 24, 25, 26, 27, 29, 30, 31, 33, 56], [3, 7, 8, 9, 10, 11, 12, 13, 14, 15, 17, 18, 19, 20, 21, 22, 23, 24, -16, -1, -6, -5, -4, -2]], [[12, 13, 14, 15, 16, 17, 18, 20, 21, 23, 24, 56, 31], [2, 3, 4, 6, 7, 8, 9, 10, 11, 12, 14, 15, 16, 17, 18, 19, 20, 21, 23, 24, -22, -13, -5, -1]], [[35, 12, 13, 14, 15, 16, 17, 19, 20, 21, 23, 24], [1, 3, 5, 6, 7, 8, 9, 10, 11, 13, 14, 15, 16, 17, 18, 19, 20, 21, 22, 23, 24, -12, -4, -2]], [[35, 12, 13, 14, 15, 16, 18, 19, 20, 21, 23, 24, 31], [2, 3, 6, 7, 8, 9, 10, 12, 13, 14, 15, 16, 17, 18, 19, 20, 22, 23, 24, -21, -11, -5, -4, -1]], [[33, 13, 14, 15, 16, 17, 18, 19, 20, 21, 23, 24, 56, 29, 30, 31], [3, 7, 8, 9, 10, 11, 12, 13, 14, 15, 17, 18, 19, 20, 21, 22, 23, 24, -16, -1, -6, -5, -4, -2]], [[35, 12, 13, 14, 15, 16, 17, 19, 20, 21, 23, 24, 29, 30], [1, 3, 5, 6, 7, 8, 9, 10, 11, 13, 14, 15, 16, 17, 18, 19, 20, 21, 22, 23, 24, -12, -4, -2]], [[10, 11, 12, 13, 14, 15, 16, 17, 18, 19, 20, 22, 23, 24, 25, 26, 27, 29, 31, 56], [1, 2, 3, 4, 6, 7, 8, 9, 10, 11, 12, 13, 14, 16, 17, 18, 19, 20, 21, 22, 23, -24, -15, -5]], [[10, 12, 13, 14, 15, 16, 17, 18, 20, 21, 22, 23, 24, 25, 29, 30, 31, 33, 56], [2, 3, 4, 6, 7, 8, 9, 10, 11, 12, 14, 15, 16, 17, 18, 19, 20, 21, 23, 24, -22, -13, -5, -1]], [[10, 12, 13, 14, 15, 16, 18, 19, 20, 21, 22, 23, 24, 25, 26, 29, 30, 31, 33, 56], [2, 3, 6, 7, 8, 9, 10, 12, 13, 14, 15, 16, 17, 18, 19, 20, 22, 23, 24, -21, -11, -5, -4, -1]], [[35, 12, 13, 14, 15, 16, 17, 18, 19], [1, 3, 6, 7, 8, 9, 10, 11, 12, 13, 16, 17, 18, 19, 20, 21, 22, -24, -23, -15, -14, -5, -4, -2]], [[35, 12, 13, 14, 15, 17, 18, 19, 20, 21], [2, 6, 7, 8, 9, 11, 12, 13, 14, 15, 16, 17, 18, 19, 21, 22, 23, 24, -20, -10, -5, -4, -3, -1]], [[12, 13, 14, 15, 16, 17, 18, 20, 21, 56], [2, 3, 4, 6, 7, 8, 9, 10, 11, 12, 14, 15, 16, 17, 18, 19, 20, 21, 23, 24, -22, -13, -5, -1]], [[35, 12, 13, 14, 15, 16, 18, 19, 20, 21], [2, 3, 6, 7, 8, 9, 10, 12, 13, 14, 15, 16, 17, 18, 19, 20, 22, 23, 24, -21, -11, -5, -4, -1]], [[10, 11, 12, 13, 14, 15, 16, 17, 18, 20, 21, 22, 23, 24, 25, 26, 27, 29, 30, 31, 33, 56], [2, 3, 4, 6, 7, 8, 9, 10, 11, 12, 14, 15, 16, 17, 18, 19, 20, 21, 23, 24, -22, -13, -5, -1]], [[35, 12, 13, 14, 15, 16, 17, 18, 19, 22, 23, 24, 25, 31], [1, 3, 6, 7, 8, 9, 10, 11, 12, 13, 16, 17, 18, 19, 20, 21, 22, -24, -23, -15, -14, -5, -4, -2]], [[33, 35, 12, 13, 14, 15, 17, 18, 19, 20, 21, 23, 24, 29, 30, 31], [2, 6, 7, 8, 9, 11, 12, 13, 14, 15, 16, 17, 18, 19, 21, 22, 23, 24, -20, -10, -5, -4, -3, -1]], [[33, 12, 13, 14, 15, 16, 18, 19, 20, 21, 23, 24, 56, 29, 30, 31], [2, 3, 6, 7, 8, 9, 10, 12, 13, 14, 15, 16, 17, 18, 19, 20, 22, 23, 24, -21, -11, -5, -4, -1]], [[56, 12, 13, 14, 15, 16, 17, 19, 20, 21, 22, 23, 24, 25, 26, 27, 29, 30], [1, 3, 5, 6, 7, 8, 9, 10, 11, 13, 14, 15, 16, 17, 18, 19, 20, 21, 22, 23, 24, -12, -4, -2]], [[35, 12, 13, 14, 15, 17, 18, 19, 20, 21, 23, 24, 31], [2, 6, 7, 8, 9, 11, 12, 13, 14, 15, 16, 17, 18, 19, 21, 22, 23, 24, -20, -10, -5, -4, -3, -1]], [[34, 12, 13, 14, 15, 16, 17, 19, 20, 21, 23, 24, 29, 30], [1, 3, 5, 6, 7, 8, 9, 10, 11, 13, 14, 15, 16, 17, 18, 19, 20, 21, 22, 23, 24, -12, -4, -2]], [[12, 13, 14, 15, 16, 17, 18, 19, 20, 23, 24, 56, 29, 31], [1, 3, 4, 6, 7, 8, 9, 10, 11, 12, 13, 14, 16, 17, 18, 19, 20, 21, 22, 23, -24, -15, -5, -2]], [[12, 13, 14, 15, 16, 17, 18, 19, 20, 23, 24, 57, 31], [1, 2, 3, 4, 6, 7, 8, 9, 10, 11, 12, 13, 14, 16, 17, 18, 19, 20, 21, 22, 23, -24, -15, -5]], [[33, 12, 13, 14, 15, 16, 17, 18, 19, 20, 21, 23, 24, 29, 30, 31], [2, 4, 6, 7, 8, 9, 10, 11, 12, 13, 14, 15, 16, 17, 18, 19, 20, 21, 22, 23, 24, -5, -3, -1]], [[33, 13, 14, 15, 16, 17, 18, 19, 20, 21, 23, 24, 25, 56, 29, 30, 31], [3, 7, 8, 9, 10, 11, 12, 13, 14, 15, 17, 18, 19, 20, 21, 22, 23, 24, -16, -1, -6, -5, -4, -2]], [[33, 12, 13, 14, 15, 16, 17, 18, 20, 21, 23, 24, 56, 29, 30, 31], [2, 3, 4, 6, 7, 8, 9, 10, 11, 12, 14, 15, 16, 17, 18, 19, 20, 21, 23, 24, -22, -13, -5, -1]], [[13, 14, 15, 16, 17, 18, 19, 20, 21, 56], [3, 7, 8, 9, 10, 11, 12, 13, 14, 15, 17, 18, 19, 20, 21, 22, 23, 24, -16, -1, -6, -5, -4, -2]], [[34, 12, 13, 14, 15, 16, 17, 18, 19, 20, 23, 24, 29, 31], [1, 4, 6, 7, 8, 9, 10, 11, 12, 13, 14, 16, 17, 18, 19, 20, 21, 22, 23, -24, -15, -5, -3, -2]], [[33, 34, 13, 14, 15, 16, 17, 18, 19, 20, 21, 23, 24, 29, 30, 31], [3, 7, 8, 9, 10, 11, 12, 13, 14, 15, 17, 18, 19, 20, 21, 22, 23, 24, -16, -1, -6, -5, -4, -2]], [[10, 12, 13, 14, 15, 17, 18, 19, 20, 21, 22, 23, 24, 25, 29, 30, 31, 33, 35], [2, 6, 7, 8, 9, 11, 12, 13, 14, 15, 16, 17, 18, 19, 21, 22, 23, 24, -20, -10, -5, -4, -3, -1]], [[12, 13, 14, 15, 16, 17, 19, 20, 21, 23, 24, 56], [1, 3, 5, 6, 7, 8, 9, 10, 11, 13, 14, 15, 16, 17, 18, 19, 20, 21, 22, 23, 24, -12, -4, -2]], [[12, 13, 14, 15, 16, 17, 19, 20, 21, 55], [1, 3, 5, 6, 7, 8, 9, 10, 11, 13, 14, 15, 16, 17, 18, 19, 20, 21, 22, 23, 24, -12, -4, -2]], [[34, 12, 13, 14, 15, 16, 17, 18, 19, 20, 23, 24, 31], [1, 4, 6, 7, 8, 9, 10, 11, 12, 13, 14, 16, 17, 18, 19, 20, 21, 22, 23, -24, -15, -5, -3, -2]], [[35, 12, 13, 14, 15, 16, 17, 19, 20, 21, 22, 23, 24, 25, 29, 30], [1, 3, 5, 6, 7, 8, 9, 10, 11, 13, 14, 15, 16, 17, 18, 19, 20, 21, 22, 23, 24, -12, -4, -2]], [[35, 13, 14, 15, 16, 17, 18, 19, 20, 21], [3, 7, 8, 9, 10, 11, 12, 13, 14, 15, 17, 18, 19, 20, 21, 22, 23, 24, -16, -1, -6, -5, -4, -2]], [[10, 12, 13, 14, 15, 16, 18, 19, 20, 21, 22, 23, 24, 25, 29, 30, 31, 33, 35], [2, 3, 6, 7, 8, 9, 10, 12, 13, 14, 15, 16, 17, 18, 19, 20, 22, 23, 24, -21, -11, -5, -4, -1]], [[34, 13, 14, 15, 16, 17, 18, 19, 20, 21, 23, 24, 31], [3, 7, 8, 9, 10, 11, 12, 13, 14, 15, 17, 18, 19, 20, 21, 22, 23, 24, -16, -1, -6, -5, -4, -2]], [[12, 13, 14, 15, 16, 18, 19, 20, 21, 56], [2, 3, 6, 7, 8, 9, 10, 12, 13, 14, 15, 16, 17, 18, 19, 20, 22, 23, 24, -21, -11, -5, -4, 