{"execution_times": [0.07047224044799805, 0.008452653884887695, 0.008456230163574219, 0.006354331970214844, 0.0069103240966796875, 0.007184267044067383, 0.006356954574584961, 0.007303953170776367, 0.006627321243286133, 0.007435798645019531], "MSS_sizes": [4, 11, 7, 6, 5, 4, 3, 3, 3, 3], "MSSes": [[[0, 1, 2, 4, 5, 6, 11, 15], [1, -5, -4, -3, -2]], [[0, 1, 2, 3, 4, 5, 6, 7, 8, 11, 13], [2, 4, -5, -3, -1]], [[0, 1, 2, 3, 4, 6, 7, 8, 11], [2, 3, -5, -4, -1]], [[0, 1, 2, 3, 4, 6, 7, 8, 11, 15], [2, 3, -5, -4, -1]], [[1, 2, 3, 4, 5, 6, 7, 8, 11, 13, 15], [3, -1, -5, -4, -2]], [[1, 2, 3, 4, 5, 6, 7, 8, 11], [3, -1, -5, -4, -2]], [[0, 1, 2, 3, 4, 6, 7, 8, 11, 13], [2, 3, -5, -4, -1]], [[1, 2, 3, 4, 5, 6, 7, 8, 11, 14], [4, -1, -5, -3, -2]], [[0, 1, 2, 3, 4, 6, 7, 8, 11, 13, 17], [2, 3, -5, -4, -1]], [[0, 1, 2, 3, 4, 5, 7, 8, 11, 13, 17], [2, 3, 4, -5, -1]], [[0, 1, 2, 3, 5, 6, 7, 8, 9, 11, 13, 15], [2, -5, -4, -3, -1]], [[0, 1, 2, 3, 4, 5, 6, 7, 8, 14], [1, 4, 5, -3, -2]], [[0, 1, 2, 4, 5, 6, 11, 18], [1, -5, -4, -3, -2]], [[0, 1, 2, 3, 4, 6, 7, 8, 9, 11, 13, 15], [2, 3, -5, -4, -1]], [[0, 1, 2, 3, 4, 5, 6, 7, 8, 11], [2, 4, -5, -3, -1]], [[0, 1, 2, 3, 5, 6, 7, 8, 11, 15], [2, -5, -4, -3, -1]], [[0, 1, 2, 3, 4, 5, 6, 7, 11, 18], [1, 4, -5, -3, -2]], [[0, 1, 2, 3, 4, 5, 6, 11, 15], [1, 3, -5, -4, -2]], [[0, 1, 2, 3, 4, 5, 6, 7, 8, 9, 11, 13], [2, 4, -5, -3, -1]], [[0, 1, 2, 3, 4, 5, 6, 7, 9, 11, 17], [1, 2, 3, 4, -5]], [[0, 1, 2, 4, 5, 6, 7, 8, 18], [1, 5, -4, -3, -2]], [[1, 2, 3, 4, 5, 6, 7, 8, 11, 13, 17], [3, -1, -5, -4, -2]], [[0, 1, 2, 4, 5, 6, 7, 8, 14], [1, 5, -4, -3, -2]], [[0, 1, 2, 3, 4, 5, 7, 8, 9, 10, 11, 13, 17], [2, 3, 4, -5, -1]], [[1, 2, 3, 4, 5, 6, 7, 8, 11], [4, -1, -5, -3, -2]], [[0, 1, 2, 3, 4, 5, 6, 7, 8, 18], [1, 4, 5, -3, -2]], [[0, 1, 2, 4, 5, 6, 11, 14], [1, -5, -4, -3, -2]], [[1, 2, 3, 4, 5, 6, 7, 8, 11, 17], [3, -1, -5, -4, -2]], [[1, 2, 4, 5, 6, 7, 8, 11, 15], [-1, -5, -4, -3, -2]], [[0, 1, 2, 4, 5, 6, 7, 8, 15], [1, 5, -4, -3, -2]], [[0, 1, 2, 3, 4, 5, 6, 7, 8], [1, 4, 5, -3, -2]], [[0, 1, 2, 3, 4, 5, 6, 7, 8, 9, 10, 11, 13], [2, 4, -5, -3, -1]], [[1, 2, 4, 5, 6, 7, 8, 11], [-1, -5, -4, -3, -2]], [[0, 1, 2, 3, 4, 5, 7, 8, 9, 11, 13, 17], [2, 3, 4, -5, -1]], [[0, 1, 2, 3, 4, 5, 6, 7, 8, 17], [1, 3, 5, -4, -2]], [[0, 1, 2, 3, 4, 5, 6, 7, 11, 14], [1, 4, -5, -3, -2]], [[0, 1, 2, 3, 4, 5, 6, 7, 11], [1, 4, -5, -3, -2]], [[0, 1, 2, 3, 4, 6, 7, 8, 11, 17], [2, 3, -5, -4, -1]], [[1, 2, 3, 4, 5, 6, 7, 8, 11, 13, 14], [3, -1, -5, -4, -2]], [[0, 1, 2, 3, 4, 6, 7, 8, 9, 11, 13, 17], [2, 3, -5, -4, -1]], [[1, 2, 3, 4, 5, 6, 7, 8, 11, 15], [3, -1, -5, -4, -2]], [[0, 1, 2, 3, 4, 5, 7, 8, 11, 17], [2, 3, 4, -5, -1]], [[0, 1, 2, 3, 4, 5, 6, 7, 8, 15], [1, 3, 5, -4, -2]], [[0, 1, 2, 3, 4, 5, 6, 11, 17], [1, 3, -5, -4, -2]], [[0, 1, 2, 3, 5, 6, 7, 8, 11, 13, 15], [2, -5, -4, -3, -1]], [[1, 2, 4, 5, 6, 7, 8, 11, 13, 15], [-1, -5, -4, -3, -2]], [[0, 1, 2, 4, 5, 6, 11], [1, -5, -4, -3, -2]], [[0, 1, 2, 3, 4, 6, 7, 8, 11, 13, 15], [2, 3, -5, -4, -1]], [[0, 1, 2, 3, 4, 5, 6, 7, 9, 10, 11, 17], [1, 2, 3, 4, -5]]], "nClauses": 14, "nWeights": 14, "optimal_steps": [1, 3, 2, 1, 1, 1, 1, 1, 1, 1], "greedy_steps": [1, 4, 3, 1, 1, 1, 1, 1, 2, 1], "incremental_steps": [4, 8, 4, 0, 0, 0, 0, 0, 1, 0], "timing.optimal": [0.000461578369140625, 0.00017189979553222656, 0.0001552104949951172, 0.0001289844512939453, 0.00023126602172851562, 0.00018906593322753906, 0.0001811981201171875, 0.00024509429931640625, 0.0001952648162841797, 0.0002148151397705078, 0.00018858909606933594, 0.0001366138458251953, 0.0003006458282470703], "timing.greedy": [0.06850385665893555, 5.245208740234375e-06, 0.00604701042175293, 1.9550323486328125e-05, 1.6689300537109375e-05, 2.3126602172851562e-05, 1.621246337890625e-05, 0.00649571418762207, 2.288818359375e-05, 1.9311904907226562e-05, 1.6450881958007812e-05, 0.005502223968505859, 1.811981201171875e-05, 0.005923271179199219, 1.6927719116210938e-05, 0.0061016082763671875, 1.6450881958007812e-05, 0.005484342575073242, 1.4543533325195312e-05, 0.0063648223876953125, 1.6689300537109375e-05, 0.00577998161315918, 1.4066696166992188e-05, 1.7404556274414062e-05, 0.006332874298095703, 2.3126602172851562e-05], "timing.sat": [6.413459777832031e-05, 6.866455078125e-05, 3.147125244140625e-05, 3.075599670410156e-05, 2.5272369384765625e-05, 5.602836608886719e-05, 8.58306884765625e-05, 7.891654968261719e-05, 6.604194641113281e-05, 2.8133392333984375e-05, 2.4557113647460938e-05, 4.172325134277344e-05, 5.14984130859375e-05, 2.6941299438476562e-05, 2.5272369384765625e-05, 2.3126602172851562e-05, 3.600120544433594e-05, 4.8160552978515625e-05, 2.7179718017578125e-05, 2.6464462280273438e-05, 2.5272369384765625e-05, 3.552436828613281e-05, 4.458427429199219e-05, 0.0001399517059326172, 8.869171142578125e-05, 3.0994415283203125e-05, 2.4080276489257812e-05, 3.910064697265625e-05, 6.4849853515625e-05, 2.7894973754882812e-05, 2.4080276489257812e-05, 3.719329833984375e-05, 5.316734313964844e-05, 5.841255187988281e-05, 6.532669067382812e-05, 5.626678466796875e-05, 4.601478576660156e-05, 7.176399230957031e-05, 7.367134094238281e-05, 0.00018644332885742188, 6.461143493652344e-05, 5.984306335449219e-05, 5.078315734863281e-05, 6.461143493652344e-05, 5.7220458984375e-05, 4.506111145019531e-05, 6.008148193359375e-05, 4.601478576660156e-05, 4.863739013671875e-05, 3.814697265625e-05, 2.1219253540039062e-05, 2.7894973754882812e-05, 3.7670135498046875e-05, 3.528594970703125e-05, 8.320808410644531e-05, 9.608268737792969e-05], "timing.incremental": [1.8596649169921875e-05, 4.0531158447265625e-06, 3.814697265625e-06, 3.814697265625e-06, 4.0531158447265625e-06, 3.5762786865234375e-06, 3.814697265625e-06, 4.291534423828125e-06, 3.814697265625e-06, 3.5762786865234375e-06, 3.814697265625e-06, 3.814697265625e-06, 4.0531158447265625e-06, 3.5762786865234375e-06, 4.5299530029296875e-06, 3.5762786865234375e-06, 3.337860107421875e-06], "timing.growMss": [0.00021958351135253906, 0.00010776519775390625, 9.465217590332031e-05, 7.867813110351562e-05, 3.314018249511719e-05, 1.9073486328125e-05, 1.5735626220703125e-05, 1.33514404296875e-05, 8.130073547363281e-05, 6.079673767089844e-05, 8.058547973632812e-05, 6.365776062011719e-05, 5.173683166503906e-05, 7.82012939453125e-05, 5.3882598876953125e-05, 0.0001468658447265625, 7.677078247070312e-05, 2.09808349609375e-05, 1.71661376953125e-05, 1.5735626220703125e-05, 2.6941299438476562e-05, 1.3113021850585938e-05, 6.079673767089844e-05, 4.792213439941406e-05, 7.796287536621094e-05, 5.841255187988281e-05, 4.649162292480469e-05, 1.8358230590820312e-05, 2.5510787963867188e-05, 3.1948089599609375e-05, 1.9788742065429688e-05, 1.9311904907226562e-05, 1.1920928955078125e-05, 5.5789947509765625e-05, 3.218650817871094e-05, 2.4318695068359375e-05, 2.4557113647460938e-05, 2.193450927734375e-05, 1.4066696166992188e-05, 2.0265579223632812e-05, 3.552436828613281e-05, 1.6450881958007812e-05, 2.6226043701171875e-05, 2.2172927856445312e-05, 1.5974044799804688e-05, 2.193450927734375e-05, 1.4781951904296875e-05, 1.9788742065429688e-05, 1.2874603271484375e-05, 3.647804260253906e-05, 1.5735626220703125e-05, 2.574920654296875e-05, 1.4543533325195312e-05, 2.193450927734375e-05, 1.9073486328125e-05, 1.4781951904296875e-05, 3.62396240234375e-05, 2.6702880859375e-05, 2.956390380859375e-05, 1.4781951904296875e-05, 4.57763671875e-05, 2.288818359375e-05, 1.6450881958007812e-05, 1.5974044799804688e-05, 2.5033950805664062e-05, 2.2411346435546875e-05, 2.002716064453125e-05, 1.8358230590820312e-05, 1.33514404296875e-05, 1.3113021850585938e-05, 1.4781951904296875e-05, 6.556510925292969e-05, 4.744529724121094e-05, 3.314018249511719e-05, 2.193450927734375e-05, 2.4557113647460938e-05, 1.9788742065429688e-05, 1.4543533325195312e-05, 1.5020370483398438e-05]}