{"execution_times": [0.05099654197692871, 0.007349491119384766, 0.007810115814208984, 0.0064890384674072266, 0.006181478500366211, 0.005983829498291016, 0.00598597526550293, 0.007086753845214844, 0.007026195526123047, 0.0067768096923828125], "MSS_sizes": [3, 8, 8, 6, 4, 4, 1, 3, 3, 3], "MSSes": [[[1, 2, 3, 4, 5, 6, 7, 8, 11, 14], [3, -1, -5, -4, -2]], [[0, 1, 2, 4, 5, 6, 11, 15], [1, -5, -4, -3, -2]], [[0, 1, 2, 3, 4, 5, 6, 7, 8, 11, 13], [2, 4, -5, -3, -1]], [[0, 1, 2, 3, 4, 6, 7, 8, 11], [2, 3, -5, -4, -1]], [[0, 1, 2, 3, 4, 6, 7, 8, 11, 15], [2, 3, -5, -4, -1]], [[1, 2, 3, 4, 5, 6, 7, 8, 11, 13, 15], [3, -1, -5, -4, -2]], [[0, 1, 2, 3, 5, 6, 7, 8, 9, 11, 13, 15], [2, -5, -4, -3, -1]], [[0, 1, 2, 3, 4, 6, 7, 8, 11, 13, 17], [2, 3, -5, -4, -1]], [[0, 1, 2, 3, 4, 5, 7, 8, 11, 13, 17], [2, 3, 4, -5, -1]], [[0, 1, 2, 3, 4, 5, 6, 7, 8, 14], [1, 4, 5, -3, -2]], [[0, 1, 2, 3, 4, 6, 7, 8, 9, 11, 13, 15], [2, 3, -5, -4, -1]], [[0, 1, 2, 3, 4, 5, 6, 7, 8, 11], [2, 4, -5, -3, -1]], [[0, 1, 2, 3, 5, 6, 7, 8, 11, 15], [2, -5, -4, -3, -1]], [[0, 1, 2, 4, 5, 6, 7, 8], [1, 5, -4, -3, -2]], [[0, 1, 2, 3, 4, 5, 6, 7, 8, 9, 11, 13], [2, 4, -5, -3, -1]], [[0, 1, 2, 3, 4, 5, 6, 7, 9, 11, 17], [1, 2, 3, 4, -5]], [[1, 2, 3, 4, 5, 6, 7, 8, 11, 13, 17], [3, -1, -5, -4, -2]], [[0, 1, 2, 4, 5, 6, 7, 8, 14], [1, 5, -4, -3, -2]], [[0, 1, 2, 3, 4, 5, 7, 8, 9, 10, 11, 13, 17], [2, 3, 4, -5, -1]], [[0, 1, 2, 4, 5, 6, 11, 14], [1, -5, -4, -3, -2]], [[1, 2, 3, 4, 5, 6, 7, 8, 11, 17], [3, -1, -5, -4, -2]], [[0, 1, 2, 3, 4, 6, 7, 8, 11, 13, 15], [2, 3, -5, -4, -1]], [[1, 2, 4, 5, 6, 7, 8, 11, 15], [-1, -5, -4, -3, -2]], [[0, 1, 2, 4, 5, 6, 7, 8, 15], [1, 5, -4, -3, -2]], [[0, 1, 2, 3, 4, 5, 6, 7, 8, 18], [1, -3, 4, 5]], [[0, 1, 2, 3, 4, 5, 6, 7, 8], [1, 4, 5, -3, -2]], [[0, 1, 2, 3, 4, 5, 6, 7, 8, 9, 10, 11, 13], [2, 4, -5, -3, -1]], [[1, 2, 4, 5, 6, 7, 8, 11], [-1, -5, -4, -3, -2]], [[0, 1, 2, 3, 4, 5, 7, 8, 9, 11, 13, 17], [2, 3, 4, -5, -1]], [[0, 1, 2, 3, 4, 5, 6, 7, 8, 17], [1, 3, 5, -4, -2]], [[0, 1, 2, 3, 4, 5, 6, 7, 11, 17], [1, 3, 4, -5, -2]], [[0, 1, 2, 3, 4, 5, 6, 7, 11, 14], [1, 4, -5, -3, -2]], [[0, 1, 2, 3, 4, 5, 6, 7, 11], [1, 4, -5, -3, -2]], [[0, 1, 2, 3, 4, 6, 7, 8, 11, 17], [2, 3, -5, -4, -1]], [[1, 2, 3, 4, 5, 6, 7, 8, 11, 13, 14], [3, -1, -5, -4, -2]], [[0, 1, 2, 3, 4, 6, 7, 8, 9, 11, 13, 17], [2, 3, -5, -4, -1]], [[1, 2, 3, 4, 5, 6, 7, 8, 11, 15], [3, -1, -5, -4, -2]], [[0, 1, 2, 3, 4, 5, 7, 8, 11, 17], [2, 3, 4, -5, -1]], [[0, 1, 2, 3, 4, 5, 6, 11, 17], [1, 3, -5, -4, -2]], [[0, 1, 2, 3, 5, 6, 7, 8, 11, 13, 15], [2, -5, -4, -3, -1]], [[0, 1, 2, 4, 5, 6, 11], [1, -5, -4, -3, -2]], [[0, 1, 2, 3, 4, 5, 6, 7, 11, 18], [1, -5, 4]], [[0, 1, 2, 3, 4, 5, 6, 7, 9, 10, 11, 17], [1, 2, 3, 4, -5]]], "nClauses": 14, "nWeights": 14, "optimal_steps": [1, 2, 2, 1, 1, 1, 1, 1, 1, 1], "greedy_steps": [1, 4, 3, 1, 1, 1, 1, 1, 2, 1], "incremental_steps": [3, 6, 4, 0, 0, 0, 0, 0, 1, 0], "timing.optimal": [0.0003025531768798828, 0.000255584716796875, 0.00024247169494628906, 0.00027823448181152344, 0.00022912025451660156, 0.0002486705780029297, 0.0002014636993408203, 0.0001914501190185547, 0.0002772808074951172, 0.0002913475036621094, 0.00023746490478515625, 0.00020623207092285156], "timing.greedy": [0.04962897300720215, 3.5762786865234375e-06, 0.005397319793701172, 1.2874603271484375e-05, 2.002716064453125e-05, 2.09808349609375e-05, 1.6927719116210938e-05, 0.005982398986816406, 1.5735626220703125e-05, 1.4066696166992188e-05, 1.5735626220703125e-05, 0.005587577819824219, 1.4543533325195312e-05, 0.00540924072265625, 1.33514404296875e-05, 0.005151510238647461, 1.2874603271484375e-05, 0.005139589309692383, 1.2636184692382812e-05, 0.0061070919036865234, 1.5020370483398438e-05, 0.0059702396392822266, 1.4781951904296875e-05, 1.7642974853515625e-05, 0.005955219268798828, 2.384185791015625e-05], "timing.sat": [5.1021575927734375e-05, 5.030632019042969e-05, 2.6226043701171875e-05, 2.2649765014648438e-05, 3.552436828613281e-05, 4.172325134277344e-05, 5.221366882324219e-05, 4.553794860839844e-05, 2.6464462280273438e-05, 2.765655517578125e-05, 2.3603439331054688e-05, 3.981590270996094e-05, 4.649162292480469e-05, 2.6464462280273438e-05, 2.6941299438476562e-05, 4.172325134277344e-05, 2.193450927734375e-05, 3.600120544433594e-05, 4.76837158203125e-05, 5.269050598144531e-05, 7.367134094238281e-05, 3.123283386230469e-05, 2.6702880859375e-05, 2.3603439331054688e-05, 3.6716461181640625e-05, 4.553794860839844e-05, 2.4318695068359375e-05, 3.504753112792969e-05, 4.458427429199219e-05, 5.53131103515625e-05, 7.104873657226562e-05, 4.744529724121094e-05, 4.4345855712890625e-05, 3.743171691894531e-05, 3.814697265625e-05, 0.0001518726348876953, 3.743171691894531e-05, 3.933906555175781e-05, 4.5299530029296875e-05, 6.866455078125e-05, 4.935264587402344e-05, 4.2438507080078125e-05, 7.939338684082031e-05, 5.459785461425781e-05, 5.412101745605469e-05, 6.031990051269531e-05, 2.2172927856445312e-05, 3.075599670410156e-05, 3.743171691894531e-05, 3.528594970703125e-05, 3.719329833984375e-05, 3.7670135498046875e-05], "timing.incremental": [6.67572021484375e-06, 3.5762786865234375e-06, 3.5762786865234375e-06, 3.5762786865234375e-06, 4.5299530029296875e-06, 3.337860107421875e-06, 4.76837158203125e-06, 4.5299530029296875e-06, 3.5762786865234375e-06, 5.0067901611328125e-06, 3.5762786865234375e-06, 4.0531158447265625e-06, 4.291534423828125e-06, 4.0531158447265625e-06], "timing.growMss": [0.00017547607421875, 0.00010466575622558594, 7.843971252441406e-05, 2.6702880859375e-05, 3.552436828613281e-05, 1.4781951904296875e-05, 7.605552673339844e-05, 5.7220458984375e-05, 5.6743621826171875e-05, 6.318092346191406e-05, 6.008148193359375e-05, 4.9591064453125e-05, 3.910064697265625e-05, 1.8596649169921875e-05, 1.52587890625e-05, 2.3603439331054688e-05, 1.9788742065429688e-05, 1.1920928955078125e-05, 6.29425048828125e-05, 5.435943603515625e-05, 4.744529724121094e-05, 5.364418029785156e-05, 4.649162292480469e-05, 2.3126602172851562e-05, 2.193450927734375e-05, 1.430511474609375e-05, 2.2649765014648438e-05, 1.9311904907226562e-05, 1.1444091796875e-05, 3.4809112548828125e-05, 1.71661376953125e-05, 2.6702880859375e-05, 1.3828277587890625e-05, 1.71661376953125e-05, 1.2874603271484375e-05, 1.7642974853515625e-05, 1.7642974853515625e-05, 3.337860107421875e-05, 1.8358230590820312e-05, 2.5510787963867188e-05, 1.1682510375976562e-05, 1.2159347534179688e-05, 1.9550323486328125e-05, 1.7642974853515625e-05, 4.2438507080078125e-05, 2.7179718017578125e-05, 1.239776611328125e-05, 1.33514404296875e-05, 1.239776611328125e-05, 5.53131103515625e-05, 2.1219253540039062e-05, 2.002716064453125e-05, 2.5510787963867188e-05, 2.3603439331054688e-05, 1.4781951904296875e-05, 4.673004150390625e-05, 1.9788742065429688e-05, 1.9073486328125e-05, 1.9073486328125e-05, 1.7642974853515625e-05, 1.3589859008789062e-05, 1.3113021850585938e-05, 6.628036499023438e-05, 3.743171691894531e-05, 2.0265579223632812e-05, 2.47955322265625e-05, 1.9788742065429688e-05, 2.4080276489257812e-05, 1.9550323486328125e-05, 1.4781951904296875e-05]}