{"config": {"preseeding": true, "preseeding-minimal": true, "preseeding-grow": false, "sat-polarity": true, "postpone_opt": true, "postpone_opt_incr": true, "postpone_opt_greedy": true, "grow": true, "grow_sat": false, "grow_subset_maximal": true, "grow_maxsat": false, "timeout": 3600, "instance": "simple"}, "results": {"HS": [1, 1, 1], "HS_greedy": [4, 3, 2], "HS_incr": [4, 2, 1], "HS-opt-time": [0.0007505416870117188, 0.0003421306610107422, 0.0001926422119140625], "HS-postpone-time": [0.0015690326690673828, 0.000614166259765625, 0.00024271011352539062], "SAT-time": [3.528594970703125e-05, 3.337860107421875e-05, 3.0279159545898438e-05], "#expl": 3, "expl_seq": [{"constraints": [4], "derived": [1]}, {"constraints": [1, 5, 6], "derived": [2]}, {"constraints": [2, 7], "derived": [-3]}], "OUS-time": [0.002432584762573242, 0.001046895980834961, 0.0005178451538085938], "timeout": false}}