{"config": {"preseeding": true, "preseeding-minimal": true, "preseeding-grow": false, "sat-polarity": true, "postpone_opt": true, "postpone_opt_incr": true, "postpone_opt_greedy": true, "grow": true, "grow_sat": false, "grow_subset_maximal": true, "grow_maxsat": false, "timeout": 3600, "instance": "simple"}, "results": {"HS": [1, 1, 1], "HS_greedy": [4, 3, 2], "HS_incr": [4, 2, 1], "HS-opt-time": [0.0006170272827148438, 0.0003643035888671875, 0.0001652240753173828], "HS-postpone-time": [0.001424551010131836, 0.0005834102630615234, 0.0002346038818359375], "SAT-time": [0.0003139972686767578, 0.00027108192443847656, 0.00011086463928222656], "#expl": 3, "expl_seq": [{"constraints": [4], "derived": [1]}, {"constraints": [1, 5, 6], "derived": [2]}, {"constraints": [2, 7], "derived": [-3]}], "OUS-time": [0.0021605491638183594, 0.001041412353515625, 0.00048542022705078125], "timeout": false}}