{"clauses": 160, "avg_clause_len": 3, "steps": 160, "t_hitting_set": [1.5735626220703125e-05, 0.0005066394805908203, 0.0005130767822265625, 0.00048732757568359375, 0.0005295276641845703, 0.0005190372467041016, 0.0005285739898681641, 0.0005197525024414062, 0.0005238056182861328, 0.0004684925079345703, 0.00046825408935546875, 0.0004684925079345703, 0.0004703998565673828, 0.0004742145538330078, 0.0004761219024658203, 0.00047326087951660156, 0.0004761219024658203, 0.0004725456237792969, 0.00047898292541503906, 0.0004723072052001953, 0.0004730224609375, 0.0004711151123046875, 0.0004734992980957031, 0.0004801750183105469, 0.00048160552978515625, 0.0004839897155761719, 0.0004811286926269531, 0.000484466552734375, 0.0004868507385253906, 0.0004661083221435547, 0.0004818439483642578, 0.00048232078552246094, 0.0004782676696777344, 0.00047850608825683594, 0.00047898292541503906, 0.0004801750183105469, 0.0004792213439941406, 0.00047969818115234375, 0.0005102157592773438, 0.0004868507385253906, 0.00048828125, 0.00048542022705078125, 0.000492095947265625, 0.0004858970642089844, 0.0004870891571044922, 0.0004801750183105469, 0.0004851818084716797, 0.0004863739013671875, 0.0004904270172119141, 0.0004868507385253906, 0.00048804283142089844, 0.00048804283142089844, 0.0004894733428955078, 0.0004897117614746094, 0.0004911422729492188, 0.0004911422729492188, 0.00048661231994628906, 0.0004925727844238281, 0.0004887580871582031, 0.0004930496215820312, 0.00048661231994628906, 0.0004870891571044922, 0.0004971027374267578, 0.0004954338073730469, 0.0005116462707519531, 0.0004975795745849609, 0.0004956722259521484, 0.0004775524139404297, 0.0004930496215820312, 0.0005059242248535156, 0.0004949569702148438, 0.0005056858062744141, 0.0005593299865722656, 0.000518798828125, 0.0004916191101074219, 0.0005071163177490234, 0.000492095947265625, 0.0004830360412597656, 0.00051116943359375, 0.0005095005035400391, 0.00048422813415527344, 0.0004994869232177734, 0.0004849433898925781, 0.0005333423614501953, 0.0005054473876953125, 0.000499725341796875, 0.0005140304565429688, 0.0004863739013671875, 0.0005102157592773438, 0.0004963874816894531, 0.0004975795745849609, 0.0005025863647460938, 0.0004966259002685547, 0.0004990100860595703, 0.0005133152008056641, 0.0005004405975341797, 0.0004990100860595703, 0.0005042552947998047, 0.0005125999450683594, 0.0004889965057373047, 0.0005142688751220703, 0.0005002021789550781, 0.0005137920379638672, 0.0005159378051757812, 0.0005209445953369141, 0.0005278587341308594, 0.0004887580871582031, 0.0005147457122802734, 0.0005166530609130859, 0.0005178451538085938, 0.0005025863647460938, 0.0005078315734863281, 0.0004992485046386719, 0.0005435943603515625, 0.0004885196685791016, 0.0005018711090087891, 0.0004999637603759766, 0.0005021095275878906, 0.0005049705505371094, 0.0005166530609130859, 0.0004963874816894531, 0.0005059242248535156, 0.0005018711090087891, 0.0005183219909667969, 0.0005064010620117188, 0.0005044937133789062, 0.0005083084106445312, 0.0005202293395996094, 0.000507354736328125, 0.0005030632019042969, 0.0005047321319580078, 0.0005059242248535156, 0.0005083084106445312, 0.0005090236663818359, 0.0004925727844238281, 0.0005099773406982422, 0.0005083084106445312, 0.0005197525024414062, 0.0005121231079101562, 0.0005300045013427734, 0.0005118846893310547, 0.0005066394805908203, 0.0005011558532714844, 0.0005223751068115234, 0.0005090236663818359, 0.0005095005035400391, 0.0005054473876953125, 0.0004954338073730469, 0.0005261898040771484, 0.0005037784576416016, 0.0005259513854980469, 0.0005228519439697266, 0.00052642822265625, 0.0005099773406982422, 0.0005145072937011719, 0.000530242919921875, 0.0005121231079101562, 0.000514984130859375, 0.0005106925964355469, 0.0005085468292236328, 0.0005128383636474609], "t_sat_check": [7.152557373046875e-07, 0.00011920928955078125, 0.00012254714965820312, 0.0001246929168701172, 0.00012803077697753906, 0.0001323223114013672, 0.0001595020294189453, 0.00014781951904296875, 0.00015044212341308594, 0.00012946128845214844, 0.00013113021850585938, 0.0001461505889892578, 0.00014710426330566406, 0.00014901161193847656, 0.0001506805419921875, 0.00015282630920410156, 0.00015473365783691406, 0.0001621246337890625, 0.00016498565673828125, 0.00016689300537109375, 0.00016760826110839844, 0.0001685619354248047, 0.00017309188842773438, 0.0001742839813232422, 0.00017762184143066406, 0.0001671314239501953, 0.0001804828643798828, 0.00018167495727539062, 0.00018358230590820312, 0.00019693374633789062, 0.00018787384033203125, 0.00019025802612304688, 0.00019168853759765625, 0.0001952648162841797, 0.0001957416534423828, 0.00019669532775878906, 0.0001971721649169922, 0.00019931793212890625, 0.00020122528076171875, 0.00020122528076171875, 0.00020265579223632812, 0.00020599365234375, 0.00020766258239746094, 0.0002079010009765625, 0.0002110004425048828, 0.00021219253540039062, 0.00021386146545410156, 0.0002155303955078125, 0.00021600723266601562, 0.0002186298370361328, 0.0002193450927734375, 0.00022077560424804688, 0.0002224445343017578, 0.00022339820861816406, 0.00022482872009277344, 0.00022792816162109375, 0.0002281665802001953, 0.00023055076599121094, 0.00023102760314941406, 0.00023245811462402344, 0.00023436546325683594, 0.00023603439331054688, 0.00023627281188964844, 0.00023746490478515625, 0.00023889541625976562, 0.000240325927734375, 0.0002429485321044922, 0.00024199485778808594, 0.0002434253692626953, 0.00024437904357910156, 0.0002474784851074219, 0.000247955322265625, 0.0002484321594238281, 0.0002532005310058594, 0.0002524852752685547, 0.00025463104248046875, 0.00025773048400878906, 0.0002589225769042969, 0.0002579689025878906, 0.0002620220184326172, 0.0002510547637939453, 0.0003001689910888672, 0.0002639293670654297, 0.00026535987854003906, 0.00026726722717285156, 0.0002694129943847656, 0.00027251243591308594, 0.000270843505859375, 0.0002715587615966797, 0.0002675056457519531, 0.00027632713317871094, 0.0002779960632324219, 0.0002770423889160156, 0.0002791881561279297, 0.0002815723419189453, 0.0003216266632080078, 0.00028204917907714844, 0.00028395652770996094, 0.0002837181091308594, 0.00027561187744140625, 0.00028777122497558594, 0.0002887248992919922, 0.0002892017364501953, 0.0003046989440917969, 0.00028324127197265625, 0.0002925395965576172, 0.00029397010803222656, 0.0002949237823486328, 0.00029754638671875, 0.0003399848937988281, 0.00029850006103515625, 0.00030303001403808594, 0.00029969215393066406, 0.000301361083984375, 0.0003027915954589844, 0.00030493736267089844, 0.000331878662109375, 0.0002932548522949219, 0.0002980232238769531, 0.000308990478515625, 0.0003380775451660156, 0.0002999305725097656, 0.0003120899200439453, 0.0003132820129394531, 0.00031495094299316406, 0.00031566619873046875, 0.00031685829162597656, 0.0003402233123779297, 0.00032258033752441406, 0.0003230571746826172, 0.0003228187561035156, 0.0003254413604736328, 0.0003380775451660156, 0.0003275871276855469, 0.0003275871276855469, 0.0003299713134765625, 0.0003311634063720703, 0.00033211708068847656, 0.0003330707550048828, 0.00033354759216308594, 0.0003402233123779297, 0.00035071372985839844, 0.00033855438232421875, 0.0003399848937988281, 0.00033974647521972656, 0.0003407001495361328, 0.00034165382385253906, 0.0003447532653808594, 0.0003685951232910156, 0.0003459453582763672, 0.0003495216369628906, 0.0003497600555419922, 0.00035119056701660156, 0.0003542900085449219, 0.0003552436828613281, 0.0003578662872314453, 0.0003705024719238281, 0.00036025047302246094, 0.00036978721618652344, 0.00037932395935058594, 0.0005948543548583984],