{"config": {"preseeding": false, "sat-polarity": true, "sat-polarity-initial": false, "postpone_opt": false, "postpone_opt_incr": false, "postpone_opt_greedy": false, "grow": true, "grow_sat": false, "grow_subset_maximal": false, "grow_maxsat": true, "grow_maxsat_full_pos": false, "grow_maxsat_full_inv": false, "grow_maxsat_full_unif": false, "grow_maxsat_initial_pos": false, "grow_maxsat_initial_inv": false, "grow_maxsat_initial_unif": false, "grow_maxsat_actual_pos": false, "grow_maxsat_actual_unif": false, "grow_maxsat_actual_inv": true, "timeout": 7200, "instance": "origin-problem", "output": "/data/brussel/101/vsc10143/OUSResults/effectPreseeding/2021010818/20210108185449124644.json"}, "results": {"HS": [41, 16, 1, 8, 1, 5, 1, 1, 2, 6, 5, 4, 4, 37, 5, 2, 2, 28, 5, 5, 7, 4, 5, 6, 3, 15, 8, 7, 17, 8, 1, 2, 2, 3, 5, 7, 6, 8, 22, 15, 8, 6, 7, 2, 3, 2, 1, 3, 1, 3, 1, 2, 2, 3, 17, 6, 4, 2, 3, 2, 1, 1, 1, 1, 1, 9, 3, 11, 1, 1, 2, 5, 1, 7, 4, 19, 2, 6, 8, 16, 1, 9, 1, 1, 2, 1, 1, 2, 1, 3, 2, 1, 4, 13, 2, 10, 6, 6, 1, 1, 7, 3, 8, 1, 4, 2, 3, 1, 6, 1, 3, 4, 1, 4, 8, 1, 1, 1, 1, 1, 2, 11, 1, 1, 1], "HS_greedy": [0, 0, 0, 0, 0, 0, 0, 0, 0, 0, 0, 0, 0, 0, 0, 0, 0, 0, 0, 0, 0, 0, 0, 0, 0, 0, 0, 0, 0, 0, 0, 0, 0, 0, 0, 0, 0, 0, 0, 0, 0, 0, 0, 0, 0, 0, 0, 0, 0, 0, 0, 0, 0, 0, 0, 0, 0, 0, 0, 0, 0, 0, 0, 0, 0, 0, 0, 0, 0, 0, 0, 0, 0, 0, 0, 0, 0, 0, 0, 0, 0, 0, 0, 0, 0, 0, 0, 0, 0, 0, 0, 0, 0, 0, 0, 0, 0, 0, 0, 0, 0, 0, 0, 0, 0, 0, 0, 0, 0, 0, 0, 0, 0, 0, 0, 0, 0, 0, 0, 0, 0, 0, 0, 0, 0], "HS_incr": [0, 0, 0, 0, 0, 0, 0, 0, 0, 0, 0, 0, 0, 0, 0, 0, 0, 0, 0, 0, 0, 0, 0, 0, 0, 0, 0, 0, 0, 0, 0, 0, 0, 0, 0, 0, 0, 0, 0, 0, 0, 0, 0, 0, 0, 0, 0, 0, 0, 0, 0, 0, 0, 0, 0, 0, 0, 0, 0, 0, 0, 0, 0, 0, 0, 0, 0, 0, 0, 0, 0, 0, 0, 0, 0, 0, 0, 0, 0, 0, 0, 0, 0, 0, 0, 0, 0, 0, 0, 0, 0, 0, 0, 0, 0, 0, 0, 0, 0, 0, 0, 0, 0, 0, 0, 0, 0, 0, 0, 0, 0, 0, 0, 0, 0, 0, 0, 0, 0, 0, 0, 0, 0, 0, 0], "HS-opt-time": [0.10542798042297363, 0.25795769691467285, 0.030616044998168945, 0.2865433692932129, 0.026468992233276367, 0.09863543510437012, 0.04177522659301758, 0.04435920715332031, 0.07760763168334961, 0.313016414642334, 0.3253319263458252, 0.175184965133667, 0.28722500801086426, 10.349815607070923, 2.882251024246216, 0.13717937469482422, 0.1679821014404297, 12.531856060028076, 3.8299660682678223, 0.7746851444244385, 3.765385866165161, 3.3543951511383057, 5.256955146789551, 4.1307213306427, 1.8612287044525146, 17.10332703590393, 7.852003574371338, 2.3383898735046387, 19.21810793876648, 1.860398292541504, 0.16552376747131348, 0.6165096759796143, 0.41149449348449707, 1.1622474193572998, 1.2744147777557373, 1.2085981369018555, 1.0387277603149414, 3.2069005966186523, 4.319801092147827, 3.7590854167938232, 3.853785753250122, 3.0300352573394775, 2.059220314025879, 0.5893781185150146, 1.1951963901519775, 1.2713263034820557, 0.5776047706604004, 1.028449296951294, 0.5134921073913574, 0.7086620330810547, 0.33269691467285156, 0.5557677745819092, 0.6326072216033936, 1.1227483749389648, 11.747534275054932, 1.504439353942871, 1.5640928745269775, 0.7347836494445801, 1.2075188159942627, 0.9039435386657715, 0.3845524787902832, 0.4263308048248291, 0.3752632141113281, 0.37546491622924805, 0.35746026039123535, 3.8052937984466553, 0.7742247581481934, 3.5325069427490234, 0.3485910892486572, 0.28353357315063477, 0.6855566501617432, 1.4240856170654297, 0.34141087532043457, 2.425015687942505, 1.317474365234375, 11.07404899597168, 0.6950793266296387, 4.25852632522583, 2.61330509185791, 8.196756839752197, 0.5154666900634766, 4.248193979263306, 0.4574437141418457, 0.4551846981048584, 0.8951356410980225, 0.4204552173614502, 0.4081230163574219, 0.8005979061126709, 0.3717060089111328, 1.1637475490570068, 0.7032425403594971, 0.3699452877044678, 1.422327995300293, 5.191227674484253, 0.8317992687225342, 5.029060363769531, 2.512186050415039, 2.5810821056365967, 0.4256746768951416, 0.4014599323272705, 3.0692644119262695, 1.1715140342712402, 3.603684663772583, 0.4727144241333008, 1.692110300064087, 0.831787109375, 1.1782631874084473, 0.3832070827484131, 2.2217156887054443, 0.36281490325927734, 1.0409002304077148, 1.5193018913269043, 0.3774254322052002, 1.4471137523651123, 2.929067850112915, 0.4016072750091553, 0.3923802375793457, 0.4176595211029053, 0.4733552932739258, 0.47583556175231934, 0.8520653247833252, 4.808183908462524, 0.3598144054412842, 0.3571474552154541, 0.3932836055755615], "HS-postpone-time": [0, 0, 0, 0, 0, 0, 0, 0, 0, 0, 0, 0, 0, 0, 0, 0, 0, 0, 0, 0, 0, 0, 0, 0, 0, 0, 0, 0, 0, 0, 0, 0, 0, 0, 0, 0, 0, 0, 0, 0, 0, 0, 0, 0, 0, 0, 0, 0, 0, 0, 0, 0, 0, 0, 0, 0, 0, 0, 0, 0, 0, 0, 0, 0, 0, 0, 0, 0, 0, 0, 0, 0, 0, 0, 0, 0, 0, 0, 0, 0, 0, 0, 0, 0, 0, 0, 0, 0, 0, 0, 0, 0, 0, 0, 0, 0, 0, 0, 0, 0, 0, 0, 0, 0, 0, 0, 0, 0, 0, 0, 0, 0, 0, 0, 0, 0, 0, 0, 0, 0, 0, 0, 0, 0, 0], "SAT-time": [0.2016148567199707, 0.07585501670837402, 0.001893758773803711, 0.034310102462768555, 0.0019731521606445312, 0.01958775520324707, 0.001994609832763672, 0.0007951259613037109, 0.007446765899658203, 0.0248260498046875, 0.020815134048461914, 0.01541590690612793, 0.016484498977661133, 0.19991087913513184, 0.021079540252685547, 0.006226062774658203, 0.007958173751831055, 0.15652179718017578, 0.022504806518554688, 0.020869970321655273, 0.03381943702697754, 0.017318248748779297, 0.022937297821044922, 0.0285189151763916, 0.012189626693725586, 0.08362150192260742, 0.04125189781188965, 0.033573150634765625, 0.09710073471069336, 0.0415496826171875, 0.002184152603149414, 0.006518363952636719, 0.0075418949127197266, 0.011599063873291016, 0.023112773895263672, 0.03248023986816406, 0.029367685317993164, 0.04064750671386719, 0.12892627716064453, 0.08354377746582031, 0.041719675064086914, 0.028681516647338867, 0.03553462028503418, 0.006284475326538086, 0.012182235717773438, 0.006613254547119141, 0.0022258758544921875, 0.011402368545532227, 0.0021944046020507812, 0.010976076126098633, 0.0021941661834716797, 0.006474018096923828, 0.007308006286621094, 0.010810136795043945, 0.0949087142944336, 0.028121471405029297, 0.01821732521057129, 0.006386995315551758, 0.012221813201904297, 0.006625175476074219, 0.002300262451171875, 0.0008640289306640625, 0.0021865367889404297, 0.000911712646484375, 0.0022270679473876953, 0.044843196868896484, 0.011968851089477539, 0.05830836296081543, 0.0022263526916503906, 0.0008997917175292969, 0.007649421691894531, 0.02286553382873535, 0.002220630645751953, 0.03444957733154297, 0.0183713436126709, 0.10764884948730469, 0.007370471954345703, 0.028736114501953125, 0.043157100677490234, 0.0934751033782959, 0.002273082733154297, 0.04768085479736328, 0.0022127628326416016, 0.000919342041015625, 0.007799625396728516, 0.0009133815765380859, 0.0022313594818115234, 0.006597280502319336, 0.002294778823852539, 0.011600017547607422, 0.007513999938964844, 0.0008976459503173828, 0.018970727920532227, 0.07353854179382324, 0.007425785064697266, 0.054312705993652344, 0.02831721305847168, 0.029993057250976562, 0.0008716583251953125, 0.002220630645751953, 0.03435778617858887, 0.012632608413696289, 0.0419306755065918, 0.0023386478424072266, 0.017223834991455078, 0.00757288932800293, 0.011214017868041992, 0.0022940635681152344, 0.02917194366455078, 0.0023338794708251953, 0.011560678482055664, 0.019092559814453125, 0.0009210109710693359, 0.019326210021972656, 0.04154658317565918, 0.002240896224975586, 0.0009596347808837891, 0.0022919178009033203, 0.0008761882781982422, 0.002319812774658203, 0.006446123123168945, 0.062035322189331055, 0.0009431838989257812, 0.0023081302642822266, 0.0008680820465087891],