{"config": {"preseeding": false, "sat-polarity": true, "sat-polarity-initial": false, "postpone_opt": true, "postpone_opt_incr": false, "postpone_opt_greedy": true, "grow": true, "grow_sat": false, "grow_subset_maximal": false, "grow_maxsat": true, "grow_maxsat_full_pos": false, "grow_maxsat_full_inv": false, "grow_maxsat_full_unif": false, "grow_maxsat_initial_pos": false, "grow_maxsat_initial_inv": false, "grow_maxsat_initial_unif": false, "grow_maxsat_actual_pos": false, "grow_maxsat_actual_unif": false, "grow_maxsat_actual_inv": true, "timeout": 7200, "instance": "origin-problem", "output": "/data/brussel/101/vsc10143/OUSResults/effectPreseeding/2021010818/20210108185449124912.json"}, "results": {"HS": [4, 3, 3, 2, 2, 1, 2, 1, 1, 2, 1, 1, 1, 8, 1, 1, 2, 1, 2, 8, 3, 1, 4, 2, 1, 8, 3, 2, 1, 1, 1, 1, 1, 1, 1, 1, 1, 2, 2, 5, 1, 1, 1, 1, 1, 1, 1, 1, 1, 1, 1, 1, 1, 1, 1, 1, 2, 1, 1, 1, 1, 1, 1, 1, 1, 2, 1, 1, 1, 2, 1, 1, 1, 1, 1, 3, 1, 2, 2, 1, 1, 1, 1, 1, 1, 1, 1, 1, 1, 2, 1, 3, 1, 2, 1, 1, 1], "HS_greedy": [34, 31, 43, 42, 350, 0, 350, 0, 0, 275, 0, 0, 0, 383, 0, 0, 379, 0, 390, 333, 381, 0, 353, 322, 0, 334, 298, 355, 0, 0, 0, 0, 0, 0, 0, 0, 0, 280, 267, 428, 0, 0, 0, 0, 0, 0, 0, 0, 0, 0, 0, 0, 0, 0, 0, 0, 415, 0, 0, 0, 0, 0, 0, 0, 0, 207, 0, 0, 0, 151, 0, 0, 0, 0, 0, 78, 0, 209, 122, 0, 0, 0, 0, 0, 0, 0, 0, 0, 0, 58, 0, 34, 0, 48, 0, 0, 2], "HS_incr": [0, 0, 0, 0, 0, 0, 0, 0, 0, 0, 0, 0, 0, 0, 0, 0, 0, 0, 0, 0, 0, 0, 0, 0, 0, 0, 0, 0, 0, 0, 0, 0, 0, 0, 0, 0, 0, 0, 0, 0, 0, 0, 0, 0, 0, 0, 0, 0, 0, 0, 0, 0, 0, 0, 0, 0, 0, 0, 0, 0, 0, 0, 0, 0, 0, 0, 0, 0, 0, 0, 0, 0, 0, 0, 0, 0, 0, 0, 0, 0, 0, 0, 0, 0, 0, 0, 0, 0, 0, 0, 0, 0, 0, 0, 0, 0, 0], "HS-opt-time": [0.017923355102539062, 0.025792598724365234, 0.08195281028747559, 0.10081052780151367, 0.6575713157653809, 0.4568030834197998, 1.8235561847686768, 1.5235207080841064, 1.581294059753418, 4.202083110809326, 2.1784722805023193, 3.541684865951538, 2.9752321243286133, 74.5558545589447, 8.946902751922607, 10.964831352233887, 10.240452766418457, 5.64942193031311, 33.404465436935425, 175.35505437850952, 82.08539175987244, 30.644195079803467, 66.56174778938293, 56.654635429382324, 33.436355113983154, 248.72133469581604, 78.56976580619812, 27.139964818954468, 44.28572177886963, 12.582187414169312, 12.527177572250366, 12.666162014007568, 15.99183440208435, 14.855972528457642, 22.358773946762085, 13.153693437576294, 12.868825197219849, 33.57705473899841, 21.931581735610962, 30.67108702659607, 7.504115343093872, 6.946078062057495, 7.192699432373047, 6.375904083251953, 6.479975700378418, 7.393125295639038, 8.955156087875366, 8.828927516937256, 7.077069282531738, 8.744640827178955, 7.414763689041138, 7.616865873336792, 7.415013790130615, 6.642796993255615, 17.935091495513916, 16.545833349227905, 11.236508846282959, 7.235860347747803, 6.694116592407227, 5.525861740112305, 5.308257818222046, 5.3695526123046875, 7.106934547424316, 5.6687469482421875, 5.679492473602295, 12.902947664260864, 5.826426267623901, 5.7034385204315186, 5.788871765136719, 13.33554196357727, 7.1829328536987305, 6.579685688018799, 6.152875900268555, 6.1972901821136475, 6.648958206176758, 18.916194438934326, 5.460241317749023, 9.795670747756958, 11.440213918685913, 5.615192651748657, 5.547301292419434, 5.252128839492798, 4.99545693397522, 4.8979363441467285, 4.9499406814575195, 4.196710586547852, 4.391638517379761, 4.592612266540527, 4.53652024269104, 9.175533294677734, 4.390991687774658, 13.330570697784424, 5.3385913372039795, 9.423964262008667, 3.718323230743408, 3.728034019470215, 3.755465030670166], "HS-postpone-time": [0.023209095001220703, 0.019950151443481445, 0.034913063049316406, 0.033133506774902344, 1.7631783485412598, 0, 1.7251591682434082, 0, 0, 1.0397679805755615, 0, 0, 0, 1.9819178581237793, 0, 0, 1.91200590133667, 0, 1.9688918590545654, 1.4393374919891357, 2.0757899284362793, 0, 1.82328462600708, 1.434248447418213, 0, 1.530928134918213, 1.2232470512390137, 1.7879576683044434, 0, 0, 0, 0, 0, 0, 0, 0, 0, 0.9665794372558594, 0.8508052825927734, 2.20871901512146, 0, 0, 0, 0, 0, 0, 0, 0, 0, 0, 0, 0, 0, 0, 0, 0, 1.6982786655426025, 0, 0, 0, 0, 0, 0, 0, 0, 0.3629028797149658, 0, 0, 0, 0.191694974899292, 0, 0, 0, 0, 0, 0.052335262298583984, 0, 0.30608558654785156, 0.10898375511169434, 0, 0, 0, 0, 0, 0, 0, 0, 0, 0, 0.02667689323425293, 0, 0.010516881942749023, 0, 0.018208980560302734, 0, 0, 0.00017023086547851562], "SAT-time": [0.05277061462402344, 0.048329830169677734, 0.06659507751464844, 0.06497716903686523, 0.5359907150268555, 0.00048089027404785156, 0.5372219085693359, 0.0004944801330566406, 0.0014264583587646484, 0.43076586723327637, 0.0014469623565673828, 0.0004818439483642578, 0.0014462471008300781, 0.5938427448272705, 0.001734018325805664, 0.0005331039428710938, 0.611060619354248, 0.00048065185546875, 0.6325299739837646, 0.559112548828125, 0.829925537109375, 0.0006990432739257812, 0.8100852966308594, 0.7207863330841064, 0.001991748809814453, 0.7856400012969971, 0.7013382911682129, 0.8345649242401123, 0.0019621849060058594, 0.0007436275482177734, 0.0020449161529541016, 0.0007483959197998047, 0.0020585060119628906, 0.0007045269012451172, 0.0019974708557128906, 0.0007412433624267578, 0.002091646194458008, 0.6757545471191406, 0.6190750598907471, 0.9850602149963379, 0.001998424530029297, 0.0007417201995849609, 0.002035379409790039, 0.0008137226104736328, 0.002069711685180664, 0.0007557868957519531, 0.002061128616333008, 0.0006988048553466797, 0.002071380615234375, 0.0007207393646240234, 0.0021262168884277344, 0.0007886886596679688, 0.002044200897216797, 0.0007789134979248047, 0.0020852088928222656, 0.0007505416870117188, 0.9893252849578857, 0.0007760524749755859, 0.002049684524536133, 0.0007889270782470703, 0.002051830291748047, 0.0007462501525878906, 0.002069234848022461, 0.0007874965667724609, 0.0022020339965820312, 0.498354434967041, 0.002169370651245117, 0.0008013248443603516, 0.0022258758544921875, 0.3650965690612793, 0.00218963623046875, 0.0007996559143066406, 0.0021958351135253906, 0.0008273124694824219, 0.0021347999572753906, 0.1876509189605713, 0.00213623046875, 0.5258851051330566, 0.30254054069519043, 0.0007965564727783203, 0.0021817684173583984, 0.0008170604705810547, 0.002119779586791992, 0.0007801055908203125, 0.002177000045776367, 0.0007669925689697266, 0.0022242069244384766, 0.0007915496826171875, 0.002160310745239258, 0.14420676231384277, 0.0021820068359375, 0.08448314666748047, 0.002231121063232422, 0.1229245662689209, 0.0021514892578125, 0.0008418560028076172, 0.009297847747802734], "grow-time": [2.6737170219421387, 2.4530961513519287, 3.458681344985962, 3.492443799972534, 31.515234231948853, 0, 40.27244257926941, 0, 0, 28.061686038970947, 0, 0, 0, 72.07119607925415, 0, 0, 84.63115978240967, 0, 65.16240286827087, 561.4852924346924, 110.17621684074402, 0, 84.3138599395752, 60.68863105773926, 0, 203.0492823123932, 102.71994543075562, 123.7144615650177, 0, 0, 0, 0, 0, 0, 0, 0, 0, 118.69408011436462, 151.32415533065796, 1070.4799585342407, 0, 0, 0, 0, 0, 0, 0, 0, 0, 0, 0, 0, 0, 0, 0, 0, 596.4072816371918, 0, 0, 0, 0, 0, 0, 0, 0, 745.6053810119629, 0, 0, 0, 150.56316828727722, 0, 0, 0, 0, 0, 40.23761487007141, 0, 235.25461101531982, 138.10007858276367, 0, 0, 0, 0, 0, 0, 0, 0, 0, 0, 202.05807971954346, 0, 111.57522511482239, 0, 350.18895530700684, 0, 0, 0.18161416053771973], "#expl": 96, "expl_seq": [{"constraints": [1696], "derived": [-27]}, {"constraints": [1690], "derived": [-15, -14]}, {"constraints": [1694], "derived": [-100]}, {"constraints": [1689], "derived": [-104]}, {"constraints": [1687], "derived": [5]}, {"constraints": [5, 151], "derived": [-20, -10, -25]}, {"constraints": [153, 5], "derived": [-4, -3, -1, -2]}, {"constraints": [5, 179, -27], "derived": [-97]}, {"constraints": [180, -100, 5], "derived": [-30]}, {"constraints": [-27, 1693], "derived": [-52]}, {"constraints": [176, -52, 5], "derived": [-122]}, {"constraints": [-15, 1694], "derived": [-95]}, {"constraints": [-14, 1694],