{"config": {"preseeding": true, "sat-polarity": false, "sat-polarity-initial": true, "postpone_opt": true, "postpone_opt_incr": true, "postpone_opt_greedy": false, "grow": true, "grow_sat": false, "grow_subset_maximal": false, "grow_maxsat": true, "grow_maxsat_full_pos": false, "grow_maxsat_full_inv": false, "grow_maxsat_full_unif": false, "grow_maxsat_initial_pos": false, "grow_maxsat_initial_inv": false, "grow_maxsat_initial_unif": false, "grow_maxsat_actual_pos": false, "grow_maxsat_actual_unif": true, "grow_maxsat_actual_inv": false, "timeout": 7200, "instance": "origin-problem", "output": "/data/brussel/101/vsc10143/OUSResults/effectPreseeding/2021010820/20210108205849074974.json"}, "results": {"HS": [9, 4, 1, 1, 2, 2, 4, 1, 1, 1, 5, 3, 2, 18, 4, 5, 2, 6, 2, 1, 2, 8, 1, 5, 3, 15, 2, 4, 12, 1, 1, 2, 1, 1, 3, 1, 3, 5, 5, 3, 3, 1, 1, 1, 2, 1, 1, 2, 1, 1, 1, 3, 1, 1, 3, 3, 1, 2, 5, 4, 1, 2, 1, 8, 3, 2, 1, 1, 1, 1, 2, 1, 10, 3, 1, 1, 1, 1, 1, 1, 2, 1, 3, 1, 1, 1, 3, 5, 1, 5, 2, 3, 1, 1, 1, 2, 5, 1, 3, 1, 1, 3, 2, 1, 2, 4, 1, 2, 5, 1, 1, 1, 1, 1, 1, 1, 1, 1, 1], "HS_greedy": [0, 0, 0, 0, 0, 0, 0, 0, 0, 0, 0, 0, 0, 0, 0, 0, 0, 0, 0, 0, 0, 0, 0, 0, 0, 0, 0, 0, 0, 0, 0, 0, 0, 0, 0, 0, 0, 0, 0, 0, 0, 0, 0, 0, 0, 0, 0, 0, 0, 0, 0, 0, 0, 0, 0, 0, 0, 0, 0, 0, 0, 0, 0, 0, 0, 0, 0, 0, 0, 0, 0, 0, 0, 0, 0, 0, 0, 0, 0, 0, 0, 0, 0, 0, 0, 0, 0, 0, 0, 0, 0, 0, 0, 0, 0, 0, 0, 0, 0, 0, 0, 0, 0, 0, 0, 0, 0, 0, 0, 0, 0, 0, 0, 0, 0, 0, 0, 0, 0], "HS_incr": [118, 23, 0, 0, 13, 25, 46, 0, 0, 0, 67, 18, 8, 146, 30, 52, 11, 59, 4, 0, 3, 66, 0, 13, 19, 69, 4, 17, 79, 0, 0, 10, 0, 0, 14, 0, 18, 30, 34, 6, 11, 0, 0, 0, 3, 0, 0, 9, 0, 0, 0, 10, 0, 0, 17, 7, 0, 10, 20, 15, 0, 6, 0, 21, 6, 7, 0, 0, 0, 0, 4, 0, 22, 6, 0, 0, 0, 0, 0, 0, 1, 0, 12, 0, 0, 0, 11, 18, 0, 13, 2, 5, 0, 0, 0, 3, 8, 0, 7, 0, 0, 5, 7, 0, 7, 16, 0, 6, 9, 0, 0, 0, 0, 0, 0, 0, 0, 0, 0], "HS-opt-time": [0.32172489166259766, 0.7050392627716064, 0.19054245948791504, 0.1934373378753662, 0.3955419063568115, 0.23920845985412598, 0.5206270217895508, 0.2863154411315918, 0.27596545219421387, 0.33736681938171387, 1.7645869255065918, 0.8032546043395996, 0.8489816188812256, 30.70724081993103, 6.076272487640381, 12.766777992248535, 5.1730735301971436, 27.30714440345764, 12.828571557998657, 1.3816602230072021, 2.8506815433502197, 31.331046104431152, 6.687680006027222, 28.14805269241333, 15.208319902420044, 81.83892130851746, 10.917277812957764, 14.023799419403076, 96.2921371459961, 2.852712631225586, 2.1601688861846924, 5.258561372756958, 3.365743398666382, 2.4132087230682373, 12.383749723434448, 3.440117835998535, 6.25628137588501, 14.870770454406738, 14.038856267929077, 7.746672868728638, 14.026388883590698, 3.260641098022461, 3.172025680541992, 3.4143166542053223, 5.8207032680511475, 4.089813470840454, 3.8974809646606445, 6.678340435028076, 3.754035472869873, 3.5886361598968506, 4.052960395812988, 8.89911413192749, 3.5188889503479004, 3.6503634452819824, 9.551172494888306, 8.450323343276978, 3.1866207122802734, 6.297825813293457, 15.7806236743927, 14.79294490814209, 4.317628383636475, 7.32046365737915, 3.2814505100250244, 36.42902755737305, 8.429952144622803, 6.211130380630493, 4.549572229385376, 2.8243954181671143, 2.98024320602417, 3.3107454776763916, 10.216390371322632, 2.979538679122925, 32.09907817840576, 9.182547807693481, 2.900926351547241, 3.005019426345825, 3.075251340866089, 2.5896098613739014, 2.7471694946289062, 2.946597099304199, 5.837728261947632, 3.0545952320098877, 8.40858006477356, 3.126809597015381, 2.864699602127075, 2.8613147735595703, 8.206473112106323, 14.350995779037476, 3.177124500274658, 17.482149362564087, 5.514386415481567, 8.97800064086914, 2.867751359939575, 2.85693359375, 2.845116138458252, 5.881044387817383, 15.043662786483765, 3.327202558517456, 9.608310222625732, 2.8323724269866943, 2.826652765274048, 8.544761180877686, 5.618032693862915, 2.876372814178467, 5.605866432189941, 12.539229154586792, 2.9959518909454346, 5.9764628410339355, 16.117465019226074, 3.1835172176361084, 3.3302488327026367, 4.475203275680542, 3.200143814086914, 3.296783447265625, 2.9641804695129395, 3.334951162338257, 2.996354818344116, 2.813938617706299, 2.876351833343506], "HS-postpone-time": [0.004197120666503906, 0.0007853507995605469, 0, 0, 0.0004711151123046875, 0.0009591579437255859, 0.0016758441925048828, 0, 0, 0, 0.0028603076934814453, 0.0006372928619384766, 0.0002696514129638672, 0.005693912506103516, 0.0012423992156982422, 0.002044677734375, 0.00046062469482421875, 0.002351522445678711, 0.0001671314239501953, 0, 0.00012111663818359375, 0.002557992935180664, 0, 0.00052642822265625, 0.0007312297821044922, 0.0026590824127197266, 0.00017118453979492188, 0.0006840229034423828, 0.0031614303588867188, 0, 0, 0.00039577484130859375, 0, 0, 0.0005867481231689453, 0, 0.0006508827209472656, 0.0010960102081298828, 0.001276254653930664, 0.00019216537475585938, 0.0003991127014160156, 0, 0, 0, 9.632110595703125e-05, 0, 0, 0.00033354759216308594, 0, 0, 0, 0.0003447532653808594, 0, 0, 0.0005998611450195312, 0.00022125244140625, 0, 0.00032067298889160156, 0.0006048679351806641, 0.0004994869232177734, 0, 0.0001900196075439453, 0, 0.0006706714630126953, 0.0001785755157470703, 0.00020694732666015625, 0, 0, 0, 0, 0.0001266002655029297, 0, 0.0006139278411865234, 0.00017261505126953125, 0, 0, 0, 0, 0, 0, 2.574920654296875e-05, 0, 0.0003666877746582031, 0, 0, 0, 0.0003223419189453125, 0.0005261898040771484, 0, 0.0003612041473388672, 4.291534423828125e-05, 0.0001480579376220703, 0, 0, 0, 8.487701416015625e-05, 0.00021028518676757812, 0, 0.00020122528076171875, 0, 0, 0.00012993812561035156, 0.00018715858459472656, 0, 0.00019407272338867188, 0.0004401206970214844, 0, 0.00014972686767578125, 0.00021696090698242188, 0, 0, 0, 0, 0, 0, 0, 0, 0, 0],