{"config": {"preseeding": true, "sat-polarity": false, "sat-polarity-initial": false, "postpone_opt": false, "postpone_opt_incr": false, "postpone_opt_greedy": false, "grow": true, "grow_sat": false, "grow_subset_maximal": false, "grow_maxsat": true, "grow_maxsat_full_pos": false, "grow_maxsat_full_inv": false, "grow_maxsat_full_unif": false, "grow_maxsat_initial_pos": false, "grow_maxsat_initial_inv": false, "grow_maxsat_initial_unif": false, "grow_maxsat_actual_pos": false, "grow_maxsat_actual_unif": false, "grow_maxsat_actual_inv": true, "timeout": 7200, "instance": "origin-problem", "output": "/data/brussel/101/vsc10143/OUSResults/effectPreseeding/2021010819/20210108190425373471.json"}, "results": {"HS": [5, 9, 7, 3, 6, 4, 9, 1, 1, 9, 5, 3, 1, 39, 4, 8, 4, 1, 18, 6, 8, 7, 12, 3, 4, 10, 8, 7, 15, 5, 1, 2, 2, 4, 3, 11, 8, 11, 19, 16, 7, 4, 1, 2, 2, 8, 2, 1, 2, 3, 1, 1, 4, 2, 19, 5, 1, 1, 1, 1, 1, 1, 5, 2, 13, 4, 1, 1, 1, 1, 2, 7, 15, 5, 18, 1, 2, 3, 3, 2, 1, 1, 2, 2, 2, 2, 2, 2, 1, 4, 9, 3, 18, 2, 7, 8, 4, 1, 9, 3, 10, 1, 2, 2, 2, 1, 6, 1, 2, 8, 1, 1, 5, 4, 1, 1, 1, 1, 1, 16, 1, 1, 1], "HS_greedy": [0, 0, 0, 0, 0, 0, 0, 0, 0, 0, 0, 0, 0, 0, 0, 0, 0, 0, 0, 0, 0, 0, 0, 0, 0, 0, 0, 0, 0, 0, 0, 0, 0, 0, 0, 0, 0, 0, 0, 0, 0, 0, 0, 0, 0, 0, 0, 0, 0, 0, 0, 0, 0, 0, 0, 0, 0, 0, 0, 0, 0, 0, 0, 0, 0, 0, 0, 0, 0, 0, 0, 0, 0, 0, 0, 0, 0, 0, 0, 0, 0, 0, 0, 0, 0, 0, 0, 0, 0, 0, 0, 0, 0, 0, 0, 0, 0, 0, 0, 0, 0, 0, 0, 0, 0, 0, 0, 0, 0, 0, 0, 0, 0, 0, 0, 0, 0, 0, 0, 0, 0, 0, 0], "HS_incr": [0, 0, 0, 0, 0, 0, 0, 0, 0, 0, 0, 0, 0, 0, 0, 0, 0, 0, 0, 0, 0, 0, 0, 0, 0, 0, 0, 0, 0, 0, 0, 0, 0, 0, 0, 0, 0, 0, 0, 0, 0, 0, 0, 0, 0, 0, 0, 0, 0, 0, 0, 0, 0, 0, 0, 0, 0, 0, 0, 0, 0, 0, 0, 0, 0, 0, 0, 0, 0, 0, 0, 0, 0, 0, 0, 0, 0, 0, 0, 0, 0, 0, 0, 0, 0, 0, 0, 0, 0, 0, 0, 0, 0, 0, 0, 0, 0, 0, 0, 0, 0, 0, 0, 0, 0, 0, 0, 0, 0, 0, 0, 0, 0, 0, 0, 0, 0, 0, 0, 0, 0, 0, 0], "HS-opt-time": [0.026519298553466797, 0.08503317832946777, 0.13895249366760254, 0.05931448936462402, 0.12325119972229004, 0.08597397804260254, 0.17271661758422852, 0.0416259765625, 0.042925119400024414, 0.5449588298797607, 0.35430908203125, 0.09352278709411621, 0.061389923095703125, 9.423983812332153, 0.639240026473999, 4.326705455780029, 0.2263166904449463, 0.07042646408081055, 8.242748975753784, 3.74668025970459, 4.203646898269653, 5.270663261413574, 9.366165161132812, 2.246544599533081, 3.1812305450439453, 9.677909135818481, 10.250805139541626, 1.6904895305633545, 16.32848334312439, 0.7855002880096436, 0.1508955955505371, 0.4270467758178711, 0.3763718605041504, 1.158174991607666, 0.4155607223510742, 2.275648355484009, 1.3151230812072754, 3.198038339614868, 2.9538803100585938, 2.9226036071777344, 2.283357858657837, 0.7058289051055908, 0.29068779945373535, 1.5857055187225342, 0.4267313480377197, 2.0900959968566895, 0.680347204208374, 0.3673520088195801, 0.6630642414093018, 0.8934304714202881, 0.4764285087585449, 0.3940000534057617, 1.2747855186462402, 0.5312459468841553, 12.367724180221558, 0.9585528373718262, 0.3628854751586914, 0.38167643547058105, 0.4788346290588379, 0.3064115047454834, 0.26770830154418945, 0.2893829345703125, 2.160870313644409, 0.43585681915283203, 3.313366651535034, 1.0259182453155518, 0.2739260196685791, 0.266355037689209, 0.27898311614990234, 0.2614476680755615, 0.5097997188568115, 1.7250936031341553, 6.947645425796509, 1.2571349143981934, 6.050476551055908, 0.37019801139831543, 0.5876402854919434, 1.0528757572174072, 0.9086108207702637, 0.5833947658538818, 0.3006558418273926, 0.27333688735961914, 0.5530350208282471, 0.4571566581726074, 0.5811202526092529, 0.46428537368774414, 0.4625074863433838, 0.4898252487182617, 0.27240538597106934, 0.9656198024749756, 2.436033248901367, 0.7930376529693604, 7.173113822937012, 0.5711166858673096, 2.1817493438720703, 2.5519182682037354, 1.3568241596221924, 0.3552680015563965, 3.0991504192352295, 0.8677635192871094, 3.2227261066436768, 0.3161768913269043, 0.6590397357940674, 0.6481444835662842, 0.5244512557983398, 0.2569427490234375, 1.6970255374908447, 0.26795458793640137, 0.5159800052642822, 2.257558584213257, 0.28787732124328613, 0.30498218536376953, 1.419632911682129, 1.1517136096954346, 0.2840578556060791, 0.35475921630859375, 0.28644418716430664, 0.3848292827606201, 0.2730894088745117, 5.219150543212891, 0.24459242820739746, 0.24861717224121094, 0.25107407569885254], "HS-postpone-time": [0, 0, 0, 0, 0, 0, 0, 0, 0, 0, 0, 0, 0, 0, 0, 0, 0, 0, 0, 0, 0, 0, 0, 0, 0, 0, 0, 0, 0, 0, 0, 0, 0, 0, 0, 0, 0, 0, 0, 0, 0, 0, 0, 0, 0, 0, 0, 0, 0, 0, 0, 0, 0, 0, 0, 0, 0, 0, 0, 0, 0, 0, 0, 0, 0, 0, 0, 0, 0, 0, 0, 0, 0, 0, 0, 0, 0, 0, 0, 0, 0, 0, 0, 0, 0, 0, 0, 0, 0, 0, 0, 0, 0, 0, 0, 0, 0, 0, 0, 0, 0, 0, 0, 0, 0, 0, 0, 0, 0, 0, 0, 0, 0, 0, 0, 0, 0, 0, 0, 0, 0, 0, 0], "SAT-time": [0.015915393829345703, 0.02654123306274414, 0.021701812744140625, 0.006745815277099609, 0.01900005340576172, 0.009803533554077148, 0.030630111694335938, 0.0006241798400878906, 0.0018475055694580078, 0.030228614807128906, 0.016045093536376953, 0.007318973541259766, 0.0017843246459960938, 0.15149211883544922, 0.012986898422241211, 0.027965307235717773, 0.012432336807250977, 0.0006775856018066406, 0.07055425643920898, 0.0200655460357666, 0.029516935348510742, 0.02546072006225586, 0.0478971004486084, 0.008393287658691406, 0.013422012329101562, 0.039250850677490234, 0.030866622924804688, 0.02480149269104004, 0.0610201358795166, 0.016724824905395508, 0.002026796340942383, 0.0042552947998046875, 0.005282402038574219, 0.012164831161499023, 0.010098695755004883, 0.04225611686706543, 0.03101968765258789, 0.04229092597961426, 0.08083581924438477, 0.06348562240600586, 0.028045177459716797, 0.012629032135009766, 0.0021109580993652344, 0.004228115081787109, 0.005590677261352539, 0.030641794204711914, 0.005574703216552734, 0.0007288455963134766, 0.005372285842895508, 0.009018182754516602, 0.0020301342010498047, 0.0007638931274414062, 0.014068603515625, 0.004783153533935547, 0.08211541175842285, 0.018296480178833008, 0.002047300338745117, 0.0007381439208984375, 0.0020372867584228516, 0.0007712841033935547, 0.002111673355102539, 0.0007388591766357422, 0.0195767879486084, 0.004705667495727539, 0.05231976509094238, 0.01353001594543457, 0.002050638198852539, 0.0007410049438476562, 0.002003192901611328, 0.0007953643798828125, 0.005865573883056641, 0.027052879333496094, 0.06298518180847168, 0.017823457717895508, 0.0780935287475586, 0.0007374286651611328, 0.0061109066009521484, 0.00926971435546875, 0.010027647018432617, 0.004579305648803711, 0.002200603485107422, 0.0007882118225097656, 0.006131887435913086, 0.004469871520996094, 0.005791187286376953, 0.004709720611572266, 0.005837678909301758, 0.004522085189819336, 0.002156972885131836, 0.013347387313842773, 0.03858470916748047, 0.009009122848510742, 0.08115053176879883, 0.0048007965087890625, 0.02788257598876953, 0.03115224838256836, 0.014791727066040039, 0.0008170604705810547, 0.037320852279663086, 0.009167194366455078, 0.04060173034667969, 0.0008015632629394531, 0.005521535873413086, 0.004797458648681641, 0.006098747253417969, 0.0008091926574707031, 0.023764610290527344, 0.0007636547088623047, 0.0059087276458740234, 0.03185081481933594, 0.0022711753845214844, 0.000797271728515625, 0.020341157913208008, 0.013632774353027344, 0.0021033287048339844, 0.0007772445678710938, 0.0022497177124023438, 0.0007605552673339844, 0.0021576881408691406, 0.0675039291381836, 0.0021767616271972656, 0.0008172988891601562, 0.0021741390228271484],