{"config": {"preseeding": true, "sat-polarity": false, "sat-polarity-initial": true, "postpone_opt": true, "postpone_opt_incr": true, "postpone_opt_greedy": true, "grow": true, "grow_sat": false, "grow_subset_maximal": false, "grow_maxsat": true, "grow_maxsat_full_pos": false, "grow_maxsat_full_inv": false, "grow_maxsat_full_unif": false, "grow_maxsat_initial_pos": false, "grow_maxsat_initial_inv": false, "grow_maxsat_initial_unif": false, "grow_maxsat_actual_pos": false, "grow_maxsat_actual_unif": true, "grow_maxsat_actual_inv": false, "timeout": 7200, "instance": "origin-problem", "output": "/data/brussel/101/vsc10143/OUSResults/effectPreseeding/2021010820/20210108205849075253.json"}, "results": {"HS": [2, 2, 1, 1, 1, 2, 1, 1, 1, 1, 1, 1, 1, 6, 1, 1, 4, 1, 2, 2, 1, 2, 1, 1, 2, 1, 1, 2, 1, 1, 1, 1, 1, 1, 1, 1, 1, 2, 1, 1, 1, 1, 1, 1, 1, 1, 1, 1, 1, 1, 1, 2, 1, 1, 1, 1, 1, 1, 1, 1, 1, 1, 1, 1, 2, 1, 1, 1, 1, 1, 1, 1, 1, 1, 1, 1, 1, 1, 1, 1, 1, 1, 1, 1, 2, 1, 1, 2, 1, 1, 1, 1, 1, 1, 1, 2, 1, 1, 1, 1, 1, 1, 2, 1, 1, 1, 1, 1, 1, 1, 2, 1, 1, 1, 1, 1, 1], "HS_greedy": [11, 12, 0, 0, 0, 25, 0, 0, 0, 0, 0, 0, 0, 61, 0, 0, 81, 0, 92, 99, 0, 66, 0, 0, 60, 0, 0, 66, 0, 0, 0, 0, 0, 0, 0, 0, 0, 83, 0, 0, 0, 0, 0, 0, 0, 0, 0, 0, 0, 0, 0, 61, 0, 0, 0, 0, 0, 0, 0, 0, 0, 0, 0, 0, 59, 0, 0, 0, 0, 0, 0, 0, 0, 0, 0, 0, 0, 0, 0, 0, 0, 0, 0, 0, 25, 0, 0, 23, 0, 0, 0, 0, 0, 0, 0, 22, 0, 0, 0, 0, 0, 0, 10, 0, 0, 0, 0, 0, 0, 0, 56, 0, 0, 0, 0, 0, 0], "HS_incr": [255, 225, 0, 0, 0, 603, 0, 0, 0, 0, 0, 0, 0, 1529, 0, 0, 2016, 0, 2244, 2517, 0, 1605, 0, 0, 1402, 0, 0, 1451, 0, 0, 0, 0, 0, 0, 0, 0, 0, 1488, 0, 0, 0, 0, 0, 0, 0, 0, 0, 0, 0, 0, 0, 919, 0, 0, 0, 0, 0, 0, 0, 0, 0, 0, 0, 0, 780, 0, 0, 0, 0, 0, 0, 0, 0, 0, 0, 0, 0, 0, 0, 0, 0, 0, 0, 0, 246, 0, 0, 216, 0, 0, 0, 0, 0, 0, 0, 121, 0, 0, 0, 0, 0, 0, 44, 0, 0, 0, 0, 0, 0, 0, 238, 0, 0, 0, 0, 0, 0], "HS-opt-time": [0.24748945236206055, 1.108724594116211, 0.9162197113037109, 1.0554473400115967, 0.7760257720947266, 6.584866762161255, 6.2080771923065186, 6.178078889846802, 6.285968065261841, 6.21377420425415, 6.490698337554932, 5.834852457046509, 6.461071729660034, 159.1062204837799, 9.6854248046875, 8.638494729995728, 151.63514852523804, 51.39930820465088, 153.9411644935608, 136.3513743877411, 127.21393203735352, 53.8537323474884, 162.45644307136536, 140.40189599990845, 314.9571182727814, 146.12611269950867, 150.7131543159485, 82.18968296051025, 153.62533378601074, 23.435484647750854, 21.733057975769043, 30.074456691741943, 39.260655641555786, 39.5107262134552, 19.806673288345337, 31.158661603927612, 20.40337324142456, 140.41497945785522, 33.037097454071045, 31.257224082946777, 35.65516686439514, 34.67293977737427, 33.80512857437134, 25.802226305007935, 27.27460813522339, 25.63924288749695, 27.53193950653076, 27.155892610549927, 48.26719641685486, 48.75459671020508, 31.14114999771118, 116.7693076133728, 24.490583419799805, 24.474342107772827, 20.595195531845093, 19.052420377731323, 19.134942054748535, 20.79143524169922, 21.781434059143066, 16.084423542022705, 17.657855987548828, 18.74818515777588, 16.355168104171753, 16.19002342224121, 28.89918351173401, 19.362133026123047, 19.045105457305908, 19.593650579452515, 19.005337238311768, 18.670262813568115, 18.573237657546997, 14.073315858840942, 16.71749520301819, 15.611227035522461, 15.24198865890503, 18.91203784942627, 16.79482078552246, 17.68262004852295, 15.003089904785156, 14.606247186660767, 14.013521909713745, 13.753932237625122, 13.841017007827759, 14.413976192474365, 23.283798933029175, 17.64685821533203, 15.987148523330688, 35.23650860786438, 14.991081953048706, 17.88856792449951, 15.486473798751831, 14.25629711151123, 15.157313108444214, 14.026699781417847, 13.198097467422485, 21.940351963043213, 9.498370170593262, 9.52873945236206, 9.347840547561646, 9.319078922271729, 9.302365779876709, 9.22118616104126, 18.92929744720459, 16.099374532699585, 14.038459777832031, 14.963010549545288, 15.535027980804443, 15.719852209091187, 15.157727718353271, 14.681901454925537, 20.786144971847534, 9.4993736743927, 9.426820993423462, 9.393188238143921, 9.369112014770508, 9.396700143814087, 9.858660459518433], "HS-postpone-time": [0.05724477767944336, 0.06128096580505371, 0, 0, 0, 0.2608163356781006, 0, 0, 0, 0, 0, 0, 0, 1.5779054164886475, 0, 0, 2.7168428897857666, 0, 3.020116090774536, 3.8823859691619873, 0, 1.5217523574829102, 0, 0, 1.0842013359069824, 0, 0, 1.331247091293335, 0, 0, 0, 0, 0, 0, 0, 0, 0, 1.4934754371643066, 0, 0, 0, 0, 0, 0, 0, 0, 0, 0, 0, 0, 0, 0.5227952003479004, 0, 0, 0, 0, 0, 0, 0, 0, 0, 0, 0, 0, 0.3384988307952881, 0, 0, 0, 0, 0, 0, 0, 0, 0, 0, 0, 0, 0, 0, 0, 0, 0, 0, 0, 0.037972450256347656, 0, 0, 0.029814720153808594, 0, 0, 0, 0, 0, 0, 0, 0.014842987060546875, 0, 0, 0, 0, 0, 0, 0.0032219886779785156, 0, 0, 0, 0, 0, 0, 0, 0.04495501518249512, 0, 0, 0, 0, 0, 0], "SAT-time": [0.9992265701293945, 0.8534655570983887, 0.0018353462219238281, 0.0007970333099365234, 0.0020096302032470703, 2.4476754665374756, 0.0020978450775146484, 0.0007536411285400391, 0.0020682811737060547, 0.0008370876312255859, 0.0020399093627929688, 0.0008068084716796875, 0.002074718475341797, 6.564850330352783, 0.0022308826446533203, 0.0009055137634277344, 8.356151103973389, 0.0009360313415527344, 9.192950010299683, 10.36060643196106, 0.0022411346435546875, 6.729384183883667, 0.003055095672607422, 0.0009653568267822266, 5.780968427658081, 0.0008528232574462891, 0.002329587936401367, 6.0889599323272705, 0.002298116683959961, 0.0009903907775878906, 0.00244903564453125, 0.0009865760803222656, 0.002328157424926758, 0.0009169578552246094, 0.002523660659790039, 0.000911712646484375, 0.002485990524291992, 6.1090004444122314, 0.0008440017700195312, 0.002572298049926758, 0.001001596450805664, 0.0024271011352539062, 0.0008826255798339844, 0.0023527145385742188, 0.0008721351623535156, 0.0022487640380859375, 0.0008671283721923828, 0.0022313594818115234, 0.0008714199066162109, 0.0023505687713623047, 0.0008490085601806641, 3.2530534267425537, 0.0008835792541503906, 0.002318859100341797, 0.0008862018585205078, 0.0023491382598876953, 0.0009391307830810547, 0.0023775100708007812, 0.0009691715240478516, 0.0024480819702148438, 0.0010218620300292969, 0.0023894309997558594, 0.0010230541229248047, 0.0024623870849609375, 2.776322603225708, 0.0024449825286865234, 0.0009829998016357422, 0.0009925365447998047, 0.0024878978729248047, 0.0010344982147216797, 0.002506256103515625, 0.0010848045349121094, 0.0025017261505126953, 0.0009601116180419922, 0.0024962425231933594, 0.0010309219360351562, 0.002483367919921875, 0.0010538101196289062, 0.0010080337524414062, 0.0025725364685058594, 0.0010037422180175781, 0.0023806095123291016, 0.0009801387786865234, 0.0024595260620117188, 0.7991647720336914, 0.002573251724243164, 0.0010917186737060547, 0.7085683345794678, 0.0010709762573242188, 0.0011150836944580078, 0.0026137828826904297, 0.001125335693359375, 0.001125335693359375, 0.002560138702392578, 0.0010838508605957031, 0.38493871688842773, 0.0011696815490722656, 0.002620220184326172, 0.0011887550354003906, 0.002588033676147461, 0.0011715888977050781, 0.002606630325317383, 0.1369478702545166, 0.0026373863220214844, 0.0011551380157470703, 0.002653360366821289, 0.0011124610900878906, 0.0026645660400390625, 0.0011649131774902344, 0.002604246139526367, 0.7437429428100586, 0.0026733875274658203, 0.001131296157836914, 0.002628803253173828, 0.00115966796875, 0.001142740249633789, 0.002714395523071289],