{"config": {"preseeding": true, "sat-polarity": false, "sat-polarity-initial": false, "postpone_opt": true, "postpone_opt_incr": true, "postpone_opt_greedy": true, "grow": true, "grow_sat": false, "grow_subset_maximal": false, "grow_maxsat": true, "grow_maxsat_full_pos": false, "grow_maxsat_full_inv": false, "grow_maxsat_full_unif": false, "grow_maxsat_initial_pos": false, "grow_maxsat_initial_inv": true, "grow_maxsat_initial_unif": false, "grow_maxsat_actual_pos": false, "grow_maxsat_actual_unif": false, "grow_maxsat_actual_inv": false, "timeout": 7200, "instance": "origin-problem", "output": "/data/brussel/101/vsc10143/OUSResults/effectPreseeding/2021010819/20210108190425374031.json"}, "results": {"HS": [2, 1, 2, 1, 1, 1, 1, 1, 1, 1, 1, 1, 2, 2, 1, 1, 1, 2, 3, 1, 1, 2, 1, 1, 3, 1, 1, 2, 10, 1, 1, 1, 1, 13], "HS_greedy": [19, 0, 12, 0, 0, 0, 0, 0, 0, 0, 0, 0, 56, 52, 0, 0, 0, 72, 67, 0, 0, 58, 0, 0, 39, 0, 0, 51, 41, 0, 0, 0, 0, 64], "HS_incr": [537, 0, 299, 0, 0, 0, 0, 0, 0, 0, 0, 0, 1698, 1679, 0, 0, 0, 2257, 2007, 0, 0, 1730, 0, 0, 1167, 0, 0, 1546, 1009, 0, 0, 0, 0, 1617], "HS-opt-time": [0.9733297824859619, 0.9303524494171143, 2.815622329711914, 2.477058172225952, 2.6730082035064697, 3.159609794616699, 2.698019504547119, 2.6235365867614746, 2.4553821086883545, 3.0842087268829346, 3.0929651260375977, 3.195665121078491, 9.1676926612854, 65.5268177986145, 5.329090595245361, 3.6001052856445312, 37.115607500076294, 104.014652967453, 206.01603269577026, 28.562522411346436, 54.205018043518066, 94.63695859909058, 103.33148646354675, 112.93182301521301, 198.9097511768341, 104.77161431312561, 117.39559650421143, 41.15974521636963, 1048.2683672904968, 28.650373697280884, 19.76153063774109, 26.138470888137817, 52.00504159927368, 243.77533626556396], "HS-postpone-time": [0.15896844863891602, 0, 0.0651097297668457, 0, 0, 0, 0, 0, 0, 0, 0, 0, 1.4129796028137207, 1.250727891921997, 0, 0, 0, 2.599048614501953, 2.194340705871582, 0, 0, 1.5301299095153809, 0, 0, 0.7219576835632324, 0, 0, 1.1973767280578613, 0.6993458271026611, 0, 0, 0, 0, 1.7466905117034912], "SAT-time": [3.4095699787139893, 0.0006628036499023438, 1.8893234729766846, 0.0007081031799316406, 0.0019698143005371094, 0.00074005126953125, 0.0018951892852783203, 0.0007643699645996094, 0.0019609928131103516, 0.0007305145263671875, 0.0018987655639648438, 0.0007295608520507812, 11.317013263702393, 11.378437042236328, 0.0020189285278320312, 0.0008237361907958984, 0.0021848678588867188, 20.71427273750305, 19.904771327972412, 0.001108407974243164, 0.002577066421508789, 17.034662008285522, 0.002609729766845703, 0.0016171932220458984, 11.449312686920166, 0.001058816909790039, 0.0025093555450439453, 15.095967292785645, 9.742827653884888, 0.0011103153228759766, 0.0026247501373291016, 0.00110626220703125, 0.0026857852935791016, 15.906731605529785], "grow-time": [95.98207116127014, 0, 56.505143880844116, 0, 0, 0, 0, 0, 0, 0, 0, 0, 401.0600862503052, 449.3434901237488, 0, 0, 0, 658.2513689994812, 761.7916209697723, 0, 0, 485.57088828086853, 0, 0, 280.47435307502747, 0, 0, 366.94781470298767, 292.7875146865845, 0, 0, 0, 0, 369.05493354797363], "#expl": 33, "expl_seq": [{"constraints": [27076], "derived": [25394]}, {"constraints": [25394, 25542], "derived": [-25392, -25391, -25390, -25393]}, {"constraints": [25394, 25540], "derived": [-25399, -25414, -25404, -25409]}, {"constraints": [27083], "derived": [-25489]}, {"constraints": [25569, 25394, -25489], "derived": [-25419]}, {"constraints": [27078], "derived": [-25493]}, {"constraints": [27085], "derived": [-25416]}, {"constraints": [-25416, 25568, 25394], "derived": [-25486]}, {"constraints": [27079], "derived": [-25403]}, {"constraints": [27083, -25403], "derived": [-25479]}, {"constraints": [27083, -25404], "derived": [-25484]}, {"constraints": [-25416, 27082], "derived": [-25441]}, {"constraints": [25394, 25565, -25441], "derived": [-25511]}, {"constraints": [25545, 27085, 25550], "derived": [-25440, -25443]}, {"constraints": [-25440, 25394, 25565], "derived": [-25510]}, {"constraints": [25394, 25565, -25443], "derived": [-25513]}, {"constraints": [25571, 27084, 25549], "derived": [-25534]}, {"constraints": [27081, 25545, 25567], "derived": [-25478]}, {"constraints": [27079, 25556, 25543], "derived": [-25492, -25497]}, {"constraints": [25573, -25497, -25492, -25489, 25553, -25484, -25479], "derived": [-25537]}, {"constraints": [25553, 27083, 25542], "derived": [-25400]}, {"constraints": [25564, 25557, 27079], "derived": [-25452]}, {"constraints": [25553, 27083, 25569], "derived": [-25429]}, {"constraints": [27080, 25545, 25570], "derived": [-25529]}, {"constraints": [25566, 25557, 27078], "derived": [-25448]}, {"constraints": [-25400, 27079, 25556, 25543], "derived": [-25502]}, {"constraints": [25557, 27078, 25542, -25513], "derived": [-25398]}, {"constraints": [-25502, -25497, -25399, -25398, -25492, 25557, 25564], "derived": [-25447]}, {"constraints": [27082, 27085, 25550], "derived": [-25446, -25461, -25451]}, {"constraints": [-25461, 25549, -25451, -25446, -25441], "derived": [25456]}, {"constraints": [25456, 25550], "derived": [-25455, -25459, -25458, -25457]}, {"constraints": [-25452, 27077, -25451], "derived": [-25426]}, {"constraints": [-25447, -25446, 27077], "derived": [-25421]}], "OUS-time": [101.59387850761414, 0.9319345951080322, 61.878268003463745, 2.478642463684082, 2.676048755645752, 3.161412477493286, 2.701052665710449, 2.6254262924194336, 2.4584801197052, 3.086109161376953, 3.0960779190063477, 3.197676658630371, 426.36814427375793, 530.8768978118896, 5.336630582809448, 3.6018269062042236, 37.118685245513916, 791.2204039096832, 994.8781929016113, 28.573196172714233, 54.213844776153564, 603.0745804309845, 103.35275959968567, 112.95518612861633, 494.51503324508667, 104.79155707359314, 117.42259740829468, 428.0663332939148, 1353.781860113144, 28.665884494781494, 19.769840002059937, 26.140614986419678, 52.014532804489136, 0], "timeout": true}}