{"config": {"preseeding": true, "sat-polarity": true, "sat-polarity-initial": false, "postpone_opt": true, "postpone_opt_incr": true, "postpone_opt_greedy": true, "grow": true, "grow_sat": false, "grow_subset_maximal": false, "grow_maxsat": true, "grow_maxsat_full_pos": false, "grow_maxsat_full_inv": false, "grow_maxsat_full_unif": false, "grow_maxsat_initial_pos": false, "grow_maxsat_initial_inv": false, "grow_maxsat_initial_unif": true, "grow_maxsat_actual_pos": false, "grow_maxsat_actual_unif": false, "grow_maxsat_actual_inv": false, "timeout": 7200, "instance": "origin-problem", "output": "/data/brussel/101/vsc10143/OUSResults/effectPreseeding/2021010819/20210108190425374835.json"}, "results": {"HS": [2, 1, 1, 2, 1, 1, 1, 1, 1, 1, 1, 1, 1, 4, 1, 1, 2, 2, 1, 2, 1, 1, 2, 1, 1, 4, 1, 2, 4, 1, 1, 1, 1, 2, 1, 1, 1, 5, 1, 2, 1, 1, 1, 1, 1, 1, 1, 1, 1, 1, 1, 1, 1, 1, 1, 1, 1, 2, 1, 2, 2, 1, 3, 0], "HS_greedy": [17, 0, 0, 56, 0, 0, 0, 0, 0, 0, 0, 0, 0, 47, 0, 0, 49, 52, 0, 60, 0, 0, 42, 0, 0, 54, 0, 52, 35, 0, 0, 0, 0, 55, 0, 0, 0, 60, 0, 33, 0, 0, 0, 0, 0, 0, 0, 0, 0, 0, 0, 0, 0, 0, 0, 0, 0, 28, 0, 21, 20, 0, 41, 0], "HS_incr": [429, 0, 0, 1533, 0, 0, 0, 0, 0, 0, 0, 0, 0, 1214, 0, 0, 1275, 1406, 0, 1616, 0, 0, 1069, 0, 0, 1476, 0, 1398, 953, 0, 0, 0, 0, 1434, 0, 0, 0, 1403, 0, 833, 0, 0, 0, 0, 0, 0, 0, 0, 0, 0, 0, 0, 0, 0, 0, 0, 0, 750, 0, 532, 486, 0, 948, 0], "HS-opt-time": [0.6192939281463623, 0.6040956974029541, 0.7018747329711914, 8.797538042068481, 7.56441593170166, 7.08260178565979, 8.451229333877563, 8.694156408309937, 8.244554281234741, 9.426549673080444, 8.312260150909424, 7.663863182067871, 7.618484973907471, 108.85026097297668, 13.467196941375732, 10.537278413772583, 65.51103353500366, 84.63816165924072, 13.998441696166992, 65.49035835266113, 39.933140993118286, 52.551276206970215, 104.39536476135254, 57.02604627609253, 41.41888070106506, 239.52501225471497, 98.50870275497437, 47.219571352005005, 354.5263795852661, 18.324951887130737, 12.891765594482422, 18.03088068962097, 30.04128360748291, 72.35993456840515, 15.674118995666504, 31.356223821640015, 13.98208737373352, 147.9445915222168, 33.17172956466675, 91.06323766708374, 35.95223355293274, 33.15110182762146, 37.209810733795166, 33.350911378860474, 29.25739097595215, 57.010558128356934, 44.998515605926514, 33.29889893531799, 33.39844608306885, 32.476056814193726, 33.47844457626343, 80.7010669708252, 37.04597187042236, 31.86359429359436, 60.841397285461426, 24.832177877426147, 24.001980304718018, 51.75284242630005, 59.97446608543396, 69.67266297340393, 69.16341280937195, 29.931256771087646, 98.2554817199707, 0], "HS-postpone-time": [0.11740732192993164, 0, 0, 1.404531478881836, 0, 0, 0, 0, 0, 0, 0, 0, 0, 0.880239725112915, 0, 0, 0.907139778137207, 1.036421537399292, 0, 1.3699076175689697, 0, 0, 0.6543958187103271, 0, 0, 1.0733928680419922, 0, 0.9803884029388428, 0.47390031814575195, 0, 0, 0, 0, 1.0372023582458496, 0, 0, 0, 1.0960543155670166, 0, 0.3308420181274414, 0, 0, 0, 0, 0, 0, 0, 0, 0, 0, 0, 0, 0, 0, 0, 0, 0, 0.22579240798950195, 0, 0.14569687843322754, 0.12603974342346191, 0, 0.41994667053222656, 0], "SAT-time": [4.595078468322754, 0.0010364055633544922, 0.0024504661560058594, 17.66546893119812, 0.0011239051818847656, 0.0026073455810546875, 0.001168966293334961, 0.0027322769165039062, 0.0012187957763671875, 0.0025713443756103516, 0.0011568069458007812, 0.002549886703491211, 0.0011754035949707031, 14.089258432388306, 0.0012061595916748047, 0.0026612281799316406, 14.796704530715942, 16.111011743545532, 0.001253366470336914, 18.60598134994507, 0.0012347698211669922, 0.002761363983154297, 12.19214129447937, 0.002833127975463867, 0.001995086669921875, 16.761330366134644, 0.0012269020080566406, 15.830462455749512, 10.669733047485352, 0.0028362274169921875, 0.001294851303100586, 0.002840280532836914, 0.0012402534484863281, 16.16295099258423, 0.0012898445129394531, 0.002807140350341797, 0.00128173828125, 15.887104511260986, 0.0011835098266601562, 9.323607921600342, 0.001216888427734375, 0.0027832984924316406, 0.001180887222290039, 0.0028023719787597656, 0.001195669174194336, 0.002755880355834961, 0.0012183189392089844, 0.002798795700073242, 0.0012402534484863281, 0.0027642250061035156, 0.0012538433074951172, 0.0027475357055664062, 0.001234292984008789, 0.0027828216552734375, 0.001294851303100586, 0.002826690673828125, 0.0012886524200439453, 8.476887464523315, 0.00156402587890625, 8.711080551147461, 7.3567492961883545, 0.0030553340911865234, 14.228165864944458, 0], "grow-time": [80.96009969711304, 0, 0, 304.06590127944946, 0, 0, 0, 0, 0, 0, 0, 0, 0, 243.49855136871338, 0, 0, 253.2320911884308, 272.6838264465332, 0, 318.35502314567566, 0, 0, 213.64554357528687, 0, 0, 294.0320043563843, 0, 276.84495306015015, 186.69004273414612, 0, 0, 0, 0, 283.38243794441223, 0, 0, 0, 277.0395748615265, 0, 160.94753909111023, 0, 0, 0, 0, 0, 0, 0, 0, 0, 0, 0, 0, 0, 0, 0, 0, 0, 148.13826656341553, 0, 118.7300922870636, 105.06964182853699, 0, 207.40504956245422, 0], "#expl": 63, "expl_seq": [{"constraints": [52467], "derived": [-50882]}, {"constraints": [52468], "derived": [-50792, -50793]}, {"constraints": [52474], "derived": [-50805]}, {"constraints": [52472], "derived": [-50878]}, {"constraints": [52465], "derived": [50783]}, {"constraints": [50929, 50783], "derived": [-50798, -50788, -50803]}, {"constraints": [50931, 50783], "derived": [-50782, -50781, -50780, -50779]}, {"constraints": [-50878, 50958, 50783], "derived": [-50808]}, {"constraints": [-50805, 50957, 50783], "derived": [-50875]}, {"constraints": [52472, -50793], "derived": [-50873]}, {"constraints": [-50805, 52471], "derived": [-50830]}, {"constraints": [50954, -50830, 50783], "derived": [-50900]}, {"constraints": [52472, -50792], "derived": [-50868]}, {"constraints": [52474, 50939, 50934], "derived": [-50832, -50829]}, {"constraints": [50954, -50829, 50783], "derived": [-50899]}, {"constraints": [-50832, 50954, 50783], "derived": [-50902]}, {"constraints": [52470, 50956, 50934], "derived": [-50867]}, {"constraints": [50945, 52468, 50932], "derived": [-50886, -50881]}, {"constraints": [-50878, -50873, -50868, 50962, -50886, 50942, -50881], "derived": [-50926]}, {"constraints": [50946, 50955, 52467], "derived": [-50837]}, {"constraints": [50953, 50946, 52468], "derived": [-50841]}, {"constraints": [52472, 50932, 50958], "derived": [-50818]}, {"constraints": [50960, 50938, 52469], "derived": [-50918]}, {"constraints": [52472, 50931, 50942], "derived": [-50789]}, {"constraints": [52473, 50934, 50959], "derived": [-50923]}, {"constraints": [50946, 52467, -50902, 50931], "derived": [-50787]}, {"constraints": [50945, -50789, 52468, 50932], "derived": [-50891]}, {"constraints": [50946, 50953, -50891, -50886, -50788, -50787, -50881], "derived": [-50836]}, {"constraints": [52474, 50939, 52471], "derived": [-50840, -50835, -50850]}, {"constraints": [-50840, -50835, -50830, 50938, -50850], "derived": [50845]}, {"constraints": [50939, 50845], "derived": [-50848, -50847, -50846, -50844]}, {"constraints": [52466, -50836, -50835], "derived": [-50810]}, {"constraints": [-50840, 52466, -50841], "derived": [-50815]}, {"constraints": [-50848, 52474, -50846], "derived": [-50820]}, {"constraints": [50960, -50820, 50845], "derived": [-50910]}, {"constraints": [-50815, -50810, -50805, 50934, -50820], "derived": [50825]}, {"constraints": [50825, 50935], "derived": [-50824, -50828, -50827, -50826]}, {"constraints": [50825, 52466, -50850], "derived": [50851]}, {"constraints": [50851, 50939], "derived": [-50853, -50852, -50849]}, {"constraints": [50937, 50851], "derived": [-50831]}, {"constraints": [50825, 50959, -50849], "derived": [-50909]}, {"constraints": [50955, 50851, -50891], "derived": [-50801]}, {"constraints": [50825, -50852, 50959], "derived": [-50912]}, {"constraints": [50960, 50851, -50824], "derived": [-50906]}, {"constraints": [50825, -50853, 50959], "derived": [-50913]}, {"constraints": [-50886, 50955, 50851],