{"config": {"preseeding": false, "sat-polarity": true, "sat-polarity-initial": false, "postpone_opt": true, "postpone_opt_incr": true, "postpone_opt_greedy": true, "grow": true, "grow_sat": false, "grow_subset_maximal": false, "grow_maxsat": true, "grow_maxsat_full_pos": false, "grow_maxsat_full_inv": false, "grow_maxsat_full_unif": false, "grow_maxsat_initial_pos": false, "grow_maxsat_initial_inv": false, "grow_maxsat_initial_unif": false, "grow_maxsat_actual_pos": false, "grow_maxsat_actual_unif": false, "grow_maxsat_actual_inv": true, "timeout": 7200, "instance": "origin-problem", "output": "/data/brussel/101/vsc10143/OUSResults/effectPreseeding/2021010818/20210108185449125882.json"}, "results": {"HS": [2, 1, 1, 1, 1, 1, 1, 2, 1, 1, 1, 1, 1, 2, 1, 1, 1, 3, 1, 1, 1, 2, 2, 2, 1, 1, 2, 1], "HS_greedy": [27, 0, 0, 0, 0, 0, 0, 61, 0, 0, 0, 0, 0, 61, 0, 0, 0, 81, 0, 0, 0, 66, 53, 93, 0, 0, 46, 69], "HS_incr": [746, 0, 0, 0, 0, 0, 0, 1492, 0, 0, 0, 0, 0, 1310, 0, 0, 0, 1799, 0, 0, 0, 1395, 954, 1884, 0, 0, 840, 1264], "HS-opt-time": [1.4438118934631348, 2.0116395950317383, 1.8908307552337646, 1.793623685836792, 1.2796757221221924, 1.5193109512329102, 2.191375970840454, 14.583317279815674, 6.0038416385650635, 8.162027597427368, 8.120918035507202, 6.140769004821777, 8.980684280395508, 54.081154108047485, 33.31378412246704, 3.952436685562134, 2.7047030925750732, 144.03127455711365, 52.87006664276123, 59.85811924934387, 54.49631667137146, 128.4818308353424, 17.79237723350525, 165.44229984283447, 96.00007843971252, 86.39167332649231, 155.5272455215454, 6.864783763885498], "HS-postpone-time": [0.30460309982299805, 0, 0, 0, 0, 0, 0, 1.2875218391418457, 0, 0, 0, 0, 0, 1.111363172531128, 0, 0, 0, 1.9843826293945312, 0, 0, 0, 1.230698823928833, 0.6877565383911133, 2.29010272026062, 0, 0, 0.47777485847473145, 1.0669584274291992], "SAT-time": [5.53676438331604, 0.0008854866027832031, 0.0020384788513183594, 0.0008630752563476562, 0.002182483673095703, 0.0009045600891113281, 0.002242565155029297, 11.594969034194946, 0.002261638641357422, 0.0009586811065673828, 0.0009443759918212891, 0.0024306774139404297, 0.0009448528289794922, 10.164212703704834, 0.0009765625, 0.0023429393768310547, 0.0010285377502441406, 14.439483880996704, 0.0009517669677734375, 0.0027871131896972656, 0.0013968944549560547, 11.35279655456543, 8.031144857406616, 15.847429990768433, 0.0010213851928710938, 0.0010101795196533203, 6.983039379119873, 10.725950241088867], "grow-time": [140.32917428016663, 0, 0, 0, 0, 0, 0, 599.0809063911438, 0, 0, 0, 0, 0, 663.7971794605255, 0, 0, 0, 715.0242395401001, 0, 0, 0, 909.927451133728, 378.915011882782, 1307.9038314819336, 0, 0, 372.33063220977783, 815.732263803482], "#expl": 27, "expl_seq": [{"constraints": [35546], "derived": [-33952]}, {"constraints": [35541], "derived": [-33956]}, {"constraints": [35542], "derived": [-33867, -33866]}, {"constraints": [35539], "derived": [33857]}, {"constraints": [33857, 34003], "derived": [-33872, -33862, -33877]}, {"constraints": [33857, 34005], "derived": [-33856, -33855, -33854, -33853]}, {"constraints": [34032, 33857, -33952], "derived": [-33882]}, {"constraints": [35548], "derived": [-33879]}, {"constraints": [33857, -33879, 34031], "derived": [-33949]}, {"constraints": [35546, -33866], "derived": [-33942]}, {"constraints": [35545, -33879], "derived": [-33904]}, {"constraints": [-33904, 33857, 34028], "derived": [-33974]}, {"constraints": [35546, -33867], "derived": [-33947]}, {"constraints": [34027, 35542, 34006], "derived": [-33915]}, {"constraints": [34008, 35548, 34013], "derived": [-33903, -33906]}, {"constraints": [33857, -33903, 34028], "derived": [-33973]}, {"constraints": [33857, 34028, -33906], "derived": [-33976]}, {"constraints": [34034, 34012, 35543], "derived": [-33992]}, {"constraints": [34016, 35546, 34005], "derived": [-33863]}, {"constraints": [35544, 34004, 34031], "derived": [-33941]}, {"constraints": [34034, 35547, 34012], "derived": [-33997]}, {"constraints": [34019, 35542, 34006], "derived": [-33960, -33955]}, {"constraints": [-33952, 34020, -33947, -33942, 34037, -33960, -33955], "derived": [-34000]}, {"constraints": [34016, 35546, 34032], "derived": [-33892]}, {"constraints": [34029, 35541, 34006], "derived": [-33911]}, {"constraints": [-33863, 34019, 35542, 34006], "derived": [-33965]}, {"constraints": [-33976, 35541, 34020, 34005], "derived": [-33861]}], "OUS-time": [149.24939036369324, 2.013444185256958, 1.8939290046691895, 1.79557466506958, 1.2829220294952393, 1.5211169719696045, 2.1945693492889404, 629.804140329361, 6.0074121952056885, 8.163828134536743, 8.123117923736572, 6.144410848617554, 8.98248553276062, 731.9639410972595, 33.32155084609985, 3.9622116088867188, 2.7066478729248047, 879.3081500530243, 52.87651753425598, 59.86644458770752, 54.50268363952637, 1053.9610302448273, 407.51365303993225, 1495.512283563614, 96.01293730735779, 86.4055233001709, 537.1177220344543, 0], "timeout": true}}