{"config": {"preseeding": false, "sat-polarity": false, "sat-polarity-initial": true, "postpone_opt": false, "postpone_opt_incr": false, "postpone_opt_greedy": false, "grow": true, "grow_sat": false, "grow_subset_maximal": false, "grow_maxsat": true, "grow_maxsat_full_pos": false, "grow_maxsat_full_inv": false, "grow_maxsat_full_unif": false, "grow_maxsat_initial_pos": false, "grow_maxsat_initial_inv": false, "grow_maxsat_initial_unif": false, "grow_maxsat_actual_pos": false, "grow_maxsat_actual_unif": true, "grow_maxsat_actual_inv": false, "timeout": 7200, "instance": "origin-problem", "output": "/data/brussel/101/vsc10143/OUSResults/effectPreseeding/2021010818/20210108185449126091.json"}, "results": {"HS": [46, 7, 6, 5, 2, 8, 1, 2, 2, 7, 3, 5, 2, 40, 3, 2, 21, 2, 4, 10, 23, 3, 2, 8, 8, 24, 2, 7, 14, 6, 3, 1, 1, 1, 3, 13, 6, 8, 34, 31, 6, 3, 5, 4, 2, 3, 5, 4, 1, 2, 1, 3, 11, 4, 4, 2, 3, 9, 5, 1, 1, 1, 4, 16, 2, 3, 3, 1, 1, 1, 3, 6, 7, 2, 2, 3, 2, 2, 3, 1, 2, 2, 3, 2, 3, 1, 1, 10, 6, 10, 14, 8, 3, 4, 1, 1, 4, 1, 7, 2, 1, 2, 1, 5, 1, 5, 5, 1, 6, 1, 1, 5, 1, 1, 3, 1, 17, 1, 1, 1], "HS_greedy": [0, 0, 0, 0, 0, 0, 0, 0, 0, 0, 0, 0, 0, 0, 0, 0, 0, 0, 0, 0, 0, 0, 0, 0, 0, 0, 0, 0, 0, 0, 0, 0, 0, 0, 0, 0, 0, 0, 0, 0, 0, 0, 0, 0, 0, 0, 0, 0, 0, 0, 0, 0, 0, 0, 0, 0, 0, 0, 0, 0, 0, 0, 0, 0, 0, 0, 0, 0, 0, 0, 0, 0, 0, 0, 0, 0, 0, 0, 0, 0, 0, 0, 0, 0, 0, 0, 0, 0, 0, 0, 0, 0, 0, 0, 0, 0, 0, 0, 0, 0, 0, 0, 0, 0, 0, 0, 0, 0, 0, 0, 0, 0, 0, 0, 0, 0, 0, 0, 0, 0], "HS_incr": [0, 0, 0, 0, 0, 0, 0, 0, 0, 0, 0, 0, 0, 0, 0, 0, 0, 0, 0, 0, 0, 0, 0, 0, 0, 0, 0, 0, 0, 0, 0, 0, 0, 0, 0, 0, 0, 0, 0, 0, 0, 0, 0, 0, 0, 0, 0, 0, 0, 0, 0, 0, 0, 0, 0, 0, 0, 0, 0, 0, 0, 0, 0, 0, 0, 0, 0, 0, 0, 0, 0, 0, 0, 0, 0, 0, 0, 0, 0, 0, 0, 0, 0, 0, 0, 0, 0, 0, 0, 0, 0, 0, 0, 0, 0, 0, 0, 0, 0, 0, 0, 0, 0, 0, 0, 0, 0, 0, 0, 0, 0, 0, 0, 0, 0, 0, 0, 0, 0, 0], "HS-opt-time": [0.17633318901062012, 0.1174778938293457, 0.15892553329467773, 0.1391158103942871, 0.03725314140319824, 0.14265084266662598, 0.025635957717895508, 0.060311079025268555, 0.07488560676574707, 0.3251376152038574, 0.08202290534973145, 0.3409595489501953, 0.15383625030517578, 10.100305318832397, 0.1714010238647461, 0.14543747901916504, 8.922687530517578, 1.1113243103027344, 2.2330245971679688, 4.999328374862671, 18.018811225891113, 0.4601285457611084, 1.7169313430786133, 7.43291163444519, 4.20514440536499, 25.627739191055298, 2.8962700366973877, 2.8154001235961914, 15.289611577987671, 0.8687658309936523, 0.41954827308654785, 0.22013092041015625, 0.3498687744140625, 0.18332409858703613, 0.8903815746307373, 2.83046817779541, 0.9124777317047119, 2.926135301589966, 6.583402872085571, 9.702669858932495, 3.2209246158599854, 1.1620938777923584, 1.7831597328186035, 1.0691993236541748, 0.9548206329345703, 0.8657548427581787, 1.2529780864715576, 1.5268604755401611, 0.2849106788635254, 0.8272807598114014, 0.4679527282714844, 1.010197401046753, 3.171940565109253, 3.336015224456787, 1.3813247680664062, 0.6458601951599121, 0.8644278049468994, 3.5145692825317383, 2.4685957431793213, 0.32928943634033203, 0.48262882232666016, 0.40978479385375977, 1.4438400268554688, 14.033869981765747, 0.6591815948486328, 1.211033821105957, 1.4395709037780762, 0.3774862289428711, 0.474987268447876, 0.3346874713897705, 1.8114070892333984, 1.944021463394165, 2.884312629699707, 0.8528883457183838, 0.7573285102844238, 1.1222832202911377, 0.7955589294433594, 0.8079016208648682, 1.2673535346984863, 0.40124082565307617, 0.7802884578704834, 0.6711833477020264, 1.1224486827850342, 0.647219181060791, 1.0320947170257568, 0.3502671718597412, 0.3540377616882324, 3.658101797103882, 2.1871323585510254, 3.838954448699951, 7.569967031478882, 3.285339117050171, 1.2897310256958008, 1.6390936374664307, 0.4819350242614746, 0.47400760650634766, 1.8942837715148926, 0.4322347640991211, 2.9626691341400146, 0.7453899383544922, 0.3470802307128906, 0.7035787105560303, 0.35362911224365234, 1.7857046127319336, 0.35281920433044434, 1.7697367668151855, 1.8125927448272705, 0.37451982498168945, 2.3816304206848145, 0.3734281063079834, 0.38358020782470703, 1.8347141742706299, 0.3793330192565918, 0.3665599822998047, 1.1858532428741455, 0.3519406318664551, 7.420059680938721, 0.3422541618347168, 0.3595597743988037, 0.3442349433898926], "HS-postpone-time": [0, 0, 0, 0, 0, 0, 0, 0, 0, 0, 0, 0, 0, 0, 0, 0, 0, 0, 0, 0, 0, 0, 0, 0, 0, 0, 0, 0, 0, 0, 0, 0, 0, 0, 0, 0, 0, 0, 0, 0, 0, 0, 0, 0, 0, 0, 0, 0, 0, 0, 0, 0, 0, 0, 0, 0, 0, 0, 0, 0, 0, 0, 0, 0, 0, 0, 0, 0, 0, 0, 0, 0, 0, 0, 0, 0, 0, 0, 0, 0, 0, 0, 0, 0, 0, 0, 0, 0, 0, 0, 0, 0, 0, 0, 0, 0, 0, 0, 0, 0, 0, 0, 0, 0, 0, 0, 0, 0, 0, 0, 0, 0, 0, 0, 0, 0, 0, 0, 0, 0], "SAT-time": [0.3887960910797119, 0.04448676109313965, 0.0393519401550293, 0.02934861183166504, 0.010554075241088867, 0.05526566505432129, 0.0024576187133789062, 0.009643793106079102, 0.011389970779418945, 0.04954409599304199, 0.01746201515197754, 0.03233981132507324, 0.011207818984985352, 0.42802882194519043, 0.017925500869750977, 0.010488510131835938, 0.20997381210327148, 0.01024174690246582, 0.028247594833374023, 0.08834052085876465, 0.24477767944335938, 0.017844676971435547, 0.012412071228027344, 0.06562042236328125, 0.0671684741973877, 0.259387731552124, 0.012212991714477539, 0.056461334228515625, 0.13642525672912598, 0.04550647735595703, 0.019883155822753906, 0.0012617111206054688, 0.0027587413787841797, 0.0013036727905273438, 0.021191835403442383, 0.12221479415893555, 0.04877018928527832, 0.06621265411376953, 0.3987271785736084, 0.35420823097229004, 0.050281524658203125, 0.017742395401000977, 0.03845691680908203, 0.028067350387573242, 0.012324333190917969, 0.01829218864440918, 0.03833508491516113, 0.028450727462768555, 0.0028378963470458984, 0.010823726654052734, 0.0028553009033203125, 0.01810479164123535, 0.10538840293884277, 0.028470754623413086, 0.030417442321777344, 0.01070404052734375, 0.019764184951782227, 0.08144164085388184, 0.0382542610168457, 0.0012850761413574219, 0.002772808074951172, 0.0013039112091064453, 0.030489683151245117, 0.16912102699279785, 0.012262344360351562, 0.018962860107421875, 0.01983809471130371, 0.0013036727905273438, 0.002783536911010742, 0.0013110637664794922, 0.020365238189697266, 0.049463748931884766, 0.05957293510437012, 0.011394977569580078, 0.01305389404296875, 0.018870830535888672, 0.012276887893676758, 0.011055231094360352, 0.020437955856323242, 0.0013568401336669922, 0.012596845626831055, 0.011391162872314453, 0.019899368286132812, 0.011066675186157227, 0.02028369903564453, 0.001348733901977539, 0.0028531551361083984, 0.09197235107421875, 0.05120968818664551, 0.09094858169555664, 0.14586687088012695, 0.06963205337524414, 0.02091240882873535, 0.02864527702331543, 0.002933025360107422, 0.0013346672058105469, 0.031168222427368164, 0.0013272762298583984, 0.062219858169555664, 0.011224746704101562, 0.0029120445251464844, 0.01128244400024414, 0.0029807090759277344, 0.0385894775390625, 0.0028951168060302734, 0.03953051567077637, 0.040195465087890625, 0.0013852119445800781, 0.05311012268066406, 0.0013730525970458984, 0.0030074119567871094, 0.03986668586730957, 0.002939462661743164, 0.0013422966003417969, 0.02076411247253418, 0.0014145374298095703, 0.18536090850830078, 0.0014464855194091797, 0.0030167102813720703, 0.0014433860778808594],