{"config": {"preseeding": false, "sat-polarity": false, "sat-polarity-initial": true, "postpone_opt": false, "postpone_opt_incr": false, "postpone_opt_greedy": false, "grow": true, "grow_sat": false, "grow_subset_maximal": false, "grow_maxsat": true, "grow_maxsat_full_pos": false, "grow_maxsat_full_inv": false, "grow_maxsat_full_unif": false, "grow_maxsat_initial_pos": true, "grow_maxsat_initial_inv": false, "grow_maxsat_initial_unif": false, "grow_maxsat_actual_pos": false, "grow_maxsat_actual_unif": false, "grow_maxsat_actual_inv": false, "timeout": 7200, "instance": "origin-problem", "output": "/data/brussel/101/vsc10143/OUSResults/effectPreseeding/2021010818/20210108185449125986.json"}, "results": {"HS": [42, 1, 4, 5, 11, 3, 11, 1, 1, 3, 5, 3, 1, 66, 4, 3, 2, 32, 3, 33, 7, 25, 15, 10, 2, 20, 17, 4, 28, 7, 2, 3, 8, 8, 7, 6, 19, 12, 147, 95, 2, 5, 3, 4, 2, 16, 1, 1, 17, 3, 33, 1, 36, 2, 22, 10, 4, 2, 7, 1, 2, 3, 1, 1, 1, 3, 1, 6, 25, 1, 1, 49, 1, 1, 15, 29, 1, 2, 5, 1, 1, 3, 1, 1, 2, 7, 1, 1, 48, 96, 22, 3, 1, 4, 1, 1, 1, 4, 39, 2, 1, 1, 1, 2, 1, 8, 1, 24, 1, 1, 1, 30, 1, 1, 1, 1, 2, 1, 7, 3, 1, 2], "HS_greedy": [0, 0, 0, 0, 0, 0, 0, 0, 0, 0, 0, 0, 0, 0, 0, 0, 0, 0, 0, 0, 0, 0, 0, 0, 0, 0, 0, 0, 0, 0, 0, 0, 0, 0, 0, 0, 0, 0, 0, 0, 0, 0, 0, 0, 0, 0, 0, 0, 0, 0, 0, 0, 0, 0, 0, 0, 0, 0, 0, 0, 0, 0, 0, 0, 0, 0, 0, 0, 0, 0, 0, 0, 0, 0, 0, 0, 0, 0, 0, 0, 0, 0, 0, 0, 0, 0, 0, 0, 0, 0, 0, 0, 0, 0, 0, 0, 0, 0, 0, 0, 0, 0, 0, 0, 0, 0, 0, 0, 0, 0, 0, 0, 0, 0, 0, 0, 0, 0, 0, 0, 0, 0], "HS_incr": [0, 0, 0, 0, 0, 0, 0, 0, 0, 0, 0, 0, 0, 0, 0, 0, 0, 0, 0, 0, 0, 0, 0, 0, 0, 0, 0, 0, 0, 0, 0, 0, 0, 0, 0, 0, 0, 0, 0, 0, 0, 0, 0, 0, 0, 0, 0, 0, 0, 0, 0, 0, 0, 0, 0, 0, 0, 0, 0, 0, 0, 0, 0, 0, 0, 0, 0, 0, 0, 0, 0, 0, 0, 0, 0, 0, 0, 0, 0, 0, 0, 0, 0, 0, 0, 0, 0, 0, 0, 0, 0, 0, 0, 0, 0, 0, 0, 0, 0, 0, 0, 0, 0, 0, 0, 0, 0, 0, 0, 0, 0, 0, 0, 0, 0, 0, 0, 0, 0, 0, 0, 0], "HS-opt-time": [0.11396670341491699, 0.0067365169525146484, 0.04056906700134277, 0.053418636322021484, 0.21532464027404785, 0.05448770523071289, 0.2198038101196289, 0.053442955017089844, 0.03041529655456543, 0.163954496383667, 0.31696224212646484, 0.10236644744873047, 0.04804825782775879, 25.781798601150513, 3.204072952270508, 0.17576265335083008, 0.1581878662109375, 15.934842586517334, 2.121105432510376, 25.160266160964966, 5.391977548599243, 20.04075574874878, 3.0348873138427734, 15.740894317626953, 2.8148717880249023, 29.274736642837524, 26.76694130897522, 2.373610019683838, 54.01284050941467, 1.7091543674468994, 0.4212043285369873, 1.3343589305877686, 3.8955557346343994, 1.7285451889038086, 4.04106879234314, 1.9468562602996826, 5.501641035079956, 5.264780282974243, 84.29817032814026, 70.62107253074646, 2.3020763397216797, 4.528208494186401, 3.0922012329101562, 2.9714345932006836, 2.1268794536590576, 12.766762733459473, 0.8736391067504883, 0.8989496231079102, 12.772119045257568, 3.6304128170013428, 27.379544734954834, 1.256357192993164, 34.2164363861084, 5.7736427783966064, 20.756128787994385, 11.438658475875854, 4.205935955047607, 5.211583137512207, 7.747154712677002, 1.4030628204345703, 2.309204339981079, 3.6686182022094727, 1.2393519878387451, 1.163844108581543, 1.0242195129394531, 5.693767309188843, 1.3180210590362549, 6.991872549057007, 24.84399104118347, 1.290992259979248, 1.2376196384429932, 58.38582897186279, 1.3165466785430908, 1.1303536891937256, 27.03739094734192, 35.71014475822449, 1.635896921157837, 3.042963981628418, 6.874430418014526, 1.375917673110962, 1.1210136413574219, 3.5419671535491943, 1.3129651546478271, 1.2611889839172363, 2.974132776260376, 9.542923927307129, 1.6860570907592773, 1.5775558948516846, 63.937668561935425, 143.25030207633972, 31.230518341064453, 5.737028121948242, 1.4648497104644775, 6.310592889785767, 1.320600986480713, 1.2861435413360596, 1.3520278930664062, 6.3216612339019775, 52.84627318382263, 2.7598981857299805, 1.3001434803009033, 1.2076833248138428, 1.4510011672973633, 3.1640865802764893, 1.4342658519744873, 10.090352058410645, 1.2666161060333252, 29.92965865135193, 1.2109394073486328, 1.3105213642120361, 1.479752540588379, 41.75798988342285, 1.6977336406707764, 1.43843674659729, 1.8108627796173096, 1.6443896293640137, 2.689685344696045, 1.47017502784729, 10.657575368881226, 3.5491702556610107, 1.1466686725616455, 2.338508129119873], "HS-postpone-time": [0, 0, 0, 0, 0, 0, 0, 0, 0, 0, 0, 0, 0, 0, 0, 0, 0, 0, 0, 0, 0, 0, 0, 0, 0, 0, 0, 0, 0, 0, 0, 0, 0, 0, 0, 0, 0, 0, 0, 0, 0, 0, 0, 0, 0, 0, 0, 0, 0, 0, 0, 0, 0, 0, 0, 0, 0, 0, 0, 0, 0, 0, 0, 0, 0, 0, 0, 0, 0, 0, 0, 0, 0, 0, 0, 0, 0, 0, 0, 0, 0, 0, 0, 0, 0, 0, 0, 0, 0, 0, 0, 0, 0, 0, 0, 0, 0, 0, 0, 0, 0, 0, 0, 0, 0, 0, 0, 0, 0, 0, 0, 0, 0, 0, 0, 0, 0, 0, 0, 0, 0, 0], "SAT-time": [0.2900080680847168, 0.0008420944213867188, 0.020496606826782227, 0.02562999725341797, 0.06754136085510254, 0.012989997863769531, 0.07063174247741699, 0.0009853839874267578, 0.0021529197692871094, 0.013695001602172852, 0.028697967529296875, 0.013708829879760742, 0.002270936965942383, 0.5673532485961914, 0.022607088088989258, 0.013748645782470703, 0.009613037109375, 0.26630496978759766, 0.01503133773803711, 0.2754647731781006, 0.04547882080078125, 0.20921993255615234, 0.11743879318237305, 0.07476139068603516, 0.010701894760131836, 0.1646883487701416, 0.1371164321899414, 0.02322864532470703, 0.24233126640319824, 0.04541516304016113, 0.010228395462036133, 0.014862298965454102, 0.05742526054382324, 0.0560297966003418, 0.046697378158569336, 0.039151906967163086, 0.15897083282470703, 0.09152555465698242, 1.393850564956665, 0.9368064403533936, 0.010900020599365234, 0.03318929672241211, 0.01713848114013672, 0.025678157806396484, 0.010935544967651367, 0.13714885711669922, 0.002456188201904297, 0.0010802745819091797, 0.14542102813720703, 0.01596832275390625, 0.3114607334136963, 0.0010957717895507812, 0.34514379501342773, 0.009138345718383789, 0.20364046096801758, 0.08206391334533691, 0.027413368225097656, 0.008691549301147461, 0.05423593521118164, 0.0011172294616699219, 0.010170936584472656, 0.016870498657226562, 0.0025289058685302734, 0.0011739730834960938, 0.0025980472564697266, 0.017005443572998047, 0.0026693344116210938, 0.04295754432678223, 0.23615097999572754, 0.0011434555053710938, 0.0026221275329589844, 0.49443864822387695, 0.0025653839111328125, 0.0011534690856933594, 0.13625836372375488, 0.2823028564453125, 0.0026607513427734375, 0.009190797805786133, 0.035292863845825195, 0.001104116439819336, 0.0026543140411376953, 0.01713085174560547, 0.0026738643646240234, 0.0011715888977050781, 0.01030588150024414, 0.053246259689331055, 0.0026590824127197266, 0.001154184341430664, 0.4903442859649658, 0.9855074882507324, 0.21103715896606445, 0.01716470718383789, 0.0026657581329345703, 0.025510311126708984, 0.002641916275024414, 0.00119781494140625, 0.002738475799560547, 0.025713443756103516, 0.3891932964324951, 0.008620738983154297, 0.002730131149291992, 0.0012023448944091797, 0.002747058868408203, 0.00865483283996582, 0.0026993751525878906, 0.06328368186950684, 0.0027313232421875, 0.22962164878845215, 0.001184701919555664, 0.002750873565673828, 0.0013091564178466797, 0.2984426021575928, 0.0012314319610595703, 0.0027937889099121094, 0.0012145042419433594, 0.002799510955810547, 0.009196043014526367, 0.0011701583862304688, 0.05641603469848633, 0.017403364181518555, 0.0012559890747070312, 0.010442972183227539],