{"config": {"preseeding": true, "sat-polarity": false, "sat-polarity-initial": false, "postpone_opt": false, "postpone_opt_incr": false, "postpone_opt_greedy": false, "grow": true, "grow_sat": false, "grow_subset_maximal": false, "grow_maxsat": true, "grow_maxsat_full_pos": false, "grow_maxsat_full_inv": false, "grow_maxsat_full_unif": false, "grow_maxsat_initial_pos": false, "grow_maxsat_initial_inv": false, "grow_maxsat_initial_unif": false, "grow_maxsat_actual_pos": false, "grow_maxsat_actual_unif": false, "grow_maxsat_actual_inv": true, "timeout": 7200, "instance": "origin-problem", "output": "/data/brussel/101/vsc10143/OUSResults/effectPreseeding/2021010819/20210108190425373554.json"}, "results": {"HS": [15, 2, 6, 3, 4, 4, 5, 2, 1, 8, 5, 2, 5, 48, 7, 2, 3, 18, 6, 2, 11, 6, 9, 7, 1, 18, 5, 7, 13, 5, 2, 2, 3, 1, 2, 12, 6, 15, 25, 17, 4, 6, 3, 1, 3, 3, 1, 4, 8, 2, 1, 3, 2, 1, 21, 1, 1, 1, 3, 1, 6, 4, 2, 3, 4, 1, 10, 10, 7, 5, 2, 2, 2, 1, 3, 1, 7, 4, 7, 7, 5, 2, 2, 1, 1, 2, 2, 1, 3, 1, 5, 13, 4, 7, 5, 9, 4, 1, 1, 4, 3, 7, 3, 5, 1, 1, 5, 1, 2, 6, 1, 8, 1, 4, 2, 1, 1, 1, 1, 16, 1, 1, 1], "HS_greedy": [0, 0, 0, 0, 0, 0, 0, 0, 0, 0, 0, 0, 0, 0, 0, 0, 0, 0, 0, 0, 0, 0, 0, 0, 0, 0, 0, 0, 0, 0, 0, 0, 0, 0, 0, 0, 0, 0, 0, 0, 0, 0, 0, 0, 0, 0, 0, 0, 0, 0, 0, 0, 0, 0, 0, 0, 0, 0, 0, 0, 0, 0, 0, 0, 0, 0, 0, 0, 0, 0, 0, 0, 0, 0, 0, 0, 0, 0, 0, 0, 0, 0, 0, 0, 0, 0, 0, 0, 0, 0, 0, 0, 0, 0, 0, 0, 0, 0, 0, 0, 0, 0, 0, 0, 0, 0, 0, 0, 0, 0, 0, 0, 0, 0, 0, 0, 0, 0, 0, 0, 0, 0, 0], "HS_incr": [0, 0, 0, 0, 0, 0, 0, 0, 0, 0, 0, 0, 0, 0, 0, 0, 0, 0, 0, 0, 0, 0, 0, 0, 0, 0, 0, 0, 0, 0, 0, 0, 0, 0, 0, 0, 0, 0, 0, 0, 0, 0, 0, 0, 0, 0, 0, 0, 0, 0, 0, 0, 0, 0, 0, 0, 0, 0, 0, 0, 0, 0, 0, 0, 0, 0, 0, 0, 0, 0, 0, 0, 0, 0, 0, 0, 0, 0, 0, 0, 0, 0, 0, 0, 0, 0, 0, 0, 0, 0, 0, 0, 0, 0, 0, 0, 0, 0, 0, 0, 0, 0, 0, 0, 0, 0, 0, 0, 0, 0, 0, 0, 0, 0, 0, 0, 0, 0, 0, 0, 0, 0, 0], "HS-opt-time": [0.15990328788757324, 0.03756380081176758, 0.14392662048339844, 0.0776219367980957, 0.09986066818237305, 0.09373593330383301, 0.10000085830688477, 0.04891705513000488, 0.03769683837890625, 0.48963379859924316, 0.2822456359863281, 0.06936216354370117, 0.30150580406188965, 13.476650953292847, 5.231348276138306, 0.14589548110961914, 0.30568361282348633, 10.619164228439331, 5.251924991607666, 1.5533206462860107, 11.03245210647583, 5.186444044113159, 1.9910707473754883, 5.842399597167969, 0.6136415004730225, 20.069241285324097, 7.2444164752960205, 2.782620429992676, 17.523588180541992, 0.9399282932281494, 0.30470871925354004, 0.548940896987915, 0.696460485458374, 0.17747855186462402, 0.7060086727142334, 2.9045467376708984, 1.2686152458190918, 6.896494626998901, 5.578843116760254, 4.285195827484131, 1.716993808746338, 2.7282814979553223, 1.8193674087524414, 0.42711591720581055, 1.0798923969268799, 0.8798162937164307, 0.44043517112731934, 1.0417604446411133, 2.9599478244781494, 0.6717536449432373, 0.6270108222961426, 1.6233344078063965, 0.5620338916778564, 0.6818373203277588, 16.930766820907593, 0.3663668632507324, 0.46395015716552734, 0.5944182872772217, 2.387368679046631, 0.32170605659484863, 1.733384132385254, 1.2763392925262451, 0.9879391193389893, 1.0084717273712158, 1.6336655616760254, 0.44303154945373535, 3.441281795501709, 8.498979330062866, 2.2230770587921143, 2.5991885662078857, 1.3834419250488281, 0.7338156700134277, 0.9399552345275879, 0.5603141784667969, 1.4036648273468018, 0.4669346809387207, 3.8847904205322266, 1.2714474201202393, 2.935062885284424, 3.1551785469055176, 2.2656149864196777, 0.8822722434997559, 0.9413037300109863, 0.44032812118530273, 0.43062615394592285, 0.7513487339019775, 0.7756333351135254, 0.3757963180541992, 1.012721061706543, 0.37108325958251953, 1.9404432773590088, 5.054356336593628, 1.5575881004333496, 4.149152517318726, 1.9124526977539062, 4.031560659408569, 1.7577638626098633, 0.4956347942352295, 0.46357274055480957, 1.777184247970581, 1.3209385871887207, 3.1526918411254883, 1.2780368328094482, 1.9598615169525146, 0.38829469680786133, 0.38425350189208984, 1.968773603439331, 0.39701056480407715, 0.7802050113677979, 2.3879036903381348, 0.39673447608947754, 3.221940755844116, 0.47483015060424805, 1.8049323558807373, 0.9401636123657227, 0.4095029830932617, 0.5426540374755859, 0.4731414318084717, 0.3823883533477783, 7.299948215484619, 0.3613166809082031, 0.372753381729126, 0.37151479721069336], "HS-postpone-time": [0, 0, 0, 0, 0, 0, 0, 0, 0, 0, 0, 0, 0, 0, 0, 0, 0, 0, 0, 0, 0, 0, 0, 0, 0, 0, 0, 0, 0, 0, 0, 0, 0, 0, 0, 0, 0, 0, 0, 0, 0, 0, 0, 0, 0, 0, 0, 0, 0, 0, 0, 0, 0, 0, 0, 0, 0, 0, 0, 0, 0, 0, 0, 0, 0, 0, 0, 0, 0, 0, 0, 0, 0, 0, 0, 0, 0, 0, 0, 0, 0, 0, 0, 0, 0, 0, 0, 0, 0, 0, 0, 0, 0, 0, 0, 0, 0, 0, 0, 0, 0, 0, 0, 0, 0, 0, 0, 0, 0, 0, 0, 0, 0, 0, 0, 0, 0, 0, 0, 0, 0, 0, 0], "SAT-time": [0.028753280639648438, 0.0020248889923095703, 0.010464191436767578, 0.004103422164916992, 0.00673675537109375, 0.0056607723236083984, 0.009015560150146484, 0.002325773239135742, 0.0014853477478027344, 0.013813972473144531, 0.009364128112792969, 0.002240896224975586, 0.008872747421264648, 0.09484386444091797, 0.013459205627441406, 0.0023772716522216797, 0.0052776336669921875, 0.03683114051818848, 0.011966466903686523, 0.002582550048828125, 0.022563695907592773, 0.011662960052490234, 0.017755746841430664, 0.013414621353149414, 0.001538991928100586, 0.036797523498535156, 0.009653091430664062, 0.013753414154052734, 0.027440547943115234, 0.009438276290893555, 0.0034766197204589844, 0.0027256011962890625, 0.005820751190185547, 0.0004937648773193359, 0.003428936004638672, 0.025249481201171875, 0.01264500617980957, 0.03347897529602051, 0.058777809143066406, 0.03797626495361328, 0.008159875869750977, 0.01239776611328125, 0.0062122344970703125, 0.0005574226379394531, 0.005960226058959961, 0.0051136016845703125, 0.0017049312591552734, 0.00736236572265625, 0.017258882522583008, 0.0027532577514648438, 0.001626729965209961, 0.005046844482421875, 0.003668546676635742, 0.0005526542663574219, 0.04845905303955078, 0.0005028247833251953, 0.0016376972198486328, 0.0005533695220947266, 0.006025075912475586, 0.0005588531494140625, 0.013367891311645508, 0.007660627365112305, 0.0037660598754882812, 0.005008697509765625, 0.008949995040893555, 0.0005590915679931641, 0.02313995361328125, 0.021767139434814453, 0.016664981842041016, 0.010326385498046875, 0.0039784908294677734, 0.0028955936431884766, 0.0038602352142333984, 0.0005550384521484375, 0.0062713623046875, 0.0005838871002197266, 0.015439033508300781, 0.007642269134521484, 0.01570892333984375, 0.014643669128417969, 0.011406898498535156, 0.0030488967895507812, 0.003925800323486328, 0.0005402565002441406, 0.0016732215881347656, 0.0028977394104003906, 0.0039026737213134766, 0.0005590915679931641, 0.00641179084777832, 0.0005817413330078125, 0.011465311050415039, 0.0281982421875, 0.009093999862670898, 0.01549983024597168, 0.010962247848510742, 0.019950389862060547, 0.008684873580932617, 0.0005865097045898438, 0.0016303062438964844, 0.008042573928833008, 0.00625300407409668, 0.015035390853881836, 0.006453037261962891, 0.010033130645751953, 0.0017161369323730469, 0.000583648681640625, 0.010938644409179688, 0.0005970001220703125, 0.004006385803222656, 0.013393878936767578, 0.0017194747924804688, 0.01860952377319336, 0.0017616748809814453, 0.007906675338745117, 0.0038144588470458984, 0.0005998611450195312, 0.0016970634460449219, 0.0006361007690429688, 0.0017018318176269531, 0.036928415298461914, 0.0017442703247070312, 0.0006442070007324219, 0.0017888545989990234],