{"config": {"preseeding": false, "sat-polarity": false, "sat-polarity-initial": false, "postpone_opt": false, "postpone_opt_incr": false, "postpone_opt_greedy": false, "grow": true, "grow_sat": false, "grow_subset_maximal": false, "grow_maxsat": true, "grow_maxsat_full_pos": false, "grow_maxsat_full_inv": false, "grow_maxsat_full_unif": false, "grow_maxsat_initial_pos": false, "grow_maxsat_initial_inv": false, "grow_maxsat_initial_unif": false, "grow_maxsat_actual_pos": true, "grow_maxsat_actual_unif": false, "grow_maxsat_actual_inv": false, "timeout": 7200, "instance": "origin-problem", "output": "/data/brussel/101/vsc10143/OUSResults/effectPreseeding/2021010818/20210108185449123860.json"}, "results": {"HS": [43, 2, 4, 6, 5, 5, 4, 1, 2, 9, 3, 4, 1, 43, 4, 7, 12, 3, 5, 8, 2, 1, 39, 3, 10], "HS_greedy": [0, 0, 0, 0, 0, 0, 0, 0, 0, 0, 0, 0, 0, 0, 0, 0, 0, 0, 0, 0, 0, 0, 0, 0, 0], "HS_incr": [0, 0, 0, 0, 0, 0, 0, 0, 0, 0, 0, 0, 0, 0, 0, 0, 0, 0, 0, 0, 0, 0, 0, 0, 0], "HS-opt-time": [0.3404719829559326, 0.04747939109802246, 0.07318973541259766, 0.1283283233642578, 0.13970708847045898, 0.07884478569030762, 0.06619715690612793, 0.027579307556152344, 0.1078794002532959, 0.5538883209228516, 0.23351168632507324, 0.10147857666015625, 0.08040285110473633, 16.06104588508606, 2.473811149597168, 4.944575786590576, 11.286216497421265, 0.7820982933044434, 5.206682920455933, 8.483383178710938, 0.15416431427001953, 0.11725902557373047, 32.7662308216095, 2.6487927436828613, 7.188475131988525], "HS-postpone-time": [0, 0, 0, 0, 0, 0, 0, 0, 0, 0, 0, 0, 0, 0, 0, 0, 0, 0, 0, 0, 0, 0, 0, 0, 0], "SAT-time": [0.09270191192626953, 0.002280712127685547, 0.008048057556152344, 0.010890722274780273, 0.011300086975097656, 0.010202407836914062, 0.008661508560180664, 0.0005323886871337891, 0.003641366958618164, 0.020055055618286133, 0.006814241409301758, 0.007976770401000977, 0.0016753673553466797, 0.10701513290405273, 0.009296655654907227, 0.01649928092956543, 0.030468463897705078, 0.006036281585693359, 0.012023210525512695, 0.018706798553466797, 0.003838777542114258, 0.0005056858062744141, 0.10023117065429688, 0.0057871341705322266, 0.027802228927612305], "grow-time": [3.5304675102233887, 0.10464882850646973, 0.24766159057617188, 2.9156064987182617, 1.8837482929229736, 2.0091545581817627, 2.30334210395813, 0, 0.07211565971374512, 2.87501859664917, 6.937018632888794, 0.35033583641052246, 0, 307.2791659832001, 1.3066754341125488, 130.51344442367554, 3867.5584268569946, 0.5270986557006836, 0.7768025398254395, 10.011380195617676, 0.1169896125793457, 0, 94.22935318946838, 0.28144311904907227, 21.981664657592773], "#expl": 24, "expl_seq": [{"constraints": [1689], "derived": [-104]}, {"constraints": [1690], "derived": [-15, -14]}, {"constraints": [1696], "derived": [-27]}, {"constraints": [1694], "derived": [-100]}, {"constraints": [1687], "derived": [5]}, {"constraints": [153, 5], "derived": [-4, -3, -1, -2]}, {"constraints": [5, 151], "derived": [-20, -10, -25]}, {"constraints": [5, 179, -27], "derived": [-97]}, {"constraints": [180, -100, 5], "derived": [-30]}, {"constraints": [-14, 1694], "derived": [-90]}, {"constraints": [-27, 1693], "derived": [-52]}, {"constraints": [176, -52, 5], "derived": [-122]}, {"constraints": [-15, 1694], "derived": [-95]}, {"constraints": [160, 182, 1695], "derived": [-145]}, {"constraints": [152, 179, 1692], "derived": [-89]}, {"constraints": [160, 1691, 182], "derived": [-140]}, {"constraints": [1690, 154, 167], "derived": [-103, -108]}, {"constraints": [-95, -90, 168, -108, 185, -103, -100], "derived": [-148]}, {"constraints": [168, 177, 1689], "derived": [-59]}, {"constraints": [1696, 161, 156], "derived": [-54, -51]}, {"constraints": [176, 5, -51], "derived": [-121]}, {"constraints": [176, -54, 5], "derived": [-124]}, {"constraints": [1690, 154, 175], "derived": [-63]}, {"constraints": [164, 180, 1694], "derived": [-40]}], "OUS-time": [4.010113716125488, 0.1562786102294922, 0.3337736129760742, 3.06108021736145, 2.0400941371917725, 2.103924036026001, 2.3824825286865234, 0.028966188430786133, 0.18561577796936035, 3.459672451019287, 7.180497884750366, 0.4640932083129883, 0.08291172981262207, 323.4958562850952, 3.794024705886841, 135.48229837417603, 3878.888939857483, 1.3184144496917725, 6.000861167907715, 18.522108793258667, 0.2771718502044678, 0.11859321594238281, 127.13707876205444, 2.939467668533325, 0], "timeout": true}}