{"config": {"preseeding": true, "sat-polarity": false, "sat-polarity-initial": true, "postpone_opt": true, "postpone_opt_incr": false, "postpone_opt_greedy": true, "grow": true, "grow_sat": false, "grow_subset_maximal": false, "grow_maxsat": true, "grow_maxsat_full_pos": false, "grow_maxsat_full_inv": false, "grow_maxsat_full_unif": false, "grow_maxsat_initial_pos": false, "grow_maxsat_initial_inv": false, "grow_maxsat_initial_unif": false, "grow_maxsat_actual_pos": false, "grow_maxsat_actual_unif": true, "grow_maxsat_actual_inv": false, "timeout": 7200, "instance": "origin-problem", "output": "/data/brussel/101/vsc10143/OUSResults/effectPreseeding/2021010819/20210108190425375275.json"}, "results": {"HS": [14, 3, 2, 2, 1, 2, 1, 1, 1, 1, 1, 2, 1, 9, 6, 3, 1, 2, 5, 1, 1, 1, 2, 2, 2, 6, 3, 1, 1, 1, 1, 1, 1, 1, 1, 1, 1, 4, 1, 2, 1, 1, 1, 1, 1, 1, 1, 2, 1, 1, 3, 1, 1, 1, 2, 1, 2, 1, 2, 1, 1, 2, 1, 1, 1, 1, 1, 1, 2, 1, 1, 1, 2, 1, 1, 1, 3, 1, 1, 3, 2, 1, 1, 1, 1, 1, 1, 1, 4, 1, 3, 1, 2, 1, 1, 1, 2, 1, 2, 1, 2, 1, 1, 1, 1, 2, 2, 1, 1, 1, 1, 1, 1, 1, 2, 1, 1, 1, 1, 1], "HS_greedy": [41, 32, 42, 58, 0, 323, 0, 0, 0, 0, 0, 300, 0, 359, 352, 427, 0, 396, 418, 0, 0, 0, 327, 261, 264, 308, 355, 0, 0, 0, 0, 0, 0, 0, 0, 0, 0, 265, 0, 317, 0, 0, 0, 0, 0, 0, 0, 282, 0, 0, 275, 0, 0, 0, 194, 0, 198, 0, 179, 0, 0, 200, 0, 0, 0, 0, 0, 0, 148, 0, 0, 0, 136, 0, 0, 0, 126, 0, 0, 92, 152, 0, 0, 0, 0, 0, 0, 0, 32, 0, 84, 0, 51, 0, 0, 0, 28, 0, 20, 0, 45, 0, 0, 0, 0, 24, 44, 0, 0, 0, 0, 0, 0, 0, 186, 0, 0, 0, 0, 0], "HS_incr": [0, 0, 0, 0, 0, 0, 0, 0, 0, 0, 0, 0, 0, 0, 0, 0, 0, 0, 0, 0, 0, 0, 0, 0, 0, 0, 0, 0, 0, 0, 0, 0, 0, 0, 0, 0, 0, 0, 0, 0, 0, 0, 0, 0, 0, 0, 0, 0, 0, 0, 0, 0, 0, 0, 0, 0, 0, 0, 0, 0, 0, 0, 0, 0, 0, 0, 0, 0, 0, 0, 0, 0, 0, 0, 0, 0, 0, 0, 0, 0, 0, 0, 0, 0, 0, 0, 0, 0, 0, 0, 0, 0, 0, 0, 0, 0, 0, 0, 0, 0, 0, 0, 0, 0, 0, 0, 0, 0, 0, 0, 0, 0, 0, 0, 0, 0, 0, 0, 0, 0], "HS-opt-time": [0.18755030632019043, 0.06448602676391602, 0.05220842361450195, 0.12717676162719727, 0.11335182189941406, 0.5740697383880615, 0.4879758358001709, 0.6556906700134277, 0.7521541118621826, 0.6159029006958008, 0.6260015964508057, 1.9521896839141846, 1.9042329788208008, 50.9548921585083, 40.79302215576172, 45.8301043510437, 8.555966138839722, 16.869665384292603, 90.64140009880066, 18.31913423538208, 19.652047634124756, 19.900951862335205, 36.76373481750488, 30.849494218826294, 37.97741651535034, 142.23237371444702, 90.45662546157837, 12.974780321121216, 25.06139373779297, 11.326136350631714, 11.509682178497314, 11.487046957015991, 13.096325159072876, 13.030123472213745, 11.166667461395264, 12.995331287384033, 11.408133506774902, 50.563613176345825, 12.051348447799683, 25.306941986083984, 14.433436870574951, 13.634007215499878, 14.00165319442749, 16.866016626358032, 15.532898426055908, 18.26553511619568, 13.045690774917603, 28.103503942489624, 15.393354892730713, 13.283768653869629, 25.9491126537323, 4.999290227890015, 13.473335027694702, 5.092185974121094, 8.85199522972107, 5.707034111022949, 12.350647449493408, 5.098904609680176, 9.544454097747803, 8.397586107254028, 4.8112077713012695, 10.311573266983032, 5.120335578918457, 5.498498201370239, 5.326646327972412, 5.478708505630493, 7.856896877288818, 5.233720779418945, 8.690194845199585, 4.448140382766724, 4.918185472488403, 4.577046871185303, 8.820852041244507, 4.644302606582642, 4.017930746078491, 4.090449571609497, 15.682817220687866, 4.4431397914886475, 4.561854362487793, 12.529694557189941, 8.982454299926758, 4.431183338165283, 4.191649436950684, 4.127304553985596, 3.4621176719665527, 3.881929397583008, 3.7735912799835205, 3.748126268386841, 14.672865867614746, 3.8418095111846924, 10.297985553741455, 3.691359758377075, 6.5793235301971436, 3.279432773590088, 3.3416757583618164, 3.222949504852295, 7.244994640350342, 3.3864998817443848, 7.203106880187988, 3.382077217102051, 7.044325351715088, 3.0236313343048096, 3.0222837924957275, 3.042860507965088, 2.992870569229126, 5.911497592926025, 6.955376148223877, 2.917710065841675, 3.019533157348633, 3.0310919284820557, 2.993058443069458, 2.9794728755950928, 2.986069917678833, 3.0004801750183105, 5.546111345291138, 2.7661643028259277, 2.810823678970337, 2.7529067993164062, 2.7778587341308594, 2.774648427963257], "HS-postpone-time": [0.033598899841308594, 0.021538257598876953, 0.03503775596618652, 0.06139397621154785, 0, 1.519366979598999, 0, 0, 0, 0, 0, 1.2240090370178223, 0, 1.7314763069152832, 1.6765146255493164, 2.4965548515319824, 0, 2.1136934757232666, 2.32962703704834, 0, 0, 0, 1.3774185180664062, 0.8951382637023926, 0.8963654041290283, 1.2162342071533203, 1.5916838645935059, 0, 0, 0, 0, 0, 0, 0, 0, 0, 0, 0.817955493927002, 0, 1.1221742630004883, 0, 0, 0, 0, 0, 0, 0, 0.8143520355224609, 0, 0, 0.7455711364746094, 0, 0, 0, 0.3704359531402588, 0, 0.37831950187683105, 0, 0.30942320823669434, 0, 0, 0.3507120609283447, 0, 0, 0, 0, 0, 0, 0.18400931358337402, 0, 0, 0, 0.14705395698547363, 0, 0, 0, 0.12077784538269043, 0, 0, 0.06463050842285156, 0.16701078414916992, 0, 0, 0, 0, 0, 0, 0, 0.00920414924621582, 0, 0.047554969787597656, 0, 0.018643617630004883, 0, 0, 0, 0.0063838958740234375, 0, 0.003491640090942383, 0, 0.012022733688354492, 0, 0, 0, 0, 0.004267692565917969, 0.010461091995239258, 0, 0, 0, 0, 0, 0, 0, 0.1255176067352295, 0, 0, 0, 0, 0], "SAT-time": [0.30878472328186035, 0.20673680305480957, 0.285236120223999, 0.41446399688720703, 0.0021245479583740234, 2.526231288909912, 0.0020966529846191406, 0.0009028911590576172, 0.0021665096282958984, 0.0009181499481201172, 0.0021581649780273438, 2.298280954360962, 0.002054452896118164, 2.8117733001708984, 2.7775537967681885, 3.4183788299560547, 0.0022547245025634766, 3.213604688644409, 3.4795029163360596, 0.0010225772857666016, 0.002371072769165039, 0.0010116100311279297, 2.7254884243011475, 2.151430130004883, 2.1584954261779785, 2.6171863079071045, 2.9437689781188965, 0.0011293888092041016, 0.0025377273559570312, 0.0010275840759277344, 0.0024182796478271484, 0.0011324882507324219, 0.0025107860565185547, 0.0010466575622558594, 0.002450227737426758, 0.0011179447174072266, 0.002749919891357422, 2.181749105453491, 0.0025107860565185547, 2.695984363555908, 0.002546548843383789, 0.001070261001586914, 0.0024983882904052734, 0.001142263412475586, 0.0025877952575683594, 0.001056671142578125, 0.0024566650390625, 2.403498888015747, 0.002638578414916992, 0.0010554790496826172, 2.3122761249542236, 0.0011663436889648438, 0.0026323795318603516, 0.0010645389556884766, 1.6608240604400635, 0.0011949539184570312, 1.6953177452087402, 0.0010721683502197266, 1.551501750946045, 0.0012116432189941406, 0.0028781890869140625, 1.724762201309204, 0.0012202262878417969, 0.0027952194213867188, 0.001210927963256836, 0.002862215042114258, 0.0011222362518310547, 0.0028235912322998047, 1.2851994037628174, 0.0027704238891601562, 0.001230478286743164, 0.002736330032348633, 1.136730670928955, 0.002801656723022461, 0.00124359130859375, 0.0011987686157226562, 1.0703842639923096, 0.0011897087097167969, 0.0027074813842773438, 0.7696483135223389, 1.297919750213623, 0.0011980533599853516, 0.0011665821075439453, 0.002645254135131836, 0.001241922378540039, 0.002688884735107422, 0.001251220703125, 0.002749919891357422, 0.2659282684326172, 0.002874135971069336, 0.6984338760375977, 0.0027947425842285156, 0.4371201992034912, 0.002958059310913086, 0.0012638568878173828, 0.002698183059692383, 0.23079204559326172, 0.0028433799743652344, 0.1629657745361328, 0.0028700828552246094, 0.37198829650878906, 0.002901792526245117, 0.0011515617370605469, 0.0013053417205810547, 0.0028069019317626953, 0.19490432739257812, 0.37030458450317383, 0.0012798309326171875, 0.002782583236694336, 0.0013318061828613281, 0.002786397933959961, 0.0012347698211669922, 0.002752542495727539, 0.0012929439544677734, 1.5778014659881592, 0.0012595653533935547, 0.0011477470397949219, 0.002836942672729492, 0.0011873245239257812, 0.002749204635620117],