{"config": {"preseeding": false, "sat-polarity": false, "sat-polarity-initial": true, "postpone_opt": false, "postpone_opt_incr": false, "postpone_opt_greedy": false, "grow": true, "grow_sat": false, "grow_subset_maximal": false, "grow_maxsat": true, "grow_maxsat_full_pos": false, "grow_maxsat_full_inv": false, "grow_maxsat_full_unif": false, "grow_maxsat_initial_pos": true, "grow_maxsat_initial_inv": false, "grow_maxsat_initial_unif": false, "grow_maxsat_actual_pos": false, "grow_maxsat_actual_unif": false, "grow_maxsat_actual_inv": false, "timeout": 7200, "instance": "origin-problem", "output": "/data/brussel/101/vsc10143/OUSResults/effectPreseeding/2021010818/20210108185449126065.json"}, "results": {"HS": [42, 7, 1, 11, 2, 6, 1, 1, 4, 5, 4, 5, 5, 61, 3, 2, 34, 17, 3, 5, 20, 7, 8, 2, 41, 8, 11, 9, 29, 17, 6, 1, 6, 1, 2, 11, 29, 13, 126, 46, 1, 1, 5, 26, 6, 65, 6, 56, 7, 1, 29, 32, 2, 1, 2, 4, 3, 2, 1, 1, 1, 1, 1, 1, 2, 2, 2, 62, 1, 5, 5, 1, 1, 21, 1, 54, 1, 13, 11, 32, 5, 3, 2, 2, 6, 1, 2, 4, 2, 57, 70, 26, 2, 19, 5, 2, 1, 8, 22, 5, 1, 3, 2, 1, 7, 1, 3, 14, 1, 22, 47, 1, 1, 1, 1, 1, 1, 6, 1, 1, 1], "HS_greedy": [0, 0, 0, 0, 0, 0, 0, 0, 0, 0, 0, 0, 0, 0, 0, 0, 0, 0, 0, 0, 0, 0, 0, 0, 0, 0, 0, 0, 0, 0, 0, 0, 0, 0, 0, 0, 0, 0, 0, 0, 0, 0, 0, 0, 0, 0, 0, 0, 0, 0, 0, 0, 0, 0, 0, 0, 0, 0, 0, 0, 0, 0, 0, 0, 0, 0, 0, 0, 0, 0, 0, 0, 0, 0, 0, 0, 0, 0, 0, 0, 0, 0, 0, 0, 0, 0, 0, 0, 0, 0, 0, 0, 0, 0, 0, 0, 0, 0, 0, 0, 0, 0, 0, 0, 0, 0, 0, 0, 0, 0, 0, 0, 0, 0, 0, 0, 0, 0, 0, 0, 0], "HS_incr": [0, 0, 0, 0, 0, 0, 0, 0, 0, 0, 0, 0, 0, 0, 0, 0, 0, 0, 0, 0, 0, 0, 0, 0, 0, 0, 0, 0, 0, 0, 0, 0, 0, 0, 0, 0, 0, 0, 0, 0, 0, 0, 0, 0, 0, 0, 0, 0, 0, 0, 0, 0, 0, 0, 0, 0, 0, 0, 0, 0, 0, 0, 0, 0, 0, 0, 0, 0, 0, 0, 0, 0, 0, 0, 0, 0, 0, 0, 0, 0, 0, 0, 0, 0, 0, 0, 0, 0, 0, 0, 0, 0, 0, 0, 0, 0, 0, 0, 0, 0, 0, 0, 0, 0, 0, 0, 0, 0, 0, 0, 0, 0, 0, 0, 0, 0, 0, 0, 0, 0, 0], "HS-opt-time": [0.10140776634216309, 0.10035586357116699, 0.013166189193725586, 0.26001906394958496, 0.0392765998840332, 0.10980105400085449, 0.046515464782714844, 0.03481245040893555, 0.14677166938781738, 0.3039882183074951, 0.21469855308532715, 0.14622020721435547, 0.29346513748168945, 23.093470573425293, 0.15680480003356934, 0.21318387985229492, 20.558191299438477, 13.957964658737183, 3.253567695617676, 4.520996570587158, 20.3628191947937, 1.4136841297149658, 8.780116558074951, 2.6438803672790527, 40.06827998161316, 14.666636228561401, 20.1336989402771, 3.4365761280059814, 64.05961990356445, 2.8603804111480713, 1.0042815208435059, 0.35779428482055664, 1.6702706813812256, 0.24889731407165527, 1.5164754390716553, 3.751427412033081, 7.7248616218566895, 8.051713228225708, 59.77221751213074, 30.58516764640808, 1.0066437721252441, 0.9327619075775146, 3.701085329055786, 19.92010474205017, 4.103882074356079, 60.147398948669434, 6.613152265548706, 65.06954455375671, 7.552297353744507, 1.5645725727081299, 36.89652442932129, 42.79083704948425, 3.5445172786712646, 1.6393744945526123, 5.835426330566406, 4.912510871887207, 6.264718532562256, 3.322918653488159, 1.4560611248016357, 1.6437735557556152, 1.3050727844238281, 1.2433879375457764, 1.3132078647613525, 1.2874197959899902, 4.698165655136108, 4.546281814575195, 2.5773046016693115, 92.71691966056824, 1.582498550415039, 6.4470579624176025, 9.490917444229126, 1.2485630512237549, 1.1655242443084717, 29.202411890029907, 1.3465147018432617, 88.78441023826599, 1.3054280281066895, 19.920660734176636, 24.18571448326111, 54.329293727874756, 9.274587154388428, 6.30159330368042, 3.9031310081481934, 3.202967882156372, 10.807190418243408, 1.5665409564971924, 3.7725632190704346, 6.166348457336426, 3.3803577423095703, 100.18779802322388, 121.3266053199768, 43.95804452896118, 4.889069557189941, 31.13741946220398, 10.104682922363281, 4.686770677566528, 2.209655523300171, 16.12802219390869, 41.52957057952881, 10.991846323013306, 2.0019776821136475, 6.251426935195923, 3.6939291954040527, 1.5707237720489502, 12.806893825531006, 1.9130699634552002, 5.421546220779419, 27.39341425895691, 2.0187108516693115, 41.29934501647949, 107.19649171829224, 2.2080132961273193, 1.996821403503418, 1.8377480506896973, 2.05953049659729, 2.143956422805786, 1.7114925384521484, 11.308752298355103, 1.8332297801971436, 1.9775433540344238, 2.008110284805298], "HS-postpone-time": [0, 0, 0, 0, 0, 0, 0, 0, 0, 0, 0, 0, 0, 0, 0, 0, 0, 0, 0, 0, 0, 0, 0, 0, 0, 0, 0, 0, 0, 0, 0, 0, 0, 0, 0, 0, 0, 0, 0, 0, 0, 0, 0, 0, 0, 0, 0, 0, 0, 0, 0, 0, 0, 0, 0, 0, 0, 0, 0, 0, 0, 0, 0, 0, 0, 0, 0, 0, 0, 0, 0, 0, 0, 0, 0, 0, 0, 0, 0, 0, 0, 0, 0, 0, 0, 0, 0, 0, 0, 0, 0, 0, 0, 0, 0, 0, 0, 0, 0, 0, 0, 0, 0, 0, 0, 0, 0, 0, 0, 0, 0, 0, 0, 0, 0, 0, 0, 0, 0, 0, 0], "SAT-time": [0.23854923248291016, 0.02983379364013672, 0.001832723617553711, 0.05461740493774414, 0.007228374481201172, 0.026686429977416992, 0.0020270347595214844, 0.0008893013000488281, 0.018113374710083008, 0.021235227584838867, 0.018136978149414062, 0.02182149887084961, 0.022721529006958008, 0.4086894989013672, 0.013014554977416992, 0.006665468215942383, 0.23067712783813477, 0.10576868057250977, 0.013660192489624023, 0.025299549102783203, 0.13398337364196777, 0.039945125579833984, 0.046331167221069336, 0.007452487945556641, 0.29570508003234863, 0.04728293418884277, 0.06822347640991211, 0.053746938705444336, 0.20293116569519043, 0.11166715621948242, 0.033593177795410156, 0.0009872913360595703, 0.03544116020202637, 0.0009920597076416016, 0.008481502532958984, 0.06952834129333496, 0.21060538291931152, 0.08974766731262207, 0.9626362323760986, 0.3406393527984619, 0.0024178028106689453, 0.00103759765625, 0.029106855392456055, 0.19108963012695312, 0.035866498947143555, 0.4918830394744873, 0.03614449501037598, 0.42775869369506836, 0.042957305908203125, 0.0010335445404052734, 0.21983885765075684, 0.24203109741210938, 0.009176969528198242, 0.0009913444519042969, 0.00842142105102539, 0.021883249282836914, 0.015682220458984375, 0.007787466049194336, 0.002357959747314453, 0.0010406970977783203, 0.0023550987243652344, 0.0009992122650146484, 0.002348661422729492, 0.0010485649108886719, 0.008787870407104492, 0.00757908821105957, 0.007745027542114258, 0.4970972537994385, 0.0010488033294677734, 0.029569149017333984, 0.028508901596069336, 0.002416372299194336, 0.0010263919830322266, 0.15803098678588867, 0.0010721683502197266, 0.42926788330078125, 0.0010390281677246094, 0.09049725532531738, 0.0750892162322998, 0.24866008758544922, 0.027740955352783203, 0.015390396118164062, 0.007176637649536133, 0.008342742919921875, 0.03522157669067383, 0.002388477325439453, 0.007550716400146484, 0.021590232849121094, 0.0073091983795166016, 0.4447023868560791, 0.5435583591461182, 0.19524288177490234, 0.007172584533691406, 0.13877654075622559, 0.02785658836364746, 0.008568286895751953, 0.0010683536529541016, 0.05363106727600098, 0.1696314811706543, 0.030148029327392578, 0.0010998249053955078, 0.015201330184936523, 0.007425069808959961, 0.0024917125701904297, 0.044237613677978516, 0.0024673938751220703, 0.01418757438659668, 0.10126614570617676, 0.00112152099609375, 0.16777682304382324, 0.37322282791137695, 0.002534627914428711, 0.0011065006256103516, 0.002586841583251953, 0.0011262893676757812, 0.0026264190673828125, 0.0010807514190673828, 0.03803396224975586, 0.0010883808135986328, 0.0026187896728515625, 0.0010921955108642578],