{"config": {"preseeding": true, "sat-polarity": false, "sat-polarity-initial": true, "postpone_opt": true, "postpone_opt_incr": false, "postpone_opt_greedy": true, "grow": true, "grow_sat": false, "grow_subset_maximal": false, "grow_maxsat": true, "grow_maxsat_full_pos": false, "grow_maxsat_full_inv": false, "grow_maxsat_full_unif": false, "grow_maxsat_initial_pos": false, "grow_maxsat_initial_inv": false, "grow_maxsat_initial_unif": true, "grow_maxsat_actual_pos": false, "grow_maxsat_actual_unif": false, "grow_maxsat_actual_inv": false, "timeout": 7200, "instance": "origin-problem", "output": "/data/brussel/101/vsc10143/OUSResults/effectPreseeding/2021010819/20210108190425375238.json"}, "results": {"HS": [14, 2, 3, 2, 5, 1, 1, 6, 1, 2, 1, 1, 1, 8, 2, 1, 9, 1, 7, 13, 4, 1, 4, 4, 7, 8, 7, 3, 35, 1, 1, 5, 1, 5, 1, 1, 4, 11, 57, 71, 1, 1, 2, 8, 3, 31, 2, 1, 24, 1, 1, 1, 51, 1, 2, 14, 2, 1, 3, 19, 0], "HS_greedy": [41, 33, 43, 44, 46, 0, 0, 40, 0, 490, 0, 0, 0, 442, 403, 0, 428, 0, 390, 337, 340, 0, 292, 267, 304, 279, 291, 272, 291, 0, 0, 268, 0, 220, 0, 0, 240, 220, 306, 316, 0, 0, 188, 217, 222, 275, 229, 0, 233, 0, 0, 0, 207, 0, 163, 170, 134, 0, 156, 178, 0], "HS_incr": [0, 0, 0, 0, 0, 0, 0, 0, 0, 0, 0, 0, 0, 0, 0, 0, 0, 0, 0, 0, 0, 0, 0, 0, 0, 0, 0, 0, 0, 0, 0, 0, 0, 0, 0, 0, 0, 0, 0, 0, 0, 0, 0, 0, 0, 0, 0, 0, 0, 0, 0, 0, 0, 0, 0, 0, 0, 0, 0, 0, 0], "HS-opt-time": [0.18822169303894043, 0.03724980354309082, 0.09199690818786621, 0.06030845642089844, 0.2216963768005371, 0.07088994979858398, 0.06541895866394043, 0.3636629581451416, 0.08791542053222656, 1.1234402656555176, 1.0876362323760986, 0.855302095413208, 1.3378527164459229, 34.409546852111816, 4.436028957366943, 3.019235134124756, 74.98535108566284, 11.978008508682251, 90.74799823760986, 111.01417207717896, 26.94821810722351, 15.115124225616455, 52.3885862827301, 52.594056606292725, 90.88862156867981, 142.96552872657776, 140.81864500045776, 28.945163249969482, 818.4112014770508, 11.00440263748169, 11.326014757156372, 56.28797483444214, 14.79583215713501, 61.983134031295776, 11.93806004524231, 11.984234094619751, 44.749443769454956, 133.27638959884644, 619.8514065742493, 869.1115872859955, 14.158093452453613, 21.49918556213379, 25.207249879837036, 100.20302057266235, 44.02631950378418, 412.5101282596588, 29.087762117385864, 17.81881856918335, 284.016553401947, 13.183450698852539, 12.727078914642334, 13.535691976547241, 573.0420651435852, 13.439021825790405, 33.22647309303284, 160.72168707847595, 25.256930351257324, 13.217524290084839, 50.31157112121582, 199.54291772842407, 0], "HS-postpone-time": [0.03404664993286133, 0.022347211837768555, 0.03614068031311035, 0.037731170654296875, 0.03987002372741699, 0, 0, 0.030351877212524414, 0, 3.4948782920837402, 0, 0, 0, 2.7424862384796143, 2.2801713943481445, 0, 2.553492307662964, 0, 2.092841386795044, 1.5299313068389893, 1.566464900970459, 0, 1.1305065155029297, 0.9465923309326172, 1.1842210292816162, 1.0143239498138428, 1.077390432357788, 0.9669380187988281, 1.0920004844665527, 0, 0, 0.9042026996612549, 0, 0.6144769191741943, 0, 0, 0.7087030410766602, 0.5970785617828369, 1.110748529434204, 1.1504778861999512, 0, 0, 0.41974520683288574, 0.5472307205200195, 0.5641307830810547, 0.8525609970092773, 0.5927393436431885, 0, 0.6188030242919922, 0, 0, 0, 0.4763045310974121, 0, 0.293529748916626, 0.32364988327026367, 0.20699381828308105, 0, 0.2613205909729004, 0.3405635356903076, 0], "SAT-time": [0.294419527053833, 0.20444178581237793, 0.2917807102203369, 0.30305933952331543, 0.33225297927856445, 0.0009167194366455078, 0.002157926559448242, 0.29055094718933105, 0.0020923614501953125, 3.9974076747894287, 0.002191781997680664, 0.0009489059448242188, 0.002172231674194336, 3.658461332321167, 3.3498294353485107, 0.0009808540344238281, 3.557480573654175, 0.0010213851928710938, 3.2549216747283936, 2.8002877235412598, 2.902287721633911, 0.0015175342559814453, 2.299973249435425, 2.171623706817627, 2.442326307296753, 2.1959521770477295, 2.337946891784668, 2.1584107875823975, 2.3282878398895264, 0.0010395050048828125, 0.002391815185546875, 2.141049861907959, 0.0024051666259765625, 1.7365312576293945, 0.002450227737426758, 0.0010249614715576172, 1.904308557510376, 1.7538034915924072, 2.3903167247772217, 2.472568988800049, 0.002479076385498047, 0.0010561943054199219, 1.4610018730163574, 1.7184886932373047, 1.7405509948730469, 2.1351442337036133, 1.7772297859191895, 0.0025556087493896484, 1.8804311752319336, 0.002447843551635742, 0.0010480880737304688, 0.002542257308959961, 1.6001536846160889, 0.0025186538696289062, 1.2857964038848877, 1.3229405879974365, 1.0820884704589844, 0.0025148391723632812, 1.24949049949646, 1.3872318267822266, 0], "grow-time": [5.565842390060425, 4.432267427444458, 5.998215198516846, 6.188531160354614, 6.423305034637451, 0, 0, 5.402575731277466, 0, 74.39640092849731, 0, 0, 0, 67.02829790115356, 61.46713471412659, 0, 66.21840119361877, 0, 62.78149175643921, 51.68084144592285, 52.40767788887024, 0, 43.837501764297485, 41.743572473526, 45.90809869766235, 43.3453631401062, 45.49125671386719, 41.199151277542114, 44.340126514434814, 0, 0, 41.8026978969574, 0, 33.31522297859192, 0, 0, 36.80299162864685, 34.36862111091614, 47.61377000808716, 48.86784338951111, 0, 0, 28.635920524597168, 32.84481453895569, 34.00380802154541, 42.56461429595947, 35.3379008769989, 0, 36.76861524581909, 0, 0, 0, 30.984171152114868, 0, 24.02399253845215, 25.221741437911987, 19.84976291656494, 0, 22.756883144378662, 26.24083948135376, 0], "#expl": 60, "expl_seq": [{"constraints": [35548], "derived": [-33879]}, {"constraints": [35542], "derived": [-33867, -33866]}, {"constraints": [35539], "derived": [33857]}, {"constraints": [33857, 34005], "derived": [-33856, -33855, -33854, -33853]}, {"constraints": [33857, 34003], "derived": [-33872, -33862, -33877]}, {"constraints": [33857, -33879, 34031], "derived": [-33949]}, {"constraints": [35546], "derived": [-33952]}, {"constraints": [34032, 33857, -33952], "derived": [-33882]}, {"constraints": [35541], "derived": [-33956]}, {"constraints": [35546, -33867], "derived": [-33947]}, {"constraints": [35545, -33879], "derived": [-33904]}, {"constraints": [-33904, 33857, 34028], "derived": [-33974]}, {"constraints": [35546, -33866], "derived": [-33942]}, {"constraints": [34008, 35548, 34013], "derived": [-33903, -33906]}, {"constraints": [33857, -33903, 34028], "derived": [-33973]}, {"constraints": [33857, 34028, -33906], "derived": [-33976]}, {"constraints": [34034, 35547, 34012], "derived": [-33997]}, {"constraints": [34029, 35541, 34006], "derived": [-33911]}, {"constraints": [34027, 35542, 34006], "derived": [-33915]}, {"constraints": [34019, 35542, 34006], "derived": [-33960, -33955]}, {"constraints": [-33952, 34020, -33947, -33942, 34037, -33960, -33955], "derived": [-34000]}, {"constraints": [35544, 34004, 34031], "derived": [-33941]}, {"constraints": [34034, 34012, 35543], "derived": [-33992]}, {"constraints": [34016, 35546, 34005], "derived": [-33863]}, {"constraints": [34016, 35546, 34032], "derived": [-33892]}, {"constraints": [-33976, 35541, 34020, 34005], "derived": [-33861]}, {"constraints": [-33863, 34019, 35542, 34006], "derived": [-33965]}, {"constraints": [34020, 34027, -33965, -33960, -33862, -33861, -33955], "derived": [-33910]}, {"constraints": [35545, 35548, 34013], "derived": [-33909, -33924, -33914]}, {"constraints": [-33914, -33924, -33909, -33904, 34012], "derived": [33919]}, {"constraints": [34013, 33919], "derived": [-33920, -33918, -33922, -33921]}, {"constraints": [35540, -33915, -33914], "derived": [-33889]}, {"constraints": [-33910, -33909, 35540], "derived": [-33884]}, {"constraints": [-33920, 35548, -33922], "derived": [-33894]}, {"constraints": [-33894, 34034, 33919], "derived": [-33984]}, {"constraints": [-33884, -33879, 34008, -33894, -33889], "derived": [33899]}, {"constraints": [34009, 33899], "derived": [-33902, -33901, -33900, -33898]}, {"constraints": [35540, 33899, -33924],