{"config": {"preseeding": true, "sat-polarity": false, "sat-polarity-initial": true, "postpone_opt": true, "postpone_opt_incr": true, "postpone_opt_greedy": true, "grow": true, "grow_sat": false, "grow_subset_maximal": false, "grow_maxsat": true, "grow_maxsat_full_pos": false, "grow_maxsat_full_inv": false, "grow_maxsat_full_unif": false, "grow_maxsat_initial_pos": false, "grow_maxsat_initial_inv": false, "grow_maxsat_initial_unif": true, "grow_maxsat_actual_pos": false, "grow_maxsat_actual_unif": false, "grow_maxsat_actual_inv": false, "timeout": 7200, "instance": "origin-problem", "output": "/data/brussel/101/vsc10143/OUSResults/effectPreseeding/2021010820/20210108205849075218.json"}, "results": {"HS": [2, 2, 1, 1, 1, 1, 1, 1, 1, 2, 1, 1, 1, 6, 1, 1, 6, 2, 3, 1, 1, 1, 1, 1, 1, 5, 6, 1, 1, 1, 1, 1, 1, 2, 1, 1, 1, 7, 1, 1, 1, 1, 1, 1, 1, 1, 1, 1, 1, 1, 1, 7, 1, 1, 1, 1, 1, 1, 1, 1, 1, 1, 1, 1, 2, 2, 1, 1, 1, 1, 1, 1, 0], "HS_greedy": [11, 11, 0, 0, 0, 0, 0, 0, 0, 83, 0, 0, 0, 64, 0, 0, 65, 77, 59, 0, 0, 0, 0, 0, 0, 68, 51, 0, 0, 0, 0, 0, 0, 35, 0, 0, 0, 48, 0, 0, 0, 0, 0, 0, 0, 0, 0, 0, 0, 0, 0, 46, 0, 0, 0, 0, 0, 0, 0, 0, 0, 0, 0, 0, 39, 25, 0, 0, 0, 0, 0, 0, 0], "HS_incr": [255, 235, 0, 0, 0, 0, 0, 0, 0, 2355, 0, 0, 0, 1789, 0, 0, 1691, 2270, 1602, 0, 0, 0, 0, 0, 0, 1868, 1260, 0, 0, 0, 0, 0, 0, 990, 0, 0, 0, 1257, 0, 0, 0, 0, 0, 0, 0, 0, 0, 0, 0, 0, 0, 1012, 0, 0, 0, 0, 0, 0, 0, 0, 0, 0, 0, 0, 1198, 599, 0, 0, 0, 0, 0, 0, 0], "HS-opt-time": [0.20790386199951172, 0.9666924476623535, 0.7267382144927979, 0.7548935413360596, 0.5962061882019043, 0.6201300621032715, 0.7267181873321533, 0.7953426837921143, 0.7619755268096924, 12.45246171951294, 12.891772985458374, 10.059844732284546, 12.337437868118286, 214.69474124908447, 5.052989959716797, 3.9708006381988525, 369.1475887298584, 98.34443402290344, 174.35969233512878, 26.42705225944519, 119.6207435131073, 96.02257513999939, 97.64681267738342, 92.00255703926086, 121.01277947425842, 466.9039959907532, 501.05307269096375, 42.89866781234741, 175.92914032936096, 30.65146279335022, 18.870466470718384, 29.123018264770508, 32.075098514556885, 60.95645308494568, 23.221648931503296, 30.291329383850098, 30.40741753578186, 271.1059019565582, 31.67754292488098, 32.65260148048401, 36.13613677024841, 37.81883406639099, 39.12609839439392, 47.15781354904175, 38.85774040222168, 106.84617137908936, 32.644803524017334, 32.93249535560608, 31.94644045829773, 33.534860134124756, 37.7439398765564, 552.8403871059418, 22.49167537689209, 53.22786474227905, 20.631627798080444, 17.953938961029053, 17.788028478622437, 67.12115502357483, 21.11590600013733, 23.406174898147583, 39.808990716934204, 18.28926730155945, 19.686612844467163, 33.75142693519592, 27.526360034942627, 51.18088340759277, 19.90791940689087, 19.082377672195435, 19.40117859840393, 19.027271270751953, 16.798245191574097, 20.152052640914917, 0], "HS-postpone-time": [0.05366683006286621, 0.05261683464050293, 0, 0, 0, 0, 0, 0, 0, 3.2878620624542236, 0, 0, 0, 1.8678786754608154, 0, 0, 1.7153213024139404, 2.5159802436828613, 1.4140353202819824, 0, 0, 0, 0, 0, 0, 1.8098251819610596, 0.94179368019104, 0, 0, 0, 0, 0, 0, 0.4680607318878174, 0, 0, 0, 0.8163957595825195, 0, 0, 0, 0, 0, 0, 0, 0, 0, 0, 0, 0, 0, 0.5180277824401855, 0, 0, 0, 0, 0, 0, 0, 0, 0, 0, 0, 0, 0.4230983257293701, 0.13567233085632324, 0, 0, 0, 0, 0, 0, 0], "SAT-time": [0.8010003566741943, 0.7229251861572266, 0.0015959739685058594, 0.0006425380706787109, 0.0017199516296386719, 0.0006825923919677734, 0.0017447471618652344, 0.0006628036499023438, 0.0017547607421875, 8.100862741470337, 0.0019109249114990234, 0.000774383544921875, 0.0019021034240722656, 6.50141978263855, 0.0019135475158691406, 0.0007462501525878906, 6.081302165985107, 8.232135534286499, 5.8394811153411865, 0.0021469593048095703, 0.0011553764343261719, 0.0021202564239501953, 0.0014674663543701172, 0.0023145675659179688, 0.0009028911590576172, 7.062438726425171, 4.768889665603638, 0.0021648406982421875, 0.0008082389831542969, 0.00235748291015625, 0.0008637905120849609, 0.002229928970336914, 0.0008645057678222656, 3.8578948974609375, 0.0009658336639404297, 0.0021119117736816406, 0.0008873939514160156, 5.044473886489868, 0.0008535385131835938, 0.0021402835845947266, 0.0008392333984375, 0.002192258834838867, 0.0009176731109619141, 0.0021779537200927734, 0.0008394718170166016, 0.0022368431091308594, 0.0008559226989746094, 0.0022039413452148438, 0.0008122920989990234, 0.0021674633026123047, 0.0009057521820068359, 3.5859181880950928, 0.0008287429809570312, 0.0021119117736816406, 0.0008358955383300781, 0.0020389556884765625, 0.0008344650268554688, 0.0021071434020996094, 0.0008442401885986328, 0.002023458480834961, 0.0008487701416015625, 0.0020399093627929688, 0.0008637905120849609, 0.0020542144775390625, 3.6213979721069336, 1.846707820892334, 0.0008902549743652344, 0.002130270004272461, 0.0008676052093505859, 0.0021491050720214844, 0.0008680820465087891, 0.0021927356719970703, 0], "grow-time": [26.839052200317383, 24.901609659194946, 0, 0, 0, 0, 0, 0, 0, 282.1729185581207, 0, 0, 0, 218.43425011634827, 0, 0, 203.24427461624146, 279.4900951385498, 199.76671385765076, 0, 0, 0, 0, 0, 0, 227.22336769104004, 153.64702081680298, 0, 0, 0, 0, 0, 0, 123.33269166946411, 0, 0, 0, 158.55820894241333, 0, 0, 0, 0, 0, 0, 0, 0, 0, 0, 0, 0, 0, 122.59760165214539, 0, 0, 0, 0, 0, 0, 0, 0, 0, 0, 0, 0, 128.97922468185425, 61.18845534324646, 0, 0, 0, 0, 0, 0, 0], "#expl": 72, "expl_seq": [{"constraints": [10152], "derived": [-8567]}, {"constraints": [10157], "derived": [-8563]}, {"constraints": [10153], "derived": [-8478, -8477]}, {"constraints": [10150], "derived": [8468]}, {"constraints": [8468, 8614], "derived": [-8488, -8483, -8473]}, {"constraints": [8616, 8468], "derived": [-8464, -8467, -8466, -8465]}, {"constraints": [8643, 8468, -8563], "derived": [-8493]}, {"constraints": [10159], "derived": [-8490]}, {"constraints": [8642, 8468, -8490], "derived": [-8560]}, {"constraints": [-8478, 10157], "derived": [-8558]}, {"constraints": [10156, -8490], "derived": [-8515]}, {"constraints": [8468, -8515, 8639], "derived": [-8585]}, {"constraints": [-8477, 10157], "derived": [-8553]}, {"constraints": [8624, 8619, 10159], "derived": [-8517, -8514]}, {"constraints": [8468, -8514, 8639], "derived": [-8584]}, {"constraints": [-8517, 8468, 8639], "derived": [-8587]}, {"constraints": [8616, 8627, 10157], "derived": [-8474]}, {"constraints": [10153, 8617, 8638], "derived": [-8526]}, {"constraints": [10153, 8617, 8630], "derived": [-8566, -8571]}, {"constraints": [-8571, 8648, -8553, -8566, -8563, -8558, 8631], "derived": [-8611]}, {"constraints": [8642, 10155, 8615], "derived": [-8552]}, {"constraints": [10152, 8617, 8640], "derived": [-8522]}, {"constraints": [10154, 8645, 8623], "derived": [-8603]}, {"constraints": [8645, 10158, 8623], "derived": [-8608]}, {"constraints": [8627, 10157, 8643], "derived": [-8503]}, {"constraints": [10152, -8587, 8616, 8631], "derived": [-8472]}, {"constraints": [10153, 8617, 8630, -8474], "derived": [-8576]}, {"constraints": [-8576, 8640, -8571, -8473, -8472, 8617, -8566], "derived": [-8521]}, {"constraints": [8624, 10156, 10159], "derived": [-8520, -8535, -8525]}, {"constraints": [-8535, 8623, -8525, -8520, -8515], "derived": [8530]}, {"constraints": [8624, 8530], "derived": [-8533, -8532, -8531, -8529]}, {"constraints": [-8520, -8521, 10151], "derived": [-8495]}, {"constraints": [-8526, -8525, 10151], "derived": [-8500]}, {"constraints": [-8533, -8531, 10159], "derived": [-8505]}, {"constraints": [8530, 8645, -8505], "derived": [-8595]}, {"constraints": [-8505, 8619, -8500, -8495, -8490], "derived": [8510]}, {"constraints": [8620, 8510], "derived": [-8512, -8511, -8509, -8513]}, {"constraints": [-8535, 8510, 10151], "derived": [8536]}, {"constraints": [8536, 8624], "derived": [-8534, -8538, -8537]}, {"constraints": [8536, 8622], "derived": [-8516]}, {"constraints": [8536, -8571, 8640], "derived": [-8485]}, {"constraints": [8536, -8566, 8640],