{"config": {"preseeding": false, "sat-polarity": false, "sat-polarity-initial": false, "postpone_opt": false, "postpone_opt_incr": false, "postpone_opt_greedy": false, "grow": true, "grow_sat": false, "grow_subset_maximal": false, "grow_maxsat": true, "grow_maxsat_full_pos": false, "grow_maxsat_full_inv": false, "grow_maxsat_full_unif": false, "grow_maxsat_initial_pos": false, "grow_maxsat_initial_inv": true, "grow_maxsat_initial_unif": false, "grow_maxsat_actual_pos": false, "grow_maxsat_actual_unif": false, "grow_maxsat_actual_inv": false, "timeout": 7200, "instance": "origin-problem", "output": "/data/brussel/101/vsc10143/OUSResults/effectPreseeding/2021010818/20210108185449123914.json"}, "results": {"HS": [43, 5, 12, 2, 2, 1, 2, 2, 3, 9, 3, 4, 1, 46, 8, 3, 1, 35, 5, 3, 27, 5, 18, 11, 18, 27, 6, 6, 37, 3, 5, 2, 1, 11, 10, 19, 16, 14, 207, 72, 1, 12, 4, 1, 2, 109, 9, 1, 2, 23, 83, 6, 1, 11, 20, 1, 1, 1, 2, 1, 1, 2, 56, 1, 83, 1, 1, 36, 1, 1, 1, 54, 2, 3, 5, 30, 5, 1, 1, 1, 1, 2, 1, 1, 4, 7, 2, 1, 70, 70, 122, 4, 65, 6, 1, 1, 1, 24, 10, 17, 6, 1, 1, 2, 1, 1, 1, 23, 6, 1, 34, 35, 1, 1, 1, 1, 1, 4, 5, 1, 1, 1], "HS_greedy": [0, 0, 0, 0, 0, 0, 0, 0, 0, 0, 0, 0, 0, 0, 0, 0, 0, 0, 0, 0, 0, 0, 0, 0, 0, 0, 0, 0, 0, 0, 0, 0, 0, 0, 0, 0, 0, 0, 0, 0, 0, 0, 0, 0, 0, 0, 0, 0, 0, 0, 0, 0, 0, 0, 0, 0, 0, 0, 0, 0, 0, 0, 0, 0, 0, 0, 0, 0, 0, 0, 0, 0, 0, 0, 0, 0, 0, 0, 0, 0, 0, 0, 0, 0, 0, 0, 0, 0, 0, 0, 0, 0, 0, 0, 0, 0, 0, 0, 0, 0, 0, 0, 0, 0, 0, 0, 0, 0, 0, 0, 0, 0, 0, 0, 0, 0, 0, 0, 0, 0, 0, 0], "HS_incr": [0, 0, 0, 0, 0, 0, 0, 0, 0, 0, 0, 0, 0, 0, 0, 0, 0, 0, 0, 0, 0, 0, 0, 0, 0, 0, 0, 0, 0, 0, 0, 0, 0, 0, 0, 0, 0, 0, 0, 0, 0, 0, 0, 0, 0, 0, 0, 0, 0, 0, 0, 0, 0, 0, 0, 0, 0, 0, 0, 0, 0, 0, 0, 0, 0, 0, 0, 0, 0, 0, 0, 0, 0, 0, 0, 0, 0, 0, 0, 0, 0, 0, 0, 0, 0, 0, 0, 0, 0, 0, 0, 0, 0, 0, 0, 0, 0, 0, 0, 0, 0, 0, 0, 0, 0, 0, 0, 0, 0, 0, 0, 0, 0, 0, 0, 0, 0, 0, 0, 0, 0, 0], "HS-opt-time": [0.337749719619751, 0.06289815902709961, 0.2991020679473877, 0.03488326072692871, 0.028975725173950195, 0.03187751770019531, 0.06666159629821777, 0.09130978584289551, 0.05763125419616699, 0.5992879867553711, 0.17121505737304688, 0.11267662048339844, 0.0693063735961914, 13.239634037017822, 5.409017562866211, 0.16253209114074707, 0.06831908226013184, 13.632854223251343, 4.023713111877441, 2.6698086261749268, 19.31551170349121, 1.2334723472595215, 17.281739950180054, 13.968124628067017, 19.631330251693726, 31.87721538543701, 10.45591425895691, 3.392327308654785, 67.18404746055603, 0.8245313167572021, 1.111933946609497, 0.7379248142242432, 0.3865342140197754, 3.9422357082366943, 2.623283863067627, 6.133193492889404, 5.04088282585144, 7.988095283508301, 128.2617838382721, 57.694462299346924, 3.0291025638580322, 14.210854768753052, 4.078458547592163, 1.2251019477844238, 3.9124021530151367, 118.00610256195068, 13.560019254684448, 1.7811245918273926, 3.4945952892303467, 32.70391607284546, 139.3247208595276, 11.234516143798828, 2.307227849960327, 21.122441053390503, 33.80218815803528, 2.1925277709960938, 1.8774714469909668, 1.932819128036499, 3.7974801063537598, 1.6080505847930908, 1.935326337814331, 5.456172227859497, 93.79707431793213, 1.8990747928619385, 155.81307935714722, 2.275153160095215, 2.0487751960754395, 67.64752769470215, 2.247419834136963, 2.051203727722168, 2.3972034454345703, 114.86327719688416, 3.9508538246154785, 6.54486608505249, 17.27920126914978, 60.2008101940155, 12.266164064407349, 2.1826958656311035, 2.3778955936431885, 2.2116281986236572, 1.8752319812774658, 4.461792230606079, 2.195996046066284, 1.8565340042114258, 7.947449207305908, 12.707701921463013, 4.48453164100647, 1.9940474033355713, 145.85863041877747, 151.39351105690002, 293.5261309146881, 10.463592767715454, 135.1927571296692, 14.754210472106934, 2.4024274349212646, 2.127868890762329, 2.1431539058685303, 45.08395004272461, 17.12550115585327, 48.376344203948975, 13.14028525352478, 2.1397271156311035, 1.7537083625793457, 3.8817341327667236, 1.7197022438049316, 1.824326515197754, 1.5418920516967773, 45.57851982116699, 11.434239864349365, 2.105694532394409, 65.21011662483215, 73.93032336235046, 2.5527350902557373, 2.2323341369628906, 2.4794163703918457, 1.9799892902374268, 1.949700117111206, 8.19546627998352, 12.865756750106812, 1.5635404586791992, 1.4340155124664307, 1.458186388015747], "HS-postpone-time": [0, 0, 0, 0, 0, 0, 0, 0, 0, 0, 0, 0, 0, 0, 0, 0, 0, 0, 0, 0, 0, 0, 0, 0, 0, 0, 0, 0, 0, 0, 0, 0, 0, 0, 0, 0, 0, 0, 0, 0, 0, 0, 0, 0, 0, 0, 0, 0, 0, 0, 0, 0, 0, 0, 0, 0, 0, 0, 0, 0, 0, 0, 0, 0, 0, 0, 0, 0, 0, 0, 0, 0, 0, 0, 0, 0, 0, 0, 0, 0, 0, 0, 0, 0, 0, 0, 0, 0, 0, 0, 0, 0, 0, 0, 0, 0, 0, 0, 0, 0, 0, 0, 0, 0, 0, 0, 0, 0, 0, 0, 0, 0, 0, 0, 0, 0, 0, 0, 0, 0, 0, 0], "SAT-time": [0.0935354232788086, 0.008354663848876953, 0.026210308074951172, 0.0022559165954589844, 0.003078460693359375, 0.00046253204345703125, 0.003386259078979492, 0.0025856494903564453, 0.005795478820800781, 0.01984095573425293, 0.007165431976318359, 0.008197784423828125, 0.0016372203826904297, 0.11806583404541016, 0.018155813217163086, 0.005324125289916992, 0.0016553401947021484, 0.08698582649230957, 0.012115955352783203, 0.005807638168334961, 0.07125234603881836, 0.011474370956420898, 0.047829389572143555, 0.028870820999145508, 0.04708147048950195, 0.0726022720336914, 0.014911413192749023, 0.014081954956054688, 0.10413503646850586, 0.005998134613037109, 0.012987136840820312, 0.0030670166015625, 0.0017337799072265625, 0.027763843536376953, 0.026776552200317383, 0.050202369689941406, 0.04323172569274902, 0.034531593322753906, 0.5697741508483887, 0.1957261562347412, 0.0018224716186523438, 0.03090524673461914, 0.009680747985839844, 0.0005867481231689453, 0.004048347473144531, 0.3163015842437744, 0.022122859954833984, 0.0005309581756591797, 0.004172325134277344, 0.06268692016601562, 0.21924638748168945, 0.014674901962280273, 0.0018074512481689453, 0.029563188552856445, 0.05570197105407715, 0.0005381107330322266, 0.0017964839935302734, 0.0006055831909179688, 0.004217624664306641, 0.0005702972412109375, 0.0018782615661621094, 0.0031783580780029297, 0.16547155380249023, 0.0006163120269775391, 0.2408449649810791, 0.0006053447723388672, 0.001903533935546875, 0.09805488586425781, 0.0018434524536132812, 0.0005972385406494141, 0.0018508434295654297, 0.15343403816223145, 0.0043792724609375, 0.005980253219604492, 0.013459205627441406, 0.08664870262145996, 0.012909889221191406, 0.0006229877471923828, 0.0019414424896240234, 0.0006382465362548828, 0.0019376277923583984, 0.0034780502319335938, 0.0018961429595947266, 0.0006151199340820312, 0.010154008865356445, 0.017236709594726562, 0.004676342010498047, 0.0006051063537597656, 0.20843172073364258, 0.2014451026916504, 0.3493533134460449, 0.008935689926147461, 0.1867685317993164, 0.014562606811523438, 0.0019409656524658203, 0.0005707740783691406, 0.0019199848175048828, 0.06673336029052734, 0.02588653564453125, 0.04640078544616699, 0.016252517700195312, 0.0006175041198730469, 0.0018672943115234375, 0.003408193588256836, 0.001962900161743164, 0.0006246566772460938, 0.00189971923828125, 0.06739354133605957, 0.015674114227294922, 0.0006287097930908203, 0.09687924385070801, 0.0989985466003418, 0.001966714859008789, 0.0006048679351806641, 0.0019850730895996094, 0.0006353855133056641, 0.002007007598876953, 0.009545326232910156, 0.013043880462646484, 0.0006735324859619141, 0.0018939971923828125, 0.0006268024444580078],