{"config": {"preseeding": false, "preseeding-grow": false, "sat-polarity": false, "sat-polarity-initial": true, "postpone_opt": false, "postpone_opt_incr": false, "postpone_opt_greedy": false, "grow": true, "grow_sat": false, "grow_subset_maximal": false, "grow_maxsat": true, "grow_maxsat_neg_cost": false, "grow_maxsat_pos_cost": false, "grow_maxsat_max_cost_neg": false, "grow_maxsat_unit": false, "grow_maxsat_initial": true, "grow_maxsat_actual": false, "timeout": 10800, "instance": "origin-problem", "output": "/user/brussel/101/vsc10143/holygrail/experiments/03_OMUS/02_OUS/results/effectPreseeding/2021010517/20210105171315940567.json"}, "results": {"HS": [41, 11, 8, 1, 4, 2, 6, 1, 2, 5, 5, 1, 5, 59, 5, 1, 21, 11, 2, 5, 17, 6, 3, 20, 2, 29, 8, 5, 24, 14, 1, 17, 74, 7, 2, 1, 22, 1, 8, 6, 7, 84, 52, 3, 19, 5, 1, 2, 3, 1, 3, 1, 38, 1, 2, 1, 1, 2, 1, 1, 2, 1, 1, 1, 6, 2, 3, 16, 1, 25, 5, 1, 1, 45, 1, 12, 14, 7, 1, 3, 2, 5, 3, 1, 3, 4, 6, 2, 2, 1, 3, 38, 89, 16, 4, 2, 4, 24, 1, 2, 1, 5, 1, 3, 1, 1, 1, 5, 1, 10, 1, 1, 15, 17, 1, 1, 1, 1, 1, 1, 10, 3, 1, 2], "HS_greedy": [0, 0, 0, 0, 0, 0, 0, 0, 0, 0, 0, 0, 0, 0, 0, 0, 0, 0, 0, 0, 0, 0, 0, 0, 0, 0, 0, 0, 0, 0, 0, 0, 0, 0, 0, 0, 0, 0, 0, 0, 0, 0, 0, 0, 0, 0, 0, 0, 0, 0, 0, 0, 0, 0, 0, 0, 0, 0, 0, 0, 0, 0, 0, 0, 0, 0, 0, 0, 0, 0, 0, 0, 0, 0, 0, 0, 0, 0, 0, 0, 0, 0, 0, 0, 0, 0, 0, 0, 0, 0, 0, 0, 0, 0, 0, 0, 0, 0, 0, 0, 0, 0, 0, 0, 0, 0, 0, 0, 0, 0, 0, 0, 0, 0, 0, 0, 0, 0, 0, 0, 0, 0, 0, 0], "HS_incr": [0, 0, 0, 0, 0, 0, 0, 0, 0, 0, 0, 0, 0, 0, 0, 0, 0, 0, 0, 0, 0, 0, 0, 0, 0, 0, 0, 0, 0, 0, 0, 0, 0, 0, 0, 0, 0, 0, 0, 0, 0, 0, 0, 0, 0, 0, 0, 0, 0, 0, 0, 0, 0, 0, 0, 0, 0, 0, 0, 0, 0, 0, 0, 0, 0, 0, 0, 0, 0, 0, 0, 0, 0, 0, 0, 0, 0, 0, 0, 0, 0, 0, 0, 0, 0, 0, 0, 0, 0, 0, 0, 0, 0, 0, 0, 0, 0, 0, 0, 0, 0, 0, 0, 0, 0, 0, 0, 0, 0, 0, 0, 0, 0, 0, 0, 0, 0, 0, 0, 0, 0, 0, 0, 0], "HS-opt-time": [0.3401060104370117, 0.18380427360534668, 0.2391955852508545, 0.02677440643310547, 0.14551162719726562, 0.03556108474731445, 0.09604430198669434, 0.02508068084716797, 0.0510716438293457, 0.411456823348999, 0.39397335052490234, 0.08919024467468262, 0.1650254726409912, 21.114814519882202, 0.3540651798248291, 0.09681224822998047, 9.295676708221436, 6.37958288192749, 1.2359750270843506, 3.6857616901397705, 14.659085988998413, 1.0117607116699219, 2.575178861618042, 16.828213930130005, 1.8153696060180664, 23.353150844573975, 8.583247661590576, 3.009986162185669, 37.920663833618164, 18.610008478164673, 0.49786376953125, 17.292678833007812, 107.8387439250946, 2.0998377799987793, 0.5625491142272949, 0.609703779220581, 9.749461889266968, 0.3553769588470459, 2.754920482635498, 1.8737099170684814, 3.7396390438079834, 41.172258377075195, 31.12367343902588, 2.929126024246216, 13.963354587554932, 3.956754684448242, 2.6096527576446533, 2.9924871921539307, 5.100168466567993, 0.9190666675567627, 3.2477245330810547, 0.9493091106414795, 31.527022123336792, 1.2305908203125, 2.6801085472106934, 1.7326197624206543, 1.6983752250671387, 4.829881906509399, 1.1418449878692627, 0.9676680564880371, 2.0744428634643555, 0.9877793788909912, 1.0057463645935059, 1.069237470626831, 7.219062328338623, 1.8661680221557617, 2.8249576091766357, 13.44002389907837, 1.0770323276519775, 23.952799558639526, 5.14521598815918, 1.2505078315734863, 1.1891376972198486, 44.71619772911072, 1.29736328125, 18.044245958328247, 15.586879968643188, 8.77435564994812, 1.1497979164123535, 3.8805220127105713, 2.4596118927001953, 6.342880725860596, 3.538752317428589, 1.1337568759918213, 3.548170804977417, 3.979551315307617, 6.959758043289185, 2.33557391166687, 2.2240233421325684, 1.1146800518035889, 3.5139036178588867, 51.23747515678406, 127.73669266700745, 24.150497674942017, 7.774888515472412, 3.2932162284851074, 6.876920223236084, 36.62390065193176, 1.671433925628662, 3.7592389583587646, 1.5270793437957764, 8.122587442398071, 1.5360112190246582, 4.372669696807861, 1.3614253997802734, 1.3669586181640625, 1.3850440979003906, 6.916663646697998, 1.392958402633667, 13.834145307540894, 1.6084353923797607, 1.5424492359161377, 23.652071952819824, 27.46386742591858, 1.5119731426239014, 1.6643359661102295, 1.7693028450012207, 1.5689280033111572, 1.4504008293151855, 1.4280664920806885, 19.001763343811035, 4.611182689666748, 1.507258653640747, 2.5997116565704346], "HS-postpone-time": [0, 0, 0, 0, 0, 0, 0, 0, 0, 0, 0, 0, 0, 0, 0, 0, 0, 0, 0, 0, 0, 0, 0, 0, 0, 0, 0, 0, 0, 0, 0, 0, 0, 0, 0, 0, 0, 0, 0, 0, 0, 0, 0, 0, 0, 0, 0, 0, 0, 0, 0, 0, 0, 0, 0, 0, 0, 0, 0, 0, 0, 0, 0, 0, 0, 0, 0, 0, 0, 0, 0, 0, 0, 0, 0, 0, 0, 0, 0, 0, 0, 0, 0, 0, 0, 0, 0, 0, 0, 0, 0, 0, 0, 0, 0, 0, 0, 0, 0, 0, 0, 0, 0, 0, 0, 0, 0, 0, 0, 0, 0, 0, 0, 0, 0, 0, 0, 0, 0, 0, 0, 0, 0, 0], "SAT-time": [0.0662224292755127, 0.017644405364990234, 0.014266490936279297, 0.0013968944549560547, 0.0068013668060302734, 0.0031957626342773438, 0.010602235794067383, 0.001462697982788086, 0.0030210018157958984, 0.00857400894165039, 0.008331537246704102, 0.0014374256134033203, 0.00865316390991211, 0.1082613468170166, 0.009037971496582031, 0.0014810562133789062, 0.04130244255065918, 0.021858930587768555, 0.003491640090942383, 0.010118961334228516, 0.03449249267578125, 0.011159420013427734, 0.005440473556518555, 0.04017472267150879, 0.0036194324493408203, 0.05961203575134277, 0.01629471778869629, 0.009497642517089844, 0.04761695861816406, 0.02641749382019043, 0.001558542251586914, 0.034448862075805664, 0.1525425910949707, 0.013761281967163086, 0.0036420822143554688, 0.0015323162078857422, 0.04924941062927246, 0.0015347003936767578, 0.015516281127929688, 0.011851787567138672, 0.014925956726074219, 0.172868013381958, 0.11517834663391113, 0.005858421325683594, 0.04065895080566406, 0.010048866271972656, 0.0015785694122314453, 0.0035181045532226562, 0.005677700042724609, 0.0015532970428466797, 0.005629062652587891, 0.0015804767608642578, 0.08140778541564941, 0.0016019344329833984, 0.003617525100708008, 0.0016126632690429688, 0.0015866756439208984, 0.003700733184814453, 0.0015735626220703125, 0.0015971660614013672, 0.0037093162536621094, 0.001598358154296875, 0.0016558170318603516, 0.0016016960144042969, 0.011738061904907227, 0.003840923309326172, 0.0057871341705322266, 0.03327631950378418, 0.0016355514526367188, 0.054129600524902344, 0.009934186935424805, 0.001615762710571289, 0.0015802383422851562, 0.09803557395935059, 0.0016698837280273438, 0.026803016662597656, 0.02936840057373047, 0.014702558517456055, 0.001621246337890625, 0.0059740543365478516, 0.003664731979370117, 0.010580062866210938, 0.006078243255615234, 0.001642465591430664, 0.0058553218841552734, 0.008318424224853516, 0.013095855712890625, 0.0037806034088134766, 0.003824949264526367, 0.0016367435455322266, 0.006479024887084961, 0.08284187316894531, 0.20638704299926758, 0.03379392623901367, 0.007866382598876953, 0.003837108612060547, 0.00811767578125, 0.05121469497680664, 0.0016357898712158203, 0.0037920475006103516, 0.001657247543334961, 0.011372089385986328, 0.001657724380493164, 0.006146430969238281, 0.0016872882843017578, 0.0016524791717529297, 0.0017046928405761719, 0.010196685791015625, 0.0016438961029052734, 0.022311687469482422, 0.001653909683227539, 0.001676797866821289, 0.03308248519897461, 0.03677630424499512, 0.0016751289367675781, 0.0016570091247558594, 0.0016810894012451172, 0.0017201900482177734, 0.0016942024230957031, 0.001692056655883789, 0.02218914031982422, 0.006095409393310547, 0.0017244815826416016, 0.0040934085845947266],