{"config": {"preseeding": true, "preseeding-grow": false, "sat-polarity": true, "sat-polarity-initial": false, "postpone_opt": true, "postpone_opt_incr": true, "postpone_opt_greedy": false, "grow": true, "grow_sat": false, "grow_subset_maximal": false, "grow_maxsat": true, "grow_maxsat_neg_cost": true, "grow_maxsat_pos_cost": false, "grow_maxsat_max_cost_neg": false, "grow_maxsat_unit": false, "grow_maxsat_initial": false, "grow_maxsat_actual": false, "timeout": 10800, "instance": "origin-problem", "output": "/user/brussel/101/vsc10143/holygrail/experiments/03_OMUS/02_OUS/results/effectPreseeding/2021010517/20210105175933850206.json"}, "results": {"HS": [133, 122, 152], "HS_greedy": [0, 0, 0], "HS_incr": [5013, 3848, 3806], "HS-opt-time": [714.7060189247131, 2816.7112741470337, 5824.676873922348], "HS-postpone-time": [0.38311076164245605, 0.3038620948791504, 0.3061940670013428], "SAT-time": [7.749946117401123, 6.06941294670105, 6.26193904876709], "grow-time": [528.5394358634949, 423.83666586875916, 428.02780508995056], "#expl": 2, "expl_seq": [{"constraints": [1790], "derived": [-100]}, {"constraints": [1792], "derived": [-27]}], "OUS-time": [1257.6380233764648, 3251.747805595398, 0], "timeout": true}}