{"config": {"preseeding": true, "preseeding-grow": false, "sat-polarity": true, "sat-polarity-initial": false, "postpone_opt": true, "postpone_opt_incr": false, "postpone_opt_greedy": true, "grow": true, "grow_sat": false, "grow_subset_maximal": false, "grow_maxsat": true, "grow_maxsat_neg_cost": false, "grow_maxsat_pos_cost": true, "grow_maxsat_max_cost_neg": false, "grow_maxsat_unit": false, "grow_maxsat_initial": false, "grow_maxsat_actual": false, "timeout": 10800, "instance": "origin-problem", "output": "/user/brussel/101/vsc10143/holygrail/experiments/03_OMUS/02_OUS/results/effectPreseeding/2021010517/20210105175933850203.json"}, "results": {"HS": [2, 2, 1, 2, 1], "HS_greedy": [52, 42, 0, 59, 67], "HS_incr": [0, 0, 0, 0, 0], "HS-opt-time": [0.15776538848876953, 0.19840312004089355, 0.12511730194091797, 0.3616936206817627, 0.2002582550048828], "HS-postpone-time": [0.052900075912475586, 0.03568315505981445, 0, 0.06498003005981445, 0.08159899711608887], "SAT-time": [0.10685849189758301, 0.09128761291503906, 0.0017826557159423828, 0.13265442848205566, 0.15959715843200684], "grow-time": [2353.634217262268, 1389.1942420005798, 0, 2663.8171195983887, 4372.043442249298], "#expl": 4, "expl_seq": [{"constraints": [1786], "derived": [-15, -14]}, {"constraints": [1792], "derived": [-27]}, {"constraints": [1790], "derived": [-100]}, {"constraints": [1785], "derived": [-104]}], "OUS-time": [2354.0286247730255, 1389.5782816410065, 0.1281139850616455, 2664.45836520195, 0], "timeout": true}}