{"config": {"preseeding": false, "preseeding-grow": false, "sat-polarity": false, "sat-polarity-initial": true, "postpone_opt": true, "postpone_opt_incr": true, "postpone_opt_greedy": true, "grow": true, "grow_sat": false, "grow_subset_maximal": false, "grow_maxsat": true, "grow_maxsat_neg_cost": false, "grow_maxsat_pos_cost": false, "grow_maxsat_max_cost_neg": true, "grow_maxsat_unit": false, "grow_maxsat_initial": false, "grow_maxsat_actual": false, "timeout": 10800, "instance": "origin-problem", "output": "/user/brussel/101/vsc10143/holygrail/experiments/03_OMUS/02_OUS/results/effectPreseeding/2021010517/20210105174709403159.json"}, "results": {"HS": [202, 3, 1], "HS_greedy": [249, 35, 33], "HS_incr": [8142, 650, 728], "HS-opt-time": [1053.232780456543, 92.35614275932312, 27.982476234436035], "HS-postpone-time": [49.7224543094635, 0.6107745170593262, 0.5581991672515869], "SAT-time": [13.150132179260254, 1.0336189270019531, 1.1610794067382812], "grow-time": [7747.720603942871, 112.7191412448883, 475.90134620666504], "#expl": 2, "expl_seq": [{"constraints": [1783], "derived": [5]}, {"constraints": [161, 5], "derived": [-4, -3, -1, -2]}], "OUS-time": [8874.267692804337, 207.57247042655945, 0], "timeout": true}}