{"config": {"preseeding": false, "preseeding-grow": false, "sat-polarity": false, "sat-polarity-initial": true, "postpone_opt": true, "postpone_opt_incr": true, "postpone_opt_greedy": false, "grow": true, "grow_sat": false, "grow_subset_maximal": false, "grow_maxsat": true, "grow_maxsat_neg_cost": false, "grow_maxsat_pos_cost": false, "grow_maxsat_max_cost_neg": false, "grow_maxsat_unit": false, "grow_maxsat_initial": true, "grow_maxsat_actual": false, "timeout": 10800, "instance": "origin-problem", "output": "/user/brussel/101/vsc10143/holygrail/experiments/03_OMUS/02_OUS/results/effectPreseeding/2021010517/20210105173708742032.json"}, "results": {"HS": [24, 2, 1, 1, 2, 2, 1, 1, 2, 3, 3, 1, 2, 27, 5, 2, 4, 3, 3, 4, 5, 2, 1, 12, 4, 1, 2, 4, 13, 2, 1, 4, 1, 2, 2, 1, 31, 1, 1, 1, 1, 1, 1, 3, 15, 4, 2, 2, 2, 2, 1, 1, 2, 1, 1, 1, 1, 2, 1, 1, 2, 2, 1, 2, 2, 1, 3, 7, 2, 3, 3, 1, 2, 1, 1, 1, 1, 1, 2, 7, 2, 1, 1, 1, 1, 2, 1, 3, 1, 1, 5, 2, 1, 5, 4, 5, 1, 2, 1, 12, 1, 7, 1, 3, 1, 1, 1, 1, 2, 6, 1, 3, 4, 1, 2, 1, 1, 2, 1, 1, 1, 1, 1], "HS_greedy": [0, 0, 0, 0, 0, 0, 0, 0, 0, 0, 0, 0, 0, 0, 0, 0, 0, 0, 0, 0, 0, 0, 0, 0, 0, 0, 0, 0, 0, 0, 0, 0, 0, 0, 0, 0, 0, 0, 0, 0, 0, 0, 0, 0, 0, 0, 0, 0, 0, 0, 0, 0, 0, 0, 0, 0, 0, 0, 0, 0, 0, 0, 0, 0, 0, 0, 0, 0, 0, 0, 0, 0, 0, 0, 0, 0, 0, 0, 0, 0, 0, 0, 0, 0, 0, 0, 0, 0, 0, 0, 0, 0, 0, 0, 0, 0, 0, 0, 0, 0, 0, 0, 0, 0, 0, 0, 0, 0, 0, 0, 0, 0, 0, 0, 0, 0, 0, 0, 0, 0, 0, 0, 0], "HS_incr": [169, 12, 0, 0, 13, 9, 0, 0, 4, 14, 12, 0, 2, 165, 30, 9, 22, 8, 16, 28, 30, 15, 0, 56, 47, 0, 18, 16, 106, 4, 0, 19, 0, 12, 7, 0, 145, 0, 0, 0, 0, 0, 0, 17, 84, 14, 10, 5, 5, 3, 0, 0, 13, 0, 0, 0, 0, 8, 0, 0, 11, 3, 0, 6, 4, 0, 18, 25, 4, 8, 7, 0, 5, 0, 0, 0, 0, 0, 10, 39, 7, 0, 0, 0, 0, 13, 0, 11, 0, 0, 31, 7, 0, 26, 14, 29, 0, 4, 0, 52, 0, 19, 0, 11, 0, 0, 0, 0, 13, 23, 0, 24, 20, 0, 2, 0, 0, 2, 0, 0, 0, 0, 0], "HS-opt-time": [1.4476666450500488, 0.3428516387939453, 0.18701791763305664, 0.17828655242919922, 0.20332813262939453, 0.2114264965057373, 0.1526038646697998, 0.21152782440185547, 0.5266227722167969, 1.1061372756958008, 0.4495840072631836, 0.3978121280670166, 0.7064635753631592, 33.197869062423706, 10.073321104049683, 4.184157848358154, 9.686849594116211, 8.877426147460938, 6.323610067367554, 18.064831972122192, 19.868839979171753, 2.3972508907318115, 1.224379301071167, 38.55430459976196, 20.90663456916809, 5.543626070022583, 8.502835750579834, 12.897000551223755, 95.57758474349976, 16.53809905052185, 2.928856611251831, 30.067707538604736, 3.1432831287384033, 5.474930047988892, 5.377173185348511, 2.6400060653686523, 238.08350825309753, 3.9002816677093506, 3.625997543334961, 5.043762683868408, 4.842803478240967, 7.890749931335449, 3.7300729751586914, 11.313403606414795, 73.52761769294739, 15.695563793182373, 8.14711594581604, 9.16196584701538, 10.917144775390625, 8.801238775253296, 8.083614587783813, 4.840692520141602, 7.927270889282227, 5.2641191482543945, 5.029001235961914, 4.992917060852051, 4.993127346038818, 8.926239490509033, 7.71061897277832, 4.410166501998901, 8.12402606010437, 8.862210273742676, 4.096848964691162, 8.055847644805908, 9.159803628921509, 5.3638389110565186, 12.103305578231812, 44.04200053215027, 8.340290307998657, 12.652706146240234, 13.781169176101685, 4.688046216964722, 8.8487229347229, 5.559362411499023, 4.91521430015564, 4.755086183547974, 4.60066032409668, 4.37268853187561, 9.979475975036621, 29.39302945137024, 9.614956378936768, 4.270538330078125, 4.468416452407837, 3.9921047687530518, 3.974287986755371, 7.929957151412964, 4.117124080657959, 13.010352373123169, 3.919337749481201, 4.249873876571655, 21.415451765060425, 9.118640184402466, 4.664093732833862, 28.259697675704956, 17.219407558441162, 24.008736610412598, 4.977419853210449, 9.030236005783081, 4.912646055221558, 65.14612889289856, 4.8568274974823, 36.85615015029907, 4.645196199417114, 13.05607271194458, 4.075340986251831, 4.3267316818237305, 4.1551902294158936, 4.2937171459198, 8.578320026397705, 26.153324127197266, 4.447193622589111, 12.926299333572388, 17.541593074798584, 4.926189422607422, 8.909415245056152, 4.461989879608154, 4.351416349411011, 8.7059006690979, 4.833658695220947, 4.798275709152222, 4.4292614459991455, 4.2078537940979, 4.129291772842407], "HS-postpone-time": [0.006256818771362305, 0.0005018711090087891, 0, 0, 0.0005376338958740234, 0.0003495216369628906, 0, 0, 0.0001590251922607422, 0.0005745887756347656, 0.0004944801330566406, 0, 8.106231689453125e-05, 0.007173299789428711, 0.0012390613555908203, 0.0003910064697265625, 0.000978231430053711, 0.0003299713134765625, 0.0007700920104980469, 0.0013265609741210938, 0.0013992786407470703, 0.0006923675537109375, 0, 0.002474069595336914, 0.002168893814086914, 0, 0.0008385181427001953, 0.0007691383361816406, 0.00498199462890625, 0.00017762184143066406, 0, 0.000843048095703125, 0, 0.0005369186401367188, 0.00031447410583496094, 0, 0.006830453872680664, 0, 0, 0, 0, 0, 0, 0.0006837844848632812, 0.003910541534423828, 0.0005559921264648438, 0.0004916191101074219, 0.00021409988403320312, 0.00018596649169921875, 0.00010514259338378906, 0, 0, 0.0005781650543212891, 0, 0, 0, 0, 0.0003745555877685547, 0, 0, 0.0004382133483886719, 9.703636169433594e-05, 0, 0.0002181529998779297, 0.00016617774963378906, 0, 0.0007297992706298828, 0.00103759765625, 0.0001437664031982422, 0.00030231475830078125, 0.000274658203125, 0, 0.000202178955078125, 0, 0, 0, 0, 0, 0.0004172325134277344, 0.0014562606811523438, 0.0003132820129394531, 0, 0, 0, 0, 0.0005481243133544922, 0, 0.0004417896270751953, 0, 0, 0.0012011528015136719, 0.000274658203125, 0, 0.0010750293731689453, 0.0005104541778564453, 0.0011677742004394531, 0, 0.00013017654418945312, 0, 0.0019981861114501953, 0, 0.0007336139678955078, 0, 0.00037384033203125, 0, 0, 0, 0, 0.0004439353942871094, 0.0007102489471435547, 0, 0.0008087158203125, 0.0006639957427978516, 0, 5.221366882324219e-05, 0, 0, 4.792213439941406e-05, 0, 0, 0, 0, 0],