{"config": {"preseeding": true, "sat-polarity": false, "sat-polarity-initial": false, "postpone_opt": true, "postpone_opt_incr": true, "postpone_opt_greedy": true, "grow": true, "grow_sat": false, "grow_subset_maximal": false, "grow_maxsat": true, "maxsat_polarities": true, "grow_maxsat_full_pos": false, "grow_maxsat_full_inv": false, "grow_maxsat_full_unif": false, "grow_maxsat_initial_pos": false, "grow_maxsat_initial_inv": false, "grow_maxsat_initial_unif": true, "grow_maxsat_actual_pos": false, "grow_maxsat_actual_unif": false, "grow_maxsat_actual_inv": false, "timeout": 7200, "instance": "p13", "output": "/data/brussel/101/vsc10143/OUSResults/experiment6_greedy/2021011718/20210117180817294998.json", "reuse_SSes": true, "sort_literals": true}, "results": {"HS": [300, 296], "HS_greedy": [2988, 3001], "HS_incr": [3219, 3230], "HS-opt-time": [0.3734924793243408, 0.4105513095855713], "HS-postpone-time": [1.2521049976348877, 1.276339054107666], "SAT-time": [18.445162534713745, 19.872856855392456], "grow-time": [2449.481523990631, 2617.498410463333], "#expl": 2, "expl_seq": [{"constraints": [1690], "derived": [-14, -11]}, {"constraints": [1696], "derived": [22]}], "OUS-time": [[6.8559088706970215, 10.501357316970825, 5.762490510940552, 6.038283586502075, 0.2899508476257324, 15.655008554458618, 6.383737087249756, 24.87164616584778, 2.466886043548584, 17.8838152885437, 5.01542329788208, 28.858407258987427, 42.878161668777466, 60.63957142829895, 3.7354798316955566, 3.7550888061523438, 12.773007869720459, 34.91487216949463, 20.493257761001587, 41.631314516067505, 24.75153136253357, 18.43997859954834, 4.087561368942261, 17.44761610031128, 14.513033390045166, 48.34523272514343, 53.05524778366089, 52.9817636013031, 51.393802881240845, 64.41613698005676, 26.529695510864258, 3.0253710746765137, 21.003078937530518, 19.95050358772278, 67.25782942771912, 6.216586351394653, 46.82896971702576, 137.29668378829956, 70.84507036209106, 42.31123495101929, 43.96480894088745, 47.28399968147278, 67.67640924453735, 3.0586705207824707, 13.38343071937561, 6.4386208057403564, 3.5844779014587402, 1.0932462215423584, 46.60267639160156, 87.62554001808167, 5.046107053756714, 1.8167080879211426, 15.260958194732666, 19.322620391845703, 2.429769515991211, 10.186149835586548, 3.6085712909698486, 7.74054479598999, 10.152916193008423, 9.01261568069458, 6.959430932998657, 5.677590847015381, 10.988516330718994, 2.6914827823638916, 3.0075857639312744, 3.660553216934204, 19.237650156021118, 1.9098138809204102, 2.687504768371582, 2.4579882621765137, 2.3293654918670654, 37.529656648635864, 2.1924641132354736, 51.329484939575195, 1.54665207862854, 77.43085265159607, 53.00937223434448, 4.581182956695557, 9.345791339874268, 46.27435350418091, 7.785491704940796, 0.9607665538787842, 3.3375766277313232, 6.748141527175903, 10.61014199256897, 13.253992795944214, 2.0545642375946045, 6.513724088668823, 6.192065000534058, 9.31246304512024, 4.025724172592163, 6.542776107788086, 6.887773275375366, 5.784818410873413, 11.16157841682434, 23.36472249031067, 0.9403054714202881, 11.87244176864624, 11.465896368026733, 33.36821532249451, 6.942102670669556, 22.557355165481567, 16.72066020965576, 56.97757172584534, 25.940749883651733, 3.431519031524658, 19.548450469970703, 8.627976655960083, 4.242051839828491, 6.642608404159546, 6.233248949050903, 1.8350162506103516, 3.2019948959350586, 6.082242965698242, 17.8476083278656, 4.9649131298065186, 9.267519474029541, 3.3708064556121826, 4.817150592803955, 3.481353759765625, 13.73414945602417, 5.080090284347534, 5.923457860946655, 11.117292165756226, 10.752843379974365, 17.233221292495728, 14.892778396606445, 1.9865350723266602, 6.084927320480347, 7.051856279373169, 0.9232733249664307, 0.9643845558166504, 1.653280258178711, 1.0654704570770264, 5.315476655960083, 3.3969509601593018, 1.0864601135253906, 8.13602590560913, 0.41698408126831055, 7.6118528842926025, 1.232560157775879, 0.3414478302001953, 9.604658842086792, 6.058685779571533, 1.1162810325622559, 1.0071969032287598, 8.022745609283447, 8.13377070426941, 3.6610727310180664, 2.314810276031494], [0.41959357261657715, 7.186202049255371, 6.869359493255615, 8.311912536621094, 12.590978860855103, 18.335921049118042, 7.575851202011108, 12.842184066772461, 2.9630210399627686, 21.351458072662354, 6.077146768569946, 58.26000118255615, 49.345675230026245, 69.45042848587036, 4.314771890640259, 4.3428449630737305, 14.768988847732544, 39.652514696121216, 23.284921169281006, 48.360995292663574, 28.852041721343994, 21.43995499610901, 4.908246278762817, 20.347198724746704, 16.96013379096985, 55.56316614151001, 62.15827989578247, 61.96359157562256, 59.80802536010742, 74.2921793460846, 31.176541805267334, 3.5061190128326416, 24.45296549797058, 21.66364598274231, 70.37451910972595, 6.613376140594482, 49.31049346923828, 141.58859515190125, 73.9152843952179, 43.878010511398315, 45.05395483970642, 48.77159309387207, 68.7492311000824, 3.088489294052124, 13.470539569854736, 6.472300291061401, 3.556816577911377, 1.104097604751587, 46.72864294052124, 86.29219150543213, 5.352162599563599, 1.8783583641052246, 16.01859474182129, 20.37141489982605, 2.5846774578094482, 10.720896244049072, 4.010430812835693, 8.02481484413147, 10.474661111831665, 9.232351541519165, 7.187166690826416, 5.840415000915527, 11.306334495544434, 2.77695631980896, 3.1219921112060547, 3.790651321411133, 20.015790224075317, 2.032479763031006, 2.6631157398223877, 2.5065345764160156, 2.5056381225585938, 38.78075671195984, 2.3542490005493164, 52.556195974349976, 1.596348762512207, 80.55564832687378, 55.30421328544617, 4.724076747894287, 9.62521243095398, 46.82983207702637, 7.770184278488159, 0.9807624816894531, 3.450864315032959, 6.855977296829224, 10.795483350753784, 13.504902601242065, 2.0824801921844482, 6.622139930725098, 6.2650392055511475, 9.564366340637207, 3.9915740489959717, 6.64440655708313, 7.018090009689331, 5.934685230255127, 11.385911464691162, 23.938645362854004, 0.9456355571746826, 12.123011350631714, 11.572831392288208, 33.969602823257446, 7.038785457611084, 22.976721048355103, 17.05699324607849, 57.07725977897644, 26.600714206695557, 3.4237465858459473, 11.44632077217102, 8.72478723526001, 4.2746422290802, 6.818461894989014, 6.257781505584717, 1.9535870552062988, 3.3065366744995117, 6.11876106262207, 18.127273559570312, 5.025113344192505, 9.330049514770508, 3.389974594116211, 4.894736051559448, 3.4939143657684326, 13.930849552154541, 5.120790481567383, 6.02022910118103, 11.338661193847656, 10.945950269699097, 17.16432523727417, 14.671598196029663, 1.933290719985962, 6.244213819503784, 7.118194580078125, 1.0191564559936523, 0.914680004119873, 1.7126665115356445, 1.0072381496429443, 5.2777485847473145, 3.5225329399108887, 1.0277292728424072, 8.125669479370117, 7.748926639556885, 1.2620515823364258, 9.571670770645142, 6.990562438964844, 1.142066478729248, 1.0031092166900635, 8.095400094985962, 8.266271352767944, 9.788227558135986, 2.237649917602539]], "timeout": true, "totTime": 7200}}