{"config": {"preseeding": false, "sat-polarity": false, "sat-polarity-initial": false, "postpone_opt": true, "postpone_opt_incr": true, "postpone_opt_greedy": true, "grow": true, "grow_sat": false, "grow_subset_maximal": false, "grow_maxsat": true, "maxsat_polarities": true, "grow_maxsat_full_pos": false, "grow_maxsat_full_inv": false, "grow_maxsat_full_unif": false, "grow_maxsat_initial_pos": true, "grow_maxsat_initial_inv": false, "grow_maxsat_initial_unif": false, "grow_maxsat_actual_pos": false, "grow_maxsat_actual_unif": false, "grow_maxsat_actual_inv": false, "timeout": 7200, "instance": "p13", "output": "/data/brussel/101/vsc10143/OUSResults/experiment6_greedy/2021011713/20210117131040137921.json", "reuse_SSes": true, "sort_literals": true}, "results": {"HS": [302], "HS_greedy": [3127], "HS_incr": [3362], "HS-opt-time": [0.34291887283325195], "HS-postpone-time": [1.2987792491912842], "SAT-time": [15.986082792282104], "grow-time": [4941.645659446716], "#expl": 1, "expl_seq": [{"constraints": [1690], "derived": [-14, -11]}], "OUS-time": [[6.631565093994141, 9.103466033935547, 21.317980766296387, 12.789037942886353, 0.33083271980285645, 12.761857509613037, 14.503888368606567, 10.541521072387695, 3.235858678817749, 28.801595211029053, 6.924673557281494, 72.5559766292572, 51.22337794303894, 138.18758058547974, 5.586319923400879, 17.35350751876831, 23.65795922279358, 185.74240684509277, 52.04349684715271, 90.65648198127747, 38.911226749420166, 34.39439249038696, 5.486353158950806, 19.111889600753784, 35.381317377090454, 105.77008724212646, 120.63403940200806, 159.92639660835266, 119.0679304599762, 81.24218678474426, 101.63222289085388, 4.4238550662994385, 28.489126205444336, 13.447335004806519, 173.6384539604187, 43.203413248062134, 104.96648216247559, 107.47472286224365, 246.45130062103271, 53.688636302948, 66.32673954963684, 64.01393270492554, 151.5411319732666, 4.511364459991455, 38.593271017074585, 19.3914315700531, 5.285632610321045, 1.3949708938598633, 62.4096794128418, 180.439608335495, 6.862926721572876, 2.803743839263916, 22.932021379470825, 33.988243103027344, 3.6307404041290283, 38.58089256286621, 20.503355503082275, 9.55681824684143, 25.52364706993103, 12.961511135101318, 20.251286506652832, 16.809011936187744, 9.813600063323975, 3.681121587753296, 3.863036870956421, 8.481627941131592, 24.75304937362671, 2.2213640213012695, 2.2494661808013916, 2.612710475921631, 3.252021074295044, 116.78033423423767, 2.648658275604248, 90.49679589271545, 2.7653520107269287, 90.542236328125, 87.24452686309814, 8.70752739906311, 17.359904527664185, 146.29004549980164, 19.477219581604004, 0.8526248931884766, 5.714660406112671, 23.917627573013306, 22.51897096633911, 15.254221200942993, 3.2673447132110596, 12.680499076843262, 9.289922952651978, 17.10824418067932, 7.307700157165527, 30.028100967407227, 15.052602291107178, 15.222420454025269, 15.067110300064087, 62.874104261398315, 1.1855394840240479, 34.91006112098694, 27.597195148468018, 61.69904899597168, 21.40910029411316, 63.67141270637512, 25.95930790901184, 91.60329532623291, 57.5368127822876, 11.17302656173706, 63.61881637573242, 9.07208776473999, 10.089948654174805, 7.283585786819458, 6.133931398391724, 2.107046365737915, 5.594033479690552, 6.260010719299316, 32.630484104156494, 7.9743263721466064, 20.069127082824707, 16.863742113113403, 20.452295303344727, 4.261175155639648, 33.474783182144165, 8.13626766204834, 22.081928968429565, 28.365314483642578, 16.923554182052612, 15.246864080429077, 15.358984231948853, 3.484759569168091, 7.668887615203857, 16.93584370613098, 1.3466041088104248, 0.9957065582275391, 1.6212670803070068, 1.0636804103851318, 5.832546949386597, 4.550875186920166, 1.2296764850616455, 13.365133285522461, 0.3564457893371582, 3.5901615619659424, 1.5912458896636963, 0.350278377532959, 7.779462099075317, 22.290364503860474, 1.591317892074585, 1.2284495830535889, 10.120616436004639, 10.43523383140564, 19.505228519439697, 7.563745498657227]], "timeout": true, "totTime": 7200}}