{"config": {"preseeding": true, "sat-polarity": false, "sat-polarity-initial": false, "postpone_opt": true, "postpone_opt_incr": false, "postpone_opt_greedy": true, "grow": true, "grow_sat": false, "grow_subset_maximal": false, "grow_maxsat": true, "maxsat_polarities": true, "grow_maxsat_full_pos": false, "grow_maxsat_full_inv": false, "grow_maxsat_full_unif": false, "grow_maxsat_initial_pos": true, "grow_maxsat_initial_inv": false, "grow_maxsat_initial_unif": false, "grow_maxsat_actual_pos": false, "grow_maxsat_actual_unif": false, "grow_maxsat_actual_inv": false, "timeout": 7200, "instance": "p13", "output": "/data/brussel/101/vsc10143/OUSResults/experiment6_greedy/2021011713/20210117131040138108.json", "reuse_SSes": true, "sort_literals": true}, "results": {"HS": [302], "HS_greedy": [3362], "HS_incr": [0], "HS-opt-time": [0.33768177032470703], "HS-postpone-time": [1.3100862503051758], "SAT-time": [16.12608504295349], "grow-time": [5116.017381429672], "#expl": 1, "expl_seq": [{"constraints": [1690], "derived": [-14, -11]}], "OUS-time": [[6.845528841018677, 9.411979913711548, 22.051438570022583, 13.417068481445312, 0.34025120735168457, 13.08483600616455, 14.828970670700073, 11.141335487365723, 3.3594765663146973, 30.141064405441284, 7.175996541976929, 74.97104597091675, 53.70956325531006, 143.65924525260925, 5.853811502456665, 18.10751509666443, 24.496293306350708, 193.58849334716797, 54.002307415008545, 94.35295987129211, 40.0403208732605, 35.884944915771484, 5.677131175994873, 19.62011432647705, 36.44718933105469, 108.80050897598267, 130.73972606658936, 167.2519407272339, 128.2443163394928, 87.03281879425049, 104.4205527305603, 4.525768756866455, 29.336429119110107, 14.066843748092651, 182.8877363204956, 45.418734073638916, 109.6202564239502, 113.69285678863525, 263.6066975593567, 56.76229786872864, 69.26983380317688, 66.93572473526001, 158.41337323188782, 4.575078964233398, 39.21127963066101, 19.668291807174683, 5.3883278369903564, 1.406266212463379, 63.64786338806152, 182.62637090682983, 7.155428886413574, 2.8947386741638184, 23.77016568183899, 35.547425985336304, 3.7674431800842285, 40.18167567253113, 21.612902641296387, 9.881117582321167, 26.101919174194336, 13.132180213928223, 20.814110279083252, 17.495463848114014, 10.294493198394775, 3.7764062881469727, 4.0642828941345215, 9.08439040184021, 26.186012029647827, 2.2881052494049072, 2.328261375427246, 2.6985621452331543, 3.328627586364746, 122.19314622879028, 2.785876512527466, 93.9055905342102, 2.825054883956909, 92.2118775844574, 88.10750365257263, 8.763087511062622, 17.69373631477356, 151.2298173904419, 19.934669971466064, 0.8574280738830566, 5.897865056991577, 24.31550431251526, 22.678230047225952, 15.544068574905396, 3.316694498062134, 13.097348928451538, 9.504565000534058, 17.64771294593811, 7.429382562637329, 30.989320755004883, 15.289219617843628, 15.59664273262024, 15.093015670776367, 64.40491652488708, 1.1895270347595215, 35.525118827819824, 27.9712553024292, 62.77063274383545, 21.752941608428955, 64.9206895828247, 26.06455397605896, 92.03159618377686, 58.30796456336975, 11.37569522857666, 63.6505446434021, 9.033962488174438, 10.118556261062622, 7.2849814891815186, 6.238334894180298, 2.125944137573242, 5.642282247543335, 6.353421211242676, 32.904141664505005, 8.032812356948853, 20.10659098625183, 16.904959440231323, 20.624558448791504, 4.260074138641357, 33.30280828475952, 8.079734802246094, 22.085504055023193, 28.1714870929718, 16.995360374450684, 15.2428560256958, 15.446574687957764, 3.4798030853271484, 7.60332179069519, 16.804455280303955, 1.3507544994354248, 0.9917943477630615, 1.6154289245605469, 1.0667648315429688, 5.861894845962524, 4.548981666564941, 1.2540249824523926, 13.345704555511475, 0.35847949981689453, 3.6591053009033203, 1.627913475036621, 0.3554496765136719, 7.7914323806762695, 22.360069751739502, 1.604513168334961, 1.2292170524597168, 10.158034563064575, 10.547775030136108, 19.40744423866272, 7.599610328674316]], "timeout": true, "totTime": 7200}}