{"config": {"preseeding": true, "sat-polarity": false, "sat-polarity-initial": false, "postpone_opt": true, "postpone_opt_incr": false, "postpone_opt_greedy": true, "grow": true, "grow_sat": false, "grow_subset_maximal": false, "grow_maxsat": true, "maxsat_polarities": true, "grow_maxsat_full_pos": false, "grow_maxsat_full_inv": false, "grow_maxsat_full_unif": false, "grow_maxsat_initial_pos": false, "grow_maxsat_initial_inv": false, "grow_maxsat_initial_unif": true, "grow_maxsat_actual_pos": false, "grow_maxsat_actual_unif": false, "grow_maxsat_actual_inv": false, "timeout": 7200, "instance": "p16", "output": "/data/brussel/101/vsc10143/OUSResults/experiment6_greedy/2021011718/20210117180818915526.json", "reuse_SSes": true, "sort_literals": true}, "results": {"HS": [304, 300, 295, 284], "HS_greedy": [3154, 3118, 3113, 3113], "HS_incr": [0, 0, 0, 0], "HS-opt-time": [0.3239445686340332, 0.28037071228027344, 0.3650033473968506, 0.34972524642944336], "HS-postpone-time": [1.0528721809387207, 1.037696361541748, 1.133298635482788, 1.2060694694519043], "SAT-time": [10.412777423858643, 10.474714517593384, 12.594400882720947, 14.10414171218872], "grow-time": [1366.8270325660706, 1395.9612576961517, 1530.8888013362885, 1608.325273513794], "#expl": 4, "expl_seq": [{"constraints": [1690], "derived": [39]}, {"constraints": [155, 39], "derived": [-29, -44, -34, -49]}, {"constraints": [157, 39], "derived": [-40, -38, -37, -36]}, {"constraints": [1696], "derived": [25]}], "OUS-time": [[19.451688051223755, 13.52765965461731, 10.93194317817688, 20.49739933013916, 0.26769185066223145, 11.57700490951538, 16.372602462768555, 0.26964879035949707, 12.998679399490356, 1.8315939903259277, 7.593246936798096, 5.3608314990997314, 9.90517807006836, 18.867934465408325, 9.342785835266113, 43.95655274391174, 8.440682649612427, 36.96235513687134, 29.321090936660767, 2.921941041946411, 20.442672729492188, 0.47553586959838867, 14.499099493026733, 9.673058032989502, 15.029891729354858, 25.41457200050354, 4.126104116439819, 5.092469930648804, 17.811776399612427, 42.989060163497925, 10.853393316268921, 16.291316509246826, 0.706934928894043, 3.778649091720581, 4.383301019668579, 5.5960609912872314, 9.439728736877441, 9.54240107536316, 2.1837317943573, 4.434362411499023, 2.3399295806884766, 6.477908611297607, 8.934767961502075, 6.909607410430908, 6.89810037612915, 21.675143241882324, 10.02538537979126, 12.114875555038452, 17.360473155975342, 3.944415330886841, 8.320095777511597, 1.2884318828582764, 2.3223748207092285, 9.178850650787354, 20.956100702285767, 6.011087894439697, 1.7226369380950928, 5.486545085906982, 6.148512840270996, 12.579915761947632, 2.1404237747192383, 5.90454626083374, 1.5786535739898682, 1.0925188064575195, 1.7012155055999756, 2.337477445602417, 13.754021406173706, 1.5758044719696045, 13.22877311706543, 15.275686979293823, 2.715812921524048, 2.3558130264282227, 3.717841863632202, 4.321836948394775, 21.369094371795654, 6.752958536148071, 20.65570855140686, 17.712213277816772, 38.65132665634155, 17.096659183502197, 7.262571811676025, 54.18460512161255, 6.197102785110474, 3.0575358867645264, 4.015144348144531, 5.744937896728516, 30.2694673538208, 33.32396912574768, 12.845932960510254, 26.34316325187683, 10.5950288772583, 1.4829883575439453, 1.1915283203125, 12.550955772399902, 3.3062353134155273, 0.7934117317199707, 1.5808844566345215, 16.26065468788147, 6.712404727935791, 4.951749801635742, 6.473416328430176, 6.511906862258911, 1.2200877666473389, 1.6839776039123535, 2.8015363216400146, 0.752091646194458, 5.108778476715088, 12.406482934951782, 6.145877122879028, 2.3504130840301514, 2.986605167388916, 1.4407973289489746, 2.5572052001953125, 2.5667850971221924, 0.7607691287994385, 1.1606135368347168, 2.671447277069092, 15.60979413986206, 0.7051193714141846, 0.7585217952728271, 0.9727151393890381, 0.7354917526245117, 3.727529525756836, 0.7244138717651367, 2.7834818363189697, 4.719470500946045, 9.3205885887146, 0.8435394763946533, 3.415287971496582, 15.410949468612671, 0.7223286628723145, 0.53214430809021, 0.7788848876953125, 0.7774004936218262, 0.8816409111022949, 20.383862257003784, 21.186675548553467, 5.157999515533447, 0.9623994827270508, 13.191566467285156, 15.354686260223389, 10.777199506759644, 1.2539846897125244, 1.117403268814087, 4.613091468811035, 9.957333326339722, 4.629357814788818, 0.9916036128997803, 22.456894159317017, 15.456864595413208], [0.2816777229309082, 10.588382244110107, 11.153540134429932, 15.235199689865112, 20.978861093521118, 11.582618236541748, 16.662214040756226, 13.64794111251831, 1.6205084323883057, 7.768965244293213, 5.461522817611694, 10.100025653839111, 19.286173582077026, 9.593701124191284, 44.89549922943115, 8.519538402557373, 37.597352027893066, 31.54584050178528, 3.0547070503234863, 19.305392742156982, 0.4798731803894043, 12.622284889221191, 9.74560260772705, 15.559932708740234, 25.44315505027771, 4.236147880554199, 5.213986873626709, 17.957953929901123, 43.5199761390686, 11.176199913024902, 15.882477283477783, 0.7208993434906006, 3.8524084091186523, 4.480522394180298, 5.731188535690308, 9.65196967124939, 9.731056928634644, 2.2036170959472656, 4.578336715698242, 2.406312942504883, 6.575027704238892, 9.091966390609741, 7.072443246841431, 6.91695237159729, 21.971836805343628, 10.226086616516113, 12.389169931411743, 19.145761489868164, 4.032681941986084, 8.517066478729248, 1.310227870941162, 2.0487492084503174, 9.435750484466553, 16.633166551589966, 6.13585901260376, 1.7626399993896484, 5.643244504928589, 6.4084625244140625, 17.82323718070984, 2.1985323429107666, 6.039217710494995, 1.617203712463379, 1.1207201480865479, 1.7437248229980469, 2.3821499347686768, 14.169454574584961, 1.6730420589447021, 13.76276683807373, 15.825353622436523, 2.792809247970581, 2.4128599166870117, 3.8790934085845947, 4.381245374679565, 28.182728052139282, 6.960403680801392, 20.813846588134766, 24.090327262878418, 39.45639705657959, 17.40174436569214, 5.5724451541900635, 55.69036412239075, 6.348571062088013, 3.1287217140197754, 4.118946552276611, 5.8880791664123535, 31.072929620742798, 34.48944878578186, 13.356040954589844, 32.78434777259827, 10.766995668411255, 1.9205646514892578, 1.5014476776123047, 12.810267925262451, 3.3453757762908936, 0.8097445964813232, 1.5067403316497803, 16.57716393470764, 6.865531921386719, 4.909104585647583, 6.589799880981445, 6.734829902648926, 1.2464499473571777, 1.6816058158874512, 2.927748680114746, 0.7649462223052979, 5.224472999572754, 12.656199932098389, 6.260160207748413, 3.4106428623199463, 3.04939603805542, 1.4882960319519043, 2.619906187057495, 2.6208930015563965, 0.8291094303131104, 1.139101505279541, 2.7957546710968018, 15.95398998260498, 0.7193446159362793, 0.7329459190368652, 0.9987199306488037, 0.7457003593444824, 3.804550886154175, 1.2336535453796387, 2.848924160003662, 4.446008920669556, 6.771015644073486, 0.8664820194244385, 3.4722206592559814, 15.180816650390625, 0.7980654239654541, 0.544299840927124, 0.9285440444946289, 0.793102502822876, 0.8951079845428467, 13.341304302215576, 22.75366735458374, 5.662035942077637, 1.1873536109924316, 13.326260328292847, 15.66823410987854, 9.734096050262451, 1.2850008010864258, 1.1386210918426514, 4.765545845031738, 10.254623651504517, 4.693630695343018, 1.0128037929534912, 24.19964289665222, 15.749710083007812], [0.866478443145752, 0.9287424087524414, 1.1144442558288574, 0.9633667469024658, 0.2799546718597412, 4.161933660507202, 11.454992771148682, 10.845078229904175, 36.860904693603516, 11.695515632629395, 22.075297117233276, 18.690385818481445, 1.7390499114990234, 11.148011922836304, 3.8218183517456055, 12.330634832382202, 20.160536766052246, 9.080994844436646, 62.343750953674316, 12.296924591064453, 65.17901587486267, 24.515353202819824, 2.114344835281372, 17.89050316810608, 0.493335485458374, 15.568865776062012, 15.70053219795227, 9.970265626907349, 19.33576464653015, 4.255103826522827, 6.4794533252716064, 13.19727635383606, 32.787423610687256, 10.125217914581299, 