{"config": {"preseeding": false, "sat-polarity": false, "sat-polarity-initial": false, "postpone_opt": false, "postpone_opt_incr": false, "postpone_opt_greedy": false, "grow": true, "grow_sat": false, "grow_subset_maximal": true, "grow_maxsat": false, "maxsat_polarities": true, "grow_maxsat_full_pos": false, "grow_maxsat_full_inv": false, "grow_maxsat_full_unif": false, "grow_maxsat_initial_pos": false, "grow_maxsat_initial_inv": false, "grow_maxsat_initial_unif": false, "grow_maxsat_actual_pos": false, "grow_maxsat_actual_unif": false, "grow_maxsat_actual_inv": false, "timeout": 7200, "instance": "p19", "output": "/data/brussel/101/vsc10143/OUSResults/experiment6_greedy/2021011816/20210118165848061371.json", "reuse_SSes": true, "sort_literals": true}, "results": {"HS": [660], "HS_greedy": [0], "HS_incr": [0], "HS-opt-time": [0.3180549144744873], "HS-postpone-time": [0], "SAT-time": [7.250505208969116], "grow-time": [4.383960962295532], "#expl": 1, "expl_seq": [{"constraints": [], "derived": [1, 7, 13, 19, 25]}], "OUS-time": [[0.1579427719116211, 0.015433788299560547, 0.011407852172851562, 0.011962413787841797, 0.01160120964050293, 0.029715538024902344, 0.023423433303833008, 0.018274545669555664, 0.03749227523803711, 0.04297065734863281, 0.06034111976623535, 0.03876781463623047, 0.039344072341918945, 0.03703737258911133, 0.0462188720703125, 0.040472984313964844, 0.06246614456176758, 0.042717695236206055, 0.023258209228515625, 0.03773379325866699, 0.05470561981201172, 0.026995420455932617, 0.022014856338500977, 0.03844881057739258, 0.026599407196044922, 0.03740429878234863, 0.0447843074798584, 0.030316591262817383, 0.03537750244140625, 0.041867733001708984, 0.02706599235534668, 0.04243779182434082, 0.0351710319519043, 0.03572869300842285, 0.022641420364379883, 0.02188277244567871, 0.021970272064208984, 0.02268075942993164, 0.02199387550354004, 0.02257990837097168, 0.02890634536743164, 0.04154348373413086, 0.044484853744506836, 0.02316117286682129, 0.02111506462097168, 0.03730177879333496, 0.04088187217712402, 0.05450582504272461, 0.043660640716552734, 0.04132270812988281, 0.024750232696533203, 0.02183246612548828, 0.03632235527038574, 0.048922061920166016, 0.044739484786987305, 0.030421018600463867, 0.05568695068359375, 0.02621150016784668, 0.021403074264526367, 0.04135632514953613, 0.04976201057434082, 0.04208707809448242, 0.027551889419555664, 0.036424875259399414, 0.033262014389038086, 0.030428409576416016, 0.04665803909301758, 0.04098105430603027, 0.038115501403808594, 0.03960776329040527, 0.05191826820373535, 0.05186152458190918, 0.04595541954040527, 0.04247593879699707, 0.04320359230041504, 0.05347585678100586, 0.04872012138366699, 0.03610968589782715, 0.036585330963134766, 0.04357123374938965, 0.04749250411987305, 0.04835247993469238, 0.029379844665527344, 0.05130171775817871, 0.04357194900512695, 0.04363656044006348, 0.04693913459777832, 0.043010711669921875, 0.036994218826293945, 0.047029733657836914, 0.043091535568237305, 0.04771018028259277, 0.044802188873291016, 0.04391789436340332, 0.04553484916687012, 0.0507664680480957, 0.05532503128051758, 0.04391884803771973, 0.028009891510009766, 0.03916192054748535, 0.04998660087585449, 0.045182228088378906, 0.05169367790222168, 0.04360556602478027, 0.044911861419677734, 0.03220868110656738, 0.03996396064758301, 0.05571556091308594, 0.0460207462310791, 0.04391312599182129, 0.05127668380737305, 0.029469966888427734, 0.040949344635009766, 0.031835317611694336, 0.027289628982543945, 0.022649049758911133, 0.022123098373413086, 0.024259090423583984, 0.025124549865722656, 0.023615121841430664, 0.03836369514465332, 0.029011964797973633, 0.023366212844848633, 0.024201393127441406, 0.025206327438354492, 0.030272245407104492, 0.04476571083068848, 0.025014162063598633, 0.022592544555664062, 0.02228569984436035, 0.023164987564086914, 0.023868083953857422, 0.04423785209655762, 0.04988598823547363, 0.03055715560913086, 0.02246570587158203, 0.03784799575805664, 0.04483222961425781, 0.031421661376953125, 0.04277324676513672, 0.05532717704772949, 0.02912425994873047, 0.0221560001373291, 0.02349090576171875, 0.025410890579223633, 0.026026487350463867, 0.023033618927001953, 0.023392915725708008, 0.02799844741821289, 0.03171896934509277, 0.039545297622680664, 0.045957088470458984, 0.048783302307128906, 0.044425249099731445, 0.044769287109375, 0.047286272048950195, 0.05518937110900879, 0.04736042022705078, 0.04488396644592285, 0.04633736610412598, 0.05048727989196777, 0.05164504051208496, 0.0476529598236084, 0.04425930976867676, 0.04679226875305176, 0.04959917068481445, 0.033635616302490234, 0.04286384582519531, 0.028325796127319336, 0.04052424430847168, 0.0472722053527832, 0.047142982482910156, 0.05246567726135254, 0.030527114868164062, 0.03862476348876953, 0.047113895416259766, 0.04646801948547363, 0.04509091377258301, 0.05062723159790039, 0.05226731300354004, 0.04600358009338379, 0.029887676239013672, 0.038430213928222656, 0.04494500160217285, 0.05037856101989746, 0.05165266990661621, 0.04728341102600098, 0.028453826904296875, 0.022122621536254883, 0.04130220413208008, 0.04878377914428711, 0.051412105560302734, 0.047965049743652344, 0.045450687408447266, 0.029572725296020508, 0.038617849349975586, 0.05577850341796875, 0.04130816459655762, 0.04819536209106445, 0.030943870544433594, 0.03941965103149414, 0.04433465003967285, 0.051335811614990234, 0.0451810359954834, 0.049872398376464844, 0.045545339584350586, 0.04530739784240723, 0.043389081954956055, 0.04831886291503906, 0.05502939224243164, 0.04514479637145996, 0.045128583908081055, 0.044434309005737305, 0.046419620513916016, 0.037294626235961914, 0.04070401191711426, 0.04625344276428223, 0.04252815246582031, 0.04361915588378906, 0.040677547454833984, 0.03505301475524902, 0.03932499885559082, 0.045986175537109375, 0.04349088668823242, 0.029984712600708008, 0.038466691970825195, 0.053037166595458984, 0.04402565956115723, 0.04704999923706055, 0.030742406845092773, 0.03908801078796387, 0.04323625564575195, 0.0439143180847168, 0.04712319374084473, 0.03236794471740723, 0.04172158241271973, 0.029803752899169922, 0.03767848014831543, 0.04318809509277344, 0.046540021896362305, 0.04688215255737305, 0.05132579803466797, 0.04433941841125488, 0.04338359832763672, 0.028569698333740234, 0.026089191436767578, 0.02122950553894043, 0.024888038635253906, 0.027532339096069336, 0.0224611759185791]], "timeout": true, "totTime": 7200}}