{"config": {"preseeding": true, "sat-polarity": false, "sat-polarity-initial": false, "postpone_opt": false, "postpone_opt_incr": false, "postpone_opt_greedy": false, "grow": true, "grow_sat": false, "grow_subset_maximal": false, "grow_maxsat": true, "maxsat_polarities": true, "grow_maxsat_full_pos": false, "grow_maxsat_full_inv": false, "grow_maxsat_full_unif": false, "grow_maxsat_initial_pos": true, "grow_maxsat_initial_inv": false, "grow_maxsat_initial_unif": false, "grow_maxsat_actual_pos": false, "grow_maxsat_actual_unif": false, "grow_maxsat_actual_inv": false, "timeout": 7200, "instance": "p19", "output": "/data/brussel/101/vsc10143/OUSResults/experiment6_greedy/2021011816/20210118165848061725.json", "reuse_SSes": false, "sort_literals": true}, "results": {"HS": [763, 820], "HS_greedy": [0, 0], "HS_incr": [0, 0], "HS-opt-time": [0.3125901222229004, 0.36260390281677246], "HS-postpone-time": [0, 0], "SAT-time": [12.468610763549805, 13.198451280593872], "grow-time": [183.9985067844391, 334.08951902389526], "#expl": 2, "expl_seq": [{"constraints": [], "derived": [44037, 44043, 44019, 44025, 44031]}, {"constraints": [44271], "derived": [-44032, -44030, -44029, -44028, -44027, -44026, -44024, -44023, -44022, -44021, -44020, -44042, -44041, -44040, -44039, -44038, -44036, -44035, -44034, -44033]}], "OUS-time": [[12.018088102340698, 19.012935638427734, 11.394572734832764, 6.099857330322266, 0.28966498374938965, 0.6507093906402588, 0.5934383869171143, 0.7875909805297852, 0.7154498100280762, 0.6291563510894775, 0.2925989627838135, 0.7279226779937744, 0.6640908718109131, 0.6227948665618896, 0.6217782497406006, 0.5640280246734619, 0.6094796657562256, 0.6238453388214111, 0.5667779445648193, 0.6195526123046875, 0.5784642696380615, 0.6188466548919678, 0.6193621158599854, 0.5684630870819092, 0.627387523651123, 0.63201904296875, 0.5781762599945068, 0.6225161552429199, 0.566831111907959, 0.6284441947937012, 0.6246535778045654, 0.5714371204376221, 0.6249167919158936, 0.6335868835449219, 0.5731847286224365, 0.6341221332550049, 0.5789210796356201, 0.6177494525909424, 0.6196689605712891, 0.571019172668457, 0.61423659324646, 0.64717698097229, 0.5772645473480225, 0.6267154216766357, 0.5717580318450928, 0.6202094554901123, 0.6204092502593994, 0.5732855796813965, 0.6340715885162354, 0.6297531127929688, 0.5739035606384277, 0.6221144199371338, 0.5770790576934814, 0.6248970031738281, 0.627617597579956, 0.5656921863555908, 0.6272213459014893, 0.6232922077178955, 0.5733034610748291, 0.6210787296295166, 0.5770645141601562, 0.7412631511688232, 0.694277286529541, 0.6172928810119629, 0.774416446685791, 0.6278176307678223, 0.5689945220947266, 0.6212775707244873, 0.5765166282653809, 0.61319899559021, 0.6220200061798096, 0.5765035152435303, 0.6277656555175781, 0.6282370090484619, 0.5727226734161377, 0.6201057434082031, 0.5794398784637451, 0.6127278804779053, 0.6206238269805908, 0.573167085647583, 0.6831576824188232, 0.6501288414001465, 0.5708487033843994, 0.6330931186676025, 0.5706958770751953, 0.635498046875, 0.6332435607910156, 0.5825111865997314, 0.6346848011016846, 0.6421191692352295, 0.5747501850128174, 0.6340227127075195, 0.5739994049072266, 0.6452648639678955, 0.6189634799957275, 0.5695409774780273, 0.6295394897460938, 0.6408166885375977, 0.5790612697601318, 0.6177244186401367, 0.5721681118011475, 0.6124861240386963, 0.6220622062683105, 0.646275520324707, 0.6350498199462891, 0.6463837623596191, 0.5812904834747314, 0.6255700588226318, 0.5835089683532715, 0.6279668807983398, 0.6315302848815918, 0.5921220779418945, 0.6323943138122559, 0.5861401557922363, 0.6071276664733887, 0.6269168853759766, 0.5819642543792725, 0.6296751499176025, 0.6176931858062744, 0.5666263103485107, 0.6207869052886963, 0.5756664276123047, 0.6606214046478271, 0.6340997219085693, 0.5757150650024414, 0.6261394023895264, 0.6510119438171387, 0.5840394496917725, 0.635251522064209, 0.5753743648529053, 0.6171200275421143, 0.626511812210083, 0.5902554988861084, 0.6174366474151611, 0.636970043182373, 0.5683987140655518, 0.6324520111083984, 0.5781252384185791, 0.6323637962341309, 0.6205837726593018, 0.5823938846588135, 0.6210269927978516, 0.6262881755828857, 0.6495006084442139, 0.6247053146362305, 0.5919549465179443, 0.6293821334838867, 0.6247713565826416, 0.5798423290252686, 0.6311392784118652, 0.6278276443481445, 0.5819625854492188, 0.62282395362854, 0.577176570892334, 0.620415210723877, 0.6306240558624268, 0.5727090835571289, 0.6206827163696289, 0.6165256500244141, 0.5566515922546387, 0.624854326248169, 0.5737495422363281, 0.6806488037109375, 0.6174936294555664, 0.573723554611206, 0.6227328777313232, 0.6267199516296387, 0.5695300102233887, 0.6320009231567383, 0.5831968784332275, 0.61855149269104, 0.6244480609893799, 0.5800268650054932, 0.6171751022338867, 0.6111130714416504, 0.5721733570098877, 0.6184110641479492, 0.5719988346099854, 0.611060619354248, 0.6262187957763672, 0.5776188373565674, 0.6161510944366455, 0.6377129554748535, 0.7335660457611084, 0.6167619228363037, 0.5797970294952393, 0.615412712097168, 0.6071796417236328, 0.5782766342163086, 0.6125867366790771, 0.6132993698120117, 0.5689411163330078, 0.6175220012664795, 0.5805079936981201, 0.6190657615661621, 0.6257247924804688, 0.5745964050292969, 0.605562686920166, 0.6135716438293457, 0.5697109699249268, 0.6161561012268066, 0.5733809471130371, 0.6099412441253662, 0.618380069732666, 0.5631937980651855, 0.6125082969665527, 0.6261441707611084, 0.5668869018554688, 0.6170530319213867, 0.575477123260498, 0.6177890300750732, 0.6146678924560547, 0.5617318153381348, 0.6211309432983398, 0.6248676776885986, 0.5758192539215088, 0.6298878192901611, 0.5786073207855225, 0.6208555698394775, 0.6178433895111084, 0.5775778293609619, 0.6222128868103027, 0.6280274391174316, 0.5836265087127686, 0.6216607093811035, 0.5667393207550049, 0.6113202571868896, 0.6193485260009766, 0.573920488357544, 0.6167993545532227, 0.6305205821990967, 0.5775344371795654, 0.6179282665252686, 0.588569164276123, 0.622075080871582, 0.6312134265899658, 0.5826923847198486, 0.7332229614257812, 0.2969541549682617, 0.6011631488800049, 0.6222832202911377, 0.6298010349273682, 0.5601763725280762, 0.6506838798522949, 0.30742597579956055, 0.6910502910614014, 0.8297667503356934, 0.7265334129333496, 0.7646591663360596, 0.30008602142333984], [12.288016080856323, 19.485400915145874, 11.905969619750977, 6.182971000671387, 3.4534125328063965, 6.957928895950317, 6.005855321884155, 7.940566539764404, 9.778567552566528, 11.605635166168213, 9.9206383228302, 0.6362917423248291, 0.6359238624572754, 0.5837819576263428, 0.6269223690032959, 0.5924274921417236, 0.6255037784576416, 0.6300563812255859, 0.5831563472747803, 0.6221144199371338, 0.62973952293396, 0.574521541595459, 0.6297574043273926, 0.5831820964813232, 0.6317448616027832, 0.6407895088195801, 0.5735423564910889, 0.6213209629058838, 0.6346797943115234, 0.5826826095581055, 0.6236844062805176, 0.588353157043457, 0.6247031688690186, 0.6349081993103027, 0.5761740207672119, 0.6392726898193359, 0.6297144889831543, 0.5820493698120117, 0.6330509185791016, 0.5844249725341797, 0.6320629119873047, 0.6371450424194336, 0.573223352432251, 0.6220493316650391, 0.6550920009613037, 0.5812416076660156, 0.6265320777893066, 0.5994224548339844, 0.6242396831512451, 0.6170480251312256, 0.5876686573028564, 0.629141092300415, 0.6281895637512207, 0.5855700969696045, 0.6353166103363037, 0.5793910026550293, 0.6248612403869629, 0.6244008541107178, 0.5623834133148193, 0.6316053867340088, 0.6351306438446045, 0.5699417591094971, 0.6345713138580322, 0.5790174007415771, 0.6151537895202637, 0.6366555690765381, 0.5654299259185791, 0.622950553894043, 0.6216225624084473, 0.5727810859680176, 0.632521390914917, 0.6302211284637451, 0.624657392501831, 0.6291165351867676, 0.582643985748291, 0.6338350772857666, 0.6344115734100342, 0.5816411972045898, 0.6354713439941406, 0.5797815322875977, 0.633209228515625, 0.6332900524139404, 0.5793342590332031, 0.6388957500457764, 0.6581151485443115, 0.5760250091552734, 