{"config": {"preseeding": true, "sat-polarity": false, "sat-polarity-initial": false, "postpone_opt": false, "postpone_opt_incr": false, "postpone_opt_greedy": false, "grow": true, "grow_sat": false, "grow_subset_maximal": false, "grow_maxsat": true, "maxsat_polarities": true, "grow_maxsat_full_pos": false, "grow_maxsat_full_inv": false, "grow_maxsat_full_unif": false, "grow_maxsat_initial_pos": false, "grow_maxsat_initial_inv": false, "grow_maxsat_initial_unif": false, "grow_maxsat_actual_pos": false, "grow_maxsat_actual_unif": true, "grow_maxsat_actual_inv": false, "timeout": 7200, "instance": "p16", "output": "/data/brussel/101/vsc10143/OUSResults/experiment5_qualitative/2021011515/20210115155103529735.json"}, "results": {"HS": [0, 33, 2, 4, 2, 4, 5, 2, 18, 4, 8, 8, 3, 5, 4, 3, 2, 47, 4, 3, 7, 10, 1, 7, 2, 3, 1, 1, 1, 1, 2, 1, 12, 10, 1, 6, 42, 1, 1, 2, 11, 2, 4, 4, 3, 1, 1, 2, 3, 4, 5, 1, 2, 1, 2, 16, 2, 8, 3, 3, 1, 28, 1, 2, 1, 1, 1, 4, 1, 1, 1, 3, 1, 2, 1, 1, 2, 16, 1, 1, 1, 8, 6, 3, 1, 1, 2, 11, 4, 3, 1, 3, 1, 4, 3, 12, 3, 4, 6, 3, 3, 3, 3, 1, 8, 5, 1, 6, 1, 5, 1, 6, 4, 2, 1, 2, 3, 1, 1], "HS_greedy": [0, 0, 0, 0, 0, 0, 0, 0, 0, 0, 0, 0, 0, 0, 0, 0, 0, 0, 0, 0, 0, 0, 0, 0, 0, 0, 0, 0, 0, 0, 0, 0, 0, 0, 0, 0, 0, 0, 0, 0, 0, 0, 0, 0, 0, 0, 0, 0, 0, 0, 0, 0, 0, 0, 0, 0, 0, 0, 0, 0, 0, 0, 0, 0, 0, 0, 0, 0, 0, 0, 0, 0, 0, 0, 0, 0, 0, 0, 0, 0, 0, 0, 0, 0, 0, 0, 0, 0, 0, 0, 0, 0, 0, 0, 0, 0, 0, 0, 0, 0, 0, 0, 0, 0, 0, 0, 0, 0, 0, 0, 0, 0, 0, 0, 0, 0, 0, 0, 0], "HS_incr": [0, 0, 0, 0, 0, 0, 0, 0, 0, 0, 0, 0, 0, 0, 0, 0, 0, 0, 0, 0, 0, 0, 0, 0, 0, 0, 0, 0, 0, 0, 0, 0, 0, 0, 0, 0, 0, 0, 0, 0, 0, 0, 0, 0, 0, 0, 0, 0, 0, 0, 0, 0, 0, 0, 0, 0, 0, 0, 0, 0, 0, 0, 0, 0, 0, 0, 0, 0, 0, 0, 0, 0, 0, 0, 0, 0, 0, 0, 0, 0, 0, 0, 0, 0, 0, 0, 0, 0, 0, 0, 0, 0, 0, 0, 0, 0, 0, 0, 0, 0, 0, 0, 0, 0, 0, 0, 0, 0, 0, 0, 0, 0, 0, 0, 0, 0, 0, 0, 0], "HS-opt-time": [0, 0.8770186901092529, 0.04773378372192383, 0.09307694435119629, 0.16162562370300293, 0.10610580444335938, 0.11925840377807617, 0.08610749244689941, 4.467237949371338, 1.2444086074829102, 3.606670618057251, 3.478710889816284, 0.8961179256439209, 0.3556227684020996, 0.2748680114746094, 0.34566807746887207, 0.1966114044189453, 23.22980546951294, 0.3897378444671631, 0.6795494556427002, 0.6040987968444824, 0.8895630836486816, 0.1398766040802002, 0.8019411563873291, 0.20182204246520996, 0.27292943000793457, 0.12091231346130371, 0.13022828102111816, 0.11926984786987305, 0.11171126365661621, 0.2000575065612793, 0.12021970748901367, 7.137646198272705, 8.517009735107422, 0.2715110778808594, 3.550555944442749, 24.794755220413208, 0.16332721710205078, 0.16344380378723145, 0.40512847900390625, 5.283175230026245, 0.30173325538635254, 0.6448307037353516, 0.829535961151123, 0.6215946674346924, 0.19171571731567383, 0.1837294101715088, 0.5482709407806396, 0.6575753688812256, 0.6656627655029297, 1.6107721328735352, 0.31171464920043945, 0.2964143753051758, 0.29535579681396484, 0.3527531623840332, 4.8737852573394775, 0.40959596633911133, 1.3789806365966797, 0.7622373104095459, 0.7072606086730957, 0.30806994438171387, 10.88622260093689, 0.30290865898132324, 0.45268726348876953, 0.30780458450317383, 0.27072596549987793, 0.2708241939544678, 0.988835334777832, 0.28169703483581543, 0.2622337341308594, 0.2619140148162842, 0.644871711730957, 0.25309276580810547, 0.4168083667755127, 0.2457747459411621, 0.2674388885498047, 0.4972715377807617, 5.134512424468994, 0.24110889434814453, 0.2111527919769287, 0.2755594253540039, 2.1934783458709717, 1.4004974365234375, 0.8004462718963623, 0.22906088829040527, 0.28503918647766113, 0.4784574508666992, 3.6720175743103027, 0.9580042362213135, 0.7804663181304932, 0.2603776454925537, 0.7791950702667236, 0.2866551876068115, 1.1313700675964355, 0.7681899070739746, 4.400248765945435, 1.0481023788452148, 1.2737271785736084, 2.208885908126831, 1.2195987701416016, 1.0982201099395752, 1.0339374542236328, 0.9908878803253174, 0.37466907501220703, 2.7639551162719727, 1.5234081745147705, 0.30403661727905273, 1.8792688846588135, 0.3032407760620117, 1.5755200386047363, 0.3676450252532959, 1.9792125225067139, 1.5309679508209229, 0.6900584697723389, 0.333193302154541, 0.6278669834136963, 1.202815055847168, 0.31603455543518066, 0.3091273307800293], "HS-postpone-time": [0, 0, 0, 0, 0, 0, 0, 0, 0, 0, 0, 0, 0, 0, 0, 0, 0, 0, 0, 0, 0, 0, 0, 0, 0, 0, 0, 0, 0, 0, 0, 0, 0, 0, 0, 0, 0, 0, 0, 0, 0, 0, 0, 0, 0, 0, 0, 0, 0, 0, 0, 0, 0, 0, 0, 0, 0, 0, 0, 0, 0, 0, 0, 0, 0, 0, 0, 0, 0, 0, 0, 0, 0, 0, 0, 0, 0, 0, 0, 0, 0, 0, 0, 0, 0, 0, 0, 0, 0, 0, 0, 0, 0, 0, 0, 0, 0, 0, 0, 0, 0, 0, 0, 0, 0, 0, 0, 0, 0, 0, 0, 0, 0, 0, 0, 0, 0, 0, 0], "SAT-time": [0.08767151832580566, 0.09378910064697266, 0.002841949462890625, 0.008963346481323242, 0.0026199817657470703, 0.009145736694335938, 0.010470151901245117, 0.0037851333618164062, 0.04528355598449707, 0.009233951568603516, 0.019967317581176758, 0.020806550979614258, 0.00628972053527832, 0.012759685516357422, 0.008412837982177734, 0.006571054458618164, 0.0032689571380615234, 0.13666129112243652, 0.008986711502075195, 0.006765604019165039, 0.017913341522216797, 0.028191804885864258, 0.0006535053253173828, 0.0193636417388916, 0.0032939910888671875, 0.0071642398834228516, 0.00069427490234375, 0.0018260478973388672, 0.0006806850433349609, 0.0018775463104248047, 0.003299236297607422, 0.0018830299377441406, 0.03391551971435547, 0.02808856964111328, 0.0006830692291259766, 0.01644301414489746, 0.12526774406433105, 0.0019290447235107422, 0.0007090568542480469, 0.004281520843505859, 0.03151345252990723, 0.004678249359130859, 0.010056018829345703, 0.010391950607299805, 0.00672602653503418, 0.0018949508666992188, 0.0007288455963134766, 0.004508256912231445, 0.0068509578704833984, 0.01123189926147461, 0.012489557266235352, 0.0019452571868896484, 0.0035147666931152344, 0.0019114017486572266, 0.0037114620208740234, 0.05099058151245117, 0.003774404525756836, 0.024799585342407227, 0.006959199905395508, 0.007729530334472656, 0.0007226467132568359, 0.0909578800201416, 0.0007281303405761719, 0.004682302474975586, 0.0007913112640380859, 0.0020143985748291016, 0.0007727146148681641, 0.011102914810180664, 0.0007476806640625, 0.0020372867584228516, 0.0007617473602294922, 0.008154869079589844, 0.0007460117340087891, 0.004889965057373047, 0.0007588863372802734, 0.002045869827270508, 0.0039825439453125, 0.05170083045959473, 0.0007476806640625, 0.0021467208862304688, 0.0007910728454589844, 0.0254209041595459, 0.017782211303710938, 0.007888317108154297, 0.0007827281951904297, 0.002160787582397461, 0.004033088684082031, 0.03639721870422363, 0.010869264602661133, 0.008173465728759766, 0.0007874965667724609, 0.008168697357177734, 0.0007700920104980469, 0.01166987419128418, 0.007448673248291016, 0.03841137886047363, 0.007195711135864258, 0.011974096298217773, 0.017983198165893555, 0.008174419403076172, 0.007452487945556641, 0.008548974990844727, 0.0075566768646240234, 0.0021300315856933594, 0.02380657196044922, 0.01565074920654297, 0.0008330345153808594, 0.018807649612426758, 0.0007996559143066406, 0.01497197151184082, 0.0008649826049804688, 0.017763853073120117, 0.010805368423461914, 0.004751443862915039, 0.0008442401885986328, 0.004808664321899414, 0.007367849349975586, 0.0023064613342285156, 0.0008664131164550781],