{"config": {"preseeding": true, "sat-polarity": false, "sat-polarity-initial": false, "postpone_opt": false, "postpone_opt_incr": false, "postpone_opt_greedy": false, "grow": true, "grow_sat": false, "grow_subset_maximal": false, "grow_maxsat": true, "maxsat_polarities": true, "grow_maxsat_full_pos": false, "grow_maxsat_full_inv": false, "grow_maxsat_full_unif": false, "grow_maxsat_initial_pos": false, "grow_maxsat_initial_inv": false, "grow_maxsat_initial_unif": false, "grow_maxsat_actual_pos": false, "grow_maxsat_actual_unif": true, "grow_maxsat_actual_inv": false, "timeout": 7200, "instance": "p93", "output": "/data/brussel/101/vsc10143/OUSResults/experiment5_qualitative/2021011515/20210115155103530164.json"}, "results": {"HS": [0, 2, 24, 6, 2, 6, 1, 14, 6, 11, 4, 14, 2, 2, 1, 37, 2, 4, 3, 10, 12, 3, 42, 2, 2, 6, 49, 13, 2, 1, 2, 1, 11, 5, 2, 3, 1, 1, 2, 26, 6, 12, 1, 6, 6, 4, 3, 1, 5, 1, 2, 1, 10, 6, 5, 9, 16, 17, 2, 2, 2, 4, 4, 1, 1, 1, 6, 4, 1, 3, 3, 3, 28, 2, 7, 3, 4, 1, 1, 2, 1, 8, 1, 26, 10, 1, 10, 2, 3, 2, 2, 1, 4, 2, 1, 6, 9, 1, 2, 4, 1, 6, 1, 13, 19, 1, 9, 1, 1, 1, 1, 2, 9, 1, 1, 1], "HS_greedy": [0, 0, 0, 0, 0, 0, 0, 0, 0, 0, 0, 0, 0, 0, 0, 0, 0, 0, 0, 0, 0, 0, 0, 0, 0, 0, 0, 0, 0, 0, 0, 0, 0, 0, 0, 0, 0, 0, 0, 0, 0, 0, 0, 0, 0, 0, 0, 0, 0, 0, 0, 0, 0, 0, 0, 0, 0, 0, 0, 0, 0, 0, 0, 0, 0, 0, 0, 0, 0, 0, 0, 0, 0, 0, 0, 0, 0, 0, 0, 0, 0, 0, 0, 0, 0, 0, 0, 0, 0, 0, 0, 0, 0, 0, 0, 0, 0, 0, 0, 0, 0, 0, 0, 0, 0, 0, 0, 0, 0, 0, 0, 0, 0, 0, 0, 0], "HS_incr": [0, 0, 0, 0, 0, 0, 0, 0, 0, 0, 0, 0, 0, 0, 0, 0, 0, 0, 0, 0, 0, 0, 0, 0, 0, 0, 0, 0, 0, 0, 0, 0, 0, 0, 0, 0, 0, 0, 0, 0, 0, 0, 0, 0, 0, 0, 0, 0, 0, 0, 0, 0, 0, 0, 0, 0, 0, 0, 0, 0, 0, 0, 0, 0, 0, 0, 0, 0, 0, 0, 0, 0, 0, 0, 0, 0, 0, 0, 0, 0, 0, 0, 0, 0, 0, 0, 0, 0, 0, 0, 0, 0, 0, 0, 0, 0, 0, 0, 0, 0, 0, 0, 0, 0, 0, 0, 0, 0, 0, 0, 0, 0, 0, 0, 0, 0], "HS-opt-time": [0, 0.009189605712890625, 0.5631985664367676, 0.4310915470123291, 0.05133223533630371, 0.13941240310668945, 0.06496715545654297, 2.1688594818115234, 0.2204136848449707, 1.417696237564087, 0.20484590530395508, 0.726574182510376, 0.21895098686218262, 0.20300507545471191, 0.06152534484863281, 17.5176100730896, 1.7538425922393799, 3.3698837757110596, 0.24436116218566895, 3.822094440460205, 6.982865333557129, 0.257429838180542, 41.56193804740906, 0.2575528621673584, 0.2781808376312256, 0.6850917339324951, 24.385530948638916, 12.227137327194214, 0.3832433223724365, 0.19307708740234375, 0.3713569641113281, 0.2456369400024414, 3.3558602333068848, 1.1282992362976074, 0.495133638381958, 0.7117078304290771, 0.3801844120025635, 0.19784760475158691, 0.3793306350708008, 27.132558822631836, 6.274802923202515, 10.728459119796753, 0.26717376708984375, 1.6035385131835938, 1.8826286792755127, 1.4889147281646729, 0.8570122718811035, 0.4045381546020508, 1.9596121311187744, 0.28374814987182617, 0.6420772075653076, 0.4486088752746582, 7.787639856338501, 1.7544724941253662, 1.572758674621582, 4.528902769088745, 5.001821994781494, 7.410363674163818, 0.8570711612701416, 0.815873384475708, 0.8908238410949707, 1.654796838760376, 1.7222533226013184, 0.4191880226135254, 0.39040136337280273, 0.41313672065734863, 9.851202011108398, 1.4985787868499756, 0.43076157569885254, 1.1252257823944092, 1.1736500263214111, 1.2398550510406494, 32.05222749710083, 0.9675571918487549, 2.9042272567749023, 1.500014066696167, 1.9216058254241943, 0.4874429702758789, 0.4378530979156494, 0.8493666648864746, 0.432023286819458, 3.7574808597564697, 0.41642165184020996, 13.973789691925049, 6.690997123718262, 0.4356567859649658, 6.504212856292725, 0.8859846591949463, 1.397402286529541, 1.0290625095367432, 0.9404408931732178, 0.505012035369873, 2.4401700496673584, 1.0492894649505615, 0.4940314292907715, 4.249829292297363, 4.5206286907196045, 0.574650764465332, 1.0633385181427002, 1.9920129776000977, 0.4701979160308838, 3.2037746906280518, 0.44307780265808105, 7.176227569580078, 12.291865587234497, 0.4916079044342041, 5.100860595703125, 0.6239020824432373, 0.5862605571746826, 0.5666279792785645, 0.5773825645446777, 1.0038673877716064, 5.144363641738892, 0.4432868957519531, 0.4354698657989502, 0.44178104400634766], "HS-postpone-time": [0, 0, 0, 0, 0, 0, 0, 0, 0, 0, 0, 0, 0, 0, 0, 0, 0, 0, 0, 0, 0, 0, 0, 0, 0, 0, 0, 0, 0, 0, 0, 0, 0, 0, 0, 0, 0, 0, 0, 0, 0, 0, 0, 0, 0, 0, 0, 0, 0, 0, 0, 0, 0, 0, 0, 0, 0, 0, 0, 0, 0, 0, 0, 0, 0, 0, 0, 0, 0, 0, 0, 0, 0, 0, 0, 0, 0, 0, 0, 0, 0, 0, 0, 0, 0, 0, 0, 0, 0, 0, 0, 0, 0, 0, 0, 0, 0, 0, 0, 0, 0, 0, 0, 0, 0, 0, 0, 0, 0, 0, 0, 0, 0, 0, 0, 0], "SAT-time": [0.07565689086914062, 0.0025832653045654297, 0.06547069549560547, 0.014925003051757812, 0.003082275390625, 0.014846563339233398, 0.000621795654296875, 0.03769373893737793, 0.014970779418945312, 0.027784109115600586, 0.008599519729614258, 0.03819155693054199, 0.0033147335052490234, 0.004080295562744141, 0.0006539821624755859, 0.1063692569732666, 0.0033500194549560547, 0.01003265380859375, 0.006146907806396484, 0.0272977352142334, 0.03366208076477051, 0.007241487503051758, 0.1235964298248291, 0.0043163299560546875, 0.003543853759765625, 0.01633286476135254, 0.15255045890808105, 0.038991689682006836, 0.0036818981170654297, 0.0020170211791992188, 0.0036623477935791016, 0.002081632614135742, 0.03357744216918945, 0.014362812042236328, 0.003821849822998047, 0.007470846176147461, 0.0007369518280029297, 0.002080678939819336, 0.0036416053771972656, 0.08067750930786133, 0.016869544982910156, 0.038047075271606445, 0.00070953369140625, 0.01821160316467285, 0.016559362411499023, 0.011196136474609375, 0.007050752639770508, 0.002132415771484375, 0.014026880264282227, 0.0021696090698242188, 0.003895282745361328, 0.002169370651245117, 0.03058624267578125, 0.01870417594909668, 0.014289140701293945, 0.02767491340637207, 0.05364513397216797, 0.05566811561584473, 0.004257678985595703, 0.004899024963378906, 0.0042247772216796875, 0.011372804641723633, 0.011051177978515625, 0.0021643638610839844, 0.0007977485656738281, 0.0021224021911621094, 0.018277883529663086, 0.011548995971679688, 0.0007741451263427734, 0.008575916290283203, 0.008046865463256836, 0.008269309997558594, 0.09834027290344238, 0.005093097686767578, 0.02236175537109375, 0.008831501007080078, 0.011234283447265625, 0.002164125442504883, 0.0008475780487060547, 0.005204200744628906, 0.0007910728454589844, 0.026344776153564453, 0.0008437633514404297, 0.08997297286987305, 0.033705949783325195, 0.0023903846740722656, 0.032767295837402344, 0.0052547454833984375, 0.007958650588989258, 0.005095243453979492, 0.004244565963745117, 0.00235748291015625, 0.011166572570800781, 0.005357980728149414, 0.00086212158203125, 0.02055525779724121, 0.028923511505126953, 0.002340555191040039, 0.003888845443725586, 0.012720584869384766, 0.0009007453918457031, 0.019171476364135742, 0.0008547306060791016, 0.04428839683532715, 0.06735706329345703, 0.0024700164794921875, 0.028970003128051758, 0.0024344921112060547, 0.0008985996246337891, 0.0024347305297851562, 0.0009021759033203125, 0.004465579986572266, 0.030129194259643555, 0.0009303092956542969, 0.002382993698120117, 0.0009636878967285156],