{"clauses": 160, "avg_clause_len": 3, "steps": 111, "t_hitting_set": [0.07062268257141113, 0.07072997093200684, 0.07065415382385254, 0.0704803466796875, 0.07065796852111816, 0.07046627998352051, 0.07060432434082031, 0.07088994979858398, 0.0704340934753418, 0.07072639465332031, 0.07058334350585938, 0.07114434242248535, 0.07072210311889648, 0.07076120376586914, 0.07107138633728027, 0.07071185111999512, 0.07070541381835938, 0.07120513916015625, 0.07109594345092773, 0.07089757919311523, 0.07134795188903809, 0.07070064544677734, 0.07823514938354492, 0.0717012882232666, 0.07148385047912598, 0.07157564163208008, 0.0715787410736084, 0.07099103927612305, 0.07135844230651855, 0.07140350341796875, 0.07184886932373047, 0.07194876670837402, 0.07189154624938965, 0.07151103019714355, 0.07168912887573242, 0.0716400146484375, 0.07181406021118164, 0.07224583625793457, 0.0725700855255127, 0.07174158096313477, 0.07182598114013672, 0.07245135307312012, 0.07252764701843262, 0.07196760177612305, 0.07172560691833496, 0.07178759574890137, 0.07158184051513672, 0.07130146026611328, 0.07221722602844238, 0.07266449928283691, 0.07244515419006348, 0.0719597339630127, 0.07207131385803223, 0.07153630256652832, 0.07204198837280273, 0.07167530059814453, 0.07188224792480469, 0.07178282737731934, 0.07179880142211914, 0.07181525230407715, 0.07135701179504395, 0.07151126861572266, 0.07187342643737793, 0.07146883010864258, 0.07314920425415039, 0.0713658332824707, 0.07184195518493652, 0.07129025459289551, 0.07181763648986816, 0.07182812690734863, 0.07212448120117188, 0.07157468795776367, 0.07146811485290527, 0.07181143760681152, 0.07198119163513184, 0.07174086570739746, 0.07181859016418457, 0.07179689407348633, 0.07171082496643066, 0.07184839248657227, 0.07246851921081543, 0.0717625617980957, 0.07185244560241699, 0.07185792922973633, 0.07204651832580566, 0.0721282958984375, 0.07230520248413086, 0.07194399833679199, 0.0723121166229248, 0.07221412658691406, 0.07215428352355957, 0.07218408584594727, 0.07259559631347656, 0.07250380516052246, 0.07886075973510742, 0.07208728790283203, 0.07247114181518555, 0.07211470603942871, 0.07224607467651367, 0.07197260856628418, 0.07198500633239746, 0.07199382781982422, 0.07355546951293945, 0.07204174995422363, 0.07244586944580078, 0.0720674991607666, 0.07243037223815918, 0.0720372200012207, 0.07232093811035156, 0.07216739654541016, 0.07219481468200684, 0.07209944725036621], "t_sat_check": [1.430511474609375e-06, 0.00011539459228515625, 0.0001323223114013672, 0.0001347064971923828, 0.00014019012451171875, 0.00015592575073242188, 0.00017189979553222656, 0.00016355514526367188, 0.0002009868621826172, 0.00019693374633789062, 0.00020360946655273438, 0.00020122528076171875, 0.00019025802612304688, 0.00020933151245117188, 0.0002048015594482422, 0.0002110004425048828, 0.0002455711364746094, 0.00021576881408691406, 0.00019288063049316406, 0.00021576881408691406, 0.00021958351135253906, 0.00021529197692871094, 0.00025725364685058594, 0.0002353191375732422, 0.00023055076599121094, 0.0002117156982421875, 0.0002410411834716797, 0.0002346038818359375, 0.00024509429931640625, 0.0002429485321044922, 0.0002613067626953125, 0.00024509429931640625, 0.0002372264862060547, 0.0002295970916748047, 0.00022912025451660156, 0.0002551078796386719, 0.00027561187744140625, 0.0002486705780029297, 0.0002453327178955078, 0.000225067138671875, 0.00024199485778808594, 0.00024628639221191406, 0.0002319812774658203, 0.00023937225341796875, 0.00024390220642089844, 0.0002570152282714844, 0.000240325927734375, 0.0002498626708984375, 0.00026035308837890625, 0.0002579689025878906, 0.00026035308837890625, 0.0002377033233642578, 0.00023937225341796875, 0.0002548694610595703, 0.0002307891845703125, 0.00026345252990722656, 0.00021839141845703125, 0.00023698806762695312, 0.00020956993103027344, 0.00025272369384765625, 0.0002200603485107422, 0.00023412704467773438, 0.0002148151397705078, 0.0002200603485107422, 0.00021266937255859375, 0.00025177001953125, 0.00021600723266601562, 0.00024390220642089844, 0.00025725364685058594, 0.00021910667419433594, 0.0002543926239013672, 0.0002601146697998047, 0.00021910667419433594, 0.00029921531677246094, 0.0002315044403076172, 0.000293731689453125, 0.000293731689453125, 0.0002319812774658203, 0.0003008842468261719, 0.00028967857360839844, 0.00026416778564453125, 0.00027060508728027344, 0.000274658203125, 0.0003094673156738281, 0.0002770423889160156, 0.00028252601623535156, 0.00033020973205566406, 0.00025653839111328125, 0.0003018379211425781, 0.0003113746643066406, 0.0003333091735839844, 0.00028252601623535156, 0.00032782554626464844, 0.00033545494079589844, 0.0003285408020019531, 0.00028705596923828125, 0.0002853870391845703, 0.0003094673156738281, 0.000339508056640625, 0.0002994537353515625, 0.0003495216369628906, 0.00032973289489746094, 0.0003573894500732422, 0.00035762786865234375, 0.0003228187561035156, 0.00033664703369140625, 0.00030159950256347656, 0.0003268718719482422, 0.000362396240234375, 0.0003447532653808594, 0.0003647804260253906, 0.0003204345703125], "t_grow": [0.011719942092895508, 0.011270523071289062, 0.011129379272460938, 0.011152029037475586, 0.010063886642456055, 0.009417295455932617, 0.008946657180786133, 0.00739288330078125, 0.008100509643554688, 0.007818222045898438, 0.007529020309448242, 0.007890701293945312, 0.0071353912353515625, 0.0077021121978759766, 0.00774073600769043, 0.007477998733520508, 0.00777745246887207, 0.008678674697875977, 0.00903010368347168, 0.00771021842956543, 0.007832765579223633, 0.007596015930175781, 0.007632255554199219, 0.007775783538818359, 0.00753331184387207, 0.007821321487426758, 0.007699489593505859, 0.007449626922607422, 0.007601022720336914, 0.007699012756347656, 0.00756525993347168, 0.007622957229614258, 0.007631540298461914, 0.007645845413208008, 0.007700920104980469, 0.00764012336730957, 0.00745701789855957, 0.008298397064208984, 0.007723093032836914, 0.007440090179443359, 0.007538557052612305, 0.00791168212890625, 0.0077130794525146484, 0.007543802261352539, 0.007783174514770508, 0.00731658935546875, 0.007447719573974609, 0.007730007171630859, 0.00782012939453125, 0.007562160491943359, 0.0073773860931396484, 0.007661104202270508, 0.007156848907470703, 0.007437705993652344, 0.008573532104492188, 0.00830388069152832, 0.007714509963989258, 0.00728607177734375, 0.008428096771240234, 0.007780551910400391, 0.007340669631958008, 0.007391452789306641, 0.007803201675415039, 0.007775545120239258, 0.007870674133300781, 0.007603883743286133, 0.007520914077758789, 0.007144927978515625, 0.007383823394775391, 0.007493019104003906, 0.007661581039428711, 0.00705718994140625, 0.006893634796142578, 0.0071408748626708984, 0.0076770782470703125, 0.007607936859130859, 0.0068264007568359375, 0.007023811340332031, 0.006117343902587891, 0.006602764129638672, 0.006292819976806641, 0.00647735595703125, 0.00529026985168457, 0.0054759979248046875, 0.005162239074707031, 0.005631685256958008, 0.005531787872314453, 0.0052759647369384766, 0.0056002140045166016, 0.005700588226318359, 0.00529932975769043, 0.006081819534301758, 0.00567173957824707, 0.005539417266845703, 0.005350351333618164, 0.0059320926666259766, 0.005814790725708008, 0.0049896240234375, 0.005362987518310547, 0.004978179931640625, 0.005187034606933594, 0.0041468143463134766, 0.00518798828125, 0.0041196346282958984, 0.004962921142578125, 0.005059242248535156, 0.00504612922668457, 0.003968715667724609, 0.005513429641723633, 0.004843235015869141, 0.00521087646484375], "total_time": 8.872265577316284, "extension": 3, "sat": 1, "s_hs": [0, 1, 2, 3, 4, 5, 6, 7, 8, 9, 10, 11, 12, 13, 14, 14, 14, 15, 15, 15, 15, 15, 15, 15, 16, 16, 16, 16, 16, 16, 16, 16, 17, 17, 17, 17, 17, 17, 17, 17, 17, 17, 17, 18, 18, 18, 18, 18, 18, 18, 18, 19, 19, 19, 19, 19, 20, 20, 20, 20, 21, 21, 21, 21, 22, 23, 24, 25, 25, 25, 25, 26, 26, 27, 28, 29, 29, 30, 31, 32, 33, 34, 35, 36, 36, 37, 37, 38, 38, 38, 38, 39, 39, 40, 40, 40, 41, 41, 41, 42, 42, 43, 43, 44, 44, 45, 45, 46, 46, 47, 47, 47],