{"clauses": 168, "avg_clause_len": 3, "steps": 194, "t_hitting_set": [1.430511474609375e-06, 0.00046133995056152344, 0.00045228004455566406, 0.00046253204345703125, 0.0004482269287109375, 0.0004684925079345703, 0.00044918060302734375, 0.0004630088806152344, 0.0004665851593017578, 0.0004520416259765625, 0.0004646778106689453, 0.00046563148498535156, 0.0004513263702392578, 0.00046563148498535156, 0.00047898292541503906, 0.0004668235778808594, 0.00048279762268066406, 0.00046634674072265625, 0.0004870891571044922, 0.0004839897155761719, 0.0004754066467285156, 0.00047659873962402344, 0.0004634857177734375, 0.0004603862762451172, 0.000476837158203125, 0.0004754066467285156, 0.0004634857177734375, 0.00046133995056152344, 0.00046372413635253906, 0.0004763603210449219, 0.0004782676696777344, 0.0004780292510986328, 0.0004775524139404297, 0.0004830360412597656, 0.0004661083221435547, 0.0004820823669433594, 0.0004961490631103516, 0.00046563148498535156, 0.0004677772521972656, 0.0004906654357910156, 0.0004932880401611328, 0.0004904270172119141, 0.0004932880401611328, 0.0004954338073730469, 0.0004703998565673828, 0.0004982948303222656, 0.00047278404235839844, 0.00047659873962402344, 0.0004954338073730469, 0.00047326087951660156, 0.0004780292510986328, 0.000469207763671875, 0.0004813671112060547, 0.00046133995056152344, 0.00048160552978515625, 0.0004680156707763672, 0.0004830360412597656, 0.0004658699035644531, 0.0004851818084716797, 0.00047087669372558594, 0.0004820823669433594, 0.0004868507385253906, 0.0004913806915283203, 0.00048661231994628906, 0.0004913806915283203, 0.0004944801330566406, 0.0004942417144775391, 0.0004937648773193359, 0.0004968643188476562, 0.0004918575286865234, 0.000492095947265625, 0.0005002021789550781, 0.0004875659942626953, 0.0004761219024658203, 0.0004906654357910156, 0.0004773139953613281, 0.0004956722259521484, 0.0004794597625732422, 0.0004942417144775391, 0.0004782676696777344, 0.0005085468292236328, 0.000484466552734375, 0.0004966259002685547, 0.0004818439483642578, 0.0005002021789550781, 0.00048804283142089844, 0.0005004405975341797, 0.0004839897155761719, 0.0005009174346923828, 0.0004875659942626953, 0.0004994869232177734, 0.00048470497131347656, 0.00048470497131347656, 0.0004849433898925781, 0.00048828125, 0.00048279762268066406, 0.0004856586456298828, 0.0004837512969970703, 0.00048613548278808594, 0.0004885196685791016, 0.0004849433898925781, 0.0004889965057373047, 0.0004892349243164062, 0.0004856586456298828, 0.0004906654357910156, 0.00048828125, 0.0004868507385253906, 0.0004885196685791016, 0.0004913806915283203, 0.0004906654357910156, 0.00048613548278808594, 0.0004897117614746094, 0.0004942417144775391, 0.00048613548278808594, 0.0004878044128417969, 0.0004906654357910156, 0.0004932880401611328, 0.0004951953887939453, 0.0004911422729492188, 0.0004935264587402344, 0.0004942417144775391, 0.000492095947265625, 0.0004925727844238281, 0.0004913806915283203, 0.0004961490631103516, 0.0004913806915283203, 0.0004963874816894531, 0.0004913806915283203, 0.0004947185516357422, 0.0004918575286865234, 0.0004971027374267578, 0.0004973411560058594, 0.0004987716674804688, 0.0004928112030029297, 0.000492095947265625, 0.0004937648773193359, 0.00049591064453125, 0.0004949569702148438, 0.0004949569702148438, 0.0004951953887939453, 0.0004966259002685547, 0.0004978179931640625, 0.0004971027374267578, 0.0004971027374267578, 0.00049591064453125, 0.0004925727844238281, 0.0005002021789550781, 0.0004937648773193359, 0.0004923343658447266, 0.0004978179931640625, 0.00049591064453125, 0.000499725341796875, 0.0004973411560058594, 0.0004975795745849609, 0.0005030632019042969, 0.0004947185516357422, 0.0004985332489013672, 0.0004966259002685547, 0.0004982948303222656, 0.0004942417144775391, 0.0004918575286865234, 0.0004971027374267578, 0.0004971027374267578, 0.0005030632019042969, 0.0004973411560058594, 0.0005044937133789062, 0.0005066394805908203, 0.0005023479461669922, 0.0005042552947998047, 0.0005075931549072266, 0.0005009174346923828, 0.0005049705505371094, 0.0005021095275878906, 0.0004963874816894531, 0.0005028247833251953, 0.0005025863647460938, 0.0005087852478027344, 0.0004992485046386719, 0.0005037784576416016, 0.0005030632019042969, 0.0005028247833251953, 0.0005016326904296875, 0.0004999637603759766, 0.0005028247833251953, 0.0005040168762207031, 0.0005013942718505859, 0.0005013942718505859, 0.0005083084106445312, 0.0005033016204833984, 0.0005037784576416016, 0.0004966259002685547, 0.0004963874816894531, 0.0004982948303222656, 0.0005025863647460938, 0.0004999637603759766],