{"clauses": 168, "avg_clause_len": 3, "steps": 206, "t_hitting_set": [1.1920928955078125e-06, 0.0005633831024169922, 0.0005075931549072266, 0.0005466938018798828, 0.0005285739898681641, 0.0005559921264648438, 0.0005779266357421875, 0.0005133152008056641, 0.0005629062652587891, 0.0005190372467041016, 0.000530242919921875, 0.0005466938018798828, 0.0005445480346679688, 0.0005774497985839844, 0.0005283355712890625, 0.0005776882171630859, 0.0005328655242919922, 0.0005359649658203125, 0.0005710124969482422, 0.0005333423614501953, 0.0005533695220947266, 0.0005204677581787109, 0.0005538463592529297, 0.0005891323089599609, 0.0005407333374023438, 0.0005619525909423828, 0.0005571842193603516, 0.0005342960357666016, 0.0006003379821777344, 0.0005726814270019531, 0.0005419254302978516, 0.0005629062652587891, 0.0006086826324462891, 0.0005521774291992188, 0.0005443096160888672, 0.0005447864532470703, 0.0005595684051513672, 0.0005497932434082031, 0.0005564689636230469, 0.0005841255187988281, 0.0005795955657958984, 0.0005686283111572266, 0.0005612373352050781, 0.0005538463592529297, 0.0005910396575927734, 0.0005712509155273438, 0.0005695819854736328, 0.000606536865234375, 0.0006105899810791016, 0.0005815029144287109, 0.0005691051483154297, 0.0005946159362792969, 0.0005593299865722656, 0.0005817413330078125, 0.0005886554718017578, 0.0005993843078613281, 0.0006034374237060547, 0.0005931854248046875, 0.0005941390991210938, 0.0005774497985839844, 0.0005941390991210938, 0.0005643367767333984, 0.0005741119384765625, 0.0005774497985839844, 0.0005614757537841797, 0.0005829334259033203, 0.0005908012390136719, 0.0006029605865478516, 0.0005888938903808594, 0.0005693435668945312, 0.0005884170532226562, 0.0005776882171630859, 0.0006244182586669922, 0.0005772113800048828, 0.0005946159362792969, 0.0005774497985839844, 0.0005714893341064453, 0.0005323886871337891, 0.0005729198455810547, 0.00052642822265625, 0.0005431175231933594, 0.00052642822265625, 0.00054931640625, 0.0005285739898681641, 0.0005776882171630859, 0.0005292892456054688, 0.0005464553833007812, 0.0005538463592529297, 0.0005564689636230469, 0.0005445480346679688, 0.0005571842193603516, 0.0005793571472167969, 0.0005486011505126953, 0.0005576610565185547, 0.0005595684051513672, 0.0005552768707275391, 0.0005385875701904297, 0.0005517005920410156, 0.0005383491516113281, 0.0005364418029785156, 0.0005407333374023438, 0.0005385875701904297, 0.0005388259887695312, 0.0005409717559814453, 0.0005445480346679688, 0.0005404949188232422, 0.0005400180816650391, 0.0005397796630859375, 0.0005431175231933594, 0.0005397796630859375, 0.0005433559417724609, 0.0005440711975097656, 0.0005412101745605469, 0.0005621910095214844, 0.0005440711975097656, 0.0005421638488769531, 0.0005168914794921875, 0.0005197525024414062, 0.0005166530609130859, 0.0005142688751220703, 0.0005159378051757812, 0.0005195140838623047, 0.0005280971527099609, 0.0005180835723876953, 0.0005168914794921875, 0.0005495548248291016, 0.0005393028259277344, 0.0005631446838378906, 0.0005533695220947266, 0.0005526542663574219, 0.0005440711975097656, 0.0005354881286621094, 0.0005400180816650391, 0.0005631446838378906, 0.0005424022674560547, 0.0005383491516113281, 0.0005373954772949219, 0.0005373954772949219, 0.0005731582641601562, 0.0005400180816650391, 0.0005538463592529297, 0.0005381107330322266, 0.00055694580078125, 0.0005335807800292969, 0.0005614757537841797, 0.0005385875701904297, 0.0005447864532470703, 0.0005550384521484375, 0.0005400180816650391, 0.0005402565002441406, 0.0005640983581542969, 0.0005414485931396484, 0.0005884170532226562, 0.0005593299865722656, 0.0005562305450439453, 0.0005557537078857422, 0.0005555152893066406, 0.0005593299865722656, 0.0005552768707275391, 0.0005562305450439453, 0.0005564689636230469, 0.0005629062652587891, 0.00055694580078125, 0.0005578994750976562, 0.0005578994750976562, 0.0005548000335693359, 0.000553131103515625, 0.0005540847778320312, 0.0005624294281005859, 0.0005519390106201172, 0.0006000995635986328, 0.0005440711975097656, 0.0005650520324707031, 0.0005297660827636719, 0.0005753040313720703, 0.0005927085876464844, 0.0005621910095214844, 0.0005605220794677734, 0.0005624294281005859, 0.0005886554718017578, 0.0005621910095214844, 0.0005605220794677734, 0.0006387233734130859, 0.0005643367767333984, 0.0005624294281005859, 0.0006022453308105469, 0.0005645751953125, 0.0005574226379394531, 0.0005640983581542969, 0.0005636215209960938, 0.0005571842193603516, 0.0005643367767333984, 0.0005686283111572266, 0.0005984306335449219, 0.0005707740783691406, 0.000568389892578125, 0.0005664825439453125, 0.0005643367767333984, 0.0005669593811035156, 0.0005638599395751953, 0.000553131103515625, 0.0005660057067871094, 0.0005714893341064453, 0.0005636215209960938, 0.0005638599395751953, 0.0005631446838378906, 0.0005638599395751953],