{"config": {"preseeding": true, "preseeding-minimal": false, "preseeding-grow": true, "preseeding-grow-maxsat": false, "sat-polarity": true, "postpone_opt": true, "postpone_opt_incr": true, "postpone_opt_greedy": true, "grow": true, "grow_sat": false, "grow_subset_maximal": false, "grow_maxsat": true, "timeout": 14400, "instance": "origin-problem", "output": "results/rq1_4/20201217/20201217225327829874.json"}, "results": {"HS": [142, 8], "HS_greedy": [4684, 311], "HS_incr": [9037, 1048], "HS-opt-time": [4431.140712738037, 1135.1838443279266], "HS-postpone-time": [4719.439528942108, 26.714706420898438], "SAT-time": [42.806920528411865, 5.479581594467163], "#expl": 1, "expl_seq": [{"constraints": [1730], "derived": [-100]}], "OUS-time": [12895.529839277267, 1457.6391892433167], "timeout": true}}