{"config": {"preseeding": true, "preseeding-minimal": false, "preseeding-grow": true, "preseeding-grow-maxsat": false, "sat-polarity": true, "postpone_opt": false, "postpone_opt_incr": false, "postpone_opt_greedy": false, "grow": true, "grow_sat": false, "grow_subset_maximal": false, "grow_maxsat": true, "timeout": 14400, "instance": "simple", "output": "results/rq1_4/20201217/20201217225327830001.json"}, "results": {"HS": [2, 3, 1], "HS_greedy": [0, 0, 0], "HS_incr": [0, 0, 0], "HS-opt-time": [0.0013301372528076172, 0.0011866092681884766, 0.00028061866760253906], "HS-postpone-time": [0, 0, 0], "SAT-time": [4.887580871582031e-05, 6.031990051269531e-05, 1.621246337890625e-05], "#expl": 3, "expl_seq": [{"constraints": [4], "derived": [1]}, {"constraints": [1, 5, 6], "derived": [2]}, {"constraints": [2, 7], "derived": [-3]}], "OUS-time": [0.001969575881958008, 0.0020279884338378906, 0.00037097930908203125], "timeout": false}}