{"config": {"preseeding": true, "preseeding-minimal": false, "preseeding-grow": false, "preseeding-grow-maxsat": true, "sat-polarity": true, "postpone_opt": true, "postpone_opt_incr": false, "postpone_opt_greedy": true, "grow": false, "grow_sat": false, "grow_subset_maximal": false, "grow_maxsat": false, "timeout": 14400, "instance": "simple", "output": "results/rq1_4/20201217/20201217225327830131.json"}, "results": {"HS": [3, 7, 1], "HS_greedy": [7, 23, 0], "HS_incr": [0, 0, 0], "HS-opt-time": [0.003091573715209961, 0.04900503158569336, 0.0008752346038818359], "HS-postpone-time": [0.0002574920654296875, 0.0012428760528564453, 0], "SAT-time": [0.0001404285430908203, 0.0004887580871582031, 4.363059997558594e-05], "#expl": 3, "expl_seq": [{"constraints": [4], "derived": [1]}, {"constraints": [1, 5, 6], "derived": [2]}, {"constraints": [2, 7], "derived": [-3]}], "OUS-time": [0.003937244415283203, 0.05197787284851074, 0.0010352134704589844], "timeout": false}}