{"config": {"preseeding": true, "preseeding-minimal": true, "preseeding-grow": false, "preseeding-grow-maxsat": false, "sat-polarity": true, "postpone_opt": true, "postpone_opt_incr": true, "postpone_opt_greedy": true, "grow": true, "grow_sat": true, "grow_subset_maximal": false, "grow_maxsat": false, "timeout": 14400, "instance": "simple", "output": "results/rq1_4/20201217/20201217225327829682.json"}, "results": {"HS": [2, 1, 1], "HS_greedy": [3, 0, 0], "HS_incr": [5, 0, 0], "HS-opt-time": [0.0018260478973388672, 0.0007257461547851562, 0.001004934310913086], "HS-postpone-time": [0.00014019012451171875, 0, 0], "SAT-time": [0.0001404285430908203, 2.8848648071289062e-05, 2.6464462280273438e-05], "#expl": 3, "expl_seq": [{"constraints": [4], "derived": [1]}, {"constraints": [1, 5, 6], "derived": [2]}, {"constraints": [2, 4, 7], "derived": [-3]}], "OUS-time": [0.0025854110717773438, 0.0008561611175537109, 0.0010979175567626953], "timeout": false}}