{"config": {"preseeding": true, "preseeding-minimal": false, "preseeding-grow": false, "preseeding-grow-maxsat": true, "sat-polarity": true, "postpone_opt": true, "postpone_opt_incr": false, "postpone_opt_greedy": true, "grow": true, "grow_sat": true, "grow_subset_maximal": false, "grow_maxsat": false, "timeout": 14400, "instance": "simple", "output": "results/rq1_4/20201217/20201217225327830102.json"}, "results": {"HS": [2, 2, 1], "HS_greedy": [3, 2, 0], "HS_incr": [0, 0, 0], "HS-opt-time": [0.002444028854370117, 0.0009300708770751953, 0.0002608299255371094], "HS-postpone-time": [8.368492126464844e-05, 4.4345855712890625e-05, 0], "SAT-time": [9.298324584960938e-05, 6.842613220214844e-05, 1.8358230590820312e-05], "#expl": 3, "expl_seq": [{"constraints": [4], "derived": [1]}, {"constraints": [1, 5, 7], "derived": [-3]}, {"constraints": [1, -3, 6], "derived": [2]}], "OUS-time": [0.0029244422912597656, 0.0012440681457519531, 0.0003409385681152344], "timeout": false}}