{"filename": "aim-50-1_6-yes1-4", "exec_times": [0.065, 0.205, 10.861, 0.218, 0.04, 0.094, 0.058, 0.113, 0.044, 0.078], "H_sizes": [55, 219, 646, 256, 139, 197, 144, 167, 108, 137], "greedy": [0, 0, 0, 0, 0, 0, 0, 0, 0, 0], "incr": [0, 0, 0, 0, 0, 0, 0, 0, 0, 0], "opt": [52, 173, 578, 147, 19, 67, 32, 73, 12, 40], "t_opt": [0.03025031089782715, 0.1277635097503662, 10.506826877593994, 0.12439250946044922, 0.008576631546020508, 0.04209399223327637, 0.015642166137695312, 0.04949045181274414, 0.004763603210449219, 0.020547866821289062], "t_incr": [0, 0, 0, 0, 0, 0, 0, 0, 0, 0], "t_greedy": [0, 0, 0, 0, 0, 0, 0, 0, 0, 0], "t_sat": [0.0036482810974121094, 0.014320135116577148, 0.0649714469909668, 0.01066136360168457, 0.0010943412780761719, 0.0052394866943359375, 0.0020563602447509766, 0.005536317825317383, 0.0006649494171142578, 0.002426624298095703], "t_grow": [0.019798994064331055, 0.04393482208251953, 0.17960095405578613, 0.05134916305541992, 0.009856224060058594, 0.0185396671295166, 0.01338815689086914, 0.022578954696655273, 0.00606226921081543, 0.01762533187866211]}