{"filename": "par16-2-c", "exec_times": ["timeout"], "H_sizes": [260], "greedy": [0], "incr": [0], "opt": [185], "t_opt": [639.9445869922638], "t_incr": [0], "t_greedy": [0], "t_sat": [0.031022310256958008], "t_grow": [1.293816089630127]}