{"filename": "par16-4", "exec_times": [7.726, 8.46, 9.742, 11.591, 12.334, "timeout"], "H_sizes": [132, 143, 167, 206, 240, 469], "greedy": [0, 0, 0, 0, 0, 0], "incr": [0, 0, 0, 0, 0, 0], "opt": [3, 13, 28, 50, 56, 257], "t_opt": [0.024892330169677734, 0.11389732360839844, 0.24413299560546875, 0.49802470207214355, 0.5827672481536865, 492.87547278404236], "t_incr": [0, 0, 0, 0, 0, 0], "t_greedy": [0, 0, 0, 0, 0, 0], "t_sat": [0.0005896091461181641, 0.003274202346801758, 0.006880521774291992, 0.012285947799682617, 0.01378774642944336, 0.07408285140991211], "t_grow": [0.12668871879577637, 0.7649176120758057, 1.7870707511901855, 3.1826674938201904, 3.5924413204193115, 13.14608883857727]}