{"config": {"preseeding": true, "sat-polarity": true, "sat-polarity-initial": true, "postpone_opt": true, "postpone_opt_incr": false, "postpone_opt_greedy": true, "grow": true, "grow_sat": false, "grow_subset_maximal": false, "grow_maxsat": true, "maxsat_polarities": true, "grow_maxsat_full_pos": false, "grow_maxsat_full_inv": false, "grow_maxsat_full_unif": false, "grow_maxsat_initial_pos": false, "grow_maxsat_initial_inv": false, "grow_maxsat_initial_unif": false, "grow_maxsat_actual_pos": false, "grow_maxsat_actual_unif": true, "grow_maxsat_actual_inv": false, "timeout": 7200, "instance": "origin-problem", "output": "/data/brussel/101/vsc10143/OUSResults/experiment4/2021011308/20210113081929879767.json"}, "results": {"HS": [0, 14, 3, 2, 2, 1, 2, 1, 1, 1, 1, 1, 2, 1, 9, 6, 3, 1, 2, 5, 1, 1, 1, 2, 2, 2, 6, 3, 1, 1, 1, 1, 1, 1, 1, 1, 1, 1, 4, 1, 2, 1, 1, 1, 1, 1, 1, 1, 2, 1, 1, 3, 1, 1, 1, 2, 1, 2, 1, 2, 1, 1, 2, 1, 1, 1, 1, 1, 1, 2, 1, 1, 1, 2, 1, 1, 1, 3, 1, 1, 3, 2, 1, 1, 1, 1, 1, 1, 1, 4, 1, 3, 1, 2, 1, 1, 1, 2, 1, 2, 1, 2, 1, 1, 1, 1, 2, 2, 1, 1, 1, 1, 1, 1, 1, 2, 1, 1, 1, 1, 1], "HS_greedy": [0, 41, 32, 42, 58, 0, 323, 0, 0, 0, 0, 0, 300, 0, 359, 352, 427, 0, 396, 418, 0, 0, 0, 327, 261, 264, 308, 355, 0, 0, 0, 0, 0, 0, 0, 0, 0, 0, 265, 0, 317, 0, 0, 0, 0, 0, 0, 0, 282, 0, 0, 275, 0, 0, 0, 194, 0, 198, 0, 179, 0, 0, 200, 0, 0, 0, 0, 0, 0, 148, 0, 0, 0, 136, 0, 0, 0, 126, 0, 0, 92, 152, 0, 0, 0, 0, 0, 0, 0, 32, 0, 84, 0, 51, 0, 0, 0, 28, 0, 20, 0, 45, 0, 0, 0, 0, 24, 44, 0, 0, 0, 0, 0, 0, 0, 186, 0, 0, 0, 0, 0], "HS_incr": [0, 0, 0, 0, 0, 0, 0, 0, 0, 0, 0, 0, 0, 0, 0, 0, 0, 0, 0, 0, 0, 0, 0, 0, 0, 0, 0, 0, 0, 0, 0, 0, 0, 0, 0, 0, 0, 0, 0, 0, 0, 0, 0, 0, 0, 0, 0, 0, 0, 0, 0, 0, 0, 0, 0, 0, 0, 0, 0, 0, 0, 0, 0, 0, 0, 0, 0, 0, 0, 0, 0, 0, 0, 0, 0, 0, 0, 0, 0, 0, 0, 0, 0, 0, 0, 0, 0, 0, 0, 0, 0, 0, 0, 0, 0, 0, 0, 0, 0, 0, 0, 0, 0, 0, 0, 0, 0, 0, 0, 0, 0, 0, 0, 0, 0, 0, 0, 0, 0, 0, 0], "HS-opt-time": [0, 0.189727783203125, 0.06219840049743652, 0.04884028434753418, 0.12091565132141113, 0.10869193077087402, 0.4852573871612549, 0.41384434700012207, 0.5799217224121094, 0.6723027229309082, 0.5362448692321777, 0.5512704849243164, 1.4995617866516113, 1.438988208770752, 40.62167572975159, 23.904749870300293, 33.551496744155884, 5.283573865890503, 11.724778890609741, 76.80922746658325, 16.488590717315674, 17.972535371780396, 17.933441400527954, 33.656694412231445, 31.408631086349487, 36.23876643180847, 139.3560061454773, 88.6809914112091, 12.71650767326355, 24.729168176651, 11.383888006210327, 11.30213451385498, 11.369941711425781, 13.04509425163269, 12.820133447647095, 11.19958782196045, 13.27368426322937, 11.219141006469727, 50.18572449684143, 12.021559953689575, 25.1065411567688, 14.005668640136719, 13.228238582611084, 13.846269130706787, 16.229519367218018, 14.826009511947632, 17.903393507003784, 12.798919677734375, 26.865437984466553, 14.71025824546814, 13.318304300308228, 24.802037954330444, 4.8605780601501465, 13.145199060440063, 4.984159469604492, 8.53172779083252, 5.428676605224609, 11.819958209991455, 4.94269323348999, 9.073045015335083, 8.034871578216553, 4.666285514831543, 9.782424926757812, 4.725428342819214, 5.127068996429443, 4.968487501144409, 5.207592725753784, 7.464092254638672, 4.818790674209595, 8.162794589996338, 4.2596588134765625, 4.709408283233643, 4.33670973777771, 8.514204263687134, 4.504420280456543, 3.844853639602661, 3.949758291244507, 15.352019309997559, 4.184777498245239, 4.285320997238159, 11.817634344100952, 8.634604215621948, 4.134922027587891, 3.8984715938568115, 3.8431143760681152, 3.114238739013672, 3.597827196121216, 3.4015228748321533, 3.3989548683166504, 12.994820594787598, 3.396141529083252, 9.241756916046143, 3.347449541091919, 5.986044406890869, 3.0257840156555176, 3.0167853832244873, 2.934479236602783, 6.863739252090454, 3.3981575965881348, 7.152193069458008, 3.2629611492156982, 6.3297436237335205, 2.6625049114227295, 2.7088260650634766, 2.691291570663452, 2.6837196350097656, 5.460438251495361, 6.46341872215271, 2.8319168090820312, 2.898451566696167, 2.9104814529418945, 2.920656204223633, 2.826140880584717, 2.8556439876556396, 2.8824353218078613, 5.1607959270477295, 2.4868009090423584, 2.52839994430542, 2.5073184967041016, 2.519613027572632, 2.4732906818389893], "HS-postpone-time": [0, 0.03323054313659668, 0.02048206329345703, 0.03349041938781738, 0.05951499938964844, 0, 1.5221562385559082, 0, 0, 0, 0, 0, 1.2304725646972656, 0, 1.754394769668579, 1.6618123054504395, 2.498955011367798, 0, 2.102593421936035, 2.331188917160034, 0, 0, 0, 1.353762149810791, 0.887993574142456, 0.8818840980529785, 1.18487548828125, 1.5702052116394043, 0, 0, 0, 0, 0, 0, 0, 0, 0, 0, 0.8081917762756348, 0, 1.0975821018218994, 0, 0, 0, 0, 0, 0, 0, 0.7882885932922363, 0, 0, 0.730586051940918, 0, 0, 0, 0.3659827709197998, 0, 0.37484002113342285, 0, 0.302523136138916, 0, 0, 0.3434908390045166, 0, 0, 0, 0, 0, 0, 0.18177485466003418, 0, 0, 0, 0.1457982063293457, 0, 0, 0, 0.11863446235656738, 0, 0, 0.06254100799560547, 0.16218900680541992, 0, 0, 0, 0, 0, 0, 0, 0.008970022201538086, 0, 0.04568815231323242, 0, 0.017969131469726562, 0, 0, 0, 0.006161689758300781, 0, 0.003392457962036133, 0, 0.011709451675415039, 0, 0, 0, 0, 0.004088640213012695, 0.0102081298828125, 0, 0, 0, 0, 0, 0, 0, 0.12325620651245117, 0, 0, 0, 0, 0], "SAT-time": [0.16924333572387695, 0.31790995597839355, 0.2052464485168457, 0.28136301040649414, 0.419295072555542, 0.0021448135375976562, 2.5305051803588867, 0.0021333694458007812, 0.0009407997131347656, 0.002121448516845703, 0.0009555816650390625, 0.0023267269134521484, 2.3331103324890137, 0.0021088123321533203, 2.905137062072754, 2.7887630462646484, 3.3761885166168213, 0.0023212432861328125, 3.1611485481262207, 3.3485240936279297, 0.0010247230529785156, 0.0022885799407958984, 0.0010333061218261719, 2.662102699279785, 2.110802173614502, 2.168430805206299, 2.5151114463806152, 2.878714084625244, 0.001094818115234375, 0.0024175643920898438, 0.0010488033294677734, 0.002447843551635742, 0.0010979175567626953, 0.0024127960205078125, 0.0010607242584228516, 0.0024385452270507812, 0.0010602474212646484, 0.0025022029876708984, 2.1951539516448975, 0.002447366714477539, 2.67083740234375, 0.0024297237396240234, 0.0010738372802734375, 0.002436399459838867, 0.0010898113250732422, 0.002437114715576172, 0.0010995864868164062, 0.0024421215057373047, 2.3411293029785156, 0.002370595932006836, 0.001155853271484375, 2.2185561656951904, 0.0010943412780761719, 0.0024271011352539062, 0.0010747909545898438, 1.5981144905090332, 0.0010988712310791016, 1.629741907119751, 0.0010685920715332031, 1.4832589626312256, 0.0011196136474609375, 0.0026044845581054688, 1.647914171218872, 0.0010998249053955078, 0.002520322799682617, 0.0011353492736816406, 0.0025043487548828125, 0.0011069774627685547, 0.002559661865234375, 1.2042558193206787, 0.002572774887084961, 0.0011246204376220703, 0.0025522708892822266, 1.09061861038208, 0.0025534629821777344, 0.0011320114135742188, 0.0011353492736816406, 1.015596628189087, 0.001096487045288086, 0.002607107162475586, 0.7533345222473145, 1.2198970317840576, 0.0010919570922851562, 0.0011472702026367188, 0.0026509761810302734, 0.0011572837829589844, 0.002585887908935547, 0.0011322498321533203, 0.0026106834411621094, 0.252399206161499, 0.002716064453125, 0.680056095123291, 0.002611398696899414, 0.40966224670410156, 0.002600431442260742, 0.001149892807006836, 0.002657175064086914, 0.22107887268066406, 0.0026438236236572266, 0.1555182933807373, 0.0025997161865234375, 0.3548862934112549, 0.002690553665161133, 0.0011241436004638672, 0.0011816024780273438, 0.002682924270629883, 0.18858075141906738, 0.35219264030456543, 0.0012028217315673828, 0.0026848316192626953, 0.001188039779663086, 0.0027647018432617188, 0.0012145042419433594, 0.002694368362426758, 0.0011854171752929688, 1.5065181255340576, 0.001169443130493164, 0.0011572837829589844, 0.002656221389770508, 0.0011775493621826172, 0.002691030502319336],