{"config": {"preseeding": false, "sat-polarity": true, "sat-polarity-initial": true, "postpone_opt": true, "postpone_opt_incr": true, "postpone_opt_greedy": true, "grow": true, "grow_sat": false, "grow_subset_maximal": false, "grow_maxsat": true, "maxsat_polarities": true, "grow_maxsat_full_pos": false, "grow_maxsat_full_inv": false, "grow_maxsat_full_unif": false, "grow_maxsat_initial_pos": true, "grow_maxsat_initial_inv": false, "grow_maxsat_initial_unif": false, "grow_maxsat_actual_pos": false, "grow_maxsat_actual_unif": false, "grow_maxsat_actual_inv": false, "timeout": 7200, "instance": "origin-problem", "output": "/data/brussel/101/vsc10143/OUSResults/experiment4/2021011308/20210113081929878992.json"}, "results": {"HS": [0, 2, 1, 1, 1, 1, 2, 1, 1, 1, 2, 1, 1, 1, 5, 1, 1, 5, 2, 2, 1, 1, 2, 1, 1, 1, 2, 2, 3, 2, 1, 1, 1, 1, 1, 1, 1, 1, 2, 1, 1, 1, 1, 2, 1, 1, 1, 1, 1, 1, 1, 1, 1, 1, 0], "HS_greedy": [0, 17, 0, 0, 0, 0, 14, 0, 0, 0, 88, 0, 0, 0, 82, 0, 0, 69, 62, 79, 0, 0, 80, 0, 0, 0, 36, 58, 42, 44, 0, 0, 0, 0, 0, 0, 0, 0, 56, 0, 0, 0, 0, 50, 0, 0, 0, 0, 0, 0, 0, 0, 0, 0, 0], "HS_incr": [0, 317, 0, 0, 0, 0, 276, 0, 0, 0, 2062, 0, 0, 0, 1985, 0, 0, 1697, 1593, 1961, 0, 0, 2242, 0, 0, 0, 804, 1415, 916, 1083, 0, 0, 0, 0, 0, 0, 0, 0, 1368, 0, 0, 0, 0, 1161, 0, 0, 0, 0, 0, 0, 0, 0, 0, 0, 0], "HS-opt-time": [0, 0.3455331325531006, 0.46986865997314453, 0.2606532573699951, 0.3133716583251953, 0.4055824279785156, 1.2839391231536865, 1.0120725631713867, 1.255998134613037, 1.0746231079101562, 12.916820526123047, 8.834673643112183, 11.265214204788208, 13.213175296783447, 172.46946716308594, 4.621680498123169, 3.3320810794830322, 298.94832038879395, 105.33149719238281, 165.69510221481323, 27.68715000152588, 126.6546094417572, 166.8041684627533, 133.33242654800415, 116.17921209335327, 160.60750007629395, 213.16163110733032, 212.86195588111877, 62.56836771965027, 283.13443636894226, 26.618238925933838, 19.60955262184143, 28.600722789764404, 23.471874952316284, 16.39174199104309, 34.70521950721741, 38.56873822212219, 19.8598690032959, 126.84070229530334, 28.735296964645386, 72.21333980560303, 33.13450813293457, 38.072850942611694, 49.31193566322327, 34.56637930870056, 103.18848061561584, 37.67290925979614, 31.442795038223267, 30.254916191101074, 29.826732873916626, 39.18008375167847, 43.952030658721924, 40.448514223098755, 148.32638692855835, 0], "HS-postpone-time": [0, 0.09176993370056152, 0, 0, 0, 0, 0.07491517066955566, 0, 0, 0, 2.5712711811065674, 0, 0, 0, 2.3194668292999268, 0, 0, 1.707162857055664, 1.3857898712158203, 2.148179292678833, 0, 0, 2.439199447631836, 0, 0, 0, 0.4152984619140625, 1.0832128524780273, 0.5336623191833496, 0.6289379596710205, 0, 0, 0, 0, 0, 0, 0, 0, 0.9083919525146484, 0, 0, 0, 0, 0.6940507888793945, 0, 0, 0, 0, 0, 0, 0, 0, 0, 0, 0], "SAT-time": [0, 1.6314256191253662, 0.0006389617919921875, 0.0017099380493164062, 0.0007109642028808594, 0.0017971992492675781, 1.5087344646453857, 0.0018296241760253906, 0.0007386207580566406, 0.0018668174743652344, 11.125429153442383, 0.001961231231689453, 0.0007989406585693359, 0.0018842220306396484, 10.848381519317627, 0.0019373893737792969, 0.0008428096771240234, 9.316381692886353, 8.657117128372192, 10.814579963684082, 0.0020220279693603516, 0.0008485317230224609, 12.173320531845093, 0.0008993148803710938, 0.0020575523376464844, 0.0010225772857666016, 4.44972562789917, 7.708597421646118, 5.02309250831604, 6.025450229644775, 0.0022096633911132812, 0.0009834766387939453, 0.0022928714752197266, 0.000988006591796875, 0.0022716522216796875, 0.0009267330169677734, 0.0021822452545166016, 0.0010328292846679688, 7.721155881881714, 0.0009617805480957031, 0.0021715164184570312, 0.0009388923645019531, 0.0022313594818115234, 6.389317750930786, 0.002282381057739258, 0.0009295940399169922, 0.002228260040283203, 0.0009233951568603516, 0.002266407012939453, 0.0009748935699462891, 0.002187967300415039, 0.0008933544158935547, 0.0022339820861816406, 0.0008990764617919922, 0], "grow-time": [0, 47.77249813079834, 0, 0, 0, 0, 42.891836404800415, 0, 0, 0, 372.65496850013733, 0, 0, 0, 366.91466784477234, 0, 0, 330.14010190963745, 294.34043622016907, 395.09815287590027, 0, 0, 444.13288712501526, 0, 0, 0, 143.38718843460083, 279.9491147994995, 162.41413187980652, 203.50121760368347, 0, 0, 0, 0, 0, 0, 0, 0, 260.9498612880707, 0, 0, 0, 0, 235.11838960647583, 0, 0, 0, 0, 0, 0, 0, 0, 0, 0, 0], "#expl": 53, "expl_seq": [{"constraints": [18615], "derived": [-17030]}, {"constraints": [18613], "derived": [16931]}, {"constraints": [16931, 17077], "derived": [-16936, -16951, -16941, -16946]}, {"constraints": [16931, 17079], "derived": [-16928, -16927, -16930, -16929]}, {"constraints": [18620], "derived": [-17026]}, {"constraints": [17106, 16931, -17026], "derived": [-16956]}, {"constraints": [18616], "derived": [-16940]}, {"constraints": [18622], "derived": [-16953]}, {"constraints": [17105, 16931, -16953], "derived": [-17023]}, {"constraints": [18619, -16953], "derived": [-16978]}, {"constraints": [16931, 17102, -16978], "derived": [-17048]}, {"constraints": [-16940, 18620], "derived": [-17016]}, {"constraints": [-16941, 18620], "derived": [-17021]}, {"constraints": [17082, 18622, 17087], "derived": [-16980, -16977]}, {"constraints": [16931, -16980, 17102], "derived": [-17050]}, {"constraints": [16931, 17102, -16977], "derived": [-17047]}, {"constraints": [17090, 18620, 17079], "derived": [-16937]}, {"constraints": [18617, 17082, 17107], "derived": [-17066]}, {"constraints": [17080, 17093, 18616], "derived": [-17029, -17034]}, {"constraints": [-17021, 17094, -17016, -17034, 17111, -17029, -17026], "derived": [-17074]}, {"constraints": [17103, 17094, 18615], "derived": [-16985]}, {"constraints": [17105, 18618, 17078], "derived": [-17015]}, {"constraints": [18616, 17101, 17094], "derived": [-16989]}, {"constraints": [17082, 17107, 18621], "derived": [-17071]}, {"constraints": [17090, 17106, 18620], "derived": [-16966]}, {"constraints": [17080, 17093, 18616, -16937], "derived": [-17039]}, {"constraints": [18615, 17094, -17050, 17079], "derived": [-16935]}, {"constraints": [17094, 17101, -17039, -17034, -16936, -16935, -17029], "derived": [-16984]}, {"constraints": [18619, 18622, 17087], "derived": [-16983, -16998, -16988]}, {"constraints": [-16988, -16983, -16978, -16998, 17086], "derived": [16993]}, {"constraints": [16993, 17087], "derived": [-16992, -16996, -16995, -16994]}, {"constraints": [-16989, -16988, 18614], "derived": [-16963]}, {"constraints": [-16996, -16994, 18622], "derived": [-16968]}, {"constraints": [-16968, 16993, 17108], "derived": [-17058]}, {"constraints": [-16984, -16983, 18614], "derived": [-16958]}, {"constraints": [-16958, -16953, -16968, 17082, -16963], "derived": [16973]}, {"constraints": [17083, 16973], "derived": [-16976, -16975, -16974, -16972]}, {"constraints": [-16998, 16973, 18614], "derived": [16999]}, {"constraints": [16999, 17087], "derived": [-17000, -16997, -17001]}, {"constraints": [17085, 16999], "derived": [-16979]}, {"constraints": [17108, -16972, 16999], "derived": [-17054]}, {"constraints": [16999, -17034, 17103], "derived": [-16948]}, {"constraints": [17107, 16973, -17001], "derived": [-17061]}, {"constraints": [-17039, 16999, 17103], "derived": [-16949]}, {"constraints": [17104, -16948, 16973], "derived": [-17008]}, {"constraints": [16973, 17109, 16999], "derived": [17059]}, {"constraints": [17097, 17059], "derived": [-17064, -17069]}, {"constraints": [17059, 17099], "derived": [-17060, -17057]}, {"constraints": [17059, 17110, -17029], "derived": [-17003]}, {"constraints": [-17023, 17059, 17111], "derived": [-17049]}, {"constraints": [-17029, 16999, 17103], "derived": [-16947]}, {"constraints": [17104, -16949, 16973], "derived": [-17013]}, {"constraints": [-17023, 17090, -17013, -17008, -17003], "derived": [17018]}],