{"config": {"preseeding": true, "sat-polarity": true, "sat-polarity-initial": true, "postpone_opt": true, "postpone_opt_incr": false, "postpone_opt_greedy": true, "grow": true, "grow_sat": false, "grow_subset_maximal": false, "grow_maxsat": true, "maxsat_polarities": true, "grow_maxsat_full_pos": false, "grow_maxsat_full_inv": false, "grow_maxsat_full_unif": false, "grow_maxsat_initial_pos": false, "grow_maxsat_initial_inv": false, "grow_maxsat_initial_unif": false, "grow_maxsat_actual_pos": true, "grow_maxsat_actual_unif": false, "grow_maxsat_actual_inv": false, "timeout": 7200, "instance": "origin-problem", "output": "/data/brussel/101/vsc10143/OUSResults/experiment4/2021011308/20210113081929879756.json"}, "results": {"HS": [0, 3, 5, 2, 2, 1, 1, 2, 1, 1, 1, 2, 2, 1, 3, 4, 4, 3, 1], "HS_greedy": [0, 34, 35, 78, 476, 0, 0, 344, 0, 0, 0, 433, 300, 0, 414, 323, 388, 333, 140], "HS_incr": [0, 0, 0, 0, 0, 0, 0, 0, 0, 0, 0, 0, 0, 0, 0, 0, 0, 0, 0], "HS-opt-time": [0, 0.015818357467651367, 0.07737255096435547, 0.1071631908416748, 1.0843048095703125, 1.2011046409606934, 0.9694924354553223, 3.5594539642333984, 2.616020917892456, 2.79304575920105, 2.8212289810180664, 7.0214009284973145, 11.493004322052002, 5.7285380363464355, 60.61867594718933, 73.00326871871948, 62.115362882614136, 55.87783908843994, 9.188247442245483], "HS-postpone-time": [0, 0.0239105224609375, 0.025127649307250977, 0.10445070266723633, 3.655409812927246, 0, 0, 1.7665045261383057, 0, 0, 0, 2.835590124130249, 1.2968072891235352, 0, 2.499156951904297, 1.4619770050048828, 2.057727813720703, 1.5174403190612793, 0.2875337600708008], "SAT-time": [0.1941683292388916, 0.2938709259033203, 0.26555943489074707, 0.7078995704650879, 4.695901155471802, 0.002642393112182617, 0.0010945796966552734, 3.5300660133361816, 0.0010957717895507812, 0.002533435821533203, 0.0010995864868164062, 4.547251462936401, 3.0889339447021484, 0.0025186538696289062, 4.6020965576171875, 4.213436603546143, 3.74680233001709, 3.2458720207214355, 1.3623509407043457], "grow-time": [3.9176831245422363, 5.1169211864471436, 6.473321914672852, 26.426633596420288, 787.4161694049835, 0, 0, 241.26970839500427, 0, 0, 0, 856.050573348999, 186.53170442581177, 0, 1878.9674801826477, 650.9076457023621, 970.5640141963959, 1106.3730328083038, 86.81374478340149], "#expl": 17, "expl_seq": [{"constraints": [44005], "derived": [-42330, -42329]}, {"constraints": [44004], "derived": [-42419]}, {"constraints": [44009], "derived": [-42415]}, {"constraints": [44011], "derived": [-42342]}, {"constraints": [44002], "derived": [42320]}, {"constraints": [42320, 42468], "derived": [-42319, -42318, -42317, -42316]}, {"constraints": [42320, 42466], "derived": [-42335, -42325, -42340]}, {"constraints": [42320, -42342, 42494], "derived": [-42412]}, {"constraints": [42320, -42415, 42495], "derived": [-42345]}, {"constraints": [44008, -42342], "derived": [-42367]}, {"constraints": [42320, -42367, 42491], "derived": [-42437]}, {"constraints": [44009, -42330], "derived": [-42410]}, {"constraints": [44009, -42329], "derived": [-42405]}, {"constraints": [42483, 44004, 42492], "derived": [-42374]}, {"constraints": [44007, 42493, 42471], "derived": [-42404]}, {"constraints": [44009, 42479, 42495], "derived": [-42355]}, {"constraints": [44005, 42482, 42469], "derived": [-42423, -42418]}], "OUS-time": [0, 5.531322956085205, 6.92669677734375, 27.539774894714355, 798.0945024490356, 1.2046971321105957, 0.9715805053710938, 251.0147476196289, 2.6180641651153564, 2.796508550643921, 2.823305606842041, 871.5732374191284, 203.18869161605835, 5.732292175292969, 1947.7715511322021, 730.4686489105225, 1039.4638886451721, 1167.8525247573853, 0], "timeout": true}}