{"config": {"preseeding": true, "sat-polarity": true, "sat-polarity-initial": true, "postpone_opt": true, "postpone_opt_incr": false, "postpone_opt_greedy": true, "grow": true, "grow_sat": false, "grow_subset_maximal": false, "grow_maxsat": true, "maxsat_polarities": true, "grow_maxsat_full_pos": false, "grow_maxsat_full_inv": false, "grow_maxsat_full_unif": false, "grow_maxsat_initial_pos": true, "grow_maxsat_initial_inv": false, "grow_maxsat_initial_unif": false, "grow_maxsat_actual_pos": false, "grow_maxsat_actual_unif": false, "grow_maxsat_actual_inv": false, "timeout": 7200, "instance": "origin-problem", "output": "/data/brussel/101/vsc10143/OUSResults/experiment4/2021011308/20210113081929879724.json"}, "results": {"HS": [0, 13, 4, 3, 7, 2, 4, 2, 4, 4, 2, 2, 1, 1, 4, 7, 4, 1, 2, 4, 1, 2, 1, 1, 8, 3, 5, 3, 6, 7, 1, 1, 2, 1, 1, 2, 1, 6, 9, 74, 48, 32, 1, 1, 1, 12, 28, 1, 11, 1, 2, 1, 1, 1, 2, 9, 2, 1, 2, 1, 1, 31, 15, 1, 2, 1, 1, 2, 32, 4, 1, 1, 1, 1, 1, 4, 7, 1, 5, 4, 1, 2, 1, 1, 1, 27, 32], "HS_greedy": [0, 39, 41, 41, 45, 36, 39, 36, 37, 37, 428, 466, 0, 0, 393, 379, 391, 0, 320, 291, 0, 303, 0, 0, 268, 266, 242, 290, 257, 216, 0, 0, 188, 0, 0, 180, 0, 197, 207, 294, 252, 246, 0, 0, 0, 206, 232, 0, 182, 0, 167, 0, 0, 0, 152, 107, 99, 0, 169, 0, 0, 185, 168, 0, 142, 0, 0, 121, 152, 136, 0, 0, 0, 0, 0, 100, 76, 0, 90, 61, 0, 56, 0, 0, 0, 100, 89], "HS_incr": [0, 0, 0, 0, 0, 0, 0, 0, 0, 0, 0, 0, 0, 0, 0, 0, 0, 0, 0, 0, 0, 0, 0, 0, 0, 0, 0, 0, 0, 0, 0, 0, 0, 0, 0, 0, 0, 0, 0, 0, 0, 0, 0, 0, 0, 0, 0, 0, 0, 0, 0, 0, 0, 0, 0, 0, 0, 0, 0, 0, 0, 0, 0, 0, 0, 0, 0, 0, 0, 0, 0, 0, 0, 0, 0, 0, 0, 0, 0, 0, 0, 0, 0, 0, 0, 0, 0], "HS-opt-time": [0, 0.16602826118469238, 0.08891892433166504, 0.08497428894042969, 0.23413443565368652, 0.0918126106262207, 0.19568777084350586, 0.1490466594696045, 0.24981379508972168, 0.45366501808166504, 1.0777876377105713, 2.4769370555877686, 1.6907639503479004, 2.369507312774658, 24.319111108779907, 25.135168313980103, 29.505385398864746, 4.5399816036224365, 9.366686820983887, 52.01750946044922, 12.990412712097168, 26.802388429641724, 15.92423677444458, 15.25149917602539, 91.03228902816772, 45.36140584945679, 81.33805465698242, 51.31710958480835, 81.1142954826355, 168.46526765823364, 10.696949243545532, 10.193127632141113, 29.33770990371704, 17.831536769866943, 18.612340688705444, 37.89791297912598, 13.026116132736206, 84.15312027931213, 127.94367218017578, 769.882898569107, 537.7635354995728, 354.55063676834106, 11.382677793502808, 12.217186212539673, 11.948286533355713, 142.59672689437866, 320.37715220451355, 12.414907217025757, 142.564147233963, 12.869545936584473, 24.038215398788452, 12.458235263824463, 12.669503450393677, 12.66951060295105, 37.311766624450684, 99.15621876716614, 26.004740715026855, 12.272020101547241, 35.49116277694702, 11.313142538070679, 10.058567523956299, 273.99159240722656, 134.74535083770752, 9.723872900009155, 19.080408811569214, 10.20704960823059, 10.597913980484009, 26.302271604537964, 288.52096486091614, 39.02097296714783, 9.824363708496094, 9.474454164505005, 9.785796165466309, 9.91702675819397, 12.972977876663208, 17.565567016601562, 54.639145612716675, 8.615237951278687, 42.6807804107666, 32.93713903427124, 8.485552072525024, 16.802677869796753, 7.826457738876343, 7.361307382583618, 7.148832321166992, 190.2280535697937, 235.578519821167], "HS-postpone-time": [0, 0.030651569366455078, 0.03267526626586914, 0.03243851661682129, 0.03792262077331543, 0.02520442008972168, 0.028708219528198242, 0.024907588958740234, 0.02612924575805664, 0.02599787712097168, 2.672980785369873, 3.1742031574249268, 0, 0, 2.1590702533721924, 2.0037906169891357, 2.142428398132324, 0, 1.3819959163665771, 1.1188547611236572, 0, 1.2092971801757812, 0, 0, 0.948876142501831, 0.925011396408081, 0.7859477996826172, 1.0926434993743896, 0.8812437057495117, 0.6088640689849854, 0, 0, 0.46224117279052734, 0, 0, 0.41459083557128906, 0, 0.49784350395202637, 0.5372719764709473, 1.0350885391235352, 0.7738633155822754, 0.7277908325195312, 0, 0, 0, 0.5118143558502197, 0.6339137554168701, 0, 0.39681053161621094, 0, 0.33219432830810547, 0, 0, 0, 0.26607537269592285, 0.1390390396118164, 0.11684679985046387, 0, 0.3178224563598633, 0, 0, 0.3687281608581543, 0.302562952041626, 0, 0.21486520767211914, 0, 0, 0.1547245979309082, 0.23961925506591797, 0.18963336944580078, 0, 0, 0, 0, 0, 0.09903979301452637, 0.0609588623046875, 0, 0.07880473136901855, 0.03870701789855957, 0, 0.0338740348815918, 0, 0, 0, 0.09017109870910645, 0.07086539268493652], "SAT-time": [0.21023249626159668, 0.3950369358062744, 0.3592383861541748, 0.3757040500640869, 0.4256455898284912, 0.34905195236206055, 0.38048601150512695, 0.3535125255584717, 0.3750760555267334, 0.41562438011169434, 4.105978012084961, 4.2744200229644775, 0.0009598731994628906, 0.002222776412963867, 3.638733148574829, 3.4817323684692383, 3.5961713790893555, 0.002351999282836914, 2.9581565856933594, 2.6449952125549316, 0.000965118408203125, 2.7584304809570312, 0.001010894775390625, 0.0023403167724609375, 2.448477029800415, 2.4213883876800537, 2.2164933681488037, 2.6394498348236084, 2.3415069580078125, 1.977942943572998, 0.00103759765625, 0.0024433135986328125, 1.710925817489624, 0.002445697784423828, 0.001110076904296875, 1.6321444511413574, 0.0010356903076171875, 1.8073914051055908, 1.8770155906677246, 2.709638833999634, 2.2933149337768555, 2.2456071376800537, 0.0010979175567626953, 0.0024614334106445312, 0.0010881423950195312, 1.8588907718658447, 2.0719192028045654, 0.0024547576904296875, 1.649524450302124, 0.002498149871826172, 1.4732921123504639, 0.0025031566619873047, 0.0010831356048583984, 0.002568483352661133, 1.3639230728149414, 0.9677958488464355, 0.8910951614379883, 0.0024924278259277344, 1.5517632961273193, 0.0025796890258789062, 0.0010862350463867188, 1.6740577220916748, 1.4827311038970947, 0.0025815963745117188, 1.2762246131896973, 0.00261688232421875, 0.0011217594146728516, 1.0798423290252686, 1.3756365776062012, 1.2212409973144531, 0.0010695457458496094, 0.002569913864135742, 0.0010623931884765625, 0.0026361942291259766, 0.0010821819305419922, 0.908682107925415, 0.6718037128448486, 0.002729177474975586, 0.8180463314056396, 0.5476980209350586, 0.0010743141174316406, 0.5131688117980957, 0.0011200904846191406, 0.002690553665161133, 0.0011131763458251953, 0.9322681427001953, 0.8032245635986328], "grow-time": [3.5420689582824707, 5.4683122634887695, 5.736864328384399, 5.673374176025391, 6.299037933349609, 4.825860977172852, 5.2260308265686035, 4.808024883270264, 5.006075143814087, 5.739546537399292, 83.07966566085815, 89.78204154968262, 0, 0, 74.39313077926636, 71.88367223739624, 73.44615459442139, 0, 59.08320236206055, 50.966601848602295, 0, 58.989969968795776, 0, 0, 51.26559233665466, 50.36978101730347, 47.47201442718506, 55.102593183517456, 50.18230986595154, 38.92521262168884, 0, 0, 35.2301709651947, 0, 0, 33.574570178985596, 0, 36.51691746711731, 40.813483476638794, 57.04514718055725, 50.56444716453552, 52.69886636734009, 0, 0, 0, 39.257197856903076, 44.659791231155396, 0, 34.19582176208496, 0, 29.998070001602173, 0, 0, 0, 26.81271505355835, 17.791513204574585, 16.648649215698242, 0, 30.227904558181763, 0, 0, 32.26017475128174, 29.43453621864319, 0, 25.25526523590088, 0, 0, 21.325704336166382, 27.067208528518677, 24.941218852996826, 0, 0, 0, 0, 0, 16.913652658462524, 12.492459297180176, 0, 15.91353988647461, 9.726710081100464, 0, 9.461140632629395, 0, 0, 0, 18.150781631469727, 16.041922569274902], "#expl": 85, "expl_seq": [{"constraints": [35542], "derived": [-33867, -33866]}, {"constraints": [35539], "derived": [33857]}, {"constraints": [33857, 34005], "derived": [-33856, -33855, -33854, -33853]}, {"constraints": [33857, 34003], "derived": [-33872, -33862, -33877]}, {"constraints": [35548], "derived": [-33879]}, {"constraints": [33857, -33879, 34031], "derived": [-33949]}, {"constraints": [35546], "derived": [-33952]}, {"constraints": [34032, 33857, -33952],