{"config": {"preseeding": false, "sat-polarity": true, "sat-polarity-initial": true, "postpone_opt": false, "postpone_opt_incr": false, "postpone_opt_greedy": false, "grow": true, "grow_sat": false, "grow_subset_maximal": false, "grow_maxsat": true, "maxsat_polarities": true, "grow_maxsat_full_pos": false, "grow_maxsat_full_inv": false, "grow_maxsat_full_unif": false, "grow_maxsat_initial_pos": true, "grow_maxsat_initial_inv": false, "grow_maxsat_initial_unif": false, "grow_maxsat_actual_pos": false, "grow_maxsat_actual_unif": false, "grow_maxsat_actual_inv": false, "timeout": 7200, "instance": "origin-problem", "output": "/data/brussel/101/vsc10143/OUSResults/experiment4/2021011308/20210113081929877982.json"}, "results": {"HS": [0, 43, 2, 6, 5, 3, 5, 7, 1, 1, 9, 4, 5, 1, 56, 3, 10, 4, 3, 28, 11, 3, 7, 9, 28, 14, 13, 9, 7, 45, 5, 2, 2, 1, 8, 12, 6, 20, 6, 117, 83, 6, 17, 43, 22, 5, 1, 2, 1, 2, 1, 19, 1, 2, 1, 21, 3, 2, 1, 2, 1, 1, 1, 1, 1, 2, 5, 5, 7, 8, 2, 16, 2, 1, 34, 2, 1, 1, 15, 1, 31, 27, 14, 9, 2, 8, 2, 1, 1, 4, 1, 40, 111, 53, 3, 32, 4, 1, 1, 1, 12, 25, 4, 1, 1, 1, 1, 2, 1, 10, 5, 1, 34, 1, 8, 1, 1, 1, 1, 1, 3, 1, 1, 1], "HS_greedy": [0, 0, 0, 0, 0, 0, 0, 0, 0, 0, 0, 0, 0, 0, 0, 0, 0, 0, 0, 0, 0, 0, 0, 0, 0, 0, 0, 0, 0, 0, 0, 0, 0, 0, 0, 0, 0, 0, 0, 0, 0, 0, 0, 0, 0, 0, 0, 0, 0, 0, 0, 0, 0, 0, 0, 0, 0, 0, 0, 0, 0, 0, 0, 0, 0, 0, 0, 0, 0, 0, 0, 0, 0, 0, 0, 0, 0, 0, 0, 0, 0, 0, 0, 0, 0, 0, 0, 0, 0, 0, 0, 0, 0, 0, 0, 0, 0, 0, 0, 0, 0, 0, 0, 0, 0, 0, 0, 0, 0, 0, 0, 0, 0, 0, 0, 0, 0, 0, 0, 0, 0, 0, 0, 0], "HS_incr": [0, 0, 0, 0, 0, 0, 0, 0, 0, 0, 0, 0, 0, 0, 0, 0, 0, 0, 0, 0, 0, 0, 0, 0, 0, 0, 0, 0, 0, 0, 0, 0, 0, 0, 0, 0, 0, 0, 0, 0, 0, 0, 0, 0, 0, 0, 0, 0, 0, 0, 0, 0, 0, 0, 0, 0, 0, 0, 0, 0, 0, 0, 0, 0, 0, 0, 0, 0, 0, 0, 0, 0, 0, 0, 0, 0, 0, 0, 0, 0, 0, 0, 0, 0, 0, 0, 0, 0, 0, 0, 0, 0, 0, 0, 0, 0, 0, 0, 0, 0, 0, 0, 0, 0, 0, 0, 0, 0, 0, 0, 0, 0, 0, 0, 0, 0, 0, 0, 0, 0, 0, 0, 0, 0], "HS-opt-time": [0, 0.31552863121032715, 0.049585580825805664, 0.13233089447021484, 0.12620973587036133, 0.0923609733581543, 0.08990645408630371, 0.13164639472961426, 0.029365062713623047, 0.049803972244262695, 0.4269073009490967, 0.09225749969482422, 0.29241013526916504, 0.06638336181640625, 18.62954354286194, 2.627150774002075, 5.609582901000977, 0.28037452697753906, 0.21053171157836914, 14.818203210830688, 9.989881753921509, 3.5250425338745117, 1.2052233219146729, 8.252616167068481, 22.919591665267944, 13.776041030883789, 16.871190309524536, 15.627269506454468, 3.0722882747650146, 90.51087260246277, 1.1570978164672852, 0.3739161491394043, 0.7652847766876221, 0.5124855041503906, 2.2448689937591553, 2.8263721466064453, 1.998232126235962, 5.380385398864746, 3.540266990661621, 61.06008267402649, 53.24087452888489, 13.063444137573242, 17.343422889709473, 48.16051912307739, 25.84895348548889, 6.1755735874176025, 2.9878203868865967, 3.4150257110595703, 1.83583402633667, 2.749403476715088, 1.7684574127197266, 24.659870624542236, 2.2363572120666504, 2.8940651416778564, 1.783552646636963, 33.69630527496338, 4.052748918533325, 3.8973772525787354, 1.8616750240325928, 2.7483887672424316, 1.6800119876861572, 1.4722540378570557, 1.1477763652801514, 1.5727322101593018, 1.4857823848724365, 2.588290214538574, 7.899890422821045, 5.0281970500946045, 6.80522346496582, 12.99874496459961, 1.8052699565887451, 22.96017050743103, 2.381248712539673, 1.1540896892547607, 33.48598766326904, 2.1643810272216797, 1.0464622974395752, 1.0346570014953613, 14.32167387008667, 1.0250332355499268, 35.19773507118225, 30.173527717590332, 14.543168067932129, 12.474606275558472, 2.4344143867492676, 9.643000841140747, 2.4782724380493164, 1.2825016975402832, 1.2214093208312988, 4.694694519042969, 1.1275806427001953, 43.17786478996277, 137.86261558532715, 66.75766825675964, 4.4758219718933105, 38.04522514343262, 5.659665584564209, 1.3330762386322021, 1.33139967918396, 0.9931297302246094, 18.67758798599243, 28.033522844314575, 5.314333915710449, 1.1604361534118652, 1.1507313251495361, 1.514991283416748, 1.0772943496704102, 2.047386407852173, 1.0607564449310303, 10.554462671279907, 6.179728269577026, 1.3188233375549316, 44.62334847450256, 1.4861347675323486, 10.572298526763916, 1.6711852550506592, 1.2896606922149658, 1.6335198879241943, 1.2934215068817139, 1.0494675636291504, 3.894536256790161, 1.1817786693572998, 1.2363200187683105, 1.1818296909332275], "HS-postpone-time": [0, 0, 0, 0, 0, 0, 0, 0, 0, 0, 0, 0, 0, 0, 0, 0, 0, 0, 0, 0, 0, 0, 0, 0, 0, 0, 0, 0, 0, 0, 0, 0, 0, 0, 0, 0, 0, 0, 0, 0, 0, 0, 0, 0, 0, 0, 0, 0, 0, 0, 0, 0, 0, 0, 0, 0, 0, 0, 0, 0, 0, 0, 0, 0, 0, 0, 0, 0, 0, 0, 0, 0, 0, 0, 0, 0, 0, 0, 0, 0, 0, 0, 0, 0, 0, 0, 0, 0, 0, 0, 0, 0, 0, 0, 0, 0, 0, 0, 0, 0, 0, 0, 0, 0, 0, 0, 0, 0, 0, 0, 0, 0, 0, 0, 0, 0, 0, 0, 0, 0, 0, 0, 0, 0], "SAT-time": [0, 0.0788123607635498, 0.0020351409912109375, 0.011481523513793945, 0.008079051971435547, 0.005988121032714844, 0.007918596267700195, 0.013125181198120117, 0.0005266666412353516, 0.0014286041259765625, 0.015871763229370117, 0.007319927215576172, 0.008504629135131836, 0.0015077590942382812, 0.11124062538146973, 0.006067514419555664, 0.020010948181152344, 0.0084991455078125, 0.005209684371948242, 0.057289838790893555, 0.022815465927124023, 0.006211757659912109, 0.013651132583618164, 0.019753694534301758, 0.05916166305541992, 0.03187417984008789, 0.028391361236572266, 0.020375967025756836, 0.013796329498291016, 0.10490632057189941, 0.009743928909301758, 0.0038115978240966797, 0.0029458999633789062, 0.0015745162963867188, 0.017833948135375977, 0.025419950485229492, 0.012897014617919922, 0.044313907623291016, 0.012727737426757812, 0.25420475006103516, 0.19405746459960938, 0.01302957534790039, 0.03851652145385742, 0.09695720672607422, 0.047121524810791016, 0.011219978332519531, 0.0005848407745361328, 0.003956317901611328, 0.0006525516510009766, 0.003936052322387695, 0.000598907470703125, 0.04437565803527832, 0.0006456375122070312, 0.004025697708129883, 0.0006575584411621094, 0.05134248733520508, 0.00571441650390625, 0.004008293151855469, 0.0006275177001953125, 0.004090547561645508, 0.0006470680236816406, 0.0017948150634765625, 0.0006365776062011719, 0.001745462417602539, 0.0006656646728515625, 0.004078388214111328, 0.009800910949707031, 0.011509895324707031, 0.014359712600708008, 0.017881155014038086, 0.003032207489013672, 0.03687644004821777, 0.005631446838378906, 0.0017859935760498047, 0.07866239547729492, 0.0041959285736083984, 0.0006935596466064453, 0.001752614974975586, 0.03444671630859375, 0.0017914772033691406, 0.07410502433776855, 0.062216997146606445, 0.0307309627532959, 0.02082991600036621, 0.0029630661010742188, 0.018522024154663086, 0.0029489994049072266, 0.0018086433410644531, 0.0006499290466308594, 0.010074615478515625, 0.0006725788116455078, 0.09753918647766113, 0.2731037139892578, 0.133833646774292, 0.005405426025390625, 0.07644391059875488, 0.0075261592864990234, 0.0018231868743896484, 0.0006465911865234375, 0.0007038116455078125, 0.029118061065673828, 0.059067487716674805, 0.008950948715209961, 0.0007200241088867188, 0.001873016357421875, 0.0006804466247558594, 0.0019402503967285156, 0.0030841827392578125, 0.001901388168334961, 0.022867679595947266, 0.011336326599121094, 0.0006918907165527344, 0.08193588256835938, 0.0006928443908691406, 0.0181276798248291, 0.0006709098815917969, 0.0018744468688964844, 0.0006580352783203125, 0.0018768310546875, 0.0007131099700927734, 0.006823539733886719, 0.0007371902465820312, 0.0018963813781738281, 0.0007369518280029297],