{"config": {"preseeding": false, "sat-polarity": true, "sat-polarity-initial": false, "postpone_opt": false, "postpone_opt_incr": false, "postpone_opt_greedy": false, "grow": true, "grow_sat": false, "grow_subset_maximal": false, "grow_maxsat": true, "maxsat_polarities": true, "grow_maxsat_full_pos": false, "grow_maxsat_full_inv": false, "grow_maxsat_full_unif": false, "grow_maxsat_initial_pos": false, "grow_maxsat_initial_inv": false, "grow_maxsat_initial_unif": false, "grow_maxsat_actual_pos": true, "grow_maxsat_actual_unif": false, "grow_maxsat_actual_inv": false, "timeout": 7200, "instance": "p12", "output": "/data/brussel/101/vsc10143/OUSResults/experiment4/2021011308/20210113081930573239.json"}, "results": {"HS": [0, 46, 3, 3, 4, 9, 1, 5, 7, 2, 24, 26, 6, 9, 9, 11, 2, 3, 1, 1, 22, 1, 17, 4, 2, 7, 7, 41, 1, 4, 14, 42, 4, 2, 1, 1, 1, 2, 7, 1, 2, 1, 1, 39, 64, 3, 1, 1], "HS_greedy": [0, 0, 0, 0, 0, 0, 0, 0, 0, 0, 0, 0, 0, 0, 0, 0, 0, 0, 0, 0, 0, 0, 0, 0, 0, 0, 0, 0, 0, 0, 0, 0, 0, 0, 0, 0, 0, 0, 0, 0, 0, 0, 0, 0, 0, 0, 0, 0], "HS_incr": [0, 0, 0, 0, 0, 0, 0, 0, 0, 0, 0, 0, 0, 0, 0, 0, 0, 0, 0, 0, 0, 0, 0, 0, 0, 0, 0, 0, 0, 0, 0, 0, 0, 0, 0, 0, 0, 0, 0, 0, 0, 0, 0, 0, 0, 0, 0, 0], "HS-opt-time": [0, 0.3609192371368408, 0.22803306579589844, 0.25940394401550293, 0.09872913360595703, 0.36282896995544434, 0.06887197494506836, 0.16016125679016113, 0.23820948600769043, 0.08286380767822266, 4.022357225418091, 7.920116186141968, 0.4565398693084717, 3.859441041946411, 0.599360466003418, 1.4881467819213867, 0.21006202697753906, 0.6631186008453369, 0.1983938217163086, 0.16134238243103027, 9.282079458236694, 0.1915576457977295, 14.706241369247437, 3.4825384616851807, 0.27736711502075195, 5.035141468048096, 7.136566400527954, 16.42857003211975, 1.8513398170471191, 4.749697685241699, 13.743290185928345, 9.13434886932373, 0.8742895126342773, 0.513214111328125, 0.29023027420043945, 0.3011777400970459, 0.43342041969299316, 0.5191774368286133, 1.842982530593872, 0.30583620071411133, 0.5159204006195068, 0.3067326545715332, 0.30034804344177246, 34.68315887451172, 78.19397139549255, 2.241118907928467, 1.8687794208526611, 1.3784127235412598], "HS-postpone-time": [0, 0, 0, 0, 0, 0, 0, 0, 0, 0, 0, 0, 0, 0, 0, 0, 0, 0, 0, 0, 0, 0, 0, 0, 0, 0, 0, 0, 0, 0, 0, 0, 0, 0, 0, 0, 0, 0, 0, 0, 0, 0, 0, 0, 0, 0, 0, 0], "SAT-time": [0, 0.15811777114868164, 0.007474184036254883, 0.00914311408996582, 0.011101484298706055, 0.03153038024902344, 0.0007214546203613281, 0.016779661178588867, 0.022703886032104492, 0.005428314208984375, 0.08612465858459473, 0.09554910659790039, 0.019565105438232422, 0.030821561813354492, 0.02963995933532715, 0.037590980529785156, 0.004221677780151367, 0.008857488632202148, 0.0007593631744384766, 0.0019826889038085938, 0.07959103584289551, 0.0020487308502197266, 0.062253475189208984, 0.01301884651184082, 0.004216909408569336, 0.025004148483276367, 0.023968219757080078, 0.15853095054626465, 0.0008273124694824219, 0.013464927673339844, 0.051336050033569336, 0.16790270805358887, 0.012210607528686523, 0.0059604644775390625, 0.0008389949798583984, 0.0021381378173828125, 0.0007865428924560547, 0.006133079528808594, 0.02544879913330078, 0.002115488052368164, 0.004587888717651367, 0.002129793167114258, 0.0008654594421386719, 0.14975380897521973, 0.24782037734985352, 0.009998559951782227, 0.0008645057678222656, 0.00586700439453125], "grow-time": [0, 6.952165365219116, 1.932356357574463, 2.468087911605835, 1.989530086517334, 199.76746153831482, 0, 87.77420091629028, 7.050509929656982, 0.11984634399414062, 269.4214837551117, 2270.189915895462, 4.362270832061768, 32.78850984573364, 10.539709091186523, 26.92263698577881, 6.315655708312988, 0.20744705200195312, 0, 0, 257.3485760688782, 0, 763.2911434173584, 50.15610432624817, 0.15325164794921875, 14.739309072494507, 227.53960990905762, 240.5260727405548, 0, 7.38512396812439, 214.600599527359, 143.5321946144104, 2.1748695373535156, 78.22994089126587, 0, 0, 0, 0.31091976165771484, 80.67693066596985, 0, 0.34488892555236816, 0, 0, 1534.1040015220642, 383.05534172058105, 0.4283740520477295, 0, 6.628911733627319], "#expl": 46, "expl_seq": [{"constraints": [10808], "derived": [-9137]}, {"constraints": [10812], "derived": [-9133]}, {"constraints": [10805], "derived": [9151]}, {"constraints": [9275, 9151], "derived": [-9152, -9150, -9149, -9153]}, {"constraints": [9273, 9151], "derived": [-9166, -9156, -9146, -9161]}, {"constraints": [10810], "derived": [9192]}, {"constraints": [9192, 9277], "derived": [-9182, -9172, -9187, -9177]}, {"constraints": [9192, 9279], "derived": [-9191, -9190, -9189, -9193]}, {"constraints": [9300, -9177, 9151], "derived": [-9257]}, {"constraints": [9275, 10807], "derived": [-9158, -9157]}, {"constraints": [10811, 9269], "derived": [-9142, -9132]}, {"constraints": [9296, 9192, -9142], "derived": [-9237]}, {"constraints": [9273, 10811], "derived": [-9164, -9154]}, {"constraints": [9192, 9299, -9164], "derived": [-9247]}, {"constraints": [9276, -9158, -9157, -9156, -9154], "derived": [9155]}, {"constraints": [9273, 9155], "derived": [-9160, -9165, -9145]}, {"constraints": [9155, -9132, 9293], "derived": [-9210]}, {"constraints": [-9182, 9155, 9300], "derived": [-9252]}, {"constraints": [-9133, 9293, 9155], "derived": [-9215]}, {"constraints": [10811, 9277], "derived": [-9183]}, {"constraints": [-9183, 9155, 9300], "derived": [-9253]}, {"constraints": [10809, 9269, -9145], "derived": [-9120]}, {"constraints": [10809, -9165, 9269], "derived": [-9140]}, {"constraints": [9296, 9192, -9140], "derived": [-9227]}, {"constraints": [-9160, 10809, 9277], "derived": [-9186]}, {"constraints": [10809, 9277, -9145], "derived": [-9171]}, {"constraints": [9274, -9171, 9300, -9191, -9158, -9186, -9153], "derived": [-9266]}, {"constraints": [-9152, -9171, 9299, 9278, -9191, -9157, -9186], "derived": [-9261]}, {"constraints": [9278, -9149, -9171, 9299, -9164, -9154, -9186], "derived": [-9246]}, {"constraints": [9301, -9154, 10807], "derived": [9265]}, {"constraints": [9289, 9265], "derived": [-9255, -9245, -9260, -9250]}, {"constraints": [9265, 9291], "derived": [-9264, -9268, -9267]}, {"constraints": [-9255, 9301, 9151], "derived": [-9175]}, {"constraints": [9265, -9190, 9300], "derived": [-9168]}, {"constraints": [9265, -9158, 9299], "derived": [-9180]}, {"constraints": [-9247, 9290, -9267, -9257, -9252], "derived": [9262]}, {"constraints": [9291, 9262], "derived": [-9263, -9259]}, {"constraints": [-9227, 9262, 9303], "derived": [-9202]}, {"constraints": [-9172, 9262, 9300], "derived": [-9147]}, {"constraints": [9192, 9299, 9262], "derived": [9167]}, {"constraints": [9273, 9167], "derived": [-9162]}, {"constraints": [-9142, 9293, 9167], "derived": [-9212]}, {"constraints": [-9160, 10809, 9269], "derived": [-9135]}, {"constraints": [-9120, -9180, -9175, -9140, 9296, -9135, 9278], "derived": [-9225]}, {"constraints": [9265, 9303, -9225], "derived": [-9203]}, {"constraints": [-9120, -9149, -9140, 9293, -9135, 9274, -9154], "derived": [-9199]}], "OUS-time": [0, 7.549340009689331, 2.172149658203125, 2.740973711013794, 2.1053736209869385, 200.17634630203247, 0.07068014144897461, 87.9587881565094, 7.32232403755188, 0.21056103706359863, 273.5683717727661, 2278.2469029426575, 4.8473124504089355, 36.69200611114502, 11.182075023651123, 28.4646954536438, 6.532380819320679, 0.8832368850708008, 0.20026397705078125, 0.1643674373626709, 266.7436306476593, 0.19477438926696777, 778.0853269100189, 53.657246828079224, 0.43731021881103516, 19.80938982963562, 234.71061491966248, 257.1742272377014, 1.8536667823791504, 12.15415334701538, 228.41601991653442, 152.8997085094452, 3.066822052001953, 78.75135231018066, 0.2920875549316406, 0.3043797016143799, 0.43535280227661133, 0.8386807441711426, 82.55477690696716, 0.3089780807495117, 0.867609977722168, 0.30991339683532715, 0.3022270202636719, 1568.9916212558746, 461.58961391448975, 2.6842095851898193, 1.8708477020263672, 0], "timeout": true}}