{"config": {"preseeding": false, "sat-polarity": true, "sat-polarity-initial": false, "postpone_opt": true, "postpone_opt_incr": true, "postpone_opt_greedy": true, "grow": true, "grow_sat": false, "grow_subset_maximal": false, "grow_maxsat": true, "maxsat_polarities": true, "grow_maxsat_full_pos": false, "grow_maxsat_full_inv": false, "grow_maxsat_full_unif": false, "grow_maxsat_initial_pos": false, "grow_maxsat_initial_inv": false, "grow_maxsat_initial_unif": false, "grow_maxsat_actual_pos": false, "grow_maxsat_actual_unif": false, "grow_maxsat_actual_inv": true, "timeout": 7200, "instance": "p12", "output": "/data/brussel/101/vsc10143/OUSResults/experiment4/2021011308/20210113081930574295.json"}, "results": {"HS": [0, 2, 1, 3, 1, 1, 1, 1, 1, 1, 2, 1, 1, 2, 1, 1, 1, 1, 1, 1, 1, 1, 2, 1, 1, 1, 1, 1, 1], "HS_greedy": [0, 9, 0, 56, 0, 0, 0, 0, 0, 0, 68, 0, 0, 56, 0, 0, 0, 0, 0, 0, 0, 0, 36, 0, 0, 0, 0, 0, 33], "HS_incr": [0, 247, 0, 1553, 0, 0, 0, 0, 0, 0, 1529, 0, 0, 1203, 0, 0, 0, 0, 0, 0, 0, 0, 772, 0, 0, 0, 0, 0, 532], "HS-opt-time": [0, 0.23564767837524414, 0.2342543601989746, 25.575796365737915, 12.769384860992432, 14.747807025909424, 12.663561344146729, 12.511330604553223, 12.889336347579956, 13.829358339309692, 55.35889983177185, 69.88171744346619, 24.51616930961609, 93.78986430168152, 10.13067889213562, 11.838300466537476, 9.309305191040039, 7.969563722610474, 8.147380113601685, 10.127065658569336, 54.6623113155365, 9.790249586105347, 136.7292137145996, 7.632110595703125, 7.978518724441528, 7.456549882888794, 7.369237899780273, 7.427211284637451, 6.778164386749268], "HS-postpone-time": [0, 0.04794812202453613, 0, 1.5600409507751465, 0, 0, 0, 0, 0, 0, 1.876241683959961, 0, 0, 1.199563980102539, 0, 0, 0, 0, 0, 0, 0, 0, 0.40525245666503906, 0, 0, 0, 0, 0, 0.22393059730529785], "SAT-time": [0, 1.6592175960540771, 0.0009181499481201172, 10.794377326965332, 0.0009777545928955078, 0.002420186996459961, 0.0009887218475341797, 0.0025119781494140625, 0.001058340072631836, 0.0024886131286621094, 14.282213926315308, 0.0032351016998291016, 0.0013890266418457031, 12.765632629394531, 0.0013232231140136719, 0.0013499259948730469, 0.003345012664794922, 0.0014047622680664062, 0.0034151077270507812, 0.0013573169708251953, 0.0032002925872802734, 0.0013854503631591797, 8.161710262298584, 0.0014164447784423828, 0.003404855728149414, 0.0014595985412597656, 0.0034461021423339844, 0.0014197826385498047, 5.562851190567017], "grow-time": [0, 38.6926155090332, 0, 393.8494896888733, 0, 0, 0, 0, 0, 0, 1045.6078324317932, 0, 0, 1032.1592745780945, 0, 0, 0, 0, 0, 0, 0, 0, 1540.071249961853, 0, 0, 0, 0, 0, 2336.8695759773254], "#expl": 27, "expl_seq": [{"constraints": [29048], "derived": [-27369]}, {"constraints": [29046], "derived": [27428]}, {"constraints": [27513, 27428], "derived": [-27408, -27423, -27413, -27418]}, {"constraints": [27515, 27428], "derived": [-27429, -27427, -27426, -27425]}, {"constraints": [29041], "derived": [27387]}, {"constraints": [27387, 27511], "derived": [-27389, -27388, -27386, -27385]}, {"constraints": [27387, 27509], "derived": [-27392, -27382, -27397, -27402]}, {"constraints": [27536, -27413, 27387], "derived": [-27493]}, {"constraints": [29044], "derived": [-27373]}, {"constraints": [29043, 27511], "derived": [-27394, -27393]}, {"constraints": [27505, 29047], "derived": [-27368, -27378]}, {"constraints": [27532, 27428, -27378], "derived": [-27473]}, {"constraints": [27509, 29047], "derived": [-27400, -27390]}, {"constraints": [-27400, 27428, 27535], "derived": [-27483]}, {"constraints": [-27392, -27390, 27512, -27394, -27393], "derived": [27391]}, {"constraints": [27509, 27391], "derived": [-27381, -27396, -27401]}, {"constraints": [27529, 27391, -27369], "derived": [-27451]}, {"constraints": [27536, -27418, 27391], "derived": [-27488]}, {"constraints": [-27368, 27529, 27391], "derived": [-27446]}, {"constraints": [27513, 29047], "derived": [-27419]}, {"constraints": [27536, -27419, 27391], "derived": [-27489]}, {"constraints": [27537, -27390, 29043], "derived": [27501]}, {"constraints": [27501, 27527], "derived": [-27504, -27503, -27502, -27500]}, {"constraints": [27501, 27525], "derived": [-27496, -27486, -27491, -27481]}, {"constraints": [27537, -27486, 27391], "derived": [-27416]}, {"constraints": [27536, 27501, -27426], "derived": [-27404]}, {"constraints": [-27389, 27501, 27535], "derived": [-27411]}], "OUS-time": [0, 41.18346810340881, 0.2360999584197998, 435.3861303329468, 12.77147102355957, 14.751286745071411, 12.665910005569458, 12.514891147613525, 12.891470909118652, 13.832846403121948, 1121.1950371265411, 69.89087414741516, 24.52570915222168, 1143.4405031204224, 10.138318538665771, 11.840849876403809, 9.315101385116577, 7.972215175628662, 8.15196681022644, 10.129608631134033, 54.66869258880615, 9.808549880981445, 1687.4664509296417, 7.651024341583252, 7.983603239059448, 7.459810018539429, 7.374432563781738, 7.430018663406372, 0], "timeout": true}}