{"config": {"preseeding": true, "sat-polarity": true, "sat-polarity-initial": false, "postpone_opt": true, "postpone_opt_incr": false, "postpone_opt_greedy": true, "grow": true, "grow_sat": false, "grow_subset_maximal": false, "grow_maxsat": true, "maxsat_polarities": true, "grow_maxsat_full_pos": false, "grow_maxsat_full_inv": false, "grow_maxsat_full_unif": false, "grow_maxsat_initial_pos": false, "grow_maxsat_initial_inv": false, "grow_maxsat_initial_unif": false, "grow_maxsat_actual_pos": false, "grow_maxsat_actual_unif": false, "grow_maxsat_actual_inv": true, "timeout": 7200, "instance": "p12", "output": "/data/brussel/101/vsc10143/OUSResults/experiment4/2021011308/20210113081930574985.json"}, "results": {"HS": [0, 5, 1, 2, 2, 1, 1, 2, 2, 1, 1, 1, 2, 1, 1, 2, 1, 2, 1, 1, 1, 1, 3, 12, 5, 1, 2, 1, 1, 1, 2, 1, 1], "HS_greedy": [0, 33, 0, 288, 281, 0, 0, 340, 320, 0, 0, 0, 201, 0, 0, 337, 0, 343, 0, 0, 0, 0, 186, 308, 305, 0, 366, 0, 0, 0, 266, 0, 153], "HS_incr": [0, 0, 0, 0, 0, 0, 0, 0, 0, 0, 0, 0, 0, 0, 0, 0, 0, 0, 0, 0, 0, 0, 0, 0, 0, 0, 0, 0, 0, 0, 0, 0, 0], "HS-opt-time": [0, 0.031384944915771484, 0.007105588912963867, 0.9033432006835938, 1.277392864227295, 0.8062937259674072, 1.6213524341583252, 2.4097065925598145, 9.075917720794678, 7.59792685508728, 11.975863933563232, 7.576466083526611, 31.376466751098633, 16.325824975967407, 20.25766634941101, 20.180679321289062, 11.573015451431274, 23.759501695632935, 12.924970626831055, 12.643444299697876, 12.87474274635315, 12.720880270004272, 65.09083223342896, 312.69908332824707, 72.68571734428406, 23.619252681732178, 19.72326421737671, 11.053434133529663, 10.960110187530518, 10.735003471374512, 21.1034197807312, 11.250184297561646, 10.879128217697144], "HS-postpone-time": [0, 0.02369856834411621, 0, 1.3765900135040283, 1.303022861480713, 0, 0, 1.8035094738006592, 1.5717198848724365, 0, 0, 0, 0.6034321784973145, 0, 0, 1.577260971069336, 0, 1.6184821128845215, 0, 0, 0, 0, 0.47049641609191895, 1.209888219833374, 1.2048699855804443, 0, 1.7160415649414062, 0, 0, 0, 0.840226411819458, 0, 0.28314709663391113], "SAT-time": [0.18482136726379395, 0.2211136817932129, 0.0009286403656005859, 2.065927743911743, 1.9980683326721191, 0.0009989738464355469, 0.0010266304016113281, 2.4233007431030273, 2.3141086101531982, 0.001046895980834961, 0.0024700164794921875, 0.0010662078857421875, 1.479048252105713, 0.0010251998901367188, 0.001026153564453125, 2.511174201965332, 0.001046895980834961, 2.552994728088379, 0.0026259422302246094, 0.0010752677917480469, 0.0011165142059326172, 0.0025022029876708984, 1.364849328994751, 2.3226583003997803, 2.3116660118103027, 0.0013380050659179688, 2.798570394515991, 0.001107931137084961, 0.0026903152465820312, 0.0010671615600585938, 1.9533138275146484, 0.0011413097381591797, 1.1082484722137451], "grow-time": [3.572417974472046, 4.163721084594727, 0, 64.85725259780884, 115.5054874420166, 0, 0, 263.29536414146423, 691.67942237854, 0, 0, 0, 145.25049018859863, 0, 0, 313.81822633743286, 0, 207.64351058006287, 0, 0, 0, 0, 85.82552862167358, 505.67956733703613, 264.3533191680908, 0, 1387.2285265922546, 0, 0, 0, 2001.268699645996, 0, 263.7704975605011], "#expl": 31, "expl_seq": [{"constraints": [29044], "derived": [-27373]}, {"constraints": [29048], "derived": [-27369]}, {"constraints": [29041], "derived": [27387]}, {"constraints": [27387, 27509], "derived": [-27392, -27382, -27397, -27402]}, {"constraints": [27387, 27511], "derived": [-27389, -27388, -27386, -27385]}, {"constraints": [29046], "derived": [27428]}, {"constraints": [27515, 27428], "derived": [-27429, -27427, -27426, -27425]}, {"constraints": [27513, 27428], "derived": [-27408, -27423, -27413, -27418]}, {"constraints": [27536, -27413, 27387], "derived": [-27493]}, {"constraints": [27505, 29047], "derived": [-27368, -27378]}, {"constraints": [27532, 27428, -27378], "derived": [-27473]}, {"constraints": [29043, 27511], "derived": [-27394, -27393]}, {"constraints": [27513, 29047], "derived": [-27419]}, {"constraints": [27509, 29047], "derived": [-27400, -27390]}, {"constraints": [-27400, 27428, 27535], "derived": [-27483]}, {"constraints": [-27392, -27390, 27512, -27394, -27393], "derived": [27391]}, {"constraints": [27509, 27391], "derived": [-27381, -27396, -27401]}, {"constraints": [-27368, 27529, 27391], "derived": [-27446]}, {"constraints": [27536, -27419, 27391], "derived": [-27489]}, {"constraints": [27536, -27418, 27391], "derived": [-27488]}, {"constraints": [27529, 27391, -27369], "derived": [-27451]}, {"constraints": [27505, -27381, 29045], "derived": [-27356]}, {"constraints": [27505, -27396, 29045], "derived": [-27371]}, {"constraints": [-27390, -27356, -27385, 27530, 27506, -27371, -27400], "derived": [-27435]}, {"constraints": [27537, -27390, 29043], "derived": [27501]}, {"constraints": [27501, 27525], "derived": [-27496, -27486, -27491, -27481]}, {"constraints": [27501, 27527], "derived": [-27504, -27503, -27502, -27500]}, {"constraints": [-27503, 27537, 27428], "derived": [-27404]}, {"constraints": [-27389, 27501, 27535], "derived": [-27411]}, {"constraints": [27537, -27486, 27391], "derived": [-27416]}, {"constraints": [-27488, -27483, 27526, -27503, -27493], "derived": [27498]}], "OUS-time": [0, 4.511269569396973, 0.008956670761108398, 69.85653448104858, 120.72113275527954, 0.8082749843597412, 1.6233508586883545, 270.6910283565521, 705.3509931564331, 7.599981069564819, 11.979296445846558, 7.57971453666687, 179.14598631858826, 16.330229997634888, 20.261353969573975, 338.8190379142761, 11.575116395950317, 236.31407618522644, 12.928648948669434, 12.64564824104309, 12.876894235610962, 12.724418878555298, 153.14314365386963, 822.573301076889, 341.2011570930481, 23.623527765274048, 1412.241958618164, 11.05560302734375, 10.963983297348022, 10.737255334854126, 2025.7114837169647, 11.252489805221558, 0], "timeout": true}}