{"config": {"preseeding": true, "sat-polarity": true, "sat-polarity-initial": false, "postpone_opt": true, "postpone_opt_incr": true, "postpone_opt_greedy": true, "grow": true, "grow_sat": false, "grow_subset_maximal": false, "grow_maxsat": true, "maxsat_polarities": true, "grow_maxsat_full_pos": false, "grow_maxsat_full_inv": false, "grow_maxsat_full_unif": false, "grow_maxsat_initial_pos": false, "grow_maxsat_initial_inv": false, "grow_maxsat_initial_unif": false, "grow_maxsat_actual_pos": false, "grow_maxsat_actual_unif": false, "grow_maxsat_actual_inv": true, "timeout": 7200, "instance": "p12", "output": "/data/brussel/101/vsc10143/OUSResults/experiment4/2021011308/20210113081930575738.json"}, "results": {"HS": [0, 2, 1, 1, 1, 1, 1, 2, 1, 1, 3, 1, 1, 1, 1, 1, 1, 1, 1, 1, 1, 1, 2, 1, 1, 1, 1, 1, 1, 1, 1, 1, 1, 2, 1, 1, 1, 1, 1, 1, 2, 1, 2, 1], "HS_greedy": [0, 27, 0, 0, 0, 0, 0, 30, 0, 0, 65, 0, 0, 0, 0, 0, 0, 0, 0, 0, 0, 0, 69, 0, 0, 0, 0, 0, 0, 0, 0, 0, 0, 102, 0, 0, 0, 0, 0, 0, 51, 0, 55, 11], "HS_incr": [0, 925, 0, 0, 0, 0, 0, 876, 0, 0, 1648, 0, 0, 0, 0, 0, 0, 0, 0, 0, 0, 0, 1428, 0, 0, 0, 0, 0, 0, 0, 0, 0, 0, 1732, 0, 0, 0, 0, 0, 0, 862, 0, 930, 133], "HS-opt-time": [0, 6.004607915878296, 4.195048809051514, 4.053247928619385, 5.93202805519104, 6.013193368911743, 6.440410852432251, 12.606669425964355, 9.306653022766113, 9.14183259010315, 89.96156597137451, 17.685389280319214, 27.675068855285645, 30.930725574493408, 21.466691255569458, 32.7712037563324, 18.175079822540283, 18.492116689682007, 17.87720561027527, 17.951626300811768, 17.783937692642212, 17.092185735702515, 90.07419943809509, 37.1608510017395, 30.272663354873657, 5.598749160766602, 35.67574095726013, 6.622056722640991, 7.67030143737793, 8.443009614944458, 6.776298522949219, 6.3188745975494385, 7.198226690292358, 12.063380479812622, 11.938782215118408, 7.352189064025879, 12.578898429870605, 6.280186891555786, 6.530429840087891, 53.197768211364746, 73.75188374519348, 54.66942644119263, 105.08701062202454, 33.75699496269226], "HS-postpone-time": [0, 0.4464449882507324, 0, 0, 0, 0, 0, 0.4542500972747803, 0, 0, 1.7681782245635986, 0, 0, 0, 0, 0, 0, 0, 0, 0, 0, 0, 1.3482918739318848, 0, 0, 0, 0, 0, 0, 0, 0, 0, 0, 2.173198938369751, 0, 0, 0, 0, 0, 0, 0.5032570362091064, 0, 0.559058666229248, 0.022213220596313477], "SAT-time": [0.2292940616607666, 10.988356828689575, 0.0012688636779785156, 0.0012962818145751953, 0.0029790401458740234, 0.001341104507446289, 0.0013132095336914062, 9.967085599899292, 0.0013070106506347656, 0.0030786991119384766, 19.263564586639404, 0.003363370895385742, 0.0014190673828125, 0.0031845569610595703, 0.0014743804931640625, 0.003309011459350586, 0.0013976097106933594, 0.00323486328125, 0.001535177230834961, 0.003199338912963867, 0.0014777183532714844, 0.003237485885620117, 16.74323582649231, 0.003289937973022461, 0.0014443397521972656, 0.0034127235412597656, 0.002312183380126953, 0.0034384727478027344, 0.0014722347259521484, 0.0033864974975585938, 0.0014908313751220703, 0.0032761096954345703, 0.0014495849609375, 20.104644060134888, 0.001461029052734375, 0.0015149116516113281, 0.0031816959381103516, 0.0015342235565185547, 0.0015299320220947266, 0.003239870071411133, 9.56017804145813, 0.0014142990112304688, 10.325268507003784, 1.4325673580169678], "grow-time": [3.943560838699341, 201.6000018119812, 0, 0, 0, 0, 0, 275.21566462516785, 0, 0, 842.8026440143585, 0, 0, 0, 0, 0, 0, 0, 0, 0, 0, 0, 1313.1037237644196, 0, 0, 0, 0, 0, 0, 0, 0, 0, 0, 2233.099147796631, 0, 0, 0, 0, 0, 0, 428.2173490524292, 0, 635.6979084014893, 52.36559009552002], "#expl": 42, "expl_seq": [{"constraints": [47282], "derived": [45664]}, {"constraints": [45664, 45749], "derived": [-45654, -45644, -45659, -45649]}, {"constraints": [45664, 45751], "derived": [-45663, -45662, -45661, -45665]}, {"constraints": [47280], "derived": [-45609]}, {"constraints": [47284], "derived": [-45605]}, {"constraints": [47277], "derived": [45623]}, {"constraints": [45745, 45623], "derived": [-45638, -45628, -45618, -45633]}, {"constraints": [45747, 45623], "derived": [-45624, -45622, -45621, -45625]}, {"constraints": [45664, -45638, 45771], "derived": [-45729]}, {"constraints": [47283, 45741], "derived": [-45614, -45604]}, {"constraints": [45664, -45614, 45768], "derived": [-45709]}, {"constraints": [47283, 45749], "derived": [-45655]}, {"constraints": [45745, 47283], "derived": [-45636, -45626]}, {"constraints": [45664, 45771, -45636], "derived": [-45719]}, {"constraints": [-45626, 47279], "derived": [45627]}, {"constraints": [45745, 45627], "derived": [-45632, -45637, -45617]}, {"constraints": [45627, 45747], "derived": [-45630, -45629]}, {"constraints": [45627, -45604, 45765], "derived": [-45682]}, {"constraints": [-45654, 45627, 45772], "derived": [-45724]}, {"constraints": [45627, 45765, -45605], "derived": [-45687]}, {"constraints": [-45655, 45627, 45772], "derived": [-45725]}, {"constraints": [47281, 45749, -45617], "derived": [-45643]}, {"constraints": [47281, 45741, -45617], "derived": [-45592]}, {"constraints": [47281, -45637, 45741], "derived": [-45612]}, {"constraints": [45664, -45612, 45768], "derived": [-45699]}, {"constraints": [45773, -45626, 47279], "derived": [45737]}, {"constraints": [45737, 45761], "derived": [-45727, -45717, -45732, -45722]}, {"constraints": [45737, 45763], "derived": [-45736, -45740, -45739, -45738]}, {"constraints": [45627, 45773, -45722], "derived": [-45652]}, {"constraints": [45737, -45662, 45772], "derived": [-45640]}, {"constraints": [45737, 45771, -45625], "derived": [-45647]}, {"constraints": [45762, -45724, -45719, -45739, -45729], "derived": [45734]}, {"constraints": [45763, 45734], "derived": [-45735, -45733, -45731]}, {"constraints": [45772, -45644, 45734], "derived": [-45619]}, {"constraints": [45664, 45771, 45734], "derived": [45639]}, {"constraints": [45745, 45639], "derived": [-45634]}, {"constraints": [-45614, 45765, 45639], "derived": [-45684]}, {"constraints": [-45612, 45765, 45639], "derived": [-45674]}, {"constraints": [-45632, 47281, 45749], "derived": [-45658]}, {"constraints": [-45663, -45626, -45658, -45621, 45771, -45643, 45750], "derived": [-45718]}, {"constraints": [-45632, 47281, 45741], "derived": [-45607]}, {"constraints": [45766, -45626, -45592, -45621, 45742, -45612, -45607], "derived": [-45671]}], "OUS-time": [0, 221.74958062171936, 4.197619676589966, 4.055561065673828, 5.936045408248901, 6.015816926956177, 6.442985773086548, 300.73782324790955, 9.309131860733032, 9.146109104156494, 958.5159759521484, 17.69611954689026, 27.677558422088623, 30.93989610671997, 21.474433183670044, 32.77767848968506, 18.182576656341553, 18.496767044067383, 17.88031506538391, 17.95588207244873, 17.78641963005066, 17.096789121627808, 1425.0290305614471, 37.17386817932129, 30.28295660018921, 5.608138799667358, 35.67966175079346, 6.632610559463501, 7.673404693603516, 8.448272466659546, 6.779122829437256, 6.323307275772095, 7.201240539550781, 2271.9058282375336, 11.941391229629517, 7.356388568878174, 12.583298683166504, 6.285353899002075, 6.533066272735596, 53.20209002494812, 514.1331374645233, 54.67889595031738, 753.9159808158875, 0], "timeout": true}}