{"config": {"preseeding": false, "sat-polarity": true, "sat-polarity-initial": false, "postpone_opt": true, "postpone_opt_incr": true, "postpone_opt_greedy": false, "grow": true, "grow_sat": false, "grow_subset_maximal": false, "grow_maxsat": true, "maxsat_polarities": true, "grow_maxsat_full_pos": false, "grow_maxsat_full_inv": false, "grow_maxsat_full_unif": false, "grow_maxsat_initial_pos": false, "grow_maxsat_initial_inv": true, "grow_maxsat_initial_unif": false, "grow_maxsat_actual_pos": false, "grow_maxsat_actual_unif": false, "grow_maxsat_actual_inv": false, "timeout": 7200, "instance": "p12", "output": "/data/brussel/101/vsc10143/OUSResults/experiment4/2021011308/20210113081930574023.json"}, "results": {"HS": [0, 12, 2, 3, 3, 1, 2, 1, 4, 1, 8, 3, 2, 4, 1, 1, 3, 15, 1, 1, 7, 2, 5, 8, 1, 3, 7, 10, 1, 1, 2, 10, 2, 1, 1, 3, 3, 1, 1, 1, 1, 1, 3, 1, 1, 1, 1, 91, 4, 9, 1, 3, 28, 1, 28, 1, 1, 1, 1, 1, 1, 1, 1, 2, 1, 1, 1, 1, 1, 1, 1, 2, 1, 2, 1, 1, 1, 1, 1, 2, 4, 4, 1, 5, 2, 1, 2, 1, 1, 1, 1, 2, 1, 1, 1, 1, 1, 1, 1, 1, 1, 2, 1, 1, 1, 3, 1, 1, 1, 3, 2, 1, 1, 3, 1, 1, 2, 1, 1, 1], "HS_greedy": [0, 0, 0, 0, 0, 0, 0, 0, 0, 0, 0, 0, 0, 0, 0, 0, 0, 0, 0, 0, 0, 0, 0, 0, 0, 0, 0, 0, 0, 0, 0, 0, 0, 0, 0, 0, 0, 0, 0, 0, 0, 0, 0, 0, 0, 0, 0, 0, 0, 0, 0, 0, 0, 0, 0, 0, 0, 0, 0, 0, 0, 0, 0, 0, 0, 0, 0, 0, 0, 0, 0, 0, 0, 0, 0, 0, 0, 0, 0, 0, 0, 0, 0, 0, 0, 0, 0, 0, 0, 0, 0, 0, 0, 0, 0, 0, 0, 0, 0, 0, 0, 0, 0, 0, 0, 0, 0, 0, 0, 0, 0, 0, 0, 0, 0, 0, 0, 0, 0, 0], "HS_incr": [0, 204, 15, 46, 39, 0, 26, 0, 47, 0, 129, 29, 8, 66, 0, 0, 45, 185, 0, 0, 101, 15, 72, 112, 0, 36, 61, 116, 0, 0, 15, 146, 15, 0, 0, 35, 25, 0, 0, 0, 0, 0, 28, 0, 0, 0, 0, 1150, 48, 103, 0, 24, 254, 0, 218, 0, 0, 0, 0, 0, 0, 0, 0, 19, 0, 0, 0, 0, 0, 0, 0, 7, 0, 21, 0, 0, 0, 0, 0, 6, 22, 56, 0, 74, 14, 0, 4, 0, 0, 0, 0, 8, 0, 0, 0, 0, 0, 0, 0, 0, 0, 5, 0, 0, 0, 12, 0, 0, 0, 19, 10, 0, 0, 34, 0, 0, 2, 0, 0, 0], "HS-opt-time": [0, 0.8460137844085693, 0.23407292366027832, 0.5845968723297119, 1.2210988998413086, 0.41049981117248535, 1.0039088726043701, 0.28128981590270996, 1.5691478252410889, 0.6544253826141357, 10.622382879257202, 3.5023903846740723, 3.2025864124298096, 3.3014724254608154, 1.0032453536987305, 0.9932587146759033, 3.382697582244873, 53.63281440734863, 2.8072986602783203, 2.829948663711548, 44.06797814369202, 5.702733993530273, 31.992464780807495, 50.15725803375244, 2.8745172023773193, 27.00391149520874, 36.56944942474365, 79.21351647377014, 12.92187237739563, 13.479875802993774, 19.810304164886475, 108.1006166934967, 29.423250913619995, 20.698662996292114, 17.004745960235596, 11.613507270812988, 12.361174583435059, 4.366114139556885, 4.24802303314209, 4.876452207565308, 4.780552387237549, 6.115582466125488, 13.929352283477783, 4.853649139404297, 4.046914577484131, 4.7316625118255615, 4.7094738483428955, 1380.4818334579468, 74.46700096130371, 100.96618676185608, 8.814569234848022, 53.990840673446655, 643.4579277038574, 6.769036531448364, 700.3920743465424, 7.482879161834717, 7.054105520248413, 7.023037672042847, 8.88769006729126, 7.058799505233765, 6.568383455276489, 8.422106742858887, 7.365663290023804, 15.170039892196655, 7.820817470550537, 7.5071961879730225, 7.7922587394714355, 8.089651823043823, 7.783465147018433, 6.846984148025513, 7.523606777191162, 19.60680317878723, 6.380346059799194, 13.417273998260498, 7.063401937484741, 7.408884763717651, 7.5751953125, 9.306261539459229, 7.2010602951049805, 13.64956784248352, 14.132729053497314, 8.667569637298584, 2.0995664596557617, 11.313108682632446, 5.483179330825806, 3.0538370609283447, 5.525897026062012, 4.033571004867554, 3.185239791870117, 8.695942640304565, 3.123063564300537, 5.35977578163147, 2.880571126937866, 3.403721332550049, 2.6757149696350098, 4.69556736946106, 2.52856707572937, 2.4145116806030273, 2.5506997108459473, 2.558725595474243, 1.500622272491455, 2.9014155864715576, 1.4399924278259277, 1.479468822479248, 1.41859769821167, 5.381208658218384, 2.72588849067688, 1.80195951461792, 2.64274263381958, 5.593437910079956, 4.305555582046509, 1.7656230926513672, 2.797795295715332, 6.099239110946655, 2.639178514480591, 1.6988742351531982, 5.1443932056427, 1.6790776252746582, 1.641803503036499, 1.4076461791992188], "HS-postpone-time": [0, 0.010691642761230469, 0.0008327960968017578, 0.0025620460510253906, 0.0022521018981933594, 0, 0.0013630390167236328, 0, 0.0023708343505859375, 0, 0.0071065425872802734, 0.0015478134155273438, 0.0004420280456542969, 0.0035660266876220703, 0, 0, 0.0025529861450195312, 0.009987592697143555, 0, 0, 0.005361795425415039, 0.0007483959197998047, 0.0039882659912109375, 0.006613969802856445, 0, 0.0020914077758789062, 0.0033538341522216797, 0.006230831146240234, 0, 0, 0.0008392333984375, 0.008383989334106445, 0.0006992816925048828, 0, 0, 0.0016665458679199219, 0.0011756420135498047, 0, 0, 0, 0, 0, 0.0013506412506103516, 0, 0, 0, 0, 0.061899423599243164, 0.002775907516479492, 0.005423069000244141, 0, 0.00118255615234375, 0.013366222381591797, 0, 0.011751651763916016, 0, 0, 0, 0, 0, 0, 0, 0, 0.0009999275207519531, 0, 0, 0, 0, 0, 0, 0, 0.0003371238708496094, 0, 0.0010116100311279297, 0, 0, 0, 0, 0, 0.00029468536376953125, 0.0009920597076416016, 0.002679109573364258, 0, 0.003448486328125, 0.0005929470062255859, 0, 0.00015592575073242188, 0, 0, 0, 0, 0.0002884864807128906, 0, 0, 0, 0, 0, 0, 0, 0, 0, 0.0001881122589111328, 0, 0, 0, 0.0004546642303466797, 0, 0, 0, 0.0006926059722900391, 0.0003788471221923828, 0, 0, 0.0015480518341064453, 0, 0, 8.654594421386719e-05, 0, 0, 0],