{"config": {"preseeding": true, "sat-polarity": true, "sat-polarity-initial": true, "postpone_opt": true, "postpone_opt_incr": true, "postpone_opt_greedy": false, "grow": true, "grow_sat": false, "grow_subset_maximal": false, "grow_maxsat": true, "maxsat_polarities": true, "grow_maxsat_full_pos": false, "grow_maxsat_full_inv": false, "grow_maxsat_full_unif": false, "grow_maxsat_initial_pos": false, "grow_maxsat_initial_inv": false, "grow_maxsat_initial_unif": false, "grow_maxsat_actual_pos": false, "grow_maxsat_actual_unif": false, "grow_maxsat_actual_inv": true, "timeout": 7200, "instance": "p12", "output": "/data/brussel/101/vsc10143/OUSResults/experiment4/2021011308/20210113081930575618.json"}, "results": {"HS": [0, 5, 2, 1, 4, 1, 1, 2, 3, 2, 14, 2, 3, 6, 2, 1, 2, 2, 1, 1, 1, 2, 13, 2, 2, 1, 3, 1, 4, 3, 3, 2, 1, 1, 7, 1, 2, 2, 1, 5, 2, 1, 7, 2, 3, 29, 5, 5, 1, 1, 15, 1, 11, 1, 2, 1, 1, 1, 1, 3, 2, 4, 2, 1, 2, 1, 2, 2, 1, 2, 1, 1, 1, 1, 2, 1, 1, 1, 1, 2, 2, 1, 7, 1, 1, 1, 1, 4, 1, 2, 1, 3, 1, 1, 1, 4, 4, 1, 1, 1, 1, 1, 1, 1, 1, 4, 1, 3, 1, 2, 2, 1, 1, 2, 1, 1, 1, 1, 2], "HS_greedy": [0, 0, 0, 0, 0, 0, 0, 0, 0, 0, 0, 0, 0, 0, 0, 0, 0, 0, 0, 0, 0, 0, 0, 0, 0, 0, 0, 0, 0, 0, 0, 0, 0, 0, 0, 0, 0, 0, 0, 0, 0, 0, 0, 0, 0, 0, 0, 0, 0, 0, 0, 0, 0, 0, 0, 0, 0, 0, 0, 0, 0, 0, 0, 0, 0, 0, 0, 0, 0, 0, 0, 0, 0, 0, 0, 0, 0, 0, 0, 0, 0, 0, 0, 0, 0, 0, 0, 0, 0, 0, 0, 0, 0, 0, 0, 0, 0, 0, 0, 0, 0, 0, 0, 0, 0, 0, 0, 0, 0, 0, 0, 0, 0, 0, 0, 0, 0, 0, 0], "HS_incr": [0, 76, 24, 0, 60, 0, 0, 14, 41, 6, 210, 11, 36, 68, 23, 0, 19, 14, 0, 0, 0, 10, 147, 10, 2, 0, 21, 0, 33, 6, 8, 4, 0, 0, 67, 0, 5, 16, 0, 36, 11, 0, 64, 3, 27, 255, 38, 24, 0, 0, 82, 0, 51, 0, 4, 0, 0, 0, 0, 19, 6, 18, 6, 0, 3, 0, 2, 3, 0, 3, 0, 0, 0, 0, 3, 0, 0, 0, 0, 4, 4, 0, 28, 0, 0, 0, 0, 9, 0, 4, 0, 6, 0, 0, 0, 18, 7, 0, 0, 0, 0, 0, 0, 0, 0, 15, 0, 8, 0, 3, 1, 0, 0, 4, 0, 0, 0, 0, 5], "HS-opt-time": [0, 0.23403024673461914, 0.2899587154388428, 0.19778108596801758, 0.5557296276092529, 0.16716790199279785, 0.24342775344848633, 0.3414928913116455, 0.560265302658081, 0.6423041820526123, 26.101277351379395, 5.091832399368286, 3.3771371841430664, 21.273772954940796, 12.959952116012573, 1.813082218170166, 4.391812801361084, 3.7337892055511475, 1.9249727725982666, 1.7731282711029053, 1.9372706413269043, 4.242014646530151, 66.89099025726318, 6.128795623779297, 6.263288736343384, 3.2746424674987793, 10.45673418045044, 3.328490734100342, 15.695991277694702, 10.215154647827148, 11.464391946792603, 7.504677057266235, 3.8096628189086914, 3.5699868202209473, 57.769678354263306, 4.124959468841553, 8.696537017822266, 14.72375202178955, 7.929010391235352, 34.703638315200806, 16.377490282058716, 8.59686803817749, 55.48271107673645, 12.173843622207642, 33.593573331832886, 333.9681010246277, 63.092790603637695, 56.05031967163086, 16.469577074050903, 7.646798610687256, 169.7567880153656, 7.302664041519165, 118.26646018028259, 5.607693910598755, 10.76050615310669, 5.47104024887085, 5.630529165267944, 5.649377107620239, 5.509486436843872, 18.662968397140503, 8.799602508544922, 19.724100351333618, 9.317893981933594, 5.533643960952759, 9.931039810180664, 5.799163579940796, 9.860110998153687, 9.431796789169312, 5.388354063034058, 10.641092777252197, 5.764379978179932, 5.658044815063477, 5.404407978057861, 5.634189605712891, 9.216367244720459, 5.564374685287476, 5.487553119659424, 6.440575838088989, 6.350728273391724, 10.569509029388428, 10.231195211410522, 5.715496778488159, 31.67152762413025, 5.486995697021484, 5.4201648235321045, 6.1262006759643555, 6.045985698699951, 23.203184843063354, 5.655116558074951, 10.718231678009033, 5.5683183670043945, 15.096939325332642, 5.871516227722168, 5.314928770065308, 5.650636196136475, 19.534300804138184, 22.290759086608887, 5.668752670288086, 5.6151227951049805, 5.495040416717529, 5.310604095458984, 5.260446310043335, 5.3106489181518555, 5.061866760253906, 5.16149115562439, 18.994073390960693, 5.735177278518677, 15.520880460739136, 5.563843727111816, 9.48513150215149, 10.4129159450531, 5.415418386459351, 5.484855890274048, 10.581528902053833, 3.1578025817871094, 4.26773738861084, 3.048015832901001, 3.0414879322052, 5.8910603523254395], "HS-postpone-time": [0, 0.003920793533325195, 0.001146554946899414, 0, 0.003274679183959961, 0, 0, 0.0007309913635253906, 0.002064228057861328, 0.0002694129943847656, 0.010733842849731445, 0.0005590915679931641, 0.001861572265625, 0.003643035888671875, 0.0013170242309570312, 0, 0.0010607242584228516, 0.0006959438323974609, 0, 0, 0, 0.0005066394805908203, 0.007538795471191406, 0.0004801750183105469, 7.62939453125e-05, 0, 0.0010554790496826172, 0, 0.0016984939575195312, 0.0002372264862060547, 0.0003986358642578125, 0.000186920166015625, 0, 0, 0.0036954879760742188, 0, 0.00020360946655273438, 0.0007746219635009766, 0, 0.0017495155334472656, 0.0005714893341064453, 0, 0.0034093856811523438, 0.0001571178436279297, 0.0015556812286376953, 0.012901067733764648, 0.002038240432739258, 0.0011839866638183594, 0, 0, 0.004135847091674805, 0, 0.0024306774139404297, 0, 0.00016999244689941406, 0, 0, 0, 0, 0.0008337497711181641, 0.0002505779266357422, 0.0006792545318603516, 0.00022101402282714844, 0, 0.000102996826171875, 0, 8.249282836914062e-05, 0.00010776519775390625, 0, 0.00010919570922851562, 0, 0, 0, 0, 0.00011420249938964844, 0, 0, 0, 0, 0.0001480579376220703, 0.0001399517059326172, 0, 0.0009987354278564453, 0, 0, 0, 0, 0.0003120899200439453, 0, 0.00012826919555664062, 0, 0.00020003318786621094, 0, 0, 0, 0.0006146430969238281, 0.00023651123046875, 0, 0, 0, 0, 0, 0, 0, 0, 0.00047707557678222656, 0, 0.0002574920654296875, 0, 8.678436279296875e-05, 2.6941299438476562e-05, 0, 0, 0.00011920928955078125, 0, 0, 0, 0, 0.0001327991485595703],