{"config": {"preseeding": true, "sat-polarity": true, "sat-polarity-initial": true, "postpone_opt": true, "postpone_opt_incr": false, "postpone_opt_greedy": true, "grow": true, "grow_sat": false, "grow_subset_maximal": false, "grow_maxsat": true, "maxsat_polarities": true, "grow_maxsat_full_pos": false, "grow_maxsat_full_inv": false, "grow_maxsat_full_unif": false, "grow_maxsat_initial_pos": false, "grow_maxsat_initial_inv": false, "grow_maxsat_initial_unif": true, "grow_maxsat_actual_pos": false, "grow_maxsat_actual_unif": false, "grow_maxsat_actual_inv": false, "timeout": 7200, "instance": "p12", "output": "/data/brussel/101/vsc10143/OUSResults/experiment4/2021011308/20210113081930575236.json"}, "results": {"HS": [0, 12, 6, 3, 2, 4, 1, 2, 2, 1, 6, 8, 1, 3, 2, 1, 28, 1, 1, 1, 65, 1, 2, 1, 2, 13, 4, 3, 33, 1, 2, 43, 2, 2, 1, 1, 1, 52], "HS_greedy": [0, 33, 33, 264, 238, 373, 0, 305, 297, 0, 235, 286, 0, 185, 271, 0, 325, 0, 0, 0, 334, 0, 186, 0, 285, 272, 223, 216, 271, 0, 229, 285, 220, 126, 0, 0, 0, 248], "HS_incr": [0, 0, 0, 0, 0, 0, 0, 0, 0, 0, 0, 0, 0, 0, 0, 0, 0, 0, 0, 0, 0, 0, 0, 0, 0, 0, 0, 0, 0, 0, 0, 0, 0, 0, 0, 0, 0, 0], "HS-opt-time": [0, 0.20898032188415527, 0.21061229705810547, 0.9614076614379883, 0.8865139484405518, 5.6189284324646, 3.0975356101989746, 4.958543062210083, 7.580467939376831, 4.387981653213501, 59.520447731018066, 86.05921173095703, 7.652334213256836, 58.576992988586426, 18.757555961608887, 10.918992042541504, 330.5866560935974, 12.312589406967163, 12.266774415969849, 12.269444465637207, 1541.7722795009613, 14.366398572921753, 58.361430168151855, 15.18961477279663, 48.21445989608765, 216.4589488506317, 93.06023073196411, 62.52306246757507, 629.7488207817078, 20.10819673538208, 42.83300042152405, 880.5203704833984, 44.79676580429077, 45.000296115875244, 22.87566900253296, 22.624448776245117, 22.909541845321655, 1485.2108480930328], "HS-postpone-time": [0, 0.025570392608642578, 0.02451467514038086, 1.2333996295928955, 1.0080103874206543, 2.434187889099121, 0, 1.5610685348510742, 1.4457740783691406, 0, 0.8999173641204834, 1.307607889175415, 0, 0.5487544536590576, 1.158982276916504, 0, 1.654228925704956, 0, 0, 0, 1.6819682121276855, 0, 0.5191750526428223, 0, 1.1901452541351318, 1.1111183166503906, 0.7273685932159424, 0.670983076095581, 1.055562973022461, 0, 0.7307333946228027, 1.1195030212402344, 0.688138484954834, 0.22848296165466309, 0, 0, 0, 0.8190555572509766], "SAT-time": [0.2813913822174072, 0.3955807685852051, 0.3408820629119873, 3.171630859375, 2.9407877922058105, 4.69326114654541, 0.0013170242309570312, 3.7999556064605713, 3.771383285522461, 0.0032482147216796875, 2.9634640216827393, 3.6168041229248047, 0.001409769058227539, 2.3569045066833496, 3.451869487762451, 0.003396749496459961, 4.221211910247803, 0.0033864974975585938, 0.001476287841796875, 0.003343820571899414, 4.403820753097534, 0.003445863723754883, 2.4253618717193604, 0.003597259521484375, 3.7926859855651855, 3.526685953140259, 2.8713483810424805, 2.821978807449341, 3.5738680362701416, 0.003503084182739258, 2.9904377460479736, 3.61972975730896, 2.9288058280944824, 1.6786859035491943, 0.0036635398864746094, 0.0015077590942382812, 0.003658294677734375, 3.3377716541290283], "grow-time": [4.530270099639893, 5.414370059967041, 5.389127016067505, 43.35280156135559, 39.500678062438965, 67.01162576675415, 0, 53.95580458641052, 53.91611623764038, 0, 43.98707032203674, 55.207390546798706, 0, 33.74700140953064, 51.63636255264282, 0, 62.91853737831116, 0, 0, 0, 65.93637657165527, 0, 34.320297718048096, 0, 55.54292440414429, 53.14447379112244, 41.253658294677734, 42.38948178291321, 53.9260458946228, 0, 44.203922271728516, 55.67150592803955, 44.095759868621826, 23.479788541793823, 0, 0, 0, 50.23560667037964], "#expl": 36, "expl_seq": [{"constraints": [38162], "derived": [-36491]}, {"constraints": [38166], "derived": [-36487]}, {"constraints": [38159], "derived": [36505]}, {"constraints": [36505, 36627], "derived": [-36520, -36510, -36500, -36515]}, {"constraints": [36505, 36629], "derived": [-36504, -36503, -36507, -36506]}, {"constraints": [38164], "derived": [36546]}, {"constraints": [36633, 36546], "derived": [-36544, -36543, -36547, -36545]}, {"constraints": [36546, 36631], "derived": [-36536, -36526, -36541, -36531]}, {"constraints": [36505, -36531, 36654], "derived": [-36611]}, {"constraints": [38161, 36629], "derived": [-36512, -36511]}, {"constraints": [38165, 36623], "derived": [-36496, -36486]}, {"constraints": [-36496, 36546, 36650], "derived": [-36591]}, {"constraints": [36627, 38165], "derived": [-36518, -36508]}, {"constraints": [36546, 36653, -36518], "derived": [-36601]}, {"constraints": [-36512, -36511, -36510, -36508, 36630], "derived": [36509]}, {"constraints": [36627, 36509], "derived": [-36519, -36499, -36514]}, {"constraints": [-36519, 36546, 36653], "derived": [-36606]}, {"constraints": [-36486, 36509, 36647], "derived": [-36564]}, {"constraints": [-36487, 36509, 36647], "derived": [-36569]}, {"constraints": [38165, 36631], "derived": [-36537]}, {"constraints": [36509, 36654, -36537], "derived": [-36607]}, {"constraints": [-36519, 38163, 36623], "derived": [-36494]}, {"constraints": [36546, 36650, -36494], "derived": [-36581]}, {"constraints": [38161, -36508, 36655], "derived": [36619]}, {"constraints": [36619, 36645], "derived": [-36622, -36621, -36620, -36618]}, {"constraints": [36619, 36643], "derived": [-36599, -36614, -36604, -36609]}, {"constraints": [36546, -36621, 36655], "derived": [-36522]}, {"constraints": [36619, 36653, -36507], "derived": [-36529]}, {"constraints": [-36512, 36619, 36653], "derived": [-36534]}, {"constraints": [-36606, 36644, -36601, -36621, -36611], "derived": [36616]}, {"constraints": [36616, 36645], "derived": [-36615, -36613, -36617]}, {"constraints": [36616, -36591, 36657], "derived": [-36566]}, {"constraints": [36616, -36526, 36654], "derived": [-36501]}, {"constraints": [36616, 36657, -36581], "derived": [-36556]}, {"constraints": [36616, -36541, 36654], "derived": [-36516]}, {"constraints": [36616, 36546, 36653], "derived": [36521]}], "OUS-time": [0, 6.13412070274353, 6.054656982421875, 49.452099561691284, 45.01625871658325, 80.83428907394409, 3.099977493286133, 65.1524887084961, 67.56517028808594, 4.3923351764678955, 108.03532886505127, 147.01126909255981, 7.6574928760528564, 95.75277829170227, 75.82027506828308, 10.92361330986023, 400.3107957839966, 12.317106485366821, 12.2695894241333, 12.273934841156006, 1614.7446727752686, 14.3737051486969, 96.15357422828674, 15.196552276611328, 109.54203510284424, 275.0040578842163, 138.53975248336792, 109.00985479354858, 689.0709409713745, 20.113426685333252, 91.39777326583862, 941.7069680690765, 93.11720442771912, 70.73697519302368, 22.880547046661377, 22.627211332321167, 22.914642572402954, 0], "timeout": true}}