{"config": {"preseeding": true, "sat-polarity": true, "sat-polarity-initial": false, "postpone_opt": true, "postpone_opt_incr": true, "postpone_opt_greedy": false, "grow": true, "grow_sat": false, "grow_subset_maximal": false, "grow_maxsat": true, "maxsat_polarities": true, "grow_maxsat_full_pos": false, "grow_maxsat_full_inv": true, "grow_maxsat_full_unif": false, "grow_maxsat_initial_pos": false, "grow_maxsat_initial_inv": false, "grow_maxsat_initial_unif": false, "grow_maxsat_actual_pos": false, "grow_maxsat_actual_unif": false, "grow_maxsat_actual_inv": false, "timeout": 7200, "instance": "p13", "output": "/data/brussel/101/vsc10143/OUSResults/experiment4/2021011308/20210113081933870038.json"}, "results": {"HS": [0, 42, 6, 10, 135, 55], "HS_greedy": [0, 0, 0, 0, 0, 0], "HS_incr": [0, 1834, 30, 473, 3578, 1930], "HS-opt-time": [0, 71.43161821365356, 35.29422640800476, 92.38370299339294, 1534.5540454387665, 706.5264918804169], "HS-postpone-time": [0, 0.14809083938598633, 0.0023310184478759766, 0.03913164138793945, 0.283642053604126, 0.15125441551208496], "SAT-time": [0.010134220123291016, 29.758504390716553, 0.4169042110443115, 7.705067157745361, 58.52781939506531, 23.316115379333496], "grow-time": [0.16138839721679688, 364.8676555156708, 6.205921649932861, 96.76560401916504, 742.6980254650116, 3394.127195119858], "#expl": 4, "expl_seq": [{"constraints": [52961], "derived": [51287]}, {"constraints": [51416, 51287], "derived": [-51272, -51277, -51267, -51282]}, {"constraints": [51418, 51287], "derived": [-51288, -51286, -51290, -51289]}, {"constraints": [52955], "derived": [-51279, -51276]}], "OUS-time": [0, 471.72126483917236, 42.008485555648804, 198.3063006401062, 2346.862626314163, 0], "timeout": true}}