{"config": {"preseeding": false, "sat-polarity": true, "sat-polarity-initial": false, "postpone_opt": true, "postpone_opt_incr": true, "postpone_opt_greedy": true, "grow": true, "grow_sat": false, "grow_subset_maximal": false, "grow_maxsat": true, "maxsat_polarities": true, "grow_maxsat_full_pos": false, "grow_maxsat_full_inv": false, "grow_maxsat_full_unif": true, "grow_maxsat_initial_pos": false, "grow_maxsat_initial_inv": false, "grow_maxsat_initial_unif": false, "grow_maxsat_actual_pos": false, "grow_maxsat_actual_unif": false, "grow_maxsat_actual_inv": false, "timeout": 7200, "instance": "p13", "output": "/data/brussel/101/vsc10143/OUSResults/experiment4/2021011308/20210113081933869168.json"}, "results": {"HS": [0, 24, 16, 1, 3, 172], "HS_greedy": [0, 37, 62, 0, 24, 240], "HS_incr": [0, 1106, 993, 0, 653, 4580], "HS-opt-time": [0, 25.562453985214233, 135.21184873580933, 10.889948606491089, 40.53218722343445, 4650.42240357399], "HS-postpone-time": [0, 0.9117746353149414, 1.0872735977172852, 0, 0.343228816986084, 17.715436458587646], "SAT-time": [0, 11.581318140029907, 10.529939889907837, 0.0011184215545654297, 6.858938217163086, 49.073174238204956], "grow-time": [0, 191.74746823310852, 180.202983379364, 0, 118.66030025482178, 1718.3659980297089], "#expl": 4, "expl_seq": [{"constraints": [32449], "derived": [-30773, -30770]}, {"constraints": [32455], "derived": [30781]}, {"constraints": [30781, 30910], "derived": [-30776, -30766, -30771, -30761]}, {"constraints": [30912, 30781], "derived": [-30784, -30783, -30782, -30780]}], "OUS-time": [0, 232.87330722808838, 329.834579706192, 10.892282247543335, 168.26754784584045, 0], "timeout": true}}