{"config": {"preseeding": true, "sat-polarity": true, "sat-polarity-initial": true, "postpone_opt": true, "postpone_opt_incr": true, "postpone_opt_greedy": true, "grow": true, "grow_sat": false, "grow_subset_maximal": false, "grow_maxsat": true, "maxsat_polarities": true, "grow_maxsat_full_pos": false, "grow_maxsat_full_inv": false, "grow_maxsat_full_unif": false, "grow_maxsat_initial_pos": false, "grow_maxsat_initial_inv": false, "grow_maxsat_initial_unif": false, "grow_maxsat_actual_pos": false, "grow_maxsat_actual_unif": true, "grow_maxsat_actual_inv": false, "timeout": 7200, "instance": "p13", "output": "/data/brussel/101/vsc10143/OUSResults/experiment4/2021011308/20210113081933870580.json"}, "results": {"HS": [0, 2, 2, 1, 1, 2, 1, 1, 2, 2, 1, 1, 1, 6, 2, 3, 2, 1, 1, 1, 1, 5, 1, 2, 1, 1], "HS_greedy": [0, 6, 22, 0, 0, 47, 0, 0, 70, 73, 0, 0, 0, 47, 59, 75, 87, 0, 0, 0, 0, 106, 0, 83, 0, 41], "HS_incr": [0, 130, 613, 0, 0, 1277, 0, 0, 2034, 1989, 0, 0, 0, 1113, 1425, 1828, 2034, 0, 0, 0, 0, 2413, 0, 1961, 0, 949], "HS-opt-time": [0, 0.20592451095581055, 3.18346905708313, 2.8030011653900146, 3.6848278045654297, 29.69857907295227, 12.399330854415894, 14.427812576293945, 44.688085317611694, 61.768497943878174, 4.553561449050903, 47.2450053691864, 4.53162145614624, 449.3580870628357, 133.7260274887085, 321.1332528591156, 263.0295355319977, 138.2911183834076, 153.48644614219666, 126.173752784729, 111.62571263313293, 544.025075674057, 98.77804327011108, 345.6513321399689, 124.45485854148865, 207.2493953704834], "HS-postpone-time": [0, 0.022259950637817383, 0.25834226608276367, 0, 0, 0.9262316226959229, 0, 0, 2.1913444995880127, 2.1972150802612305, 0, 0, 0, 0.7651064395904541, 1.2126898765563965, 2.0820059776306152, 2.544214963912964, 0, 0, 0, 0, 3.5845799446105957, 0, 2.1370279788970947, 0, 0.48390769958496094], "SAT-time": [0.3867456912994385, 1.8606374263763428, 8.861512660980225, 0.0032317638397216797, 0.0015430450439453125, 15.90954041481018, 0.001220703125, 0.0032579898834228516, 22.357754945755005, 21.44389796257019, 0.0013141632080078125, 0.0013027191162109375, 0.0030312538146972656, 11.997899055480957, 15.486862659454346, 20.238795280456543, 22.482730627059937, 0.0033397674560546875, 0.0013477802276611328, 0.0019042491912841797, 0.004206180572509766, 26.53683066368103, 0.0013852119445800781, 21.35081934928894, 0.0013675689697265625, 10.39612340927124], "grow-time": [5.370438575744629, 25.928499698638916, 123.10113883018494, 0, 0, 261.2353250980377, 0, 0, 398.16553020477295, 388.18444085121155, 0, 0, 0, 216.57296752929688, 284.16907787323, 370.1606140136719, 435.02678203582764, 0, 0, 0, 0, 512.832132101059, 0, 415.00089979171753, 0, 199.28918647766113], "#expl": 24, "expl_seq": [{"constraints": [42708], "derived": [41034]}, {"constraints": [41034, 41163], "derived": [-41024, -41014, -41029, -41019]}, {"constraints": [41034, 41165], "derived": [-41037, -41036, -41035, -41033]}, {"constraints": [42702], "derived": [-41023, -41026]}, {"constraints": [42700, 41165], "derived": [-41018]}, {"constraints": [42699, 41190], "derived": [-41098]}, {"constraints": [41194, 42703], "derived": [-41140]}, {"constraints": [42706, 41171], "derived": [-41079]}, {"constraints": [-41024, -41019, 41190, -41014, 42705, -41029], "derived": [-41096]}, {"constraints": [41192, 41034, -41096], "derived": [-41086]}, {"constraints": [-41024, 41187, -41019, -41014, 42705, -41029], "derived": [-41120]}, {"constraints": [-41120, 41034, 41189], "derived": [-41060]}, {"constraints": [42707, 41165, 41187], "derived": [-41115, -41137]}, {"constraints": [41179, 42708, 41189], "derived": [-41136, -41116, -41131]}, {"constraints": [41192, 42708, 41175], "derived": [-41112, -41092, -41107]}, {"constraints": [41163, 42701, 41187], "derived": [-41114, -41129]}, {"constraints": [41171, 42700, 41165], "derived": [-41069]}, {"constraints": [42706, -41069, 41167], "derived": [-41046]}, {"constraints": [41194, 42708, 41167], "derived": [-41161]}, {"constraints": [42700, 41165, 41190], "derived": [-41109]}, {"constraints": [42705, 41171, 41193], "derived": [-41155]}, {"constraints": [41165, 42706, -41136, 41189], "derived": [-41032]}, {"constraints": [41169, 42706, 41189, -41114], "derived": [-41054]}, {"constraints": [41189, 42706, 41169, -41115], "derived": [-41055]}], "OUS-time": [0, 28.404667139053345, 137.3689489364624, 2.8074471950531006, 3.687519073486328, 311.5381987094879, 12.403048276901245, 14.434008359909058, 473.04441595077515, 479.10026717185974, 4.563373565673828, 47.24726605415344, 4.543409824371338, 681.8309733867645, 438.5336813926697, 718.8115487098694, 728.7489778995514, 138.30897903442383, 153.50646805763245, 126.18909096717834, 111.64471125602722, 1093.5529017448425, 98.79068779945374, 789.3346173763275, 124.47091865539551, 0], "timeout": true}}