{"config": {"preseeding": true, "sat-polarity": true, "sat-polarity-initial": true, "postpone_opt": false, "postpone_opt_incr": false, "postpone_opt_greedy": false, "grow": true, "grow_sat": false, "grow_subset_maximal": true, "grow_maxsat": false, "maxsat_polarities": true, "grow_maxsat_full_pos": false, "grow_maxsat_full_inv": false, "grow_maxsat_full_unif": false, "grow_maxsat_initial_pos": false, "grow_maxsat_initial_inv": false, "grow_maxsat_initial_unif": false, "grow_maxsat_actual_pos": false, "grow_maxsat_actual_unif": false, "grow_maxsat_actual_inv": false, "timeout": 7200, "instance": "p13", "output": "/data/brussel/101/vsc10143/OUSResults/experiment4/2021011308/20210113081933869609.json"}, "results": {"HS": [0, 182, 32, 60, 131, 322], "HS_greedy": [0, 0, 0, 0, 0, 0], "HS_incr": [0, 0, 0, 0, 0, 0], "HS-opt-time": [0, 63.70283317565918, 47.48131585121155, 61.95546197891235, 368.8617126941681, 6609.416309833527], "HS-postpone-time": [0, 0, 0, 0, 0, 0], "SAT-time": [0.5446474552154541, 3.0616157054901123, 0.5159258842468262, 1.0255897045135498, 2.3016116619110107, 5.7055230140686035], "grow-time": [0.40586090087890625, 2.090521812438965, 0.36670541763305664, 0.7288036346435547, 1.6820001602172852, 4.387936115264893], "#expl": 4, "expl_seq": [{"constraints": [22202], "derived": [20528]}, {"constraints": [20528, 20657], "derived": [-20518, -20508, -20523, -20513]}, {"constraints": [20528, 20659], "derived": [-20527, -20531, -20530, -20529]}, {"constraints": [22196], "derived": [-20520, -20517]}], "OUS-time": [0, 67.67257595062256, 48.15895080566406, 63.29381608963013, 371.86951184272766, 0], "timeout": true}}