{"config": {"preseeding": true, "sat-polarity": true, "sat-polarity-initial": false, "postpone_opt": true, "postpone_opt_incr": false, "postpone_opt_greedy": true, "grow": true, "grow_sat": false, "grow_subset_maximal": true, "grow_maxsat": false, "maxsat_polarities": true, "grow_maxsat_full_pos": false, "grow_maxsat_full_inv": false, "grow_maxsat_full_unif": false, "grow_maxsat_initial_pos": false, "grow_maxsat_initial_inv": false, "grow_maxsat_initial_unif": false, "grow_maxsat_actual_pos": false, "grow_maxsat_actual_unif": false, "grow_maxsat_actual_inv": false, "timeout": 7200, "instance": "p13", "output": "/data/brussel/101/vsc10143/OUSResults/experiment4/2021011308/20210113081933869702.json"}, "results": {"HS": [0, 2, 2, 1, 1, 40], "HS_greedy": [0, 1819, 1752, 0, 0, 967], "HS_incr": [0, 0, 0, 0, 0, 0], "HS-opt-time": [0, 28.89486312866211, 63.079397439956665, 44.90762519836426, 42.251967430114746, 6777.353053331375], "HS-postpone-time": [0, 57.2065372467041, 52.15683126449585, 0, 0, 14.54916763305664], "SAT-time": [0.4317786693572998, 25.13356328010559, 24.481784343719482, 0.0011105537414550781, 0.001100778579711914, 13.845406770706177], "grow-time": [0.31394433975219727, 18.207422971725464, 17.535600185394287, 0, 0, 9.891667604446411], "#expl": 4, "expl_seq": [{"constraints": [22196], "derived": [-20520, -20517]}, {"constraints": [22202], "derived": [20528]}, {"constraints": [20528, 20657], "derived": [-20518, -20508, -20523, -20513]}, {"constraints": [20528, 20659], "derived": [-20527, -20531, -20530, -20529]}], "OUS-time": [0, 119.8965675830841, 147.96280550956726, 44.91874623298645, 42.26191020011902, 0], "timeout": true}}