{"config": {"preseeding": true, "sat-polarity": true, "sat-polarity-initial": false, "postpone_opt": true, "postpone_opt_incr": true, "postpone_opt_greedy": false, "grow": true, "grow_sat": false, "grow_subset_maximal": false, "grow_maxsat": true, "maxsat_polarities": true, "grow_maxsat_full_pos": false, "grow_maxsat_full_inv": false, "grow_maxsat_full_unif": true, "grow_maxsat_initial_pos": false, "grow_maxsat_initial_inv": false, "grow_maxsat_initial_unif": false, "grow_maxsat_actual_pos": false, "grow_maxsat_actual_unif": false, "grow_maxsat_actual_inv": false, "timeout": 7200, "instance": "p13", "output": "/data/brussel/101/vsc10143/OUSResults/experiment4/2021011308/20210113081933870153.json"}, "results": {"HS": [0, 46, 27, 3, 27, 200], "HS_greedy": [0, 0, 0, 0, 0, 0], "HS_incr": [0, 1306, 1184, 8, 879, 3637], "HS-opt-time": [0, 49.55829977989197, 235.0768644809723, 35.96637558937073, 328.69797015190125, 4435.890891075134], "HS-postpone-time": [0, 0.09958577156066895, 0.08884143829345703, 0.0005958080291748047, 0.0670773983001709, 0.2726259231567383], "SAT-time": [0.016553878784179688, 20.061321020126343, 18.495992183685303, 0.08256745338439941, 13.48832368850708, 55.10638380050659], "grow-time": [0.3078022003173828, 239.15503811836243, 219.7865025997162, 1.4401733875274658, 165.03826451301575, 1317.6369512081146], "#expl": 4, "expl_seq": [{"constraints": [52955], "derived": [-51279, -51276]}, {"constraints": [52961], "derived": [51287]}, {"constraints": [51416, 51287], "derived": [-51272, -51277, -51267, -51282]}, {"constraints": [51418, 51287], "derived": [-51288, -51286, -51290, -51289]}], "OUS-time": [0, 312.5052168369293, 476.8147041797638, 37.51115369796753, 509.7622618675232, 0], "timeout": true}}