{"config": {"preseeding": true, "sat-polarity": true, "sat-polarity-initial": true, "postpone_opt": false, "postpone_opt_incr": false, "postpone_opt_greedy": false, "grow": true, "grow_sat": false, "grow_subset_maximal": false, "grow_maxsat": true, "maxsat_polarities": true, "grow_maxsat_full_pos": false, "grow_maxsat_full_inv": false, "grow_maxsat_full_unif": false, "grow_maxsat_initial_pos": false, "grow_maxsat_initial_inv": false, "grow_maxsat_initial_unif": false, "grow_maxsat_actual_pos": false, "grow_maxsat_actual_unif": true, "grow_maxsat_actual_inv": false, "timeout": 7200, "instance": "p13", "output": "/data/brussel/101/vsc10143/OUSResults/experiment4/2021011308/20210113081933869681.json"}, "results": {"HS": [0, 11, 11, 9, 5, 24, 5, 7, 2, 47, 1, 9, 3, 9, 30, 14, 36, 20, 13, 48, 26, 40, 15, 11, 11, 22, 39, 2, 12, 1, 16, 4, 11, 8, 4, 4, 1, 2, 2, 8, 15, 5, 1, 7, 1, 7, 4, 2, 1, 1, 4, 1, 1, 4, 6, 1, 10, 2, 2, 3, 1, 15, 1, 4, 1, 1, 1, 3, 1, 2, 12, 1, 1, 7, 3, 3, 2, 1, 4, 1, 1, 2, 17, 12, 3, 2, 1, 5, 1, 2, 2, 1, 2, 1, 2, 14, 1, 1, 5, 1, 6, 1, 2, 1, 1, 1, 9, 7, 2, 1, 6, 4, 1, 1, 2, 4, 1, 1], "HS_greedy": [0, 0, 0, 0, 0, 0, 0, 0, 0, 0, 0, 0, 0, 0, 0, 0, 0, 0, 0, 0, 0, 0, 0, 0, 0, 0, 0, 0, 0, 0, 0, 0, 0, 0, 0, 0, 0, 0, 0, 0, 0, 0, 0, 0, 0, 0, 0, 0, 0, 0, 0, 0, 0, 0, 0, 0, 0, 0, 0, 0, 0, 0, 0, 0, 0, 0, 0, 0, 0, 0, 0, 0, 0, 0, 0, 0, 0, 0, 0, 0, 0, 0, 0, 0, 0, 0, 0, 0, 0, 0, 0, 0, 0, 0, 0, 0, 0, 0, 0, 0, 0, 0, 0, 0, 0, 0, 0, 0, 0, 0, 0, 0, 0, 0, 0, 0, 0, 0], "HS_incr": [0, 0, 0, 0, 0, 0, 0, 0, 0, 0, 0, 0, 0, 0, 0, 0, 0, 0, 0, 0, 0, 0, 0, 0, 0, 0, 0, 0, 0, 0, 0, 0, 0, 0, 0, 0, 0, 0, 0, 0, 0, 0, 0, 0, 0, 0, 0, 0, 0, 0, 0, 0, 0, 0, 0, 0, 0, 0, 0, 0, 0, 0, 0, 0, 0, 0, 0, 0, 0, 0, 0, 0, 0, 0, 0, 0, 0, 0, 0, 0, 0, 0, 0, 0, 0, 0, 0, 0, 0, 0, 0, 0, 0, 0, 0, 0, 0, 0, 0, 0, 0, 0, 0, 0, 0, 0, 0, 0, 0, 0, 0, 0, 0, 0, 0, 0, 0, 0], "HS-opt-time": [0, 0.1166846752166748, 0.4745140075683594, 0.22681903839111328, 0.1251833438873291, 4.136796236038208, 1.278428077697754, 1.9236161708831787, 1.0285465717315674, 37.796608686447144, 0.1241600513458252, 10.497784614562988, 0.4263606071472168, 11.842179775238037, 36.40021014213562, 18.748898029327393, 56.918740034103394, 37.664610147476196, 15.275288820266724, 123.49424004554749, 73.71149682998657, 138.7670979499817, 56.41716003417969, 44.956241846084595, 42.28030490875244, 86.7965259552002, 100.02724528312683, 1.6474425792694092, 13.940974235534668, 1.147552728652954, 16.94576859474182, 4.145186185836792, 23.708770036697388, 8.856120109558105, 5.024701356887817, 6.746260404586792, 1.4695351123809814, 4.239994049072266, 2.7370800971984863, 9.861654043197632, 26.70805525779724, 6.92357611656189, 1.3618683815002441, 10.50084900856018, 1.7384202480316162, 14.750112295150757, 6.032709121704102, 3.9074020385742188, 2.472989082336426, 1.7885465621948242, 11.402736902236938, 1.9061741828918457, 1.8621411323547363, 5.79762864112854, 11.771856546401978, 1.7859835624694824, 16.58345127105713, 3.604029655456543, 3.6057803630828857, 5.415410757064819, 1.857964038848877, 33.39196515083313, 1.8350238800048828, 6.681053400039673, 2.025554895401001, 1.8149962425231934, 1.892430305480957, 5.313863754272461, 1.7594196796417236, 4.280626535415649, 21.308653593063354, 1.8751230239868164, 1.848034143447876, 14.03541350364685, 5.246963262557983, 5.628894805908203, 3.8486461639404297, 1.7909812927246094, 7.040068626403809, 1.7224056720733643, 1.7316069602966309, 3.609917402267456, 38.15889000892639, 24.0896737575531, 6.2478251457214355, 4.141982793807983, 2.2338128089904785, 10.333101511001587, 2.2283847332000732, 3.9297430515289307, 4.066418170928955, 1.8968572616577148, 3.905585765838623, 2.1108431816101074, 4.023574590682983, 9.95928692817688, 0.4486405849456787, 0.44251012802124023, 2.1416068077087402, 0.3202168941497803, 2.441448211669922, 0.37455177307128906, 0.8584392070770264, 0.3248903751373291, 0.3009319305419922, 0.2996220588684082, 3.0575320720672607, 2.3327550888061523, 0.7619647979736328, 0.3681952953338623, 2.281174659729004, 1.506819248199463, 0.33521223068237305, 0.4949183464050293, 0.821936845779419, 1.8040204048156738, 0.330425500869751, 0.3649630546569824], "HS-postpone-time": [0, 0, 0, 0, 0, 0, 0, 0, 0, 0, 0, 0, 0, 0, 0, 0, 0, 0, 0, 0, 0, 0, 0, 0, 0, 0, 0, 0, 0, 0, 0, 0, 0, 0, 0, 0, 0, 0, 0, 0, 0, 0, 0, 0, 0, 0, 0, 0, 0, 0, 0, 0, 0, 0, 0, 0, 0, 0, 0, 0, 0, 0, 0, 0, 0, 0, 0, 0, 0, 0, 0, 0, 0, 0, 0, 0, 0, 0, 0, 0, 0, 0, 0, 0, 0, 0, 0, 0, 0, 0, 0, 0, 0, 0, 0, 0, 0, 0, 0, 0, 0, 0, 0, 0, 0, 0, 0, 0, 0, 0, 0, 0, 0, 0, 0, 0, 0, 0], "SAT-time": [0.24388909339904785, 0.08718037605285645, 0.07306194305419922, 0.059836626052856445, 0.028357267379760742, 0.188201904296875, 0.02866196632385254, 0.04776787757873535, 0.008406877517700195, 0.39184093475341797, 0.0011513233184814453, 0.06510353088378906, 0.014485597610473633, 0.06446170806884766, 0.24639344215393066, 0.11133599281311035, 0.31061840057373047, 0.1702103614807129, 0.09978652000427246, 0.4365692138671875, 0.22203683853149414, 0.34262561798095703, 0.1238555908203125, 0.08809590339660645, 0.08609223365783691, 0.1851949691772461, 0.33008790016174316, 0.007932662963867188, 0.09342217445373535, 0.0013616085052490234, 0.13426756858825684, 0.02389359474182129, 0.08364081382751465, 0.06041717529296875, 0.025196075439453125, 0.025084495544433594, 0.0034089088439941406, 0.008657217025756836, 0.009423017501831055, 0.061704158782958984, 0.11948060989379883, 0.0320742130279541, 0.0035016536712646484, 0.0512542724609375, 0.0013535022735595703, 0.05403399467468262, 0.024080276489257812, 0.008260965347290039, 0.003358125686645508, 0.0013418197631835938, 0.024783611297607422, 0.0034360885620117188, 0.0014488697052001953, 0.024825096130371094, 0.04531574249267578, 0.0013947486877441406, 0.07719111442565918, 0.010313034057617188, 0.008616924285888672, 0.017031192779541016, 0.0034978389739990234, 0.12029409408569336, 0.0014653205871582031, 0.026551485061645508, 0.0014579296112060547, 0.0014495849609375, 0.003538846969604492, 0.017656564712524414, 0.0014226436614990234, 0.010845422744750977, 0.09536910057067871, 0.0014557838439941406, 0.0036661624908447266, 0.051267147064208984, 0.016802549362182617, 0.018689393997192383, 0.008756399154663086, 0.0014646053314208984, 0.026964426040649414, 0.0014870166778564453, 0.0015177726745605469, 0.011148214340209961, 0.1445155143737793, 0.09710550308227539, 0.019311189651489258, 0.008767843246459961, 0.0014414787292480469, 0.0359950065612793, 0.0015909671783447266, 0.00886678695678711, 0.011301517486572266, 0.001558542251586914, 0.008935928344726562, 0.003878355026245117, 0.008951425552368164, 0.11606264114379883, 0.004020214080810547, 0.0015556812286376953, 0.03418231010437012, 0.00374603271484375, 0.044449567794799805, 0.0015685558319091797, 0.01073765754699707, 0.0015683174133300781, 0.0015900135040283203, 0.004097938537597656, 0.07174348831176758, 0.05156588554382324, 0.01110076904296875, 0.0016105175018310547, 0.04317903518676758, 0.02847743034362793, 0.0015583038330078125, 0.001573324203491211, 0.011373281478881836, 0.02447032928466797, 0.001661062240600586, 0.003975629806518555],