{"config": {"preseeding": false, "sat-polarity": true, "sat-polarity-initial": false, "postpone_opt": true, "postpone_opt_incr": false, "postpone_opt_greedy": true, "grow": true, "grow_sat": false, "grow_subset_maximal": false, "grow_maxsat": true, "maxsat_polarities": true, "grow_maxsat_full_pos": false, "grow_maxsat_full_inv": false, "grow_maxsat_full_unif": false, "grow_maxsat_initial_pos": false, "grow_maxsat_initial_inv": true, "grow_maxsat_initial_unif": false, "grow_maxsat_actual_pos": false, "grow_maxsat_actual_unif": false, "grow_maxsat_actual_inv": false, "timeout": 7200, "instance": "p13", "output": "/data/brussel/101/vsc10143/OUSResults/experiment4/2021011308/20210113081933868720.json"}, "results": {"HS": [0, 8, 2, 3, 10, 2, 1, 1, 1, 43, 1, 7, 1, 32, 26, 16, 26, 2, 32, 59, 16, 8], "HS_greedy": [0, 35, 318, 330, 393, 461, 0, 0, 0, 424, 0, 358, 0, 411, 318, 321, 329, 205, 262, 349, 206, 261], "HS_incr": [0, 0, 0, 0, 0, 0, 0, 0, 0, 0, 0, 0, 0, 0, 0, 0, 0, 0, 0, 0, 0, 0], "HS-opt-time": [0, 0.05085158348083496, 0.7475037574768066, 1.8299267292022705, 17.352302312850952, 7.897403717041016, 6.323264122009277, 5.923483848571777, 7.711744070053101, 434.07239413261414, 5.017029523849487, 90.50967574119568, 6.43829870223999, 628.0167758464813, 525.0272598266602, 294.7494113445282, 610.3637471199036, 33.96849346160889, 740.3427135944366, 1587.1646769046783, 442.2907545566559, 262.15704321861267], "HS-postpone-time": [0, 0.026564359664916992, 1.6993529796600342, 1.8181483745574951, 2.559032678604126, 3.5335655212402344, 0, 0, 0, 2.8426969051361084, 0, 1.960550308227539, 0, 2.646380662918091, 1.4855656623840332, 1.534620761871338, 1.5437259674072266, 0.6154580116271973, 0.9748578071594238, 1.7042701244354248, 0.6086523532867432, 0.9537107944488525], "SAT-time": [0, 0.18457746505737305, 1.76753568649292, 1.78029465675354, 2.126697063446045, 2.5312273502349854, 0.003231525421142578, 0.0010666847229003906, 0.0027980804443359375, 2.325634241104126, 0.0028924942016601562, 1.96384596824646, 0.0011293888092041016, 2.2937991619110107, 1.7522273063659668, 1.7786552906036377, 1.7902491092681885, 1.1009390354156494, 1.4097952842712402, 1.9567968845367432, 1.1398344039916992, 1.4640038013458252], "grow-time": [0, 6.698848009109497, 68.43062949180603, 76.04087615013123, 74.05109238624573, 126.1342568397522, 0, 0, 0, 138.00240659713745, 0, 110.78938961029053, 0, 116.41568207740784, 122.13322567939758, 73.3147644996643, 112.94020438194275, 42.41788673400879, 55.42424702644348, 170.78165078163147, 48.367369651794434, 52.05171751976013], "#expl": 20, "expl_seq": [{"constraints": [11943], "derived": [-10264, -10267]}, {"constraints": [11949], "derived": [10275]}, {"constraints": [10275, 10404], "derived": [-10255, -10270, -10260, -10265]}, {"constraints": [10275, 10406], "derived": [-10278, -10277, -10276, -10274]}, {"constraints": [11940, 10431], "derived": [-10339]}, {"constraints": [11944, 10435], "derived": [-10381]}, {"constraints": [11947, 10412], "derived": [-10320]}, {"constraints": [11941, 10406], "derived": [-10259]}, {"constraints": [-10270, -10265, 11946, -10260, -10255, 10431], "derived": [-10337]}, {"constraints": [10433, 10275, -10337], "derived": [-10327]}, {"constraints": [-10270, -10265, 11946, -10260, -10255, 10428], "derived": [-10361]}, {"constraints": [10275, 10430, -10361], "derived": [-10301]}, {"constraints": [11949, 10406, 10431], "derived": [-10333, -10348, -10353]}, {"constraints": [10420, 11949, 10430], "derived": [-10357, -10372, -10377]}, {"constraints": [11941, 10406, 10431], "derived": [-10350]}, {"constraints": [10412, 11941, 10406], "derived": [-10310]}, {"constraints": [10408, -10310, 11947], "derived": [-10287]}, {"constraints": [10420, 11948, 10430], "derived": [-10356, -10378]}, {"constraints": [10408, 11946, 10435], "derived": [-10396]}, {"constraints": [10408, 10435, 11949], "derived": [-10402]}], "OUS-time": [0, 7.0340588092803955, 73.31332349777222, 82.15822315216064, 96.89622497558594, 141.03909516334534, 6.328908205032349, 5.92721962928772, 7.716797351837158, 578.0969841480255, 5.024571657180786, 205.9356369972229, 6.443357229232788, 750.1863174438477, 651.0258395671844, 371.98387002944946, 727.2529239654541, 78.48291110992432, 798.6270396709442, 1762.2581520080566, 492.7876920700073, 0], "timeout": true}}