{"config": {"preseeding": false, "sat-polarity": true, "sat-polarity-initial": true, "postpone_opt": false, "postpone_opt_incr": false, "postpone_opt_greedy": false, "grow": true, "grow_sat": false, "grow_subset_maximal": false, "grow_maxsat": true, "maxsat_polarities": true, "grow_maxsat_full_pos": false, "grow_maxsat_full_inv": false, "grow_maxsat_full_unif": false, "grow_maxsat_initial_pos": false, "grow_maxsat_initial_inv": false, "grow_maxsat_initial_unif": false, "grow_maxsat_actual_pos": false, "grow_maxsat_actual_unif": false, "grow_maxsat_actual_inv": true, "timeout": 7200, "instance": "p13", "output": "/data/brussel/101/vsc10143/OUSResults/experiment4/2021011308/20210113081933868569.json"}, "results": {"HS": [0, 51, 4, 5, 4, 20, 10, 9, 2, 41, 2, 3, 1, 4, 20, 33, 24, 20, 9, 41, 41, 28, 4, 5, 2, 2, 1, 1, 32, 10, 3, 2, 20, 34, 14, 10, 3, 3, 19, 4, 4, 1, 1, 3, 1, 2, 5, 1, 7, 1, 2, 2, 1, 3, 12, 6, 8, 3, 3, 2, 1, 1, 1, 4, 4, 1, 1, 11, 7, 4, 5, 1, 2, 5, 1, 4, 2, 2, 1, 1, 5, 10, 3, 3, 6, 1, 2, 11, 4, 6, 1, 5, 1, 13, 5, 16, 3, 1, 1, 1, 2, 4, 1, 1, 1, 8, 1, 1, 3, 1, 2, 1, 16, 1, 2, 1, 1], "HS_greedy": [0, 0, 0, 0, 0, 0, 0, 0, 0, 0, 0, 0, 0, 0, 0, 0, 0, 0, 0, 0, 0, 0, 0, 0, 0, 0, 0, 0, 0, 0, 0, 0, 0, 0, 0, 0, 0, 0, 0, 0, 0, 0, 0, 0, 0, 0, 0, 0, 0, 0, 0, 0, 0, 0, 0, 0, 0, 0, 0, 0, 0, 0, 0, 0, 0, 0, 0, 0, 0, 0, 0, 0, 0, 0, 0, 0, 0, 0, 0, 0, 0, 0, 0, 0, 0, 0, 0, 0, 0, 0, 0, 0, 0, 0, 0, 0, 0, 0, 0, 0, 0, 0, 0, 0, 0, 0, 0, 0, 0, 0, 0, 0, 0, 0, 0, 0, 0], "HS_incr": [0, 0, 0, 0, 0, 0, 0, 0, 0, 0, 0, 0, 0, 0, 0, 0, 0, 0, 0, 0, 0, 0, 0, 0, 0, 0, 0, 0, 0, 0, 0, 0, 0, 0, 0, 0, 0, 0, 0, 0, 0, 0, 0, 0, 0, 0, 0, 0, 0, 0, 0, 0, 0, 0, 0, 0, 0, 0, 0, 0, 0, 0, 0, 0, 0, 0, 0, 0, 0, 0, 0, 0, 0, 0, 0, 0, 0, 0, 0, 0, 0, 0, 0, 0, 0, 0, 0, 0, 0, 0, 0, 0, 0, 0, 0, 0, 0, 0, 0, 0, 0, 0, 0, 0, 0, 0, 0, 0, 0, 0, 0, 0, 0, 0, 0, 0, 0], "HS-opt-time": [0, 0.3666496276855469, 0.22162389755249023, 0.13802075386047363, 0.08625173568725586, 3.6241157054901123, 3.6422812938690186, 5.70842170715332, 0.8106119632720947, 31.78358817100525, 0.19319677352905273, 3.8794212341308594, 0.1008608341217041, 4.017298460006714, 21.977829456329346, 38.190359592437744, 26.991718292236328, 26.475672483444214, 8.780739545822144, 78.2013041973114, 64.00470566749573, 76.07620739936829, 1.4679431915283203, 1.4383854866027832, 0.6164233684539795, 0.6809463500976562, 0.3231184482574463, 0.3334617614746094, 85.15086579322815, 17.073973894119263, 5.563218116760254, 3.8430933952331543, 49.62075901031494, 77.49321746826172, 7.128408670425415, 5.362993240356445, 2.0389766693115234, 2.427804470062256, 34.66211295127869, 4.001190185546875, 3.3439512252807617, 0.8410699367523193, 0.9460673332214355, 2.7205142974853516, 0.5743224620819092, 2.9324305057525635, 2.9575154781341553, 0.952477216720581, 5.411044120788574, 0.8219599723815918, 1.7208824157714844, 1.8294882774353027, 0.6039104461669922, 2.377288579940796, 16.77072048187256, 3.8538103103637695, 5.345313310623169, 2.057241439819336, 2.4536499977111816, 1.6630475521087646, 0.7887980937957764, 0.8339962959289551, 0.8551559448242188, 4.482023000717163, 2.512850522994995, 0.7905011177062988, 0.8161945343017578, 13.088410139083862, 5.384797811508179, 3.2380919456481934, 4.616766691207886, 0.8529555797576904, 1.5812196731567383, 4.807890892028809, 0.9582321643829346, 3.6400039196014404, 1.6875574588775635, 1.639098882675171, 0.8593358993530273, 0.8883137702941895, 4.7482590675354, 7.457966566085815, 2.311493396759033, 2.5805368423461914, 5.8438756465911865, 0.8178219795227051, 1.7975270748138428, 9.227225542068481, 3.32637619972229, 5.1208131313323975, 0.8130204677581787, 3.7402238845825195, 0.7541003227233887, 9.393378734588623, 3.5477137565612793, 13.240815877914429, 2.4151618480682373, 0.9102375507354736, 0.7762351036071777, 0.7990269660949707, 1.630967617034912, 3.2310266494750977, 0.8843288421630859, 0.9630782604217529, 0.9254302978515625, 7.406920671463013, 0.883324384689331, 0.9827256202697754, 2.57102632522583, 0.8257675170898438, 1.8078885078430176, 0.8016400337219238, 15.625240087509155, 0.7635366916656494, 1.5562450885772705, 0.7355382442474365, 0.7557926177978516], "HS-postpone-time": [0, 0, 0, 0, 0, 0, 0, 0, 0, 0, 0, 0, 0, 0, 0, 0, 0, 0, 0, 0, 0, 0, 0, 0, 0, 0, 0, 0, 0, 0, 0, 0, 0, 0, 0, 0, 0, 0, 0, 0, 0, 0, 0, 0, 0, 0, 0, 0, 0, 0, 0, 0, 0, 0, 0, 0, 0, 0, 0, 0, 0, 0, 0, 0, 0, 0, 0, 0, 0, 0, 0, 0, 0, 0, 0, 0, 0, 0, 0, 0, 0, 0, 0, 0, 0, 0, 0, 0, 0, 0, 0, 0, 0, 0, 0, 0, 0, 0, 0, 0, 0, 0, 0, 0, 0, 0, 0, 0, 0, 0, 0, 0, 0, 0, 0, 0, 0], "SAT-time": [0, 0.23143839836120605, 0.013543844223022461, 0.0222017765045166, 0.01362752914428711, 0.09005022048950195, 0.04175162315368652, 0.039972543716430664, 0.005300283432006836, 0.1952211856842041, 0.005238771438598633, 0.011672496795654297, 0.0009047985076904297, 0.019586563110351562, 0.09739542007446289, 0.16268515586853027, 0.11663603782653809, 0.09805679321289062, 0.04026293754577637, 0.2043609619140625, 0.2025613784790039, 0.13921666145324707, 0.01735234260559082, 0.020441770553588867, 0.0055463314056396484, 0.007552146911621094, 0.0010445117950439453, 0.001027822494506836, 0.16379046440124512, 0.04702329635620117, 0.010747194290161133, 0.007426023483276367, 0.09888386726379395, 0.1731712818145752, 0.06932878494262695, 0.04747605323791504, 0.010738849639892578, 0.012620687484741211, 0.0922398567199707, 0.016274213790893555, 0.01766657829284668, 0.0010459423065185547, 0.0010530948638916016, 0.012369871139526367, 0.0010287761688232422, 0.005926370620727539, 0.023511171340942383, 0.00104522705078125, 0.03206515312194824, 0.002855539321899414, 0.006220102310180664, 0.006022214889526367, 0.002803325653076172, 0.011251211166381836, 0.05738568305969238, 0.02858591079711914, 0.03684711456298828, 0.010697126388549805, 0.012624740600585938, 0.006046772003173828, 0.0010814666748046875, 0.00287628173828125, 0.0011000633239746094, 0.016167163848876953, 0.01821613311767578, 0.0011281967163085938, 0.0011332035064697266, 0.05533719062805176, 0.03329753875732422, 0.016780376434326172, 0.023746967315673828, 0.0010900497436523438, 0.005991697311401367, 0.024110078811645508, 0.0011527538299560547, 0.016440629959106445, 0.0078029632568359375, 0.005965471267700195, 0.0011005401611328125, 0.003068208694458008, 0.0211184024810791, 0.047669172286987305, 0.013082265853881836, 0.011632442474365234, 0.026015043258666992, 0.0030145645141601562, 0.006050586700439453, 0.054527997970581055, 0.018380165100097656, 0.027179956436157227, 0.0011649131774902344, 0.02363109588623047, 0.0012552738189697266, 0.06446003913879395, 0.023812055587768555, 0.08019804954528809, 0.011828899383544922, 0.0031380653381347656, 0.0011591911315917969, 0.0012211799621582031, 0.00811624526977539, 0.01656818389892578, 0.001210927963256836, 0.003136157989501953, 0.0012240409851074219, 0.038344383239746094, 0.0031871795654296875, 0.0012252330780029297, 0.011470794677734375, 0.0031867027282714844, 0.00652003288269043, 0.0012199878692626953, 0.0802159309387207, 0.0031778812408447266, 0.0063495635986328125, 0.0012917518615722656, 0.003267526626586914],