{"config": {"preseeding": false, "sat-polarity": true, "sat-polarity-initial": true, "postpone_opt": true, "postpone_opt_incr": true, "postpone_opt_greedy": true, "grow": true, "grow_sat": false, "grow_subset_maximal": false, "grow_maxsat": true, "maxsat_polarities": true, "grow_maxsat_full_pos": false, "grow_maxsat_full_inv": false, "grow_maxsat_full_unif": true, "grow_maxsat_initial_pos": false, "grow_maxsat_initial_inv": false, "grow_maxsat_initial_unif": false, "grow_maxsat_actual_pos": false, "grow_maxsat_actual_unif": false, "grow_maxsat_actual_inv": false, "timeout": 7200, "instance": "p13", "output": "/data/brussel/101/vsc10143/OUSResults/experiment4/2021011308/20210113081933869352.json"}, "results": {"HS": [0, 24, 16, 1, 3, 174], "HS_greedy": [0, 37, 62, 0, 24, 242], "HS_incr": [0, 1106, 993, 0, 653, 4612], "HS-opt-time": [0, 19.334425926208496, 104.21639490127563, 8.294353246688843, 28.905004024505615, 4743.490362644196], "HS-postpone-time": [0, 0.941570520401001, 1.140071153640747, 0, 0.3602316379547119, 17.871564388275146], "SAT-time": [0, 9.79064130783081, 8.865501403808594, 0.0026178359985351562, 5.727358102798462, 43.67640781402588], "grow-time": [0, 178.48566436767578, 167.2070791721344, 0, 109.99970006942749, 1698.8624124526978], "#expl": 4, "expl_seq": [{"constraints": [32449], "derived": [-30773, -30770]}, {"constraints": [32455], "derived": [30781]}, {"constraints": [30781, 30910], "derived": [-30776, -30766, -30771, -30761]}, {"constraints": [30912, 30781], "derived": [-30784, -30783, -30782, -30780]}], "OUS-time": [0, 211.1937153339386, 283.7973356246948, 8.298258304595947, 146.5564479827881, 0], "timeout": true}}