{"config": {"preseeding": true, "sat-polarity": true, "sat-polarity-initial": true, "postpone_opt": true, "postpone_opt_incr": true, "postpone_opt_greedy": false, "grow": true, "grow_sat": false, "grow_subset_maximal": false, "grow_maxsat": true, "maxsat_polarities": true, "grow_maxsat_full_pos": false, "grow_maxsat_full_inv": true, "grow_maxsat_full_unif": false, "grow_maxsat_initial_pos": false, "grow_maxsat_initial_inv": false, "grow_maxsat_initial_unif": false, "grow_maxsat_actual_pos": false, "grow_maxsat_actual_unif": false, "grow_maxsat_actual_inv": false, "timeout": 7200, "instance": "p13", "output": "/data/brussel/101/vsc10143/OUSResults/experiment4/2021011308/20210113081933870227.json"}, "results": {"HS": [0, 42, 6, 10, 135, 46], "HS_greedy": [0, 0, 0, 0, 0, 0], "HS_incr": [0, 1834, 30, 473, 3578, 1635], "HS-opt-time": [0, 58.53013205528259, 29.28971552848816, 67.12251687049866, 1285.2695133686066, 426.7118949890137], "HS-postpone-time": [0, 0.1376972198486328, 0.0022804737091064453, 0.037055253982543945, 0.28856945037841797, 0.14255499839782715], "SAT-time": [0.009069204330444336, 21.096897840499878, 0.3056812286376953, 5.407999753952026, 50.42567539215088, 26.892282962799072], "grow-time": [0.15282225608825684, 335.74607491493225, 5.686059951782227, 88.33482694625854, 722.9969446659088, 4037.022155046463], "#expl": 4, "expl_seq": [{"constraints": [52961], "derived": [51287]}, {"constraints": [51416, 51287], "derived": [-51272, -51277, -51267, -51282]}, {"constraints": [51418, 51287], "derived": [-51288, -51286, -51290, -51289]}, {"constraints": [52955], "derived": [-51279, -51276]}], "OUS-time": [0, 420.3349130153656, 35.36021018028259, 162.14223194122314, 2069.7594318389893, 0], "timeout": true}}