{"config": {"preseeding": false, "sat-polarity": true, "sat-polarity-initial": false, "postpone_opt": true, "postpone_opt_incr": true, "postpone_opt_greedy": false, "grow": true, "grow_sat": false, "grow_subset_maximal": false, "grow_maxsat": true, "maxsat_polarities": true, "grow_maxsat_full_pos": false, "grow_maxsat_full_inv": false, "grow_maxsat_full_unif": false, "grow_maxsat_initial_pos": false, "grow_maxsat_initial_inv": false, "grow_maxsat_initial_unif": false, "grow_maxsat_actual_pos": false, "grow_maxsat_actual_unif": true, "grow_maxsat_actual_inv": false, "timeout": 7200, "instance": "p16", "output": "/data/brussel/101/vsc10143/OUSResults/experiment4/2021011320/20210113202141250529.json"}, "results": {"HS": [0, 12, 2, 4, 1, 2, 3, 2, 8, 2, 3, 5, 1, 3, 2, 4, 3, 7, 3, 2, 1, 4, 4, 13, 3, 3, 1, 1, 1, 1, 1, 1, 2, 3, 1, 12, 1, 2, 1, 2, 2, 5, 1, 1, 1, 1, 2, 2, 2, 1, 1, 2, 1, 1, 3, 5, 3, 3, 1, 1, 11, 2, 2, 1, 1, 2, 1, 1, 1, 1, 1, 1, 1, 1, 4, 2, 4, 1, 4, 2, 2, 1, 1, 1, 3, 2, 4, 1, 2, 2, 1, 1, 5, 1, 5, 1, 2, 2, 1, 1, 2, 1, 2, 1, 1, 3, 3, 2, 1, 2, 3, 1, 1, 2, 1, 1, 1], "HS_greedy": [0, 0, 0, 0, 0, 0, 0, 0, 0, 0, 0, 0, 0, 0, 0, 0, 0, 0, 0, 0, 0, 0, 0, 0, 0, 0, 0, 0, 0, 0, 0, 0, 0, 0, 0, 0, 0, 0, 0, 0, 0, 0, 0, 0, 0, 0, 0, 0, 0, 0, 0, 0, 0, 0, 0, 0, 0, 0, 0, 0, 0, 0, 0, 0, 0, 0, 0, 0, 0, 0, 0, 0, 0, 0, 0, 0, 0, 0, 0, 0, 0, 0, 0, 0, 0, 0, 0, 0, 0, 0, 0, 0, 0, 0, 0, 0, 0, 0, 0, 0, 0, 0, 0, 0, 0, 0, 0, 0, 0, 0, 0, 0, 0, 0, 0, 0, 0], "HS_incr": [0, 186, 18, 53, 0, 16, 28, 14, 71, 4, 18, 24, 0, 13, 12, 30, 20, 70, 18, 10, 0, 37, 28, 95, 16, 26, 0, 0, 0, 0, 0, 0, 9, 16, 0, 88, 0, 5, 0, 8, 8, 29, 0, 0, 0, 0, 2, 3, 9, 0, 0, 3, 0, 0, 23, 38, 9, 20, 0, 0, 30, 3, 4, 0, 0, 1, 0, 0, 0, 0, 0, 0, 0, 0, 17, 8, 18, 0, 11, 4, 5, 0, 0, 0, 16, 4, 13, 0, 3, 3, 0, 0, 36, 0, 22, 0, 2, 3, 0, 0, 4, 0, 2, 0, 0, 11, 7, 3, 0, 3, 4, 0, 0, 3, 0, 0, 0], "HS-opt-time": [0, 1.2055749893188477, 0.28438520431518555, 0.6004283428192139, 0.38152408599853516, 0.3775596618652344, 0.6867985725402832, 0.755490779876709, 6.110337018966675, 2.5916690826416016, 3.3043553829193115, 1.8404674530029297, 0.39635539054870605, 1.2810730934143066, 1.470888376235962, 6.958932399749756, 4.94792366027832, 23.974252700805664, 10.731170415878296, 8.379390239715576, 1.3357338905334473, 10.292176008224487, 4.005796909332275, 20.82864236831665, 4.078885078430176, 4.19340968132019, 1.6539103984832764, 1.6054086685180664, 1.7310423851013184, 1.4922432899475098, 1.5703320503234863, 2.0090408325195312, 3.899519681930542, 4.9156012535095215, 2.1520934104919434, 63.066500425338745, 1.9937357902526855, 3.453866481781006, 2.7182259559631348, 7.3525145053863525, 4.1895411014556885, 9.107093572616577, 1.6892385482788086, 1.6266396045684814, 1.8124291896820068, 1.5789577960968018, 3.877354383468628, 3.531318187713623, 4.367438077926636, 2.143514633178711, 2.291264533996582, 4.120516300201416, 1.801384449005127, 2.3907408714294434, 5.973590135574341, 9.060761451721191, 5.7907023429870605, 6.40656590461731, 2.3694725036621094, 2.4202706813812256, 32.07003617286682, 4.37008261680603, 4.433220148086548, 2.2830967903137207, 2.3065884113311768, 4.606544494628906, 2.3222548961639404, 2.253786563873291, 2.255370616912842, 2.086937665939331, 2.489400625228882, 2.359588623046875, 2.061448574066162, 2.0232555866241455, 10.171059846878052, 4.469520330429077, 8.262941598892212, 2.000394344329834, 8.788636684417725, 4.334619760513306, 4.3729119300842285, 2.5634446144104004, 2.321840763092041, 1.9389514923095703, 7.544881105422974, 3.8964481353759766, 7.682934045791626, 1.8000998497009277, 3.810136318206787, 3.8253605365753174, 2.111589193344116, 2.0442609786987305, 10.440824508666992, 2.0714476108551025, 9.553356647491455, 2.147064208984375, 4.515446901321411, 3.8881702423095703, 2.137310266494751, 2.095341682434082, 4.044391870498657, 2.059323310852051, 4.107572078704834, 1.9484918117523193, 1.9670891761779785, 5.772557735443115, 5.665135145187378, 3.726114273071289, 1.9609365463256836, 4.688961982727051, 6.352585077285767, 1.9435620307922363, 2.0055341720581055, 4.231165170669556, 2.073888063430786, 1.8579130172729492, 2.126758575439453], "HS-postpone-time": [0, 0.0073888301849365234, 0.0007851123809814453, 0.002157449722290039, 0, 0.0007383823394775391, 0.0011522769927978516, 0.000537872314453125, 0.0030138492584228516, 0.0001735687255859375, 0.0008118152618408203, 0.0008785724639892578, 0, 0.0005681514739990234, 0.0004696846008300781, 0.0013093948364257812, 0.0008442401885986328, 0.003394603729248047, 0.0008411407470703125, 0.00048661231994628906, 0, 0.0015940666198730469, 0.0011682510375976562, 0.0040972232818603516, 0.0006401538848876953, 0.001024484634399414, 0, 0, 0, 0, 0, 0, 0.0003142356872558594, 0.0006270408630371094, 0, 0.003879547119140625, 0, 0.00021505355834960938, 0, 0.00029277801513671875, 0.0002970695495605469, 0.001049041748046875, 0, 0, 0, 0, 7.271766662597656e-05, 0.00010132789611816406, 0.0003001689910888672, 0, 0, 9.846687316894531e-05, 0, 0, 0.0009100437164306641, 0.0013995170593261719, 0.0003058910369873047, 0.0007290840148925781, 0, 0, 0.0010645389556884766, 8.916854858398438e-05, 0.00012540817260742188, 0, 0, 2.7894973754882812e-05, 0, 0, 0, 0, 0, 0, 0, 0, 0.0006356239318847656, 0.00026798248291015625, 0.0005972385406494141, 0, 0.000396728515625, 0.00012302398681640625, 0.00015306472778320312, 0, 0, 0, 0.0005578994750976562, 0.0001220703125, 0.0004124641418457031, 0, 9.107589721679688e-05, 8.96453857421875e-05, 0, 0, 0.0012602806091308594, 0, 0.0006680488586425781, 0, 6.413459777832031e-05, 8.296966552734375e-05, 0, 0, 0.00011730194091796875, 0, 5.245208740234375e-05, 0, 0, 0.0003521442413330078, 0.00020051002502441406, 8.511543273925781e-05, 0, 7.796287536621094e-05, 0.00010418891906738281, 0, 0, 7.605552673339844e-05, 0, 0, 0],