{"config": {"preseeding": false, "sat-polarity": true, "sat-polarity-initial": false, "postpone_opt": true, "postpone_opt_incr": false, "postpone_opt_greedy": true, "grow": true, "grow_sat": false, "grow_subset_maximal": false, "grow_maxsat": true, "maxsat_polarities": true, "grow_maxsat_full_pos": false, "grow_maxsat_full_inv": false, "grow_maxsat_full_unif": true, "grow_maxsat_initial_pos": false, "grow_maxsat_initial_inv": false, "grow_maxsat_initial_unif": false, "grow_maxsat_actual_pos": false, "grow_maxsat_actual_unif": false, "grow_maxsat_actual_inv": false, "timeout": 7200, "instance": "p16", "output": "/data/brussel/101/vsc10143/OUSResults/experiment4/2021011320/20210113202141250295.json"}, "results": {"HS": [0, 2, 1, 2, 1], "HS_greedy": [0, 5954, 0, 5193, 2157], "HS_incr": [0, 0, 0, 0, 0], "HS-opt-time": [0, 17.265162706375122, 4.939886569976807, 13.011384725570679, 12.05068826675415], "HS-postpone-time": [0, 645.9525947570801, 0, 491.8925850391388, 87.37485957145691], "SAT-time": [0, 21.388524532318115, 0.0008487701416015625, 23.857640504837036, 9.887160062789917], "grow-time": [0, 1942.3853387832642, 0, 2282.688735485077, 1607.1375081539154], "#expl": 3, "expl_seq": [{"constraints": [10976], "derived": [9305]}, {"constraints": [9305, 9433], "derived": [-9304, -9303, -9302, -9301]}, {"constraints": [9305, 9431], "derived": [-9295, -9285, -9300, -9290]}], "OUS-time": [0, 2635.9186367988586, 4.945939779281616, 2820.5098872184753, 0], "timeout": true}}