{"config": {"preseeding": false, "sat-polarity": true, "sat-polarity-initial": true, "postpone_opt": true, "postpone_opt_incr": false, "postpone_opt_greedy": true, "grow": true, "grow_sat": false, "grow_subset_maximal": false, "grow_maxsat": true, "maxsat_polarities": true, "grow_maxsat_full_pos": false, "grow_maxsat_full_inv": false, "grow_maxsat_full_unif": false, "grow_maxsat_initial_pos": true, "grow_maxsat_initial_inv": false, "grow_maxsat_initial_unif": false, "grow_maxsat_actual_pos": false, "grow_maxsat_actual_unif": false, "grow_maxsat_actual_inv": false, "timeout": 7200, "instance": "p16", "output": "/data/brussel/101/vsc10143/OUSResults/experiment4/2021011320/20210113202141250399.json"}, "results": {"HS": [0, 2, 2, 2, 1, 3, 1, 3, 4, 2, 2, 1, 1, 4, 1, 2, 1, 6, 5, 4, 7, 1, 4, 5, 13, 1, 1, 1, 1, 1, 1, 1, 1, 12, 123, 1, 1, 1, 3, 12, 21, 1, 1, 1, 6, 1, 1, 2, 1, 1, 1, 1, 1, 1, 1, 10, 1, 1, 1, 1, 11, 17, 9, 1, 1, 1, 3, 3, 5, 2, 1, 1, 2, 1, 2, 4, 24, 3, 1, 2, 9, 6, 1, 5, 1, 51, 9, 1, 2, 2, 1, 5, 1, 27], "HS_greedy": [0, 388, 412, 353, 0, 303, 0, 285, 287, 252, 214, 0, 0, 288, 0, 237, 0, 295, 265, 207, 277, 0, 189, 243, 301, 0, 0, 0, 0, 0, 0, 0, 0, 234, 369, 0, 0, 0, 211, 236, 232, 0, 0, 0, 206, 0, 0, 201, 0, 0, 0, 0, 0, 0, 0, 202, 0, 0, 0, 0, 162, 172, 149, 0, 0, 0, 116, 131, 107, 110, 0, 0, 111, 0, 77, 95, 99, 74, 0, 78, 75, 82, 0, 74, 0, 140, 86, 0, 52, 66, 0, 65, 0, 86], "HS_incr": [0, 0, 0, 0, 0, 0, 0, 0, 0, 0, 0, 0, 0, 0, 0, 0, 0, 0, 0, 0, 0, 0, 0, 0, 0, 0, 0, 0, 0, 0, 0, 0, 0, 0, 0, 0, 0, 0, 0, 0, 0, 0, 0, 0, 0, 0, 0, 0, 0, 0, 0, 0, 0, 0, 0, 0, 0, 0, 0, 0, 0, 0, 0, 0, 0, 0, 0, 0, 0, 0, 0, 0, 0, 0, 0, 0, 0, 0, 0, 0, 0, 0, 0, 0, 0, 0, 0, 0, 0, 0, 0, 0, 0, 0], "HS-opt-time": [0, 0.5529007911682129, 1.277204990386963, 2.1302082538604736, 2.2356812953948975, 5.5524890422821045, 1.964803695678711, 8.537040710449219, 20.039342641830444, 15.031554460525513, 12.782578945159912, 6.088183403015137, 7.085511922836304, 17.6362247467041, 4.671093702316284, 10.327438831329346, 5.713555335998535, 63.19020628929138, 62.09453296661377, 29.510472059249878, 108.14821863174438, 7.528583765029907, 36.11741590499878, 38.59740424156189, 117.253244638443, 9.070128679275513, 8.962526559829712, 9.731364488601685, 9.73565673828125, 9.672781705856323, 10.11105465888977, 10.114123582839966, 9.905275106430054, 175.07273650169373, 1704.6296048164368, 10.804560899734497, 10.557400941848755, 14.547656059265137, 40.47999691963196, 122.53850150108337, 227.03392028808594, 11.53522253036499, 11.543259143829346, 13.811024904251099, 87.26331782341003, 12.919812440872192, 13.085844039916992, 23.635069847106934, 11.11466097831726, 11.123642683029175, 10.813619136810303, 10.73360562324524, 10.901514053344727, 10.998590469360352, 11.135159254074097, 102.13813281059265, 10.175200939178467, 10.185579538345337, 10.328261852264404, 10.131281614303589, 145.0757646560669, 171.93780207633972, 92.91251111030579, 10.959360361099243, 10.860304594039917, 10.808728218078613, 29.97180414199829, 29.919910430908203, 47.05140686035156, 19.66278839111328, 9.839685440063477, 10.012165546417236, 19.37428045272827, 9.676347494125366, 18.31794762611389, 44.95531105995178, 207.41172623634338, 26.84148406982422, 8.359846591949463, 18.18268084526062, 69.7297751903534, 47.69222092628479, 8.556593418121338, 38.122430086135864, 7.107884168624878, 188.25976991653442, 74.07680797576904, 8.748719930648804, 16.843607187271118, 16.668516635894775, 8.436155080795288, 40.36688566207886, 8.488520383834839, 240.0274338722229], "HS-postpone-time": [0, 2.3496227264404297, 2.677400588989258, 1.8647234439849854, 0, 1.3192777633666992, 0, 1.14387845993042, 1.179903268814087, 0.9039103984832764, 0.6761527061462402, 0, 0, 1.171250581741333, 0, 0.7748572826385498, 0, 1.156728744506836, 0.9321322441101074, 0.5697062015533447, 0.9907081127166748, 0, 0.4822828769683838, 0.7772016525268555, 1.1607699394226074, 0, 0, 0, 0, 0, 0, 0, 0, 0.6610729694366455, 1.6035258769989014, 0, 0, 0, 0.5079114437103271, 0.6443121433258057, 0.6207222938537598, 0, 0, 0, 0.48552608489990234, 0, 0, 0.44269466400146484, 0, 0, 0, 0, 0, 0, 0, 0.4373795986175537, 0, 0, 0, 0, 0.2665286064147949, 0.31133484840393066, 0.22921490669250488, 0, 0, 0, 0.13679242134094238, 0.16737103462219238, 0.1148076057434082, 0.11976981163024902, 0, 0, 0.12060689926147461, 0, 0.05960202217102051, 0.0864567756652832, 0.09294915199279785, 0.05235552787780762, 0, 0.057007789611816406, 0.05513405799865723, 0.06245017051696777, 0, 0.05254077911376953, 0, 0.1704540252685547, 0.06620430946350098, 0, 0.02706003189086914, 0.04099273681640625, 0, 0.03888702392578125, 0, 0.06244492530822754], "SAT-time": [0, 1.0981371402740479, 1.0168492794036865, 0.9394452571868896, 0.0005838871002197266, 0.8141436576843262, 0.0005939006805419922, 0.7823581695556641, 0.7849655151367188, 0.7195241451263428, 0.5957844257354736, 0.0018298625946044922, 0.0009179115295410156, 0.8415215015411377, 0.0006511211395263672, 0.7155301570892334, 0.0007059574127197266, 0.8581726551055908, 0.7829344272613525, 0.591254472732544, 0.8298556804656982, 0.001974821090698242, 0.582453727722168, 0.7431023120880127, 0.9050559997558594, 0.001994609832763672, 0.0007295608520507812, 0.0020761489868164062, 0.0007345676422119141, 0.002178192138671875, 0.0007688999176025391, 0.002066373825073242, 0.0007083415985107422, 0.7353708744049072, 1.1832730770111084, 0.002144336700439453, 0.0007486343383789062, 0.0021429061889648438, 0.6437163352966309, 0.7547340393066406, 0.7197673320770264, 0.0022978782653808594, 0.0007092952728271484, 0.0022232532501220703, 0.6670877933502197, 0.0022325515747070312, 0.0007803440093994141, 0.6296284198760986, 0.0007681846618652344, 0.002159595489501953, 0.0008161067962646484, 0.002208709716796875, 0.0007915496826171875, 0.0022253990173339844, 0.0007724761962890625, 0.6407628059387207, 0.0008215904235839844, 0.002299070358276367, 0.0008168220520019531, 0.002271890640258789, 0.5200459957122803, 0.5351548194885254, 0.46831512451171875, 0.0008020401000976562, 0.002407073974609375, 0.0008194446563720703, 0.36397695541381836, 0.4014756679534912, 0.33453845977783203, 0.3424384593963623, 0.0008361339569091797, 0.0023055076599121094, 0.3395531177520752, 0.0009076595306396484, 0.23877787590026855, 0.29686403274536133, 0.30796217918395996, 0.23826336860656738, 0.0009281635284423828, 0.24621963500976562, 0.23907256126403809, 0.2633841037750244, 0.0009047985076904297, 0.2377772331237793, 0.0008618831634521484, 0.4510643482208252, 0.2713351249694824, 0.0008511543273925781, 0.16580772399902344, 0.21310710906982422, 0.0008668899536132812, 0.21072983741760254, 0.0025873184204101562, 0.2822761535644531], "grow-time": [0, 60.42496204376221, 66.77555179595947, 53.720300912857056, 0, 50.09928917884827, 0, 46.194210052490234, 49.386518716812134, 41.61440396308899, 37.26087236404419, 0, 0, 55.913339614868164, 0, 44.01523804664612, 0, 67.98108577728271, 59.62953233718872, 38.071959018707275, 65.5323600769043, 0, 32.60279893875122, 51.98144054412842, 78.554692029953, 0, 0, 0, 0, 0, 0, 0, 0, 61.486966133117676, 98.29333257675171, 0, 0, 0, 58.70953917503357, 64.31640243530273, 58.487613916397095, 0, 0, 0, 55.55112338066101, 0, 0, 50.98272132873535, 0, 0, 0, 0, 0, 0, 0, 66.62181735038757, 0, 0, 0, 0, 44.61220717430115, 48.809890031814575, 45.24186325073242, 0, 0, 0, 30.426961183547974, 33.05437874794006, 27.80989122390747, 33.050472259521484, 0, 0, 31.406130075454712, 0, 20.277841091156006, 25.59561586380005, 22.301687717437744, 18.110584020614624, 0, 19.117151737213135, 16.070125341415405, 20.787229299545288, 0, 19.579092502593994, 0, 45.202715158462524, 22.794377326965332, 0, 13.160399198532104, 17.30105423927307, 0, 15.985087633132935, 0, 22.623105764389038], "#expl": 92, "expl_seq": [{"constraints": [1696], "derived": [25]}, {"constraints": [25, 151], "derived": [-15, -5, -20, -10]}, {"constraints": [25, 153], "derived": [-24, -23, -22, -21]}, {"constraints": [1690], "derived": [39]}, {"constraints": [155, 39],