{"config": {"preseeding": true, "sat-polarity": true, "sat-polarity-initial": true, "postpone_opt": true, "postpone_opt_incr": false, "postpone_opt_greedy": true, "grow": true, "grow_sat": false, "grow_subset_maximal": false, "grow_maxsat": true, "maxsat_polarities": true, "grow_maxsat_full_pos": false, "grow_maxsat_full_inv": false, "grow_maxsat_full_unif": false, "grow_maxsat_initial_pos": false, "grow_maxsat_initial_inv": true, "grow_maxsat_initial_unif": false, "grow_maxsat_actual_pos": false, "grow_maxsat_actual_unif": false, "grow_maxsat_actual_inv": false, "timeout": 7200, "instance": "p16", "output": "/data/brussel/101/vsc10143/OUSResults/experiment4/2021011320/20210113202141251578.json"}, "results": {"HS": [0, 2, 5, 2, 1, 2, 3, 1, 7, 2, 1, 1, 8, 1, 2, 2, 3, 16, 2, 2, 1, 18, 1, 1, 1, 1, 1, 1, 1, 1, 1, 1, 2, 3, 6, 1, 131], "HS_greedy": [0, 383, 423, 545, 0, 337, 472, 0, 281, 399, 0, 0, 345, 0, 305, 348, 262, 336, 257, 317, 0, 241, 0, 0, 0, 0, 0, 0, 0, 0, 0, 0, 301, 233, 206, 0, 367], "HS_incr": [0, 0, 0, 0, 0, 0, 0, 0, 0, 0, 0, 0, 0, 0, 0, 0, 0, 0, 0, 0, 0, 0, 0, 0, 0, 0, 0, 0, 0, 0, 0, 0, 0, 0, 0, 0, 0], "HS-opt-time": [0, 0.7297403812408447, 6.065826654434204, 6.678525447845459, 6.801990032196045, 15.119595289230347, 18.651610612869263, 8.192815780639648, 75.90772008895874, 20.410094261169434, 11.676415920257568, 11.074713706970215, 111.80606508255005, 20.667335033416748, 34.20237922668457, 31.519548177719116, 64.77315258979797, 367.9577474594116, 41.708311557769775, 33.91898155212402, 21.91937494277954, 330.98376536369324, 17.01695728302002, 17.127401113510132, 17.277283191680908, 16.712610006332397, 16.654998779296875, 16.648074626922607, 16.40820002555847, 17.120779752731323, 16.745946407318115, 16.750017642974854, 34.732502937316895, 75.03462076187134, 177.7932162284851, 24.153310298919678, 2972.812868833542], "HS-postpone-time": [0, 2.3434977531433105, 2.887099504470825, 4.833325386047363, 0, 1.666651964187622, 3.389146327972412, 0, 1.1361207962036133, 2.3301913738250732, 0, 0, 1.633434772491455, 0, 1.2840907573699951, 1.659830093383789, 0.9315066337585449, 1.551542043685913, 0.8947432041168213, 1.3621320724487305, 0, 0.8041844367980957, 0, 0, 0, 0, 0, 0, 0, 0, 0, 0, 1.1127536296844482, 0.6873087882995605, 0.5425684452056885, 0, 1.6220529079437256], "SAT-time": [0.3136565685272217, 5.35560417175293, 6.02570104598999, 7.833733320236206, 0.0012683868408203125, 4.998156309127808, 6.914586305618286, 0.003093242645263672, 4.190724611282349, 5.984617710113525, 0.00130462646484375, 0.003035306930541992, 5.13465142250061, 0.003435373306274414, 4.603925943374634, 5.230725049972534, 4.022865295410156, 5.157760381698608, 3.945878505706787, 4.949603319168091, 0.0014660358428955078, 3.766698122024536, 0.0014982223510742188, 0.0033571720123291016, 0.0014824867248535156, 0.0034513473510742188, 0.0015976428985595703, 0.003438711166381836, 0.0014662742614746094, 0.003371000289916992, 0.0015635490417480469, 0.00339508056640625, 4.6740806102752686, 3.5567126274108887, 3.191946506500244, 0.003311634063720703, 5.711538553237915], "grow-time": [4.976861000061035, 83.96701860427856, 100.0772819519043, 140.82878637313843, 0, 84.7921633720398, 160.0808322429657, 0, 83.94395208358765, 113.96684384346008, 0, 0, 126.28339910507202, 0, 137.82871627807617, 183.15589833259583, 70.27958106994629, 128.73703408241272, 122.95919299125671, 128.1517527103424, 0, 122.31537556648254, 0, 0, 0, 0, 0, 0, 0, 0, 0, 0, 148.5130157470703, 94.85815358161926, 76.45001912117004, 0, 133.4189417362213], "#expl": 35, "expl_seq": [{"constraints": [48090], "derived": [46439]}, {"constraints": [46557, 46439], "derived": [-46440, -46438, -46437, -46436]}, {"constraints": [46555, 46439], "derived": [-46429, -46444, -46434, -46449]}, {"constraints": [48096], "derived": [46425]}, {"constraints": [46425, 46553], "derived": [-46424, -46423, -46422, -46421]}, {"constraints": [46425, 46551], "derived": [-46415, -46405, -46420, -46410]}, {"constraints": [46576, 46425, -46449], "derived": [-46499]}, {"constraints": [46580, 48094], "derived": [46508]}, {"constraints": [46569, 46508], "derived": [-46510, -46509, -46507, -46506]}, {"constraints": [46508, 46567], "derived": [-46503, -46518, -46523, -46513]}, {"constraints": [-46422, 46578, 46508], "derived": [-46473]}, {"constraints": [48089, 46561], "derived": [-46456]}, {"constraints": [46581, 48095], "derived": [-46547]}, {"constraints": [48092, 46559], "derived": [-46468]}, {"constraints": [-46468, 46579, 46508], "derived": [-46417]}, {"constraints": [46555, 48092], "derived": [-46443]}, {"constraints": [48091, -46444, 46559], "derived": [-46467]}, {"constraints": [-46449, 48091, 46559], "derived": [-46472]}, {"constraints": [-46472, 46425, 46579], "derived": [-46522]}, {"constraints": [-46472, 48093], "derived": [46447]}, {"constraints": [46555, 46447], "derived": [-46432, -46427, -46442]}, {"constraints": [46557, 46447], "derived": [-46448, -46446, -46450]}, {"constraints": [46576, 46425, -46446], "derived": [-46496]}, {"constraints": [-46423, 46575, 46447], "derived": [-46487]}, {"constraints": [-46473, 46582, 46447], "derived": [-46533]}, {"constraints": [46576, 46425, -46450], "derived": [-46500]}, {"constraints": [-46422, 46575, 46447], "derived": [-46482]}, {"constraints": [-46421, 46575, 46447], "derived": [-46477]}, {"constraints": [46425, 46577, 46447], "derived": [46497]}, {"constraints": [46497, 46563], "derived": [-46492]}, {"constraints": [46497, 46565], "derived": [-46498]}, {"constraints": [46497, 46585, -46522], "derived": [-46532]}, {"constraints": [-46429, 48091, 46559], "derived": [-46452]}, {"constraints": [-46429, 48091, 46551], "derived": [-46402]}, {"constraints": [46578, 46508, -46402], "derived": [-46453]}], "OUS-time": [0, 93.47673535346985, 116.28640055656433, 161.79208827018738, 6.804307222366333, 107.556232213974, 190.41283559799194, 8.196970462799072, 165.98797416687012, 143.8693413734436, 11.678815126419067, 11.078802108764648, 245.8429777622223, 20.673596620559692, 178.79563403129578, 222.54799818992615, 140.7442662715912, 504.3846321105957, 170.2519612312317, 169.26987624168396, 21.92193365097046, 458.5601966381073, 17.019553899765015, 17.13207197189331, 17.280099630355835, 16.71744728088379, 16.657728672027588, 16.652668714523315, 16.410768270492554, 17.12519907951355, 16.748698711395264, 16.754545211791992, 189.86832404136658, 174.78890895843506, 258.55591559410095, 24.16031050682068, 0], "timeout": true}}