{"config": {"preseeding": false, "sat-polarity": true, "sat-polarity-initial": true, "postpone_opt": true, "postpone_opt_incr": true, "postpone_opt_greedy": false, "grow": true, "grow_sat": false, "grow_subset_maximal": false, "grow_maxsat": true, "maxsat_polarities": true, "grow_maxsat_full_pos": false, "grow_maxsat_full_inv": false, "grow_maxsat_full_unif": false, "grow_maxsat_initial_pos": false, "grow_maxsat_initial_inv": true, "grow_maxsat_initial_unif": false, "grow_maxsat_actual_pos": false, "grow_maxsat_actual_unif": false, "grow_maxsat_actual_inv": false, "timeout": 7200, "instance": "p18", "output": "/data/brussel/101/vsc10143/OUSResults/experiment4/2021011320/20210113205452263309.json"}, "results": {"HS": [0, 11, 1, 4, 2, 3, 2, 2, 1, 3, 10, 1, 2, 1, 1, 1, 3, 1, 2, 1, 6, 2, 6, 2, 1, 1, 1, 1, 2, 1, 3, 1, 1, 4, 1, 1, 3, 1, 6, 5, 1, 2, 1, 7, 2, 3, 3, 1, 2, 1, 2, 2, 2, 2, 4, 1, 4, 1, 1, 2, 3, 1, 1, 2, 1, 1, 10, 3, 1, 3, 2, 1, 1, 1, 1, 2, 1, 1, 1, 3, 4, 1, 1, 1, 1, 2, 2, 1, 1, 2, 2, 2, 1, 3, 2, 1, 1, 1, 1, 1, 5, 1, 1, 2, 3, 1, 1, 1, 2, 1, 1], "HS_greedy": [0, 0, 0, 0, 0, 0, 0, 0, 0, 0, 0, 0, 0, 0, 0, 0, 0, 0, 0, 0, 0, 0, 0, 0, 0, 0, 0, 0, 0, 0, 0, 0, 0, 0, 0, 0, 0, 0, 0, 0, 0, 0, 0, 0, 0, 0, 0, 0, 0, 0, 0, 0, 0, 0, 0, 0, 0, 0, 0, 0, 0, 0, 0, 0, 0, 0, 0, 0, 0, 0, 0, 0, 0, 0, 0, 0, 0, 0, 0, 0, 0, 0, 0, 0, 0, 0, 0, 0, 0, 0, 0, 0, 0, 0, 0, 0, 0, 0, 0, 0, 0, 0, 0, 0, 0, 0, 0, 0, 0, 0, 0], "HS_incr": [0, 188, 0, 58, 22, 19, 14, 16, 0, 39, 143, 0, 17, 0, 0, 0, 28, 0, 1, 0, 80, 11, 64, 21, 0, 0, 0, 0, 19, 0, 17, 0, 0, 40, 0, 0, 23, 0, 87, 59, 0, 19, 0, 76, 13, 32, 28, 0, 15, 0, 10, 17, 23, 12, 62, 0, 28, 0, 0, 9, 13, 0, 0, 5, 0, 0, 113, 19, 0, 16, 4, 0, 0, 0, 0, 8, 0, 0, 0, 23, 15, 0, 0, 0, 0, 24, 2, 0, 0, 17, 9, 9, 0, 24, 15, 0, 0, 0, 0, 0, 31, 0, 0, 3, 13, 0, 0, 0, 4, 0, 0], "HS-opt-time": [0, 0.5969047546386719, 0.12964272499084473, 0.5454447269439697, 0.7358901500701904, 1.7379262447357178, 0.53269362449646, 0.657390832901001, 0.4029886722564697, 2.323105812072754, 4.749111175537109, 0.662811279296875, 1.1685254573822021, 0.7536554336547852, 0.7360291481018066, 0.7503705024719238, 1.925482988357544, 0.9698855876922607, 1.8111398220062256, 0.8572816848754883, 9.885041952133179, 2.0421085357666016, 7.570230960845947, 3.211393117904663, 1.3847713470458984, 1.5260071754455566, 1.5200741291046143, 1.5104687213897705, 3.0980167388916016, 1.5961098670959473, 4.878193378448486, 1.4324545860290527, 1.692187786102295, 9.501503229141235, 2.0507009029388428, 2.013047933578491, 5.987595081329346, 1.7908117771148682, 16.636574506759644, 10.833350419998169, 2.2471420764923096, 4.986093997955322, 2.382026433944702, 26.777731895446777, 4.284334421157837, 7.446572303771973, 7.763540506362915, 2.232612133026123, 4.460950613021851, 2.506925582885742, 5.852892160415649, 4.866695165634155, 8.834362030029297, 5.915356397628784, 21.36776065826416, 3.0067429542541504, 10.268798828125, 2.652679681777954, 2.672783613204956, 5.438702583312988, 8.257613897323608, 2.5452611446380615, 2.6037485599517822, 5.29959774017334, 2.489854097366333, 2.8797311782836914, 36.883575201034546, 8.47485899925232, 2.937800884246826, 9.074193239212036, 6.251192808151245, 2.752316951751709, 2.7949512004852295, 2.8726632595062256, 2.619595527648926, 5.69839072227478, 2.9204964637756348, 2.864222288131714, 2.5519938468933105, 8.744696140289307, 11.60917067527771, 2.796363353729248, 3.1418442726135254, 2.734395742416382, 2.912260055541992, 6.233807563781738, 5.5426344871521, 2.8277645111083984, 2.7997608184814453, 5.4614856243133545, 6.129559755325317, 6.156970024108887, 3.187089443206787, 8.020516157150269, 5.944617033004761, 3.0266575813293457, 2.9176928997039795, 2.4911277294158936, 2.6488707065582275, 2.4915871620178223, 15.119830131530762, 3.1084225177764893, 3.1230924129486084, 5.962791681289673, 8.283571004867554, 3.031038761138916, 2.664581537246704, 2.6102466583251953, 5.615813732147217, 2.5933921337127686, 2.5762033462524414], "HS-postpone-time": [0, 0.008547306060791016, 0, 0.002843141555786133, 0.0010645389556884766, 0.0008854866027832031, 0.0006561279296875, 0.0007481575012207031, 0, 0.001890420913696289, 0.006582736968994141, 0, 0.0008122920989990234, 0, 0, 0, 0.0012814998626708984, 0, 3.7670135498046875e-05, 0, 0.003650665283203125, 0.00047850608825683594, 0.0028188228607177734, 0.0010266304016113281, 0, 0, 0, 0, 0.0008170604705810547, 0, 0.0008304119110107422, 0, 0, 0.0017387866973876953, 0, 0, 0.001050710678100586, 0, 0.004113912582397461, 0.002653837203979492, 0, 0.00091552734375, 0, 0.0035343170166015625, 0.0006310939788818359, 0.0015904903411865234, 0.0011632442474365234, 0, 0.0007355213165283203, 0, 0.0004477500915527344, 0.0007917881011962891, 0.001070261001586914, 0.00047278404235839844, 0.0029840469360351562, 0, 0.0011935234069824219, 0, 0, 0.0004029273986816406, 0.0004889965057373047, 0, 0, 0.00021028518676757812, 0, 0, 0.004672050476074219, 0.0007417201995849609, 0, 0.0006542205810546875, 0.0001418590545654297, 0, 0, 0, 0, 0.0002751350402832031, 0, 0, 0, 0.0008585453033447266, 0.0005550384521484375, 0, 0, 0, 0, 0.0011222362518310547, 6.008148193359375e-05, 0, 0, 0.0006139278411865234, 0.0003554821014404297, 0.00034427642822265625, 0, 0.0009171962738037109, 0.0005764961242675781, 0, 0, 0, 0, 0, 0.0010249614715576172, 0, 0, 9.059906005859375e-05, 0.000423431396484375, 0, 0, 0, 0.00011110305786132812, 0, 0], "SAT-time": [0, 1.4710934162139893, 0.0009016990661621094, 0.4582982063293457, 0.16382503509521484, 0.14848971366882324, 0.10579752922058105, 0.12471413612365723, 0.001077890396118164, 0.32425570487976074, 1.2241792678833008, 0.0025434494018554688, 0.14078307151794434, 0.002611875534057617, 0.0011417865753173828, 0.002603292465209961, 0.24034547805786133, 0.002664327621459961, 0.008618593215942383, 0.002622842788696289, 0.6752073764801025, 0.09259343147277832, 0.5611698627471924, 0.1829988956451416, 0.0011048316955566406, 0.002796173095703125, 0.0011630058288574219, 0.002774477005004883, 0.16314411163330078, 0.0027921199798583984, 0.1410229206085205, 0.0028531551361083984, 0.0011472702026367188, 0.360353946685791, 0.0011074542999267578, 0.002735137939453125, 0.20317888259887695, 0.002818584442138672, 0.7782189846038818, 0.5377497673034668, 0.001154184341430664, 0.1676802635192871, 0.0011534690856933594, 0.6870172023773193, 0.1146705150604248, 0.28952598571777344, 0.24871253967285156, 0.0028786659240722656, 0.13128376007080078, 0.0028531551361083984, 0.08705329895019531, 0.14489316940307617, 0.2026081085205078, 0.10500001907348633, 0.5733978748321533, 0.0027883052825927734, 0.24316811561584473, 0.002851724624633789, 0.0011904239654541016, 0.07719755172729492, 0.11284708976745605, 0.0028541088104248047, 0.0011992454528808594, 0.042238473892211914, 0.0012373924255371094, 0.002933025360107422, 1.0147948265075684, 0.16664838790893555, 0.0028963088989257812, 0.1425330638885498, 0.031708717346191406, 0.0030164718627929688, 0.0012345314025878906, 0.001264333724975586, 0.0029566287994384766, 0.06822609901428223, 0.0012440681457519531, 0.0030138492584228516, 0.00119781494140625, 0.20441746711730957, 0.1335771083831787, 0.001276254653930664, 0.0012226104736328125, 0.002995729446411133, 0.0013031959533691406, 0.22039127349853516, 0.018485307693481445, 0.0013322830200195312, 0.0012395381927490234, 0.15397167205810547, 0.08008265495300293, 0.0782477855682373, 0.00302886962890625, 0.21312332153320312, 0.13219356536865234, 0.0033004283905029297, 0.0013086795806884766, 0.0016837120056152344, 0.0032444000244140625, 0.001252889633178711, 0.28790712356567383, 0.003033161163330078, 0.0013322830200195312, 0.025171279907226562, 0.11874079704284668, 0.0013422966003417969, 0.0012881755828857422, 0.0031692981719970703, 0.03200984001159668, 0.0013511180877685547, 0.0032575130462646484],