{"config": {"preseeding": true, "sat-polarity": true, "sat-polarity-initial": false, "postpone_opt": true, "postpone_opt_incr": true, "postpone_opt_greedy": false, "grow": true, "grow_sat": false, "grow_subset_maximal": false, "grow_maxsat": true, "maxsat_polarities": true, "grow_maxsat_full_pos": false, "grow_maxsat_full_inv": false, "grow_maxsat_full_unif": false, "grow_maxsat_initial_pos": false, "grow_maxsat_initial_inv": false, "grow_maxsat_initial_unif": true, "grow_maxsat_actual_pos": false, "grow_maxsat_actual_unif": false, "grow_maxsat_actual_inv": false, "timeout": 7200, "instance": "p18", "output": "/data/brussel/101/vsc10143/OUSResults/experiment4/2021011320/20210113205452264334.json"}, "results": {"HS": [0, 2, 5, 2, 4, 1, 2, 6, 2, 1, 5, 5, 4, 1, 1, 2, 1, 1, 2, 1, 2, 2, 6, 2, 1, 2, 2, 1, 2, 1, 1, 1, 1, 1, 3, 3, 2, 3, 6, 5, 3, 1, 1, 9, 2, 2, 1, 1, 1, 1, 2, 1, 4, 3, 4, 4, 1, 2, 1, 1, 1, 2, 1, 1, 1, 1, 1, 3, 5, 5, 2, 2, 1, 2, 1, 1, 4, 1, 1, 1, 2, 1, 3, 3, 1, 1, 2, 2, 6, 3, 1, 7, 2, 3, 1, 1, 1, 2, 1, 1, 2, 5, 1, 2, 1, 2, 1, 2, 2, 2, 2], "HS_greedy": [0, 0, 0, 0, 0, 0, 0, 0, 0, 0, 0, 0, 0, 0, 0, 0, 0, 0, 0, 0, 0, 0, 0, 0, 0, 0, 0, 0, 0, 0, 0, 0, 0, 0, 0, 0, 0, 0, 0, 0, 0, 0, 0, 0, 0, 0, 0, 0, 0, 0, 0, 0, 0, 0, 0, 0, 0, 0, 0, 0, 0, 0, 0, 0, 0, 0, 0, 0, 0, 0, 0, 0, 0, 0, 0, 0, 0, 0, 0, 0, 0, 0, 0, 0, 0, 0, 0, 0, 0, 0, 0, 0, 0, 0, 0, 0, 0, 0, 0, 0, 0, 0, 0, 0, 0, 0, 0, 0, 0, 0, 0], "HS_incr": [0, 16, 75, 20, 45, 0, 19, 89, 8, 0, 62, 65, 27, 0, 0, 5, 0, 0, 13, 0, 13, 7, 67, 5, 0, 16, 17, 0, 14, 0, 0, 0, 0, 0, 19, 25, 11, 43, 38, 60, 36, 0, 0, 39, 23, 18, 0, 0, 0, 0, 10, 0, 27, 16, 34, 34, 0, 7, 0, 0, 0, 7, 0, 0, 0, 0, 0, 12, 58, 16, 17, 10, 0, 10, 0, 0, 13, 0, 0, 0, 8, 0, 4, 19, 0, 0, 14, 11, 35, 12, 0, 15, 2, 21, 0, 0, 0, 9, 0, 0, 16, 33, 0, 4, 0, 10, 0, 5, 12, 5, 4], "HS-opt-time": [0, 0.009096145629882812, 0.218400239944458, 0.22328543663024902, 0.6190845966339111, 0.21272063255310059, 0.34029579162597656, 1.5071508884429932, 0.7174971103668213, 0.5245165824890137, 1.9237163066864014, 2.2057652473449707, 1.642188310623169, 0.5008680820465088, 0.437225341796875, 0.7839415073394775, 0.44983625411987305, 0.7844924926757812, 0.8252854347229004, 0.4603767395019531, 1.1297485828399658, 0.8857824802398682, 2.7928006649017334, 1.0919630527496338, 0.568230152130127, 1.203658103942871, 1.0422868728637695, 0.5725510120391846, 1.0909478664398193, 0.6159532070159912, 0.7010533809661865, 0.5575289726257324, 0.5673587322235107, 0.8163001537322998, 1.6299047470092773, 1.646277666091919, 1.1513161659240723, 1.7496378421783447, 5.925946474075317, 3.5388033390045166, 2.1908528804779053, 0.7552506923675537, 0.7940468788146973, 10.631535053253174, 1.691953420639038, 1.7321538925170898, 0.9942197799682617, 1.0702745914459229, 0.8876259326934814, 0.9404287338256836, 2.12829327583313, 0.8769841194152832, 6.281628131866455, 2.7510695457458496, 3.414912700653076, 3.468339443206787, 0.9441940784454346, 1.7657413482666016, 0.8579416275024414, 0.9176537990570068, 0.9299349784851074, 2.0070478916168213, 0.8258821964263916, 0.8550455570220947, 0.799781084060669, 0.7776222229003906, 0.8267867565155029, 2.3624250888824463, 7.1490747928619385, 4.132323741912842, 4.871740818023682, 5.11514139175415, 2.6852524280548096, 4.814106702804565, 2.416693687438965, 2.4733548164367676, 8.945007085800171, 2.054298162460327, 2.1031501293182373, 2.020512342453003, 4.186555624008179, 2.0952911376953125, 6.229669809341431, 5.895232200622559, 1.8311400413513184, 2.1925265789031982, 3.8978052139282227, 3.9476444721221924, 13.414817810058594, 6.281759738922119, 2.114600658416748, 18.175879955291748, 4.8482794761657715, 7.241288900375366, 2.4542531967163086, 2.2750329971313477, 2.0953404903411865, 4.059293031692505, 2.0633373260498047, 2.187243938446045, 4.234667778015137, 12.4134521484375, 2.350595235824585, 4.84151291847229, 2.3800089359283447, 4.833408355712891, 2.6813104152679443, 4.513299942016602, 4.703009366989136, 4.20682430267334, 4.233679294586182], "HS-postpone-time": [0, 0.0007238388061523438, 0.003584623336791992, 0.0009908676147460938, 0.0021576881408691406, 0, 0.0010137557983398438, 0.004548311233520508, 0.000362396240234375, 0, 0.003093719482421875, 0.0034177303314208984, 0.0013129711151123047, 0, 0, 0.00020813941955566406, 0, 0, 0.0005903244018554688, 0, 0.0006077289581298828, 0.00036835670471191406, 0.0032074451446533203, 0.00019288063049316406, 0, 0.0008330345153808594, 0.0008366107940673828, 0, 0.000614166259765625, 0, 0, 0, 0, 0, 0.0007860660552978516, 0.0010678768157958984, 0.0004787445068359375, 0.0020456314086914062, 0.0018351078033447266, 0.0027589797973632812, 0.001728057861328125, 0, 0, 0.0018846988677978516, 0.001077413558959961, 0.0008959770202636719, 0, 0, 0, 0, 0.00046253204345703125, 0, 0.0012431144714355469, 0.0006110668182373047, 0.0014066696166992188, 0.0014777183532714844, 0, 0.0002620220184326172, 0, 0, 0, 0.00029206275939941406, 0, 0, 0, 0, 0, 0.00045752525329589844, 0.0026285648345947266, 0.0006074905395507812, 0.0007188320159912109, 0.0003972053527832031, 0, 0.0003685951232910156, 0, 0, 0.0004889965057373047, 0, 0, 0, 0.00027298927307128906, 0, 0.00011968612670898438, 0.0006978511810302734, 0, 0, 0.0004761219024658203, 0.00037097930908203125, 0.001219034194946289, 0.0003979206085205078, 0, 0.0006427764892578125, 5.698204040527344e-05, 0.0007855892181396484, 0, 0, 0, 0.0003044605255126953, 0, 0, 0.0005800724029541016, 0.0011229515075683594, 0, 0.0001456737518310547, 0, 0.00035858154296875, 0, 0.00015044212341308594, 0.00041556358337402344, 0.00013446807861328125, 0.00017142295837402344], "SAT-time": [0.23295187950134277, 0.1365652084350586, 0.6409313678741455, 0.15902209281921387, 0.3875911235809326, 0.002745389938354492, 0.15132999420166016, 0.7852411270141602, 0.057628631591796875, 0.002755880355834961, 0.5381855964660645, 0.5796418190002441, 0.22842049598693848, 0.0028219223022460938, 0.001224517822265625, 0.03792119026184082, 0.0011954307556152344, 0.002764463424682617, 0.10133552551269531, 0.002794027328491211, 0.10303449630737305, 0.0544130802154541, 0.6126649379730225, 0.038027048110961914, 0.0011553764343261719, 0.13079571723937988, 0.13871407508850098, 0.002767801284790039, 0.11707401275634766, 0.002780437469482422, 0.0011820793151855469, 0.002709627151489258, 0.001157522201538086, 0.002679586410522461, 0.15737104415893555, 0.21350359916687012, 0.08985495567321777, 0.387096643447876, 0.3482699394226074, 0.5639519691467285, 0.32785773277282715, 0.0027468204498291016, 0.0012290477752685547, 0.373140811920166, 0.20359015464782715, 0.15917348861694336, 0.0012447834014892578, 0.002710103988647461, 0.0011844635009765625, 0.002779245376586914, 0.08418560028076172, 0.0028972625732421875, 0.2452530860900879, 0.13821959495544434, 0.31342458724975586, 0.3187375068664551, 0.0012331008911132812, 0.05825352668762207, 0.0012555122375488281, 0.0027992725372314453, 0.0012288093566894531, 0.05877208709716797, 0.0011708736419677734, 0.002779245376586914, 0.0011813640594482422, 0.002840280532836914, 0.0012140274047851562, 0.10463929176330566, 0.5540215969085693, 0.14705228805541992, 0.15275359153747559, 0.08840012550354004, 0.0012586116790771484, 0.08462119102478027, 0.0011780261993408203, 0.002816438674926758, 0.11231684684753418, 0.0029098987579345703, 0.0012354850769042969, 0.0028095245361328125, 0.06642484664916992, 0.0028667449951171875, 0.03137660026550293, 0.17358922958374023, 0.0012576580047607422, 0.002794504165649414, 0.12249374389648438, 0.09731793403625488, 0.32644152641296387, 0.10587406158447266, 0.0013000965118408203, 0.13762521743774414, 0.016209125518798828, 0.2006082534790039, 0.0011987686157226562, 0.002856016159057617, 0.0012333393096923828, 0.07811737060546875, 0.0012116432189941406, 0.002782106399536133, 0.14557981491088867, 0.3185160160064697, 0.0012631416320800781, 0.03377103805541992, 0.0012412071228027344, 0.08988523483276367, 0.0012578964233398438, 0.04326891899108887, 0.10862064361572266, 0.04514908790588379, 0.033475637435913086],