{"config": {"preseeding": false, "sat-polarity": true, "sat-polarity-initial": true, "postpone_opt": true, "postpone_opt_incr": true, "postpone_opt_greedy": true, "grow": true, "grow_sat": false, "grow_subset_maximal": false, "grow_maxsat": true, "maxsat_polarities": true, "grow_maxsat_full_pos": false, "grow_maxsat_full_inv": false, "grow_maxsat_full_unif": false, "grow_maxsat_initial_pos": false, "grow_maxsat_initial_inv": false, "grow_maxsat_initial_unif": false, "grow_maxsat_actual_pos": false, "grow_maxsat_actual_unif": false, "grow_maxsat_actual_inv": true, "timeout": 7200, "instance": "p18", "output": "/data/brussel/101/vsc10143/OUSResults/experiment4/2021011320/20210113205452263634.json"}, "results": {"HS": [0, 2, 2, 1, 1, 1, 1, 1, 1, 1, 1, 1, 1, 1, 1, 1, 1, 1, 1, 1, 1, 1, 2, 1, 1, 1, 1, 1, 1, 1, 1, 1, 1, 1, 1, 1, 1, 1, 2, 1, 1, 1, 1, 1, 2, 1, 1, 1, 1, 1, 1, 1, 1, 1, 2, 1, 1, 1, 1, 1, 1, 1, 1, 1, 1, 1, 1, 1, 1, 1, 1, 1, 3, 1, 1, 1, 1, 1, 2, 1, 1, 1, 1, 1, 2, 1, 1, 1, 1, 1, 1, 1, 1, 1, 1, 1, 1, 1, 1, 2, 1, 1, 1, 1, 1, 2, 1, 1, 1, 1, 1, 1, 1, 1], "HS_greedy": [0, 10, 73, 0, 0, 0, 0, 0, 0, 0, 0, 0, 0, 0, 0, 0, 0, 0, 0, 0, 0, 0, 81, 0, 0, 0, 0, 0, 0, 0, 0, 0, 0, 0, 0, 0, 0, 0, 54, 0, 0, 0, 0, 0, 84, 0, 0, 0, 0, 0, 0, 0, 0, 0, 89, 0, 0, 0, 0, 0, 0, 0, 0, 0, 0, 0, 0, 0, 0, 0, 0, 0, 58, 0, 0, 0, 0, 0, 55, 0, 0, 0, 0, 0, 35, 0, 0, 0, 0, 0, 0, 0, 0, 0, 0, 0, 0, 0, 0, 40, 0, 0, 0, 0, 0, 52, 0, 0, 0, 0, 0, 0, 0, 0], "HS_incr": [0, 189, 2173, 0, 0, 0, 0, 0, 0, 0, 0, 0, 0, 0, 0, 0, 0, 0, 0, 0, 0, 0, 1570, 0, 0, 0, 0, 0, 0, 0, 0, 0, 0, 0, 0, 0, 0, 0, 773, 0, 0, 0, 0, 0, 1055, 0, 0, 0, 0, 0, 0, 0, 0, 0, 1078, 0, 0, 0, 0, 0, 0, 0, 0, 0, 0, 0, 0, 0, 0, 0, 0, 0, 588, 0, 0, 0, 0, 0, 371, 0, 0, 0, 0, 0, 292, 0, 0, 0, 0, 0, 0, 0, 0, 0, 0, 0, 0, 0, 0, 179, 0, 0, 0, 0, 0, 186, 0, 0, 0, 0, 0, 0, 0, 0], "HS-opt-time": [0, 0.20836663246154785, 13.233588695526123, 8.716867446899414, 9.128318548202515, 13.520768404006958, 8.734819650650024, 9.18196415901184, 8.35679817199707, 13.082200050354004, 8.97515058517456, 9.315560817718506, 8.822727680206299, 8.877227544784546, 8.686724662780762, 8.48036503791809, 8.901930570602417, 9.133888721466064, 9.18983793258667, 9.194478511810303, 17.12754511833191, 9.776063442230225, 16.260900259017944, 5.4422290325164795, 5.877768516540527, 4.804807901382446, 5.440217733383179, 4.632339954376221, 4.669539928436279, 5.212821960449219, 4.455536842346191, 7.057659864425659, 4.188143253326416, 8.677248239517212, 4.609534978866577, 4.30543327331543, 3.2273778915405273, 3.026296377182007, 15.905046701431274, 4.951143741607666, 5.3491904735565186, 7.0090577602386475, 6.949875116348267, 12.28805136680603, 9.218623399734497, 5.9362571239471436, 6.090254306793213, 5.3966381549835205, 5.186880111694336, 8.621817350387573, 7.809133052825928, 7.741070747375488, 9.565146684646606, 6.70142674446106, 23.966857194900513, 6.596257448196411, 6.635986566543579, 7.26899266242981, 7.293180704116821, 6.558382272720337, 6.291048288345337, 5.829065322875977, 5.790994167327881, 5.54548716545105, 5.6355674266815186, 5.792804956436157, 5.553510904312134, 6.36491322517395, 5.140434980392456, 4.94898796081543, 4.60767674446106, 4.208714962005615, 21.344119548797607, 6.652795791625977, 7.620643377304077, 7.687051296234131, 7.377226829528809, 7.23425817489624, 13.119593858718872, 6.014295339584351, 6.281286239624023, 4.436979293823242, 4.322460889816284, 6.375073671340942, 8.772120237350464, 4.493156433105469, 4.536216497421265, 4.460535287857056, 4.5563132762908936, 4.571861267089844, 4.4574267864227295, 5.222309112548828, 5.244451999664307, 5.845761775970459, 5.749491453170776, 6.1324639320373535, 5.947000026702881, 5.860727548599243, 4.785897493362427, 8.872011423110962, 4.33922266960144, 4.394920825958252, 4.33540678024292, 4.579316139221191, 4.728228807449341, 8.355583429336548, 4.336883068084717, 4.0497753620147705, 4.041069507598877, 4.316300392150879, 4.272338390350342, 4.0702550411224365, 4.0339601039886475, 4.017355442047119], "HS-postpone-time": [0, 0.040216922760009766, 2.9088754653930664, 0, 0, 0, 0, 0, 0, 0, 0, 0, 0, 0, 0, 0, 0, 0, 0, 0, 0, 0, 1.683412790298462, 0, 0, 0, 0, 0, 0, 0, 0, 0, 0, 0, 0, 0, 0, 0, 0.4959537982940674, 0, 0, 0, 0, 0, 0.9130227565765381, 0, 0, 0, 0, 0, 0, 0, 0, 0, 0.8805649280548096, 0, 0, 0, 0, 0, 0, 0, 0, 0, 0, 0, 0, 0, 0, 0, 0, 0, 0.2480335235595703, 0, 0, 0, 0, 0, 0.11680126190185547, 0, 0, 0, 0, 0, 0.0639803409576416, 0, 0, 0, 0, 0, 0, 0, 0, 0, 0, 0, 0, 0, 0, 0.03449821472167969, 0, 0, 0, 0, 0, 0.04369664192199707, 0, 0, 0, 0, 0, 0, 0, 0], "SAT-time": [0, 1.616105318069458, 19.840534687042236, 0.0030090808868408203, 0.0012598037719726562, 0.003126382827758789, 0.0012619495391845703, 0.0032181739807128906, 0.0013473033905029297, 0.0031092166900634766, 0.0013170242309570312, 0.003133535385131836, 0.0012717247009277344, 0.0032317638397216797, 0.0012845993041992188, 0.0032227039337158203, 0.0013079643249511719, 0.003361225128173828, 0.0013098716735839844, 0.0032477378845214844, 0.0013206005096435547, 0.0032176971435546875, 14.75803804397583, 0.003312349319458008, 0.0013039112091064453, 0.001367330551147461, 0.0035979747772216797, 0.0013494491577148438, 0.0033774375915527344, 0.0013666152954101562, 0.0033109188079833984, 0.0012974739074707031, 0.0034584999084472656, 0.0012974739074707031, 0.0034203529357910156, 0.0013167858123779297, 0.0035490989685058594, 0.0013802051544189453, 7.308798313140869, 0.0013604164123535156, 0.0013375282287597656, 0.003548860549926758, 0.0014204978942871094, 0.0035295486450195312, 10.016863822937012, 0.0013422966003417969, 0.003475666046142578, 0.0013964176177978516, 0.0035130977630615234, 0.0014412403106689453, 0.0034117698669433594, 0.0013096332550048828, 0.0013110637664794922, 0.0033173561096191406, 10.137900829315186, 0.0012927055358886719, 0.0033113956451416016, 0.0014917850494384766, 0.003572702407836914, 0.0013725757598876953, 0.0013070106506347656, 0.0034308433532714844, 0.0014569759368896484, 0.0014851093292236328, 0.0035915374755859375, 0.0013039112091064453, 0.0013399124145507812, 0.003409147262573242, 0.0014958381652832031, 0.0015406608581542969, 0.0036554336547851562, 0.00131988525390625, 5.5603015422821045, 0.003560781478881836, 0.0014023780822753906, 0.0013957023620605469, 0.0036292076110839844, 0.0015633106231689453, 3.5858569145202637, 0.0038611888885498047, 0.0016236305236816406, 0.0015976428985595703, 0.00368499755859375, 0.0015568733215332031, 2.780945301055908, 0.003788471221923828, 0.00171661376953125, 0.001522064208984375, 0.0014598369598388672, 0.003697633743286133, 0.0016605854034423828, 0.0014522075653076172, 0.0014684200286865234, 0.0037147998809814453, 0.001734018325805664, 0.0015308856964111328, 0.0038003921508789062, 0.0017578601837158203, 0.0015692710876464844, 1.6988818645477295, 0.0014836788177490234, 0.0015201568603515625, 0.0037653446197509766, 0.0015337467193603516, 0.0014727115631103516, 1.7351253032684326, 0.003882169723510742, 0.0014920234680175781, 0.0015506744384765625, 0.003974199295043945, 0.001653432846069336, 0.0015206336975097656, 0.0015430450439453125, 0.00390625], "grow-time": [0, 33.92422962188721, 624.3739659786224, 0, 0, 0, 0, 0, 0, 0, 0, 0, 0, 0, 0, 0, 0, 0, 0, 0, 0, 0, 2125.7405626773834, 0, 0, 0, 0, 0, 0, 0, 0, 0, 0, 0, 0, 0, 0, 0, 297.03199648857117, 0, 0, 0, 0, 0, 1187.5931341648102, 0, 0, 0, 0, 0, 0, 0, 0, 0, 183.3863229751587, 0, 0, 0, 0, 0, 0, 0, 0, 0, 0, 0, 0, 0, 0, 0, 0, 0, 114.7138409614563, 0, 0, 0, 0, 0, 59.45857381820679, 0, 0, 0, 0, 0, 55.73523497581482, 0, 0, 0, 0, 0, 0, 0, 0, 0, 0, 0, 0, 0, 0, 28.29628086090088, 0, 0, 0, 0, 0, 46.78360676765442, 0, 0, 0, 0, 0, 0, 0, 0], "#expl": 113, "expl_seq": [{"constraints": [32165], "derived": [-30487]}, {"constraints": [32167], "derived": [30540]}, {"constraints": [30635, 30540], "derived": [-30544, -30543, -30542, -30541]}, {"constraints": [30633, 30540], "derived": [-30535, -30525, -30530, -30545]}, {"constraints": [32161], "derived": [30481]}, {"constraints": [30481, 30627],