{"config": {"preseeding": true, "sat-polarity": true, "sat-polarity-initial": false, "postpone_opt": true, "postpone_opt_incr": true, "postpone_opt_greedy": true, "grow": true, "grow_sat": false, "grow_subset_maximal": false, "grow_maxsat": true, "maxsat_polarities": true, "grow_maxsat_full_pos": false, "grow_maxsat_full_inv": false, "grow_maxsat_full_unif": false, "grow_maxsat_initial_pos": false, "grow_maxsat_initial_inv": false, "grow_maxsat_initial_unif": false, "grow_maxsat_actual_pos": false, "grow_maxsat_actual_unif": false, "grow_maxsat_actual_inv": true, "timeout": 7200, "instance": "p18", "output": "/data/brussel/101/vsc10143/OUSResults/experiment4/2021011320/20210113205452264651.json"}, "results": {"HS": [0, 2, 1, 3, 1, 1, 1, 2, 1, 1, 1, 2, 1, 1, 1, 1, 1, 1, 1, 1, 1, 1, 1, 1, 1, 1, 1, 1, 1, 1, 1, 1], "HS_greedy": [0, 16, 0, 17, 0, 0, 0, 57, 0, 0, 0, 112, 0, 0, 0, 0, 0, 0, 0, 0, 0, 0, 0, 0, 0, 0, 0, 0, 0, 0, 0, 74], "HS_incr": [0, 362, 0, 330, 0, 0, 0, 1363, 0, 0, 0, 2041, 0, 0, 0, 0, 0, 0, 0, 0, 0, 0, 0, 0, 0, 0, 0, 0, 0, 0, 0, 1260], "HS-opt-time": [0, 0.8971517086029053, 0.9382870197296143, 5.627938270568848, 2.542039632797241, 3.748699188232422, 2.571929693222046, 13.902679681777954, 15.008641719818115, 15.82168173789978, 11.989075183868408, 16.741350173950195, 6.7271997928619385, 4.087289571762085, 4.959749460220337, 4.650414228439331, 5.000008583068848, 8.645840406417847, 7.383684158325195, 7.672881364822388, 9.892165184020996, 5.01657247543335, 4.372865438461304, 4.510913848876953, 5.037312269210815, 4.057528495788574, 4.602766752243042, 4.146583318710327, 4.4756553173065186, 4.4101362228393555, 3.7292537689208984, 2.6974873542785645], "HS-postpone-time": [0, 0.11095094680786133, 0, 0.09880375862121582, 0, 0, 0, 1.194847583770752, 0, 0, 0, 3.613314390182495, 0, 0, 0, 0, 0, 0, 0, 0, 0, 0, 0, 0, 0, 0, 0, 0, 0, 0, 0, 1.077805519104004], "SAT-time": [0.41843342781066895, 6.869989395141602, 0.0014462471008300781, 6.328847169876099, 0.0015337467193603516, 0.0015273094177246094, 0.0032796859741210938, 27.438560485839844, 0.003541231155395508, 0.0015652179718017578, 0.0033957958221435547, 39.58816480636597, 0.0015606880187988281, 0.003415822982788086, 0.0016548633575439453, 0.001556396484375, 0.0034160614013671875, 0.0015997886657714844, 0.0016522407531738281, 0.0035181045532226562, 0.001649618148803711, 0.0034644603729248047, 0.0016248226165771484, 0.0033903121948242188, 0.0016326904296875, 0.003337860107421875, 0.001653432846069336, 0.003359079360961914, 0.0016069412231445312, 0.003325223922729492, 0.0016617774963378906, 22.563403606414795], "grow-time": [6.49321722984314, 179.43474173545837, 0, 159.25727891921997, 0, 0, 0, 1365.5706622600555, 0, 0, 0, 2700.574211835861, 0, 0, 0, 0, 0, 0, 0, 0, 0, 0, 0, 0, 0, 0, 0, 0, 0, 0, 0, 2016.6369888782501], "#expl": 30, "expl_seq": [{"constraints": [72797], "derived": [-71119]}, {"constraints": [72793], "derived": [71113]}, {"constraints": [71257, 71113], "derived": [-71128, -71118, -71108, -71123]}, {"constraints": [71113, 71259], "derived": [-71112, -71116, -71115, -71114]}, {"constraints": [72799], "derived": [71172]}, {"constraints": [71267, 71172], "derived": [-71176, -71175, -71174, -71173]}, {"constraints": [71265, 71172], "derived": [-71167, -71157, -71162, -71177]}, {"constraints": [-71123, 71284, 71172], "derived": [-71237]}, {"constraints": [72802, -71162], "derived": [71165]}, {"constraints": [71267, 71165], "derived": [-71166, -71164, -71163]}, {"constraints": [71265, 71165], "derived": [-71160, -71180, -71170]}, {"constraints": [71113, -71163, 71285], "derived": [-71238]}, {"constraints": [-71112, 71284, 71165], "derived": [-71235]}, {"constraints": [71284, 71165, -71116], "derived": [-71255]}, {"constraints": [-71115, 71284, 71165], "derived": [-71250]}, {"constraints": [71113, -71164, 71285], "derived": [-71239]}, {"constraints": [71113, -71166, 71285], "derived": [-71241]}, {"constraints": [71284, 71165, -71114], "derived": [-71245]}, {"constraints": [71113, 71165, 71286], "derived": [71240]}, {"constraints": [-71167, 72802, -71162, -71157, -71177], "derived": [71148]}, {"constraints": [71148, 71263], "derived": [-71151, -71150, -71149, -71147]}, {"constraints": [71148, 71261], "derived": [-71143, -71133, -71138, -71153]}, {"constraints": [-71151, 71172, 71287], "derived": [-71202]}, {"constraints": [71172, -71147, 71287], "derived": [-71182]}, {"constraints": [71288, -71175, 71148], "derived": [-71190]}, {"constraints": [71288, -71176, 71148], "derived": [-71191]}, {"constraints": [71288, -71173, 71148], "derived": [-71188]}, {"constraints": [-71149, 71172, 71287], "derived": [-71192]}, {"constraints": [71240, 71290, -71190], "derived": [-71213]}, {"constraints": [71288, -71174, 71148], "derived": [-71189]}], "OUS-time": [0, 188.86922335624695, 0.9410240650177002, 172.75743341445923, 2.544607162475586, 3.751220703125, 2.5767478942871094, 1414.0807492733002, 15.013234615325928, 15.825395107269287, 11.994842529296875, 2768.784364938736, 6.729841232299805, 4.092033863067627, 4.962712287902832, 4.653026580810547, 5.004457950592041, 8.648527145385742, 7.388053894042969, 7.677942276000977, 9.895554780960083, 5.022646188735962, 4.375755548477173, 4.515496015548706, 5.040119409561157, 4.062151670455933, 4.6057538986206055, 4.151144981384277, 4.478336811065674, 4.414586305618286, 3.731950283050537, 0], "timeout": true}}