{"config": {"preseeding": true, "sat-polarity": true, "sat-polarity-initial": false, "postpone_opt": false, "postpone_opt_incr": false, "postpone_opt_greedy": false, "grow": true, "grow_sat": false, "grow_subset_maximal": false, "grow_maxsat": true, "maxsat_polarities": true, "grow_maxsat_full_pos": false, "grow_maxsat_full_inv": false, "grow_maxsat_full_unif": false, "grow_maxsat_initial_pos": false, "grow_maxsat_initial_inv": false, "grow_maxsat_initial_unif": false, "grow_maxsat_actual_pos": false, "grow_maxsat_actual_unif": false, "grow_maxsat_actual_inv": true, "timeout": 7200, "instance": "p18", "output": "/data/brussel/101/vsc10143/OUSResults/experiment4/2021011320/20210113205452263831.json"}, "results": {"HS": [0, 21, 12, 4, 5, 1, 4, 5, 7, 6, 15, 7, 4, 4, 4, 1, 1, 2, 3, 1, 14, 4, 14, 1, 1, 8, 1, 2, 2, 1, 1, 2, 1, 10, 2, 7, 3, 6, 9, 2, 10, 1, 1, 15, 6, 4, 3, 3, 3, 1, 4, 3, 7, 3, 10, 9, 5, 9, 3, 1, 1, 2, 2, 1, 3, 2, 3, 5, 1, 1, 4, 1, 11, 2, 9, 2, 2, 1, 12, 1, 1, 3, 3, 3, 2, 2, 3, 1, 1, 4, 1, 4, 1, 2, 2, 3, 1, 5, 2, 15, 9, 3, 3, 2, 2, 4, 1, 8, 1, 3, 1, 4, 1, 9, 3, 1], "HS_greedy": [0, 0, 0, 0, 0, 0, 0, 0, 0, 0, 0, 0, 0, 0, 0, 0, 0, 0, 0, 0, 0, 0, 0, 0, 0, 0, 0, 0, 0, 0, 0, 0, 0, 0, 0, 0, 0, 0, 0, 0, 0, 0, 0, 0, 0, 0, 0, 0, 0, 0, 0, 0, 0, 0, 0, 0, 0, 0, 0, 0, 0, 0, 0, 0, 0, 0, 0, 0, 0, 0, 0, 0, 0, 0, 0, 0, 0, 0, 0, 0, 0, 0, 0, 0, 0, 0, 0, 0, 0, 0, 0, 0, 0, 0, 0, 0, 0, 0, 0, 0, 0, 0, 0, 0, 0, 0, 0, 0, 0, 0, 0, 0, 0, 0, 0, 0], "HS_incr": [0, 0, 0, 0, 0, 0, 0, 0, 0, 0, 0, 0, 0, 0, 0, 0, 0, 0, 0, 0, 0, 0, 0, 0, 0, 0, 0, 0, 0, 0, 0, 0, 0, 0, 0, 0, 0, 0, 0, 0, 0, 0, 0, 0, 0, 0, 0, 0, 0, 0, 0, 0, 0, 0, 0, 0, 0, 0, 0, 0, 0, 0, 0, 0, 0, 0, 0, 0, 0, 0, 0, 0, 0, 0, 0, 0, 0, 0, 0, 0, 0, 0, 0, 0, 0, 0, 0, 0, 0, 0, 0, 0, 0, 0, 0, 0, 0, 0, 0, 0, 0, 0, 0, 0, 0, 0, 0, 0, 0, 0, 0, 0, 0, 0, 0, 0], "HS-opt-time": [0, 0.3450045585632324, 0.9241847991943359, 0.10970830917358398, 0.12100815773010254, 0.05879998207092285, 0.1249244213104248, 0.17436861991882324, 0.2623934745788574, 0.4768862724304199, 0.764312744140625, 0.31986236572265625, 0.23196673393249512, 0.2673017978668213, 0.21775364875793457, 0.05837845802307129, 0.06607651710510254, 0.09798264503479004, 0.1758439540863037, 0.09022259712219238, 1.4756684303283691, 0.3158254623413086, 1.0341331958770752, 0.10411357879638672, 0.10904479026794434, 0.7016732692718506, 0.08595824241638184, 0.13649725914001465, 0.14464044570922852, 0.11678338050842285, 0.1246790885925293, 0.14647650718688965, 0.11828184127807617, 1.4754657745361328, 0.15094876289367676, 0.506162166595459, 0.26060032844543457, 0.6649808883666992, 1.5427265167236328, 0.19940185546875, 0.9492192268371582, 0.16496586799621582, 0.10391831398010254, 2.968050479888916, 0.622833251953125, 0.47380995750427246, 0.38888072967529297, 0.38456130027770996, 0.29024171829223633, 0.11656999588012695, 0.4051995277404785, 0.34065723419189453, 1.7960891723632812, 0.362351655960083, 3.6449522972106934, 1.1893975734710693, 0.6144497394561768, 2.039252519607544, 0.4001038074493408, 0.19437241554260254, 0.18900585174560547, 0.27670812606811523, 0.32154083251953125, 0.16492056846618652, 0.3980526924133301, 0.28441429138183594, 0.44878673553466797, 0.6623268127441406, 0.14496707916259766, 0.13992571830749512, 0.6095507144927979, 0.16103482246398926, 2.181605339050293, 0.2929201126098633, 1.2183377742767334, 0.35954999923706055, 0.3568611145019531, 0.16559505462646484, 2.3483738899230957, 0.19097495079040527, 0.17162847518920898, 0.4835948944091797, 0.525263786315918, 0.5685429573059082, 0.35634803771972656, 0.26528286933898926, 0.40172314643859863, 0.16536474227905273, 0.15998029708862305, 0.5300238132476807, 0.12673592567443848, 0.6614835262298584, 0.13609743118286133, 0.29070305824279785, 0.35547590255737305, 0.4191713333129883, 0.13498640060424805, 0.7569317817687988, 0.31212878227233887, 2.6640164852142334, 2.021942615509033, 0.5257487297058105, 0.4799628257751465, 0.35991477966308594, 0.42528653144836426, 0.6553301811218262, 0.17479538917541504, 1.4545819759368896, 0.15329718589782715, 0.5491149425506592, 0.16515374183654785, 0.639070987701416, 0.15747666358947754, 1.4698338508605957, 0.45905303955078125, 0.13367795944213867], "HS-postpone-time": [0, 0, 0, 0, 0, 0, 0, 0, 0, 0, 0, 0, 0, 0, 0, 0, 0, 0, 0, 0, 0, 0, 0, 0, 0, 0, 0, 0, 0, 0, 0, 0, 0, 0, 0, 0, 0, 0, 0, 0, 0, 0, 0, 0, 0, 0, 0, 0, 0, 0, 0, 0, 0, 0, 0, 0, 0, 0, 0, 0, 0, 0, 0, 0, 0, 0, 0, 0, 0, 0, 0, 0, 0, 0, 0, 0, 0, 0, 0, 0, 0, 0, 0, 0, 0, 0, 0, 0, 0, 0, 0, 0, 0, 0, 0, 0, 0, 0, 0, 0, 0, 0, 0, 0, 0, 0, 0, 0, 0, 0, 0, 0, 0, 0, 0, 0], "SAT-time": [0.3870995044708252, 0.2807762622833252, 0.12471151351928711, 0.03520035743713379, 0.04519343376159668, 0.0031609535217285156, 0.03383064270019531, 0.0450291633605957, 0.06838274002075195, 0.05875658988952637, 0.169752836227417, 0.06966710090637207, 0.03467059135437012, 0.03696942329406738, 0.03476905822753906, 0.0029938220977783203, 0.0013904571533203125, 0.014193296432495117, 0.0228731632232666, 0.002928018569946289, 0.1609787940979004, 0.035912513732910156, 0.16270732879638672, 0.0029878616333007812, 0.001398324966430664, 0.08292078971862793, 0.0014629364013671875, 0.014433622360229492, 0.012674570083618164, 0.0029642581939697266, 0.0014290809631347656, 0.014290571212768555, 0.0013811588287353516, 0.10696744918823242, 0.012430906295776367, 0.07106232643127441, 0.022012948989868164, 0.058870792388916016, 0.09186458587646484, 0.013702630996704102, 0.10551333427429199, 0.0030164718627929688, 0.0014274120330810547, 0.17648530006408691, 0.0580594539642334, 0.03563666343688965, 0.022162914276123047, 0.023905515670776367, 0.02279186248779297, 0.002993345260620117, 0.03519749641418457, 0.024936914443969727, 0.06972241401672363, 0.02429938316345215, 0.10859560966491699, 0.09751081466674805, 0.04655003547668457, 0.09899711608886719, 0.0227663516998291, 0.0030088424682617188, 0.0014643669128417969, 0.015457868576049805, 0.013527154922485352, 0.0030584335327148438, 0.023844480514526367, 0.014765501022338867, 0.023099660873413086, 0.05028367042541504, 0.0014333724975585938, 0.0031490325927734375, 0.0357973575592041, 0.003081798553466797, 0.1280674934387207, 0.015521764755249023, 0.09990882873535156, 0.015424489974975586, 0.013762950897216797, 0.0030684471130371094, 0.14101147651672363, 0.003033876419067383, 0.0014414787292480469, 0.02544260025024414, 0.023968935012817383, 0.02519059181213379, 0.014327526092529297, 0.01519632339477539, 0.024167776107788086, 0.003098011016845703, 0.0014600753784179688, 0.03935527801513672, 0.0014712810516357422, 0.03887438774108887, 0.0014743804931640625, 0.015984535217285156, 0.013455390930175781, 0.025180578231811523, 0.0014805793762207031, 0.05127573013305664, 0.014486551284790039, 0.19557690620422363, 0.10147762298583984, 0.02519369125366211, 0.0235750675201416, 0.014487981796264648, 0.013128995895385742, 0.03807473182678223, 0.0014612674713134766, 0.0891413688659668, 0.0014514923095703125, 0.02454352378845215, 0.0015382766723632812, 0.037302494049072266, 0.0014529228210449219, 0.1040349006652832, 0.023485660552978516, 0.0030977725982666016],