{"config": {"preseeding": false, "sat-polarity": true, "sat-polarity-initial": false, "postpone_opt": false, "postpone_opt_incr": false, "postpone_opt_greedy": false, "grow": true, "grow_sat": false, "grow_subset_maximal": false, "grow_maxsat": true, "maxsat_polarities": true, "grow_maxsat_full_pos": false, "grow_maxsat_full_inv": false, "grow_maxsat_full_unif": false, "grow_maxsat_initial_pos": false, "grow_maxsat_initial_inv": false, "grow_maxsat_initial_unif": false, "grow_maxsat_actual_pos": false, "grow_maxsat_actual_unif": false, "grow_maxsat_actual_inv": true, "timeout": 7200, "instance": "p18", "output": "/data/brussel/101/vsc10143/OUSResults/experiment4/2021011320/20210113205452262672.json"}, "results": {"HS": [0, 56, 7, 4, 5, 2, 5, 7, 3, 10, 8, 7, 5, 1, 1, 7, 2, 1, 3, 1, 12, 6, 8, 5, 5, 2, 2, 1, 3, 3, 1, 1, 2, 12, 1, 7, 5, 6, 9, 3, 7, 2, 2, 17, 6, 5, 3, 2, 1, 3, 1, 1, 4, 2, 8, 5, 7, 6, 4, 7, 3, 2, 1, 2, 10, 1, 1, 1, 1, 1, 2, 1, 9, 2, 8, 3, 2, 2, 11, 4, 3, 1, 1, 2, 4, 3, 2, 1, 9, 2, 3, 3, 3, 7, 5, 5, 1, 3, 3, 5, 3, 2, 1, 1, 2, 1, 7, 3, 5, 4, 1, 1, 2, 13, 1, 1], "HS_greedy": [0, 0, 0, 0, 0, 0, 0, 0, 0, 0, 0, 0, 0, 0, 0, 0, 0, 0, 0, 0, 0, 0, 0, 0, 0, 0, 0, 0, 0, 0, 0, 0, 0, 0, 0, 0, 0, 0, 0, 0, 0, 0, 0, 0, 0, 0, 0, 0, 0, 0, 0, 0, 0, 0, 0, 0, 0, 0, 0, 0, 0, 0, 0, 0, 0, 0, 0, 0, 0, 0, 0, 0, 0, 0, 0, 0, 0, 0, 0, 0, 0, 0, 0, 0, 0, 0, 0, 0, 0, 0, 0, 0, 0, 0, 0, 0, 0, 0, 0, 0, 0, 0, 0, 0, 0, 0, 0, 0, 0, 0, 0, 0, 0, 0, 0, 0], "HS_incr": [0, 0, 0, 0, 0, 0, 0, 0, 0, 0, 0, 0, 0, 0, 0, 0, 0, 0, 0, 0, 0, 0, 0, 0, 0, 0, 0, 0, 0, 0, 0, 0, 0, 0, 0, 0, 0, 0, 0, 0, 0, 0, 0, 0, 0, 0, 0, 0, 0, 0, 0, 0, 0, 0, 0, 0, 0, 0, 0, 0, 0, 0, 0, 0, 0, 0, 0, 0, 0, 0, 0, 0, 0, 0, 0, 0, 0, 0, 0, 0, 0, 0, 0, 0, 0, 0, 0, 0, 0, 0, 0, 0, 0, 0, 0, 0, 0, 0, 0, 0, 0, 0, 0, 0, 0, 0, 0, 0, 0, 0, 0, 0, 0, 0, 0, 0], "HS-opt-time": [0, 0.4620788097381592, 0.4529561996459961, 0.11217641830444336, 0.16128802299499512, 0.13974380493164062, 0.15124917030334473, 0.1917431354522705, 0.1461341381072998, 0.9005160331726074, 0.3902013301849365, 0.3314499855041504, 0.25714778900146484, 0.04783368110656738, 0.05528140068054199, 0.5220706462860107, 0.2185688018798828, 0.14126873016357422, 0.17126107215881348, 0.06557559967041016, 1.9972562789916992, 0.42357444763183594, 0.5178568363189697, 0.5069544315338135, 0.45922350883483887, 0.18850040435791016, 0.14537644386291504, 0.08301758766174316, 0.21622133255004883, 0.21489810943603516, 0.1320481300354004, 0.07324028015136719, 0.21397161483764648, 1.74373197555542, 0.083160400390625, 0.542137622833252, 0.5961315631866455, 0.8484299182891846, 1.8339009284973145, 0.3795356750488281, 0.9608559608459473, 0.2901115417480469, 0.3405494689941406, 6.098798751831055, 0.8096747398376465, 0.6138699054718018, 0.4595522880554199, 0.27518486976623535, 0.12321138381958008, 0.38837647438049316, 0.14164352416992188, 0.22991442680358887, 1.2636215686798096, 0.43480491638183594, 3.079688549041748, 0.806729793548584, 1.0825960636138916, 1.1207849979400635, 0.7444119453430176, 1.4458940029144287, 0.5454065799713135, 0.4108903408050537, 0.20342087745666504, 0.36447572708129883, 1.7780890464782715, 0.18182802200317383, 0.18350982666015625, 0.22837400436401367, 0.16880297660827637, 0.15024900436401367, 0.313887357711792, 0.1965489387512207, 2.0259411334991455, 0.35576343536376953, 1.268169641494751, 0.6329803466796875, 0.4182426929473877, 0.362351655960083, 2.0457565784454346, 0.6725735664367676, 0.518416166305542, 0.2024679183959961, 0.18466520309448242, 0.36890363693237305, 0.6991264820098877, 0.5436651706695557, 0.3414292335510254, 0.15081143379211426, 1.4042916297912598, 0.2989778518676758, 0.5239264965057373, 0.4578406810760498, 0.46126317977905273, 1.3216910362243652, 0.9307734966278076, 0.9802277088165283, 0.2021033763885498, 0.5858364105224609, 0.599031925201416, 0.9627032279968262, 0.575455904006958, 0.3887012004852295, 0.15708136558532715, 0.15510869026184082, 0.32929110527038574, 0.15376877784729004, 1.2313110828399658, 0.6797053813934326, 0.9285314083099365, 0.7995975017547607, 0.1954045295715332, 0.24399852752685547, 0.3611724376678467, 2.466221570968628, 0.15458989143371582, 0.15810275077819824], "HS-postpone-time": [0, 0, 0, 0, 0, 0, 0, 0, 0, 0, 0, 0, 0, 0, 0, 0, 0, 0, 0, 0, 0, 0, 0, 0, 0, 0, 0, 0, 0, 0, 0, 0, 0, 0, 0, 0, 0, 0, 0, 0, 0, 0, 0, 0, 0, 0, 0, 0, 0, 0, 0, 0, 0, 0, 0, 0, 0, 0, 0, 0, 0, 0, 0, 0, 0, 0, 0, 0, 0, 0, 0, 0, 0, 0, 0, 0, 0, 0, 0, 0, 0, 0, 0, 0, 0, 0, 0, 0, 0, 0, 0, 0, 0, 0, 0, 0, 0, 0, 0, 0, 0, 0, 0, 0, 0, 0, 0, 0, 0, 0, 0, 0, 0, 0, 0, 0], "SAT-time": [0, 0.23844075202941895, 0.025960206985473633, 0.012174844741821289, 0.017412900924682617, 0.005822658538818359, 0.017170190811157227, 0.028211593627929688, 0.009100675582885742, 0.04029273986816406, 0.030840158462524414, 0.02883458137512207, 0.017416000366210938, 0.001965761184692383, 0.0007355213165283203, 0.030976533889770508, 0.004690885543823242, 0.0019638538360595703, 0.009194374084472656, 0.002009868621826172, 0.04677581787109375, 0.02249598503112793, 0.029871463775634766, 0.018341541290283203, 0.016706228256225586, 0.005414485931396484, 0.004416704177856445, 0.0019342899322509766, 0.008489847183227539, 0.010269880294799805, 0.0007255077362060547, 0.0019614696502685547, 0.004464626312255859, 0.046857595443725586, 0.000732421875, 0.025937318801879883, 0.016427040100097656, 0.021196365356445312, 0.03318500518798828, 0.009272098541259766, 0.023940086364746094, 0.005908966064453125, 0.0044863224029541016, 0.06630682945251465, 0.019550561904907227, 0.01740097999572754, 0.008104085922241211, 0.0055675506591796875, 0.0007846355438232422, 0.009166717529296875, 0.0007994174957275391, 0.001998424530029297, 0.01198720932006836, 0.0055654048919677734, 0.02927875518798828, 0.01785421371459961, 0.02378392219543457, 0.020947694778442383, 0.0119781494140625, 0.02447056770324707, 0.008491754531860352, 0.005454063415527344, 0.0007708072662353516, 0.005570650100708008, 0.03704261779785156, 0.0020525455474853516, 0.0007798671722412109, 0.002013683319091797, 0.0007851123809814453, 0.0020318031311035156, 0.0044040679931640625, 0.001986980438232422, 0.03320455551147461, 0.005730628967285156, 0.02892470359802246, 0.009457826614379883, 0.0044901371002197266, 0.005989551544189453, 0.04142475128173828, 0.013405084609985352, 0.008629798889160156, 0.002115964889526367, 0.0008394718170166016, 0.005846977233886719, 0.01284646987915039, 0.00989532470703125, 0.004607677459716797, 0.0021452903747558594, 0.03317666053771973, 0.00478053092956543, 0.009813547134399414, 0.00867152214050293, 0.00868678092956543, 0.02740788459777832, 0.01804375648498535, 0.019229650497436523, 0.0009222030639648438, 0.0104217529296875, 0.008893728256225586, 0.017092227935791016, 0.01011967658996582, 0.0047130584716796875, 0.000873565673828125, 0.0021524429321289062, 0.004659414291381836, 0.0008614063262939453, 0.02657485008239746, 0.009229898452758789, 0.018759727478027344, 0.013215303421020508, 0.0008413791656494141, 0.002147674560546875, 0.004754543304443359, 0.050362586975097656, 0.002155303955078125, 0.0008263587951660156],