{"config": {"preseeding": true, "sat-polarity": true, "sat-polarity-initial": false, "postpone_opt": true, "postpone_opt_incr": true, "postpone_opt_greedy": true, "grow": true, "grow_sat": false, "grow_subset_maximal": false, "grow_maxsat": true, "maxsat_polarities": true, "grow_maxsat_full_pos": false, "grow_maxsat_full_inv": false, "grow_maxsat_full_unif": false, "grow_maxsat_initial_pos": false, "grow_maxsat_initial_inv": false, "grow_maxsat_initial_unif": false, "grow_maxsat_actual_pos": false, "grow_maxsat_actual_unif": false, "grow_maxsat_actual_inv": true, "timeout": 7200, "instance": "p18", "output": "/data/brussel/101/vsc10143/OUSResults/experiment4/2021011320/20210113205452264745.json"}, "results": {"HS": [0, 2, 1, 3, 1, 1, 1, 2, 1, 1, 1, 2, 1, 1, 1, 1, 1, 1, 1, 1, 1, 1, 1, 1, 1, 1, 1, 1, 1, 1, 1, 2, 1, 1, 1, 1, 1, 1, 1, 1, 1, 1, 1, 1], "HS_greedy": [0, 16, 0, 17, 0, 0, 0, 57, 0, 0, 0, 112, 0, 0, 0, 0, 0, 0, 0, 0, 0, 0, 0, 0, 0, 0, 0, 0, 0, 0, 0, 84, 0, 0, 0, 0, 0, 0, 0, 0, 0, 0, 0, 39], "HS_incr": [0, 362, 0, 330, 0, 0, 0, 1363, 0, 0, 0, 2041, 0, 0, 0, 0, 0, 0, 0, 0, 0, 0, 0, 0, 0, 0, 0, 0, 0, 0, 0, 1463, 0, 0, 0, 0, 0, 0, 0, 0, 0, 0, 0, 442], "HS-opt-time": [0, 0.8122730255126953, 0.8535864353179932, 3.3536324501037598, 1.4783689975738525, 2.8103809356689453, 1.8012943267822266, 8.811532020568848, 10.311082124710083, 11.124199151992798, 7.629232883453369, 11.942779064178467, 5.973820209503174, 3.7228472232818604, 4.421501159667969, 4.174816131591797, 4.531121015548706, 7.724979400634766, 6.407034397125244, 6.624614000320435, 8.770017862319946, 4.258664608001709, 3.6203725337982178, 3.786240577697754, 4.315392255783081, 3.4662628173828125, 3.955578565597534, 3.492689847946167, 3.7140185832977295, 3.7711384296417236, 3.359332323074341, 5.4618330001831055, 3.3195090293884277, 9.124102115631104, 5.125353574752808, 4.8939478397369385, 3.5633246898651123, 3.0708558559417725, 8.55586552619934, 4.24957275390625, 4.073339462280273, 3.6851613521575928, 6.941802024841309, 10.172285556793213], "HS-postpone-time": [0, 0.10541749000549316, 0, 0.09380769729614258, 0, 0, 0, 1.1275341510772705, 0, 0, 0, 3.3558716773986816, 0, 0, 0, 0, 0, 0, 0, 0, 0, 0, 0, 0, 0, 0, 0, 0, 0, 0, 0, 1.312349796295166, 0, 0, 0, 0, 0, 0, 0, 0, 0, 0, 0, 0.16481375694274902], "SAT-time": [0.3600425720214844, 5.607772350311279, 0.0013470649719238281, 5.100908517837524, 0.0013954639434814453, 0.0013947486877441406, 0.003070831298828125, 23.359862804412842, 0.0031528472900390625, 0.0014481544494628906, 0.003182649612426758, 33.382633686065674, 0.0014393329620361328, 0.0031566619873046875, 0.0014758110046386719, 0.0014531612396240234, 0.003087759017944336, 0.0014576911926269531, 0.0015170574188232422, 0.003113985061645508, 0.0014696121215820312, 0.003125905990600586, 0.0014371871948242188, 0.0031044483184814453, 0.001440286636352539, 0.0031223297119140625, 0.0014646053314208984, 0.0030891895294189453, 0.0014700889587402344, 0.003107309341430664, 0.0014960765838623047, 21.557877779006958, 0.0014417171478271484, 0.0014503002166748047, 0.0031659603118896484, 0.0014071464538574219, 0.001489877700805664, 0.003172159194946289, 0.0014836788177490234, 0.0030846595764160156, 0.0014483928680419922, 0.0032525062561035156, 0.0014867782592773438, 6.101763010025024], "grow-time": [5.978140354156494, 164.84712958335876, 0, 144.7211298942566, 0, 0, 0, 1197.012746334076, 0, 0, 0, 2414.4894676208496, 0, 0, 0, 0, 0, 0, 0, 0, 0, 0, 0, 0, 0, 0, 0, 0, 0, 0, 0, 2624.7600362300873, 0, 0, 0, 0, 0, 0, 0, 0, 0, 0, 0, 200.30364298820496], "#expl": 42, "expl_seq": [{"constraints": [72797], "derived": [-71119]}, {"constraints": [72793], "derived": [71113]}, {"constraints": [71257, 71113], "derived": [-71128, -71118, -71108, -71123]}, {"constraints": [71113, 71259], "derived": [-71112, -71116, -71115, -71114]}, {"constraints": [72799], "derived": [71172]}, {"constraints": [71267, 71172], "derived": [-71176, -71175, -71174, -71173]}, {"constraints": [71265, 71172], "derived": [-71167, -71157, -71162, -71177]}, {"constraints": [-71123, 71284, 71172], "derived": [-71237]}, {"constraints": [72802, -71162], "derived": [71165]}, {"constraints": [71267, 71165], "derived": [-71166, -71164, -71163]}, {"constraints": [71265, 71165], "derived": [-71160, -71180, -71170]}, {"constraints": [71113, -71163, 71285], "derived": [-71238]}, {"constraints": [-71112, 71284, 71165], "derived": [-71235]}, {"constraints": [71284, 71165, -71116], "derived": [-71255]}, {"constraints": [-71115, 71284, 71165], "derived": [-71250]}, {"constraints": [71113, -71164, 71285], "derived": [-71239]}, {"constraints": [71113, -71166, 71285], "derived": [-71241]}, {"constraints": [71284, 71165, -71114], "derived": [-71245]}, {"constraints": [71113, 71165, 71286], "derived": [71240]}, {"constraints": [-71167, 72802, -71162, -71157, -71177], "derived": [71148]}, {"constraints": [71148, 71263], "derived": [-71151, -71150, -71149, -71147]}, {"constraints": [71148, 71261], "derived": [-71143, -71133, -71138, -71153]}, {"constraints": [-71151, 71172, 71287], "derived": [-71202]}, {"constraints": [71172, -71147, 71287], "derived": [-71182]}, {"constraints": [71288, -71175, 71148], "derived": [-71190]}, {"constraints": [71288, -71176, 71148], "derived": [-71191]}, {"constraints": [71288, -71173, 71148], "derived": [-71188]}, {"constraints": [-71149, 71172, 71287], "derived": [-71192]}, {"constraints": [71240, 71290, -71190], "derived": [-71213]}, {"constraints": [71288, -71174, 71148], "derived": [-71189]}, {"constraints": [71289, 71148, 71172], "derived": [71187]}, {"constraints": [71187, 71269], "derived": [-71197]}, {"constraints": [-71190, -71189, -71188, 72795], "derived": [71193]}, {"constraints": [71193, 71269], "derived": [-71183, -71198, -71203]}, {"constraints": [71193, 71271], "derived": [-71196, -71195, -71194]}, {"constraints": [-71195, 71289, 71165], "derived": [-71139]}, {"constraints": [71113, 71282, -71139], "derived": [-71214]}, {"constraints": [-71133, 72794, -71138, -71153, -71174, -71170], "derived": [71169]}, {"constraints": [71169, 71265], "derived": [-71159, -71179]}, {"constraints": [71169, 71267], "derived": [-71168, -71171]}, {"constraints": [71169, 71289, -71194], "derived": [-71144]}, {"constraints": [71169, 71284, -71119], "derived": [-71244]}], "OUS-time": [0, 172.57201027870178, 0.8561539649963379, 154.38978600502014, 1.4807288646697998, 2.812744140625, 1.8057098388671875, 1235.1013939380646, 10.31519627571106, 11.127579927444458, 7.634561538696289, 2470.104478120804, 5.9762585163116455, 3.72724986076355, 4.424155950546265, 4.177248239517212, 4.535132884979248, 7.727422714233398, 6.410876989364624, 6.629140853881836, 8.773019075393677, 4.264043092727661, 3.622978448867798, 3.7904233932495117, 4.317901849746704, 3.4705750942230225, 3.958263874053955, 3.4968831539154053, 3.7164885997772217, 3.775280475616455, 3.3618223667144775, 2657.705612897873, 3.3218672275543213, 9.126691818237305, 5.1311116218566895, 4.896390199661255, 3.565781354904175, 3.07515025138855, 8.558255195617676, 4.254895210266113, 4.075731039047241, 3.689357042312622, 6.9444591999053955, 0], "timeout": true}}