{"config": {"preseeding": false, "sat-polarity": true, "sat-polarity-initial": false, "postpone_opt": false, "postpone_opt_incr": false, "postpone_opt_greedy": false, "grow": true, "grow_sat": false, "grow_subset_maximal": false, "grow_maxsat": true, "maxsat_polarities": true, "grow_maxsat_full_pos": false, "grow_maxsat_full_inv": false, "grow_maxsat_full_unif": false, "grow_maxsat_initial_pos": false, "grow_maxsat_initial_inv": false, "grow_maxsat_initial_unif": false, "grow_maxsat_actual_pos": false, "grow_maxsat_actual_unif": true, "grow_maxsat_actual_inv": false, "timeout": 7200, "instance": "p18", "output": "/data/brussel/101/vsc10143/OUSResults/experiment4/2021011320/20210113205452262663.json"}, "results": {"HS": [0, 59, 4, 3, 2, 2, 4, 7, 4, 6, 9, 9, 3, 2, 3, 4, 5, 1, 16, 7, 13, 2, 1, 1, 2, 3, 3, 2, 7, 1, 2, 11, 2, 4, 3, 5, 11, 5, 5, 2, 2, 14, 5, 2, 3, 1, 1, 5, 1, 1, 10, 1, 8, 3, 4, 1, 5, 2, 1, 4, 4, 3, 1, 4, 2, 7, 4, 1, 1, 2, 8, 3, 2, 9, 1, 1, 3, 2, 2, 3, 1, 1, 1, 2, 4, 2, 1, 2, 1, 4, 2, 3, 6, 2, 10, 3, 2, 4, 5, 1, 1, 1, 3, 1, 1, 5, 3, 7, 3, 1, 2, 1, 9, 5, 1], "HS_greedy": [0, 0, 0, 0, 0, 0, 0, 0, 0, 0, 0, 0, 0, 0, 0, 0, 0, 0, 0, 0, 0, 0, 0, 0, 0, 0, 0, 0, 0, 0, 0, 0, 0, 0, 0, 0, 0, 0, 0, 0, 0, 0, 0, 0, 0, 0, 0, 0, 0, 0, 0, 0, 0, 0, 0, 0, 0, 0, 0, 0, 0, 0, 0, 0, 0, 0, 0, 0, 0, 0, 0, 0, 0, 0, 0, 0, 0, 0, 0, 0, 0, 0, 0, 0, 0, 0, 0, 0, 0, 0, 0, 0, 0, 0, 0, 0, 0, 0, 0, 0, 0, 0, 0, 0, 0, 0, 0, 0, 0, 0, 0, 0, 0, 0, 0], "HS_incr": [0, 0, 0, 0, 0, 0, 0, 0, 0, 0, 0, 0, 0, 0, 0, 0, 0, 0, 0, 0, 0, 0, 0, 0, 0, 0, 0, 0, 0, 0, 0, 0, 0, 0, 0, 0, 0, 0, 0, 0, 0, 0, 0, 0, 0, 0, 0, 0, 0, 0, 0, 0, 0, 0, 0, 0, 0, 0, 0, 0, 0, 0, 0, 0, 0, 0, 0, 0, 0, 0, 0, 0, 0, 0, 0, 0, 0, 0, 0, 0, 0, 0, 0, 0, 0, 0, 0, 0, 0, 0, 0, 0, 0, 0, 0, 0, 0, 0, 0, 0, 0, 0, 0, 0, 0, 0, 0, 0, 0, 0, 0, 0, 0, 0, 0], "HS-opt-time": [0, 0.5478792190551758, 0.09690189361572266, 0.05497407913208008, 0.08751177787780762, 0.1315474510192871, 0.11110329627990723, 0.266132116317749, 0.15677618980407715, 0.4887363910675049, 0.4081878662109375, 0.45996522903442383, 0.17488574981689453, 0.10117673873901367, 0.1530287265777588, 0.2348489761352539, 0.21903228759765625, 0.05833840370178223, 2.532949686050415, 0.5292410850524902, 0.7559046745300293, 0.18595004081726074, 0.10244607925415039, 0.08353376388549805, 0.14372491836547852, 0.2115178108215332, 0.2690892219543457, 0.238814115524292, 0.5574054718017578, 0.11447024345397949, 0.21494197845458984, 1.5983288288116455, 0.18023085594177246, 0.3147399425506592, 0.35072827339172363, 0.49420905113220215, 2.216254234313965, 0.4972069263458252, 0.486203670501709, 0.23685336112976074, 0.2567262649536133, 4.525222063064575, 0.6105380058288574, 0.22743940353393555, 0.3816971778869629, 0.13452601432800293, 0.12552189826965332, 0.6004030704498291, 0.13925600051879883, 0.12644529342651367, 2.568148612976074, 0.12923192977905273, 2.906554698944092, 0.46857762336730957, 0.5290083885192871, 0.1728959083557129, 0.8152337074279785, 0.3472023010253906, 0.1392688751220703, 0.5938313007354736, 0.5996780395507812, 0.41194939613342285, 0.13733887672424316, 0.5307395458221436, 0.31067371368408203, 0.9166009426116943, 0.6215841770172119, 0.1620016098022461, 0.12739896774291992, 0.350233793258667, 1.6702032089233398, 0.44009876251220703, 0.28780221939086914, 1.5261547565460205, 0.16481900215148926, 0.15419244766235352, 0.44617557525634766, 0.2877504825592041, 0.32398033142089844, 0.4692342281341553, 0.15985894203186035, 0.15400910377502441, 0.15504026412963867, 0.31516551971435547, 0.5562961101531982, 0.3183901309967041, 0.14427566528320312, 0.2607080936431885, 0.1256096363067627, 0.678635835647583, 0.26126790046691895, 0.4051201343536377, 0.8588383197784424, 0.29379868507385254, 1.5551302433013916, 0.5058209896087646, 0.3173341751098633, 0.5980105400085449, 0.7208919525146484, 0.14974021911621094, 0.15023040771484375, 0.13703346252441406, 0.40651416778564453, 0.13732457160949707, 0.13688278198242188, 0.8421521186828613, 0.49637866020202637, 1.0994873046875, 0.46552395820617676, 0.1868877410888672, 0.3361845016479492, 0.1554276943206787, 1.4799864292144775, 0.6721913814544678, 0.13457059860229492], "HS-postpone-time": [0, 0, 0, 0, 0, 0, 0, 0, 0, 0, 0, 0, 0, 0, 0, 0, 0, 0, 0, 0, 0, 0, 0, 0, 0, 0, 0, 0, 0, 0, 0, 0, 0, 0, 0, 0, 0, 0, 0, 0, 0, 0, 0, 0, 0, 0, 0, 0, 0, 0, 0, 0, 0, 0, 0, 0, 0, 0, 0, 0, 0, 0, 0, 0, 0, 0, 0, 0, 0, 0, 0, 0, 0, 0, 0, 0, 0, 0, 0, 0, 0, 0, 0, 0, 0, 0, 0, 0, 0, 0, 0, 0, 0, 0, 0, 0, 0, 0, 0, 0, 0, 0, 0, 0, 0, 0, 0, 0, 0, 0, 0, 0, 0, 0, 0], "SAT-time": [0, 0.11375832557678223, 0.006777524948120117, 0.0060749053955078125, 0.0025777816772460938, 0.003831624984741211, 0.0069615840911865234, 0.015177011489868164, 0.00667881965637207, 0.01190185546875, 0.017884492874145508, 0.018793582916259766, 0.005010366439819336, 0.0036592483520507812, 0.004571199417114258, 0.00793313980102539, 0.009006023406982422, 0.0017726421356201172, 0.0339663028717041, 0.013828039169311523, 0.025173664093017578, 0.0039827823638916016, 0.0006353855133056641, 0.0017898082733154297, 0.002871990203857422, 0.005785703659057617, 0.004882097244262695, 0.003698587417602539, 0.013386249542236328, 0.0017523765563964844, 0.002901315689086914, 0.023088455200195312, 0.00289154052734375, 0.007970333099365234, 0.004872560501098633, 0.010529279708862305, 0.02277088165283203, 0.010592222213745117, 0.009601593017578125, 0.003961086273193359, 0.002933979034423828, 0.030730485916137695, 0.008993864059448242, 0.0036706924438476562, 0.004910945892333984, 0.001775503158569336, 0.0006508827209472656, 0.010507583618164062, 0.0006010532379150391, 0.001878499984741211, 0.020740509033203125, 0.0017774105072021484, 0.015232324600219727, 0.006043672561645508, 0.006943225860595703, 0.0017120838165283203, 0.009136676788330078, 0.004149436950683594, 0.0006122589111328125, 0.008121013641357422, 0.0071353912353515625, 0.0059583187103271484, 0.0006122589111328125, 0.008213281631469727, 0.002883434295654297, 0.014716386795043945, 0.006922245025634766, 0.0017371177673339844, 0.0005764961242675781, 0.0038487911224365234, 0.01638054847717285, 0.005770683288574219, 0.003139495849609375, 0.01954936981201172, 0.0006449222564697266, 0.0018351078033447266, 0.005482196807861328, 0.003927946090698242, 0.002885580062866211, 0.006473064422607422, 0.0006556510925292969, 0.0017750263214111328, 0.0006608963012695312, 0.003968954086303711, 0.007080793380737305, 0.003927707672119141, 0.0006499290466308594, 0.003946542739868164, 0.0006606578826904297, 0.00826263427734375, 0.003286123275756836, 0.005955696105957031, 0.011812210083007812, 0.003955364227294922, 0.021382570266723633, 0.006234884262084961, 0.002933502197265625, 0.00850677490234375, 0.009612083435058594, 0.001781463623046875, 0.0006275177001953125, 0.000637054443359375, 0.006239652633666992, 0.0006024837493896484, 0.0006296634674072266, 0.010520696640014648, 0.005215883255004883, 0.015026092529296875, 0.004958391189575195, 0.0018079280853271484, 0.0032181739807128906, 0.0018107891082763672, 0.01837778091430664, 0.010759592056274414, 0.0006728172302246094],