{"config": {"preseeding": true, "sat-polarity": true, "sat-polarity-initial": true, "postpone_opt": false, "postpone_opt_incr": false, "postpone_opt_greedy": false, "grow": true, "grow_sat": false, "grow_subset_maximal": false, "grow_maxsat": true, "maxsat_polarities": true, "grow_maxsat_full_pos": false, "grow_maxsat_full_inv": false, "grow_maxsat_full_unif": false, "grow_maxsat_initial_pos": false, "grow_maxsat_initial_inv": false, "grow_maxsat_initial_unif": true, "grow_maxsat_actual_pos": false, "grow_maxsat_actual_unif": false, "grow_maxsat_actual_inv": false, "timeout": 7200, "instance": "p18", "output": "/data/brussel/101/vsc10143/OUSResults/experiment4/2021011320/20210113205452263895.json"}, "results": {"HS": [0, 18, 9, 3, 5, 4, 3, 15, 1, 5, 45, 27, 3, 1, 1, 7, 2, 1, 4, 1, 30, 10, 11, 1, 1, 7, 5, 7, 1, 2, 3, 1, 2, 21, 12, 1, 1, 3, 25, 25, 6, 1, 4, 63, 37, 15, 1, 3, 1, 2, 7, 1, 54, 6, 8, 8, 38, 30, 9, 4, 1, 3, 2, 3, 1, 1, 1, 1, 1, 1, 35, 21, 13, 1, 1, 14, 15, 8, 1, 1, 3, 1, 1, 16, 1, 1, 5, 1, 5, 2, 2, 15, 24, 33, 1, 6, 1, 34, 7, 1, 1, 2, 1, 1, 30, 1, 25, 1, 1, 1, 2, 7, 1, 1], "HS_greedy": [0, 0, 0, 0, 0, 0, 0, 0, 0, 0, 0, 0, 0, 0, 0, 0, 0, 0, 0, 0, 0, 0, 0, 0, 0, 0, 0, 0, 0, 0, 0, 0, 0, 0, 0, 0, 0, 0, 0, 0, 0, 0, 0, 0, 0, 0, 0, 0, 0, 0, 0, 0, 0, 0, 0, 0, 0, 0, 0, 0, 0, 0, 0, 0, 0, 0, 0, 0, 0, 0, 0, 0, 0, 0, 0, 0, 0, 0, 0, 0, 0, 0, 0, 0, 0, 0, 0, 0, 0, 0, 0, 0, 0, 0, 0, 0, 0, 0, 0, 0, 0, 0, 0, 0, 0, 0, 0, 0, 0, 0, 0, 0, 0, 0], "HS_incr": [0, 0, 0, 0, 0, 0, 0, 0, 0, 0, 0, 0, 0, 0, 0, 0, 0, 0, 0, 0, 0, 0, 0, 0, 0, 0, 0, 0, 0, 0, 0, 0, 0, 0, 0, 0, 0, 0, 0, 0, 0, 0, 0, 0, 0, 0, 0, 0, 0, 0, 0, 0, 0, 0, 0, 0, 0, 0, 0, 0, 0, 0, 0, 0, 0, 0, 0, 0, 0, 0, 0, 0, 0, 0, 0, 0, 0, 0, 0, 0, 0, 0, 0, 0, 0, 0, 0, 0, 0, 0, 0, 0, 0, 0, 0, 0, 0, 0, 0, 0, 0, 0, 0, 0, 0, 0, 0, 0, 0, 0, 0, 0, 0, 0], "HS-opt-time": [0, 0.16644048690795898, 0.21249747276306152, 0.07750940322875977, 0.12669086456298828, 0.1373610496520996, 0.09914827346801758, 0.570946216583252, 0.05617833137512207, 0.4428718090057373, 3.2979624271392822, 2.3740177154541016, 0.2820155620574951, 0.09645485877990723, 0.10528016090393066, 0.7059841156005859, 0.19573402404785156, 0.09895753860473633, 0.33330678939819336, 0.11061453819274902, 8.887329578399658, 1.252429485321045, 1.3277819156646729, 0.1355302333831787, 0.12928128242492676, 0.7998683452606201, 0.6141214370727539, 0.8425643444061279, 0.14682745933532715, 0.2783937454223633, 0.4802994728088379, 0.13975882530212402, 0.27820467948913574, 4.121514320373535, 1.7223656177520752, 0.16726946830749512, 0.15387248992919922, 0.520575761795044, 9.97926664352417, 4.123700141906738, 0.9970242977142334, 0.20015645027160645, 0.7874159812927246, 39.87903189659119, 9.173313617706299, 3.6669511795043945, 0.2887732982635498, 0.7511663436889648, 0.2307910919189453, 0.5802059173583984, 3.223290205001831, 0.28489065170288086, 39.632747173309326, 1.8429136276245117, 2.4977476596832275, 2.2315919399261475, 10.95517349243164, 8.707584381103516, 3.0237722396850586, 1.3342211246490479, 0.4384942054748535, 1.079012393951416, 0.8095810413360596, 1.1767523288726807, 0.40515828132629395, 0.38871288299560547, 0.33300161361694336, 0.32769036293029785, 0.3268618583679199, 0.32044434547424316, 19.700881958007812, 6.867175340652466, 4.335965633392334, 0.7929680347442627, 0.7967879772186279, 13.055119037628174, 15.10679817199707, 6.061646938323975, 0.7411656379699707, 0.8136851787567139, 3.0912628173828125, 0.9944636821746826, 0.9870624542236328, 13.964573383331299, 0.7529642581939697, 0.6287264823913574, 4.9815993309021, 0.854694128036499, 5.562350273132324, 1.7348337173461914, 1.8273587226867676, 17.00352454185486, 25.62465238571167, 35.33566665649414, 0.7518384456634521, 5.93085789680481, 0.6654186248779297, 36.46725916862488, 7.120132923126221, 0.931077241897583, 0.6920161247253418, 1.8959593772888184, 0.8389332294464111, 0.8408863544464111, 36.55023908615112, 1.302196741104126, 30.513070821762085, 1.1761665344238281, 1.333202600479126, 0.9078047275543213, 2.3971621990203857, 8.884167194366455, 0.9289946556091309, 0.999730110168457], "HS-postpone-time": [0, 0, 0, 0, 0, 0, 0, 0, 0, 0, 0, 0, 0, 0, 0, 0, 0, 0, 0, 0, 0, 0, 0, 0, 0, 0, 0, 0, 0, 0, 0, 0, 0, 0, 0, 0, 0, 0, 0, 0, 0, 0, 0, 0, 0, 0, 0, 0, 0, 0, 0, 0, 0, 0, 0, 0, 0, 0, 0, 0, 0, 0, 0, 0, 0, 0, 0, 0, 0, 0, 0, 0, 0, 0, 0, 0, 0, 0, 0, 0, 0, 0, 0, 0, 0, 0, 0, 0, 0, 0, 0, 0, 0, 0, 0, 0, 0, 0, 0, 0, 0, 0, 0, 0, 0, 0, 0, 0, 0, 0, 0, 0, 0, 0], "SAT-time": [0.24318552017211914, 0.1548759937286377, 0.05957365036010742, 0.015741348266601562, 0.028542757034301758, 0.0234375, 0.01449275016784668, 0.11403155326843262, 0.0012519359588623047, 0.03094625473022461, 0.426344633102417, 0.242234468460083, 0.015080451965332031, 0.002634286880493164, 0.0012056827545166016, 0.04906034469604492, 0.008987665176391602, 0.002683877944946289, 0.024232149124145508, 0.0027430057525634766, 0.2871861457824707, 0.07893705368041992, 0.08817791938781738, 0.0027320384979248047, 0.0012493133544921875, 0.054306745529174805, 0.034171104431152344, 0.052779197692871094, 0.001209259033203125, 0.010994672775268555, 0.016265869140625, 0.0028002262115478516, 0.009510040283203125, 0.1953439712524414, 0.10364460945129395, 0.002881288528442383, 0.0012819766998291016, 0.01733255386352539, 0.24089288711547852, 0.24375486373901367, 0.045719146728515625, 0.0029990673065185547, 0.02659130096435547, 0.6601881980895996, 0.38710641860961914, 0.146759033203125, 0.0012862682342529297, 0.01890254020690918, 0.0013117790222167969, 0.01171255111694336, 0.056554317474365234, 0.0029273033142089844, 0.5760595798492432, 0.04870486259460449, 0.06786608695983887, 0.06971979141235352, 0.4021282196044922, 0.3098571300506592, 0.07939314842224121, 0.028696298599243164, 0.0013337135314941406, 0.018002748489379883, 0.011329889297485352, 0.018041372299194336, 0.003087759017944336, 0.001325368881225586, 0.0013430118560791016, 0.0030205249786376953, 0.0013363361358642578, 0.0032281875610351562, 0.37532496452331543, 0.21479249000549316, 0.12437629699707031, 0.0013158321380615234, 0.0031244754791259766, 0.1335887908935547, 0.14562511444091797, 0.06879544258117676, 0.0013473033905029297, 0.0031507015228271484, 0.01842951774597168, 0.0013642311096191406, 0.0032439231872558594, 0.15800690650939941, 0.0013885498046875, 0.003143787384033203, 0.037682533264160156, 0.0014255046844482422, 0.039421796798706055, 0.00977182388305664, 0.01244044303894043, 0.1469430923461914, 0.24770832061767578, 0.35169029235839844, 0.0014088153839111328, 0.04778885841369629, 0.003325939178466797, 0.36257147789001465, 0.05810141563415527, 0.003445148468017578, 0.0014088153839111328, 0.010014057159423828, 0.0032434463500976562, 0.0014088153839111328, 0.32073330879211426, 0.003423929214477539, 0.2591884136199951, 0.0014858245849609375, 0.003291606903076172, 0.001453399658203125, 0.009917974472045898, 0.06048846244812012, 0.0015010833740234375, 0.0014445781707763672],