{"config": {"preseeding": false, "sat-polarity": true, "sat-polarity-initial": false, "postpone_opt": true, "postpone_opt_incr": false, "postpone_opt_greedy": true, "grow": true, "grow_sat": false, "grow_subset_maximal": false, "grow_maxsat": true, "maxsat_polarities": true, "grow_maxsat_full_pos": false, "grow_maxsat_full_inv": false, "grow_maxsat_full_unif": true, "grow_maxsat_initial_pos": false, "grow_maxsat_initial_inv": false, "grow_maxsat_initial_unif": false, "grow_maxsat_actual_pos": false, "grow_maxsat_actual_unif": false, "grow_maxsat_actual_inv": false, "timeout": 7200, "instance": "p18", "output": "/data/brussel/101/vsc10143/OUSResults/experiment4/2021011320/20210113205452262808.json"}, "results": {"HS": [0, 3, 1, 6, 3], "HS_greedy": [0, 2061, 0, 1312, 2494], "HS_incr": [0, 0, 0, 0, 0], "HS-opt-time": [0, 21.346318006515503, 10.221418857574463, 25.593926668167114, 12.54097294807434], "HS-postpone-time": [0, 81.71058917045593, 0, 30.313021659851074, 115.8032774925232], "SAT-time": [0, 9.899803400039673, 0.00078582763671875, 7.215921878814697, 13.810538291931152], "grow-time": [0, 1663.29438662529, 0, 1208.0002443790436, 3689.514293193817], "#expl": 3, "expl_seq": [{"constraints": [11851], "derived": [10224]}, {"constraints": [10224, 10319], "derived": [-10228, -10227, -10226, -10225]}, {"constraints": [10224, 10317], "derived": [-10214, -10229, -10219, -10209]}], "OUS-time": [0, 1780.1294348239899, 10.223578453063965, 1273.9861533641815, 0], "timeout": true}}