{"config": {"preseeding": true, "sat-polarity": true, "sat-polarity-initial": true, "postpone_opt": true, "postpone_opt_incr": true, "postpone_opt_greedy": true, "grow": true, "grow_sat": false, "grow_subset_maximal": false, "grow_maxsat": true, "maxsat_polarities": true, "grow_maxsat_full_pos": false, "grow_maxsat_full_inv": false, "grow_maxsat_full_unif": false, "grow_maxsat_initial_pos": false, "grow_maxsat_initial_inv": false, "grow_maxsat_initial_unif": false, "grow_maxsat_actual_pos": false, "grow_maxsat_actual_unif": false, "grow_maxsat_actual_inv": true, "timeout": 7200, "instance": "p19", "output": "/data/brussel/101/vsc10143/OUSResults/experiment4/2021011901/20210119014750539816.json"}, "results": {"HS": [0, 2, 2, 2, 1], "HS_greedy": [0, 2, 11, 7, 12], "HS_incr": [0, 47, 227, 148, 283], "HS-opt-time": [0, 0.05249333381652832, 0.42826008796691895, 2.104233741760254, 2.9254767894744873], "HS-postpone-time": [0, 0.00707697868347168, 0.08107924461364746, 0.037938833236694336, 0.0886993408203125], "SAT-time": [0.6750462055206299, 1.1378188133239746, 6.206449270248413, 4.104637622833252, 7.78814435005188], "grow-time": [15.057769536972046, 44.967631578445435, 145.53790831565857, 1685.3512299060822, 4097.352380514145], "#expl": 3, "expl_seq": [{"constraints": [110300], "derived": [110052, 110058, 110064, 110070, 110046], "cost": 60}, {"constraints": [110298], "derived": [-110069, -110068, -110067, -110066, -110065, -110063, -110062, -110061, -110060, -110059, -110057, -110056, -110055, -110054, -110053, -110051, -110050, -110049, -110048, -110047], "cost": 60}, {"constraints": [114122], "derived": [-110143], "cost": 100}], "OUS-time": [0, 46.445441484451294, 153.65047645568848, 1692.49600815773, 0], "timeout": true}}