{"config": {"preseeding": false, "sat-polarity": true, "sat-polarity-initial": false, "postpone_opt": true, "postpone_opt_incr": true, "postpone_opt_greedy": true, "grow": true, "grow_sat": false, "grow_subset_maximal": true, "grow_maxsat": false, "maxsat_polarities": true, "grow_maxsat_full_pos": false, "grow_maxsat_full_inv": false, "grow_maxsat_full_unif": false, "grow_maxsat_initial_pos": false, "grow_maxsat_initial_inv": false, "grow_maxsat_initial_unif": false, "grow_maxsat_actual_pos": false, "grow_maxsat_actual_unif": false, "grow_maxsat_actual_inv": false, "timeout": 7200, "instance": "p19", "output": "/data/brussel/101/vsc10143/OUSResults/experiment4/2021011901/20210119014750538457.json"}, "results": {"HS": [0, 7, 2, 2, 4], "HS_greedy": [0, 8, 45, 621, 708], "HS_incr": [0, 76, 596, 12642, 14008], "HS-opt-time": [0, 0.02853989601135254, 2.1039323806762695, 390.89603567123413, 4849.1470646858215], "HS-postpone-time": [0, 0.026256799697875977, 0.6747028827667236, 218.07356786727905, 284.58322310447693], "SAT-time": [0, 2.220771312713623, 17.47044610977173, 368.9929587841034, 593.0039687156677], "grow-time": [0, 1.6760227680206299, 12.89869475364685, 256.376305103302, 408.12768292427063], "#expl": 3, "expl_seq": [{"constraints": [], "derived": [44037, 44043, 44019, 44025, 44031], "cost": 0}, {"constraints": [44269], "derived": [-44032, -44030, -44029, -44028, -44027, -44026, -44024, -44023, -44022, -44021, -44020, -44042, -44041, -44040, -44039, -44038, -44036, -44035, -44034, -44033], "cost": 60}, {"constraints": [48095], "derived": [-44116], "cost": 100}], "OUS-time": [0, 3.002918243408203, 26.16882348060608, 1099.9542171955109, 0], "timeout": true}}