{"config": {"preseeding": false, "sat-polarity": true, "sat-polarity-initial": true, "postpone_opt": true, "postpone_opt_incr": false, "postpone_opt_greedy": true, "grow": true, "grow_sat": false, "grow_subset_maximal": true, "grow_maxsat": false, "maxsat_polarities": true, "grow_maxsat_full_pos": false, "grow_maxsat_full_inv": false, "grow_maxsat_full_unif": false, "grow_maxsat_initial_pos": false, "grow_maxsat_initial_inv": false, "grow_maxsat_initial_unif": false, "grow_maxsat_actual_pos": false, "grow_maxsat_actual_unif": false, "grow_maxsat_actual_inv": false, "timeout": 7200, "instance": "p19", "output": "/data/brussel/101/vsc10143/OUSResults/experiment4/2021011901/20210119014750538095.json"}, "results": {"HS": [0, 1, 22, 191, 50], "HS_greedy": [0, 0, 138, 686, 511], "HS_incr": [0, 0, 0, 0, 0], "HS-opt-time": [0, 0.0022041797637939453, 3.0457427501678467, 2662.765908241272, 4373.28680062294], "HS-postpone-time": [0, 0, 0.6030657291412354, 13.599928379058838, 7.377917766571045], "SAT-time": [0, 4.3392181396484375e-05, 2.901656150817871, 12.927692651748657, 9.023217916488647], "grow-time": [0, 0, 2.2741634845733643, 10.075741052627563, 6.590216875076294], "#expl": 3, "expl_seq": [{"constraints": [], "derived": [1, 7, 13, 19, 25], "cost": 0}, {"constraints": [253], "derived": [-24, -23, -22, -21, -20, -18, -17, -16, -15, -14, -12, -11, -10, -9, -8, -6, -5, -4, -3, -2], "cost": 60}, {"constraints": [4077], "derived": [-98], "cost": 100}], "OUS-time": [0, 0.0035161972045898438, 7.669620513916016, 2694.319398164749, 0], "timeout": true}}