{"config": {"preseeding": true, "sat-polarity": true, "sat-polarity-initial": false, "postpone_opt": true, "postpone_opt_incr": false, "postpone_opt_greedy": true, "grow": true, "grow_sat": false, "grow_subset_maximal": false, "grow_maxsat": true, "maxsat_polarities": true, "grow_maxsat_full_pos": false, "grow_maxsat_full_inv": false, "grow_maxsat_full_unif": false, "grow_maxsat_initial_pos": false, "grow_maxsat_initial_inv": false, "grow_maxsat_initial_unif": false, "grow_maxsat_actual_pos": false, "grow_maxsat_actual_unif": false, "grow_maxsat_actual_inv": true, "timeout": 7200, "instance": "p20", "output": "/data/brussel/101/vsc10143/OUSResults/experiment4/2021011320/20210113205709644086.json"}, "results": {"HS": [0, 12, 4, 2, 2, 3, 1, 1, 2, 1, 1, 3, 1, 1, 1, 1, 1, 1, 1, 1, 1, 2, 1, 1, 1, 1, 1, 2, 1, 1, 1, 4, 2, 2, 1, 1, 2, 2, 1, 1, 1, 1, 1, 1, 10, 1, 1, 2, 1, 1, 1, 1, 1, 1, 1, 3, 4, 1, 2, 1, 1, 1, 1, 1, 1, 1, 1], "HS_greedy": [0, 48, 41, 398, 362, 364, 0, 0, 473, 0, 0, 351, 0, 0, 0, 0, 0, 0, 0, 0, 0, 356, 0, 0, 0, 0, 0, 254, 0, 0, 0, 230, 246, 303, 0, 0, 272, 202, 0, 0, 0, 0, 0, 0, 215, 0, 0, 171, 0, 0, 0, 0, 0, 0, 0, 174, 175, 0, 278, 0, 0, 0, 0, 0, 0, 0, 119], "HS_incr": [0, 0, 0, 0, 0, 0, 0, 0, 0, 0, 0, 0, 0, 0, 0, 0, 0, 0, 0, 0, 0, 0, 0, 0, 0, 0, 0, 0, 0, 0, 0, 0, 0, 0, 0, 0, 0, 0, 0, 0, 0, 0, 0, 0, 0, 0, 0, 0, 0, 0, 0, 0, 0, 0, 0, 0, 0, 0, 0, 0, 0, 0, 0, 0, 0, 0, 0], "HS-opt-time": [0, 0.24776482582092285, 0.1759023666381836, 1.4630851745605469, 4.347826957702637, 16.90144395828247, 10.675450325012207, 6.710591077804565, 15.53743290901184, 9.077929496765137, 13.568913698196411, 31.043821573257446, 10.659282684326172, 10.668835878372192, 10.897650718688965, 10.57279372215271, 10.584919214248657, 10.541948318481445, 10.583411693572998, 10.643990755081177, 10.704167366027832, 21.53551697731018, 10.89115309715271, 13.755225658416748, 13.988093376159668, 14.067249774932861, 14.571812868118286, 25.355947256088257, 12.448510885238647, 12.491575002670288, 11.957964420318604, 59.42655420303345, 28.48903203010559, 28.68336009979248, 16.586968898773193, 18.511445999145508, 29.960205554962158, 32.93956208229065, 16.79472589492798, 17.2405002117157, 16.91958451271057, 16.271231174468994, 16.05426859855652, 16.006380319595337, 182.99130535125732, 16.744690418243408, 17.2096266746521, 33.96995806694031, 18.056814908981323, 17.539143323898315, 17.180978536605835, 17.248420238494873, 19.137604475021362, 16.888141870498657, 16.962990045547485, 37.4988968372345, 26.524051666259766, 6.3531084060668945, 11.813204526901245, 6.145033359527588, 6.470268726348877, 6.145333290100098, 6.235160827636719, 6.2604265213012695, 6.223354816436768, 5.877554893493652, 4.569077253341675], "HS-postpone-time": [0, 0.04607415199279785, 0.03498506546020508, 2.709664821624756, 2.190051555633545, 2.1810131072998047, 0, 0, 3.6652328968048096, 0, 0, 1.7855195999145508, 0, 0, 0, 0, 0, 0, 0, 0, 0, 1.6868956089019775, 0, 0, 0, 0, 0, 0.814570426940918, 0, 0, 0, 0.6357719898223877, 0.7188594341278076, 1.080772876739502, 0, 0, 0.8503146171569824, 0.4797685146331787, 0, 0, 0, 0, 0, 0, 0.5001101493835449, 0, 0, 0.3013877868652344, 0, 0, 0, 0, 0, 0, 0, 0.2684502601623535, 0.27237939834594727, 0, 0.6232781410217285, 0, 0, 0, 0, 0, 0, 0, 0.11412930488586426], "SAT-time": [0.21418380737304688, 0.4095442295074463, 0.32911014556884766, 3.5968973636627197, 3.346698045730591, 3.3491389751434326, 0.0011675357818603516, 0.002945423126220703, 4.396715402603149, 0.002979755401611328, 0.0012021064758300781, 3.2388696670532227, 0.00118255615234375, 0.0028998851776123047, 0.0011680126190185547, 0.0029129981994628906, 0.0011608600616455078, 0.0028793811798095703, 0.0011909008026123047, 0.0029587745666503906, 0.0011811256408691406, 3.2745532989501953, 0.0011544227600097656, 0.002947092056274414, 0.0011827945709228516, 0.002882719039916992, 0.0011813640594482422, 2.387235403060913, 0.0011560916900634766, 0.0012204647064208984, 0.00304412841796875, 2.1553027629852295, 2.2985434532165527, 2.841203212738037, 0.0012097358703613281, 0.0012466907501220703, 2.606757164001465, 1.9760172367095947, 0.0012819766998291016, 0.003132343292236328, 0.0013048648834228516, 0.0012450218200683594, 0.0031604766845703125, 0.0012750625610351562, 2.082766532897949, 0.003136157989501953, 0.001260519027709961, 1.658543586730957, 0.0034797191619873047, 0.0012798309326171875, 0.0012624263763427734, 0.0032782554626464844, 0.0012323856353759766, 0.001268625259399414, 0.0031671524047851562, 1.6910388469696045, 1.7124090194702148, 0.0032460689544677734, 2.687448501586914, 0.001300811767578125, 0.0032455921173095703, 0.0013408660888671875, 0.0032510757446289062, 0.0013005733489990234, 0.0032355785369873047, 0.0013189315795898438, 1.1534991264343262], "grow-time": [3.825401782989502, 16.740617275238037, 44.46207523345947, 304.63199853897095, 201.8125479221344, 184.7206597328186, 0, 0, 344.3338975906372, 0, 0, 218.30150890350342, 0, 0, 0, 0, 0, 0, 0, 0, 0, 474.0167899131775, 0, 0, 0, 0, 0, 165.69814658164978, 0, 0, 0, 268.6602246761322, 139.1053764820099, 435.446408033371, 0, 0, 823.8464307785034, 379.6160891056061, 0, 0, 0, 0, 0, 0, 290.9638252258301, 0, 0, 142.07844877243042, 0, 0, 0, 0, 0, 0, 0, 66.78713011741638, 143.22114872932434, 0, 1079.9466993808746, 0, 0, 0, 0, 0, 0, 0, 53.13385987281799], "#expl": 65, "expl_seq": [{"constraints": [30257], "derived": [-28577]}, {"constraints": [30264], "derived": [-28629]}, {"constraints": [30265], "derived": [28633]}, {"constraints": [28633, 28730], "derived": [-28632, -28631, -28630, -28634]}, {"constraints": [28728, 28633], "derived": [-28623, -28638, -28628, -28643]}, {"constraints": [-28643, 30261], "derived": [28590]}, {"constraints": [28722, 28590], "derived": [-28592, -28591, -28594, -28593]}, {"constraints": [28720, 28590], "derived": [-28575, -28580, -28570, -28585]}, {"constraints": [28633, 28747, -28580], "derived": [-28673]}, {"constraints": [-28638, -28628, -28623, 30261, -28643], "derived": [28607]}, {"constraints": [28724, 28607], "derived": [-28597, -28612, -28602, -28617]}, {"constraints": [28726, 28607], "derived": [-28608, -28606, -28605, -28609]}, {"constraints": [28633, 28750, -28609], "derived": [-28718]}, {"constraints": [-28631, 28751, 28607], "derived": [-28706]}, {"constraints": [-28632, 28751, 28607], "derived": [-28707]}, {"constraints": [28751, -28634, 28607], "derived": [-28709]}, {"constraints": [28633, -28605, 28750], "derived": [-28698]}, {"constraints": [-28608, 28633, 28750], "derived": [-28713]}, {"constraints": [28744, -28580, 28607], "derived": [-28647]}, {"constraints": [28633, -28606, 28750], "derived": [-28703]}, {"constraints": [28752, 28633, 28607], "derived": [28708]}, {"constraints": [28708, 28742], "derived": [-28705]}, {"constraints": [28730, 30259], "derived": [-28639, -28635]}, {"constraints": [28745, 30266], "derived": [-28669]}, {"constraints": [28745, 30263], "derived": [-28656]}, {"constraints": [28728, -28575, 30259], "derived": [-28627, -28626]}, {"constraints": [-28629, -28628, -28627, -28626, 28731], "derived": [28625]}, {"constraints": [28728, 28625], "derived": [-28640, -28620]}, {"constraints": [-28575, 28747, 28625], "derived": [-28670]}, {"constraints": [28625, 28747, -28577], "derived": [-28680]}, {"constraints": [28728, 30259, -28570], "derived": [-28622, -28621]}, {"constraints": [-28623, -28622, -28621, -28620, 28731], "derived": [28624]}, {"constraints": [28728, 28624], "derived": [-28644]}, {"constraints": [-28644, 28590, 28748], "derived": [-28674]}, {"constraints": [-28631, -28594, -28593, -28592, -28591, -28626, -28621, 30260], "derived": [28636]}, {"constraints": [28730, 28636], "derived": [-28637]}, {"constraints": [28728, 28636], "derived": [-28641]}, {"constraints": [28748, 28590, -28641], "derived": [-28671]}, {"constraints": [-28637, -28632, -28627, -28622, 28729], "derived": [28642]}, {"constraints": [-28592, 28642, 28747], "derived": [-28682]}, {"constraints": [-28591, 28642, 28747],