{"config": {"preseeding": true, "sat-polarity": true, "sat-polarity-initial": true, "postpone_opt": true, "postpone_opt_incr": false, "postpone_opt_greedy": true, "grow": true, "grow_sat": false, "grow_subset_maximal": false, "grow_maxsat": true, "maxsat_polarities": true, "grow_maxsat_full_pos": false, "grow_maxsat_full_inv": false, "grow_maxsat_full_unif": false, "grow_maxsat_initial_pos": false, "grow_maxsat_initial_inv": false, "grow_maxsat_initial_unif": true, "grow_maxsat_actual_pos": false, "grow_maxsat_actual_unif": false, "grow_maxsat_actual_inv": false, "timeout": 7200, "instance": "p20", "output": "/data/brussel/101/vsc10143/OUSResults/experiment4/2021011320/20210113205709644327.json"}, "results": {"HS": [0, 11, 5, 2, 2, 2, 1, 2, 1, 1, 14, 1, 8, 1, 2, 1, 1, 3, 1, 1, 2, 1, 2, 1, 1, 4, 20, 1, 1, 36, 7, 29, 1, 2, 20, 5, 1, 13, 1, 1, 1, 1, 48, 11, 1, 4, 2, 1, 3, 1, 1, 1, 1, 1, 70, 3, 14, 1, 1, 5, 6, 1, 1, 7, 1, 1, 2, 1, 5, 1, 41, 19, 1, 1, 2, 1, 20, 1, 5, 1, 10, 1, 1, 2, 14, 1, 1, 3, 1, 1, 2, 8, 1, 1, 1, 31, 6, 21, 1, 3, 1, 12, 0], "HS_greedy": [0, 39, 32, 350, 285, 261, 0, 299, 0, 0, 304, 0, 318, 0, 322, 0, 0, 323, 0, 0, 231, 0, 244, 0, 0, 170, 234, 0, 0, 245, 179, 254, 0, 177, 229, 189, 0, 199, 0, 0, 0, 0, 234, 190, 0, 244, 147, 0, 170, 0, 0, 0, 0, 0, 275, 172, 186, 0, 0, 192, 150, 0, 0, 140, 0, 0, 92, 0, 109, 0, 144, 123, 0, 0, 83, 0, 119, 0, 110, 0, 115, 0, 0, 63, 95, 0, 0, 71, 0, 0, 76, 75, 0, 0, 0, 85, 49, 71, 0, 60, 0, 33, 0], "HS_incr": [0, 0, 0, 0, 0, 0, 0, 0, 0, 0, 0, 0, 0, 0, 0, 0, 0, 0, 0, 0, 0, 0, 0, 0, 0, 0, 0, 0, 0, 0, 0, 0, 0, 0, 0, 0, 0, 0, 0, 0, 0, 0, 0, 0, 0, 0, 0, 0, 0, 0, 0, 0, 0, 0, 0, 0, 0, 0, 0, 0, 0, 0, 0, 0, 0, 0, 0, 0, 0, 0, 0, 0, 0, 0, 0, 0, 0, 0, 0, 0, 0, 0, 0, 0, 0, 0, 0, 0, 0, 0, 0, 0, 0, 0, 0, 0, 0, 0, 0, 0, 0, 0, 0], "HS-opt-time": [0, 0.11724710464477539, 0.10031986236572266, 1.2678098678588867, 1.5303211212158203, 2.3768069744110107, 2.7669856548309326, 4.130921125411987, 2.4433538913726807, 2.4970285892486572, 58.59001970291138, 3.649437665939331, 31.718241453170776, 3.983851432800293, 10.184418201446533, 6.1625542640686035, 5.957158803939819, 19.61069130897522, 6.599620580673218, 6.627516031265259, 13.753098011016846, 8.22063684463501, 16.5231831073761, 8.735505819320679, 9.253641843795776, 31.365440607070923, 166.67399072647095, 8.232701063156128, 8.161864757537842, 383.245201587677, 74.06865620613098, 316.4611349105835, 11.816524505615234, 25.668304920196533, 238.01948070526123, 62.80114531517029, 13.026838064193726, 162.56399273872375, 11.678447723388672, 11.771157503128052, 11.798107385635376, 11.497006177902222, 632.7383751869202, 139.90805411338806, 12.517165660858154, 26.158196926116943, 13.270942687988281, 8.996321439743042, 27.13641119003296, 9.115473985671997, 12.700671434402466, 9.080055713653564, 9.04752516746521, 14.551152229309082, 654.2510392665863, 29.03755235671997, 129.34372901916504, 9.555208444595337, 8.9652259349823, 40.544169902801514, 50.088411808013916, 8.645612955093384, 8.622987985610962, 58.925519704818726, 9.411125421524048, 8.667810440063477, 14.255638122558594, 5.284505605697632, 36.37877798080444, 7.903104782104492, 333.61802077293396, 151.2602231502533, 8.055436134338379, 8.039933443069458, 16.348968267440796, 8.343611717224121, 154.08149695396423, 8.739740133285522, 44.698917865753174, 8.093112707138062, 80.62569689750671, 8.393846988677979, 8.886927843093872, 16.505980014801025, 102.96862030029297, 7.510086297988892, 7.523738384246826, 22.237533807754517, 7.815831422805786, 7.337867736816406, 14.981969833374023, 52.15591263771057, 5.853935480117798, 6.08234429359436, 6.344017028808594, 188.100745677948, 36.88578462600708, 136.819922208786, 6.9919960498809814, 19.600630044937134, 6.221796035766602, 70.42358231544495, 0], "HS-postpone-time": [0, 0.03152298927307129, 0.022191524505615234, 1.8722853660583496, 1.2489838600158691, 1.0306823253631592, 0, 1.3063805103302002, 0, 0, 1.284153699874878, 0, 1.3742318153381348, 0, 1.3600449562072754, 0, 0, 1.356849193572998, 0, 0, 0.7015237808227539, 0, 0.743727445602417, 0, 0, 0.37770557403564453, 0.6947460174560547, 0, 0, 0.7313601970672607, 0.40029191970825195, 0.7773597240447998, 0, 0.3855738639831543, 0.6369688510894775, 0.4363100528717041, 0, 0.4693276882171631, 0, 0, 0, 0, 0.6230151653289795, 0.42004823684692383, 0, 0.650787353515625, 0.24417829513549805, 0, 0.31734323501586914, 0, 0, 0, 0, 0, 0.7470424175262451, 0.3035094738006592, 0.34658193588256836, 0, 0, 0.36170291900634766, 0.2239086627960205, 0, 0, 0.19190430641174316, 0, 0, 0.08292627334594727, 0, 0.11387515068054199, 0, 0.1911334991455078, 0.14188861846923828, 0, 0, 0.06441235542297363, 0, 0.12836599349975586, 0, 0.11192560195922852, 0, 0.11128020286560059, 0, 0, 0.03624129295349121, 0.07653260231018066, 0, 0, 0.04433560371398926, 0, 0, 0.04969334602355957, 0.04693317413330078, 0, 0, 0, 0.05833888053894043, 0.022046327590942383, 0.040209293365478516, 0, 0.029961824417114258, 0, 0.010281085968017578, 0], "SAT-time": [0.2219693660736084, 0.32382893562316895, 0.2386181354522705, 3.040703773498535, 2.541074275970459, 2.3791513442993164, 0.0010228157043457031, 2.7613208293914795, 0.0010488033294677734, 0.0024313926696777344, 2.837284564971924, 0.0024073123931884766, 2.9901936054229736, 0.002420663833618164, 3.0091114044189453, 0.0025110244750976562, 0.0010673999786376953, 3.0248146057128906, 0.0010962486267089844, 0.0025339126586914062, 2.141296863555908, 0.0024993419647216797, 2.295395612716675, 0.003220796585083008, 0.0011336803436279297, 1.581275463104248, 2.189408302307129, 0.002529144287109375, 0.001135110855102539, 2.346639394760132, 1.684786081314087, 2.423552989959717, 0.0011243820190429688, 1.6609516143798828, 2.1670570373535156, 1.7922179698944092, 0.002604961395263672, 1.9048120975494385, 0.0026428699493408203, 0.001163482666015625, 0.0027017593383789062, 0.00115966796875, 2.228065013885498, 1.7936131954193115, 0.002697467803955078, 2.323798418045044, 1.3708996772766113, 0.0012216567993164062, 1.595733404159546, 0.0011887550354003906, 0.0012187957763671875, 0.0027298927307128906, 0.0011937618255615234, 0.0026967525482177734, 2.5852982997894287, 1.61140775680542, 1.7556195259094238, 0.0012447834014892578, 0.0027844905853271484, 1.7789251804351807, 1.370316982269287, 0.002803325653076172, 0.001219034194946289, 1.2802143096923828, 0.002835988998413086, 0.0012350082397460938, 0.8489491939544678, 0.0012629032135009766, 1.0165467262268066, 0.002864360809326172, 1.357492446899414, 1.151463508605957, 0.0029332637786865234, 0.00128173828125, 0.7710542678833008, 0.003062725067138672, 1.1558432579040527, 0.001321554183959961, 1.0983662605285645, 0.0012710094451904297, 1.1293256282806396, 0.0029959678649902344, 0.0012938976287841797, 0.6020863056182861, 0.9224803447723389, 0.0012695789337158203, 0.0029571056365966797, 0.6794707775115967, 0.0012943744659423828, 0.0030651092529296875, 0.7499556541442871, 0.7338643074035645, 0.00296783447265625, 0.001306772232055664, 0.0013165473937988281, 0.8064160346984863, 0.46059465408325195, 0.6773793697357178, 0.0031342506408691406, 0.5803661346435547, 0.0013494491577148438, 0.3191182613372803, 0],