{"config": {"preseeding": true, "sat-polarity": true, "sat-polarity-initial": true, "postpone_opt": true, "postpone_opt_incr": false, "postpone_opt_greedy": true, "grow": true, "grow_sat": false, "grow_subset_maximal": false, "grow_maxsat": true, "maxsat_polarities": true, "grow_maxsat_full_pos": false, "grow_maxsat_full_inv": false, "grow_maxsat_full_unif": false, "grow_maxsat_initial_pos": true, "grow_maxsat_initial_inv": false, "grow_maxsat_initial_unif": false, "grow_maxsat_actual_pos": false, "grow_maxsat_actual_unif": false, "grow_maxsat_actual_inv": false, "timeout": 7200, "instance": "p20", "output": "/data/brussel/101/vsc10143/OUSResults/experiment4/2021011320/20210113205709644249.json"}, "results": {"HS": [0, 3, 5, 2, 1, 1, 1, 1, 5, 2, 3, 2, 3, 1, 1, 1, 1, 1, 2, 1, 1, 1, 1, 8, 1, 1, 10, 2, 17, 1, 1, 24, 8, 1, 2, 16, 1, 2, 25, 32, 1, 5, 1, 1, 43, 3, 50, 1, 3, 3, 1, 5, 6, 1, 1, 1, 21, 29, 1, 1, 4, 2, 1, 1, 1, 3, 2, 1, 2, 2], "HS_greedy": [0, 33, 32, 458, 0, 0, 0, 0, 404, 396, 446, 295, 443, 0, 0, 0, 0, 0, 278, 0, 0, 0, 0, 221, 0, 0, 267, 254, 283, 0, 0, 293, 217, 0, 199, 249, 0, 190, 225, 233, 0, 246, 0, 0, 238, 132, 258, 0, 224, 145, 0, 200, 186, 0, 0, 0, 186, 208, 0, 0, 159, 139, 0, 0, 0, 129, 124, 0, 126, 88], "HS_incr": [0, 0, 0, 0, 0, 0, 0, 0, 0, 0, 0, 0, 0, 0, 0, 0, 0, 0, 0, 0, 0, 0, 0, 0, 0, 0, 0, 0, 0, 0, 0, 0, 0, 0, 0, 0, 0, 0, 0, 0, 0, 0, 0, 0, 0, 0, 0, 0, 0, 0, 0, 0, 0, 0, 0, 0, 0, 0, 0, 0, 0, 0, 0, 0, 0, 0, 0, 0, 0, 0], "HS-opt-time": [0, 0.020046472549438477, 0.037598371505737305, 1.5412940979003906, 0.7281184196472168, 0.7113239765167236, 1.45188307762146, 0.7385308742523193, 12.526424407958984, 7.03619647026062, 17.65546488761902, 11.420395612716675, 25.515147924423218, 10.362606525421143, 10.334995746612549, 10.122441291809082, 10.388635635375977, 10.240082740783691, 21.07905626296997, 10.7805917263031, 10.854905366897583, 10.614519834518433, 10.64399766921997, 67.53095579147339, 9.579208135604858, 9.265902042388916, 124.60687732696533, 22.674506425857544, 216.26796889305115, 12.941777467727661, 12.853330373764038, 359.7014467716217, 92.14337253570557, 11.066126823425293, 21.37985897064209, 165.64954233169556, 10.447851181030273, 25.099397659301758, 287.2230784893036, 490.2580416202545, 17.26231861114502, 87.26630711555481, 17.851215600967407, 17.522719383239746, 606.5085878372192, 37.979371547698975, 649.9038014411926, 13.379433631896973, 36.67760133743286, 36.76306509971619, 12.250560998916626, 60.76581287384033, 72.77835583686829, 12.267148733139038, 12.427173852920532, 14.59351658821106, 249.45113039016724, 503.86754608154297, 19.995956659317017, 19.959509134292603, 76.51674318313599, 39.180723905563354, 19.32983684539795, 19.52389168739319, 19.233901262283325, 53.84315490722656, 34.45471453666687, 16.983426809310913, 34.35800766944885, 33.61948776245117], "HS-postpone-time": [0, 0.021689891815185547, 0.021001338958740234, 3.578603982925415, 0, 0, 0, 0, 2.551996946334839, 2.3753490447998047, 3.0553271770477295, 1.2788753509521484, 2.957362651824951, 0, 0, 0, 0, 0, 1.0632107257843018, 0, 0, 0, 0, 0.661480188369751, 0, 0, 0.9301574230194092, 0.8486952781677246, 1.046598196029663, 0, 0, 1.0807020664215088, 0.6023354530334473, 0, 0.5068295001983643, 0.7777130603790283, 0, 0.4452822208404541, 0.6283752918243408, 0.6712222099304199, 0, 0.7119135856628418, 0, 0, 0.6611616611480713, 0.21491718292236328, 0.7525062561035156, 0, 0.5596234798431396, 0.23994851112365723, 0, 0.4440007209777832, 0.38435912132263184, 0, 0, 0, 0.3673689365386963, 0.4432210922241211, 0, 0, 0.2631049156188965, 0.2010354995727539, 0, 0, 0, 0.16891956329345703, 0.15386962890625, 0, 0.15325522422790527, 0.07949304580688477], "SAT-time": [0.16700387001037598, 0.20557093620300293, 0.18850946426391602, 2.825542449951172, 0.0009291172027587891, 0.0023627281188964844, 0.0008854866027832031, 0.0023660659790039062, 2.6196537017822266, 2.503260374069214, 2.8342745304107666, 1.9632213115692139, 2.8943827152252197, 0.0026891231536865234, 0.0010216236114501953, 0.0026366710662841797, 0.0009837150573730469, 0.002614259719848633, 1.8384218215942383, 0.002712726593017578, 0.0010266304016113281, 0.0026111602783203125, 0.0009829998016357422, 1.4656805992126465, 0.0010502338409423828, 0.002870321273803711, 1.7628672122955322, 1.6604118347167969, 1.868415117263794, 0.0027437210083007812, 0.0010805130004882812, 1.928635597229004, 1.416388750076294, 0.002789735794067383, 1.2974035739898682, 1.6547620296478271, 0.0027916431427001953, 1.2507030963897705, 1.4888136386871338, 1.5316476821899414, 0.002844572067260742, 1.6331300735473633, 0.002908468246459961, 0.0011851787567138672, 1.6029090881347656, 0.8755002021789551, 1.6959798336029053, 0.0012669563293457031, 1.514373779296875, 0.946387767791748, 0.0012135505676269531, 1.3355529308319092, 1.2259657382965088, 0.0012164115905761719, 0.0031363964080810547, 0.001215219497680664, 1.2524659633636475, 1.4026808738708496, 0.0012905597686767578, 0.0031163692474365234, 1.057445764541626, 0.9135153293609619, 0.003134489059448242, 0.0012755393981933594, 0.0012664794921875, 0.8636248111724854, 0.8131861686706543, 0.0032744407653808594, 0.8374121189117432, 0.5779852867126465], "grow-time": [3.822705030441284, 4.292107105255127, 4.302075386047363, 106.61717462539673, 0, 0, 0, 0, 91.09836006164551, 97.47120213508606, 111.63667488098145, 55.92651867866516, 104.58271765708923, 0, 0, 0, 0, 0, 56.9201397895813, 0, 0, 0, 0, 41.47931742668152, 0, 0, 68.42331790924072, 57.65279269218445, 69.79287600517273, 0, 0, 75.37670350074768, 52.73934984207153, 0, 48.58441400527954, 65.23267006874084, 0, 48.664939641952515, 55.61496567726135, 56.105669260025024, 0, 66.32857608795166, 0, 0, 64.17148971557617, 28.169429302215576, 59.75059962272644, 0, 66.9576907157898, 32.560264348983765, 0, 56.60555696487427, 48.970298528671265, 0, 0, 0, 51.753676891326904, 58.099722385406494, 0, 0, 42.30590581893921, 37.16425848007202, 0, 0, 0, 38.12942886352539, 38.31716728210449, 0, 41.84296536445618, 23.934112787246704], "#expl": 68, "expl_seq": [{"constraints": [20741], "derived": [-19106]}, {"constraints": [20734], "derived": [-19054]}, {"constraints": [20742], "derived": [19110]}, {"constraints": [19110, 19207], "derived": [-19111, -19109, -19108, -19107]}, {"constraints": [19205, 19110], "derived": [-19120, -19100, -19115, -19105]}, {"constraints": [-19120, 20738], "derived": [19067]}, {"constraints": [19067, 19199], "derived": [-19071, -19070, -19069, -19068]}, {"constraints": [19067, 19197], "derived": [-19047, -19062, -19052, -19057]}, {"constraints": [-19120, 19225, 19067], "derived": [-19150]}, {"constraints": [20738, -19100, -19120, -19115, -19105], "derived": [19084]}, {"constraints": [19203, 19084], "derived": [-19086, -19085, -19083, -19082]}, {"constraints": [19201, 19084], "derived": [-19079, -19094, -19074, -19089]}, {"constraints": [-19094, 19067, 19222], "derived": [-19124]}, {"constraints": [19228, 19084, -19107], "derived": [-19182]}, {"constraints": [-19111, 19084, 19228], "derived": [-19186]}, {"constraints": [19084, 19228, -19108], "derived": [-19183]}, {"constraints": [19227, 19110, -19082], "derived": [-19175]}, {"constraints": [19227, -19085, 19110], "derived": [-19190]}, {"constraints": [19227, -19083, 19110], "derived": [-19180]}, {"constraints": [-19086, 19227, 19110], "derived": [-19195]}, {"constraints": [19084, 19229, 19110], "derived": [19185]}, {"constraints": [19185, 19219], "derived": [-19184]}, {"constraints": [19222, 20743], "derived": [-19146]}, {"constraints": [20740, 19222], "derived": [-19133]}, {"constraints": [20736, 19207], "derived": [-19112, -19116]}, {"constraints": [20736, -19052, 19205], "derived": [-19104, -19103]}, {"constraints": [-19104, -19103, 19208, -19106, -19105], "derived": [19102]}, {"constraints": [19205, 19102], "derived": [-19117, -19097]}, {"constraints": [19225, 19067, -19117], "derived": [-19147]}, {"constraints": [19224, -19054, 19102], "derived": [-19157]}, {"constraints": [20733, -19100, 19197],