{"config": {"preseeding": false, "sat-polarity": true, "sat-polarity-initial": false, "postpone_opt": false, "postpone_opt_incr": false, "postpone_opt_greedy": false, "grow": true, "grow_sat": false, "grow_subset_maximal": false, "grow_maxsat": true, "maxsat_polarities": true, "grow_maxsat_full_pos": false, "grow_maxsat_full_inv": false, "grow_maxsat_full_unif": false, "grow_maxsat_initial_pos": false, "grow_maxsat_initial_inv": false, "grow_maxsat_initial_unif": false, "grow_maxsat_actual_pos": false, "grow_maxsat_actual_unif": true, "grow_maxsat_actual_inv": false, "timeout": 7200, "instance": "p20", "output": "/data/brussel/101/vsc10143/OUSResults/experiment4/2021011320/20210113205709642432.json"}, "results": {"HS": [0, 46, 1, 12, 3, 9, 8, 10, 6, 6, 17, 3, 13, 6, 3, 1, 3, 1, 1, 2, 3, 2, 1, 4, 9, 3, 13, 14, 6, 10, 2, 3, 2, 5, 1, 18, 4, 2, 5, 17, 2, 1, 2, 1, 14, 2, 12, 5, 3, 7, 2, 3, 2, 1, 2, 16, 3, 9, 5, 6, 3, 4, 3, 2, 3, 2, 5, 5, 1, 11, 1, 1, 3, 1, 1, 3, 1, 1, 1, 10, 2, 16, 2, 2, 4, 6, 4, 2, 2, 1, 1, 2, 3, 1, 1, 1, 6, 2, 10, 2, 7, 4, 1, 1, 1, 4, 1, 5, 6, 3, 1, 1, 1, 2, 1, 1], "HS_greedy": [0, 0, 0, 0, 0, 0, 0, 0, 0, 0, 0, 0, 0, 0, 0, 0, 0, 0, 0, 0, 0, 0, 0, 0, 0, 0, 0, 0, 0, 0, 0, 0, 0, 0, 0, 0, 0, 0, 0, 0, 0, 0, 0, 0, 0, 0, 0, 0, 0, 0, 0, 0, 0, 0, 0, 0, 0, 0, 0, 0, 0, 0, 0, 0, 0, 0, 0, 0, 0, 0, 0, 0, 0, 0, 0, 0, 0, 0, 0, 0, 0, 0, 0, 0, 0, 0, 0, 0, 0, 0, 0, 0, 0, 0, 0, 0, 0, 0, 0, 0, 0, 0, 0, 0, 0, 0, 0, 0, 0, 0, 0, 0, 0, 0, 0, 0], "HS_incr": [0, 0, 0, 0, 0, 0, 0, 0, 0, 0, 0, 0, 0, 0, 0, 0, 0, 0, 0, 0, 0, 0, 0, 0, 0, 0, 0, 0, 0, 0, 0, 0, 0, 0, 0, 0, 0, 0, 0, 0, 0, 0, 0, 0, 0, 0, 0, 0, 0, 0, 0, 0, 0, 0, 0, 0, 0, 0, 0, 0, 0, 0, 0, 0, 0, 0, 0, 0, 0, 0, 0, 0, 0, 0, 0, 0, 0, 0, 0, 0, 0, 0, 0, 0, 0, 0, 0, 0, 0, 0, 0, 0, 0, 0, 0, 0, 0, 0, 0, 0, 0, 0, 0, 0, 0, 0, 0, 0, 0, 0, 0, 0, 0, 0, 0, 0], "HS-opt-time": [0, 0.2788670063018799, 0.046146392822265625, 0.8421094417572021, 0.07969903945922852, 0.29282426834106445, 0.7220077514648438, 0.40776538848876953, 0.27162694931030273, 0.4770488739013672, 4.0269365310668945, 0.20109987258911133, 0.8780338764190674, 0.44280219078063965, 0.17829370498657227, 0.06999015808105469, 0.1718587875366211, 0.10719084739685059, 0.1042327880859375, 0.19382429122924805, 0.22991204261779785, 0.16759324073791504, 0.07714724540710449, 0.8057324886322021, 2.1048436164855957, 1.2008247375488281, 4.707170009613037, 6.154170274734497, 1.236264944076538, 1.0339763164520264, 0.22672343254089355, 0.37981271743774414, 0.2451310157775879, 0.7891268730163574, 0.1211097240447998, 6.002218246459961, 0.5594668388366699, 0.2763512134552002, 0.772620677947998, 3.530409812927246, 0.32787036895751953, 0.173750638961792, 0.33057475090026855, 0.1583573818206787, 4.811167478561401, 0.3389577865600586, 1.8791611194610596, 0.9540324211120605, 0.46800804138183594, 1.8634629249572754, 0.44874095916748047, 0.5508208274841309, 0.3181490898132324, 0.16696834564208984, 0.40850377082824707, 6.294691801071167, 0.490450382232666, 1.6682443618774414, 1.1705029010772705, 1.5344583988189697, 0.606287956237793, 0.9308903217315674, 0.7509274482727051, 0.3948814868927002, 0.5693478584289551, 0.3708353042602539, 1.145418405532837, 1.1093370914459229, 0.1949632167816162, 2.7305262088775635, 0.24013781547546387, 0.20241284370422363, 0.6363358497619629, 0.23646903038024902, 0.23529505729675293, 0.724987268447876, 0.19932794570922852, 0.18620872497558594, 0.203507661819458, 2.679771661758423, 0.5248818397521973, 3.544260263442993, 0.6423096656799316, 0.5578722953796387, 1.2576720714569092, 1.5231435298919678, 0.8217625617980957, 0.49060869216918945, 0.5341639518737793, 0.2643270492553711, 0.23354434967041016, 0.49770665168762207, 0.630136251449585, 0.23147273063659668, 0.24315690994262695, 0.19865012168884277, 1.3747882843017578, 0.37035441398620605, 2.2299182415008545, 0.5028042793273926, 1.8102679252624512, 0.9681222438812256, 0.27421021461486816, 0.2751326560974121, 0.2647874355316162, 1.088951826095581, 0.23819518089294434, 1.3101420402526855, 1.4222867488861084, 0.7514917850494385, 0.25098109245300293, 0.25145411491394043, 0.28060150146484375, 0.4449496269226074, 0.21954798698425293, 0.21995925903320312], "HS-postpone-time": [0, 0, 0, 0, 0, 0, 0, 0, 0, 0, 0, 0, 0, 0, 0, 0, 0, 0, 0, 0, 0, 0, 0, 0, 0, 0, 0, 0, 0, 0, 0, 0, 0, 0, 0, 0, 0, 0, 0, 0, 0, 0, 0, 0, 0, 0, 0, 0, 0, 0, 0, 0, 0, 0, 0, 0, 0, 0, 0, 0, 0, 0, 0, 0, 0, 0, 0, 0, 0, 0, 0, 0, 0, 0, 0, 0, 0, 0, 0, 0, 0, 0, 0, 0, 0, 0, 0, 0, 0, 0, 0, 0, 0, 0, 0, 0, 0, 0, 0, 0, 0, 0, 0, 0, 0, 0, 0, 0, 0, 0, 0, 0, 0, 0, 0, 0], "SAT-time": [0, 0.11488938331604004, 0.0005464553833007812, 0.029043197631835938, 0.005721330642700195, 0.022754430770874023, 0.019203662872314453, 0.025737524032592773, 0.015024185180664062, 0.015599966049194336, 0.044091224670410156, 0.007404327392578125, 0.03398275375366211, 0.015030622482299805, 0.006203413009643555, 0.0018908977508544922, 0.005913496017456055, 0.0018391609191894531, 0.0006506443023681641, 0.004446268081665039, 0.006383180618286133, 0.004357337951660156, 0.0005781650543212891, 0.01008152961730957, 0.022874116897583008, 0.00730133056640625, 0.03405261039733887, 0.03970217704772949, 0.014816999435424805, 0.027387380599975586, 0.003744363784790039, 0.007331371307373047, 0.003520488739013672, 0.01310420036315918, 0.00064849853515625, 0.048692941665649414, 0.009507894515991211, 0.0047245025634765625, 0.01192927360534668, 0.0467686653137207, 0.003470182418823242, 0.0020051002502441406, 0.0036089420318603516, 0.0019855499267578125, 0.03939032554626465, 0.00466609001159668, 0.031749725341796875, 0.012689828872680664, 0.006197929382324219, 0.018630027770996094, 0.003559112548828125, 0.0075109004974365234, 0.003531217575073242, 0.0019237995147705078, 0.0035004615783691406, 0.04372143745422363, 0.006613254547119141, 0.023616552352905273, 0.012176513671875, 0.01596999168395996, 0.006129264831542969, 0.01030421257019043, 0.006197214126586914, 0.004573822021484375, 0.006656169891357422, 0.004754781723022461, 0.012044429779052734, 0.013245582580566406, 0.0006740093231201172, 0.029732227325439453, 0.0006837844848632812, 0.0019445419311523438, 0.006598234176635742, 0.0019812583923339844, 0.0006709098815917969, 0.007470369338989258, 0.0006687641143798828, 0.0019235610961914062, 0.0006887912750244141, 0.02779078483581543, 0.0035851001739501953, 0.04603838920593262, 0.003445148468017578, 0.004975080490112305, 0.009496927261352539, 0.01625204086303711, 0.009322404861450195, 0.004814624786376953, 0.003948688507080078, 0.001971006393432617, 0.0007102489471435547, 0.005097150802612305, 0.006392717361450195, 0.001968860626220703, 0.0007388591766357422, 0.001989603042602539, 0.015552043914794922, 0.004752159118652344, 0.027289628982543945, 0.004702568054199219, 0.018450260162353516, 0.01028895378112793, 0.0006902217864990234, 0.0019474029541015625, 0.0006854534149169922, 0.010837078094482422, 0.0006451606750488281, 0.013401508331298828, 0.015149593353271484, 0.007826089859008789, 0.0007379055023193359, 0.0020673274993896484, 0.0007054805755615234, 0.004720211029052734, 0.0006818771362304688, 0.0020530223846435547],