{"config": {"preseeding": false, "sat-polarity": true, "sat-polarity-initial": false, "postpone_opt": true, "postpone_opt_incr": true, "postpone_opt_greedy": true, "grow": true, "grow_sat": false, "grow_subset_maximal": false, "grow_maxsat": true, "maxsat_polarities": true, "grow_maxsat_full_pos": false, "grow_maxsat_full_inv": false, "grow_maxsat_full_unif": false, "grow_maxsat_initial_pos": false, "grow_maxsat_initial_inv": false, "grow_maxsat_initial_unif": false, "grow_maxsat_actual_pos": false, "grow_maxsat_actual_unif": true, "grow_maxsat_actual_inv": false, "timeout": 7200, "instance": "p20", "output": "/data/brussel/101/vsc10143/OUSResults/experiment4/2021011320/20210113205709643419.json"}, "results": {"HS": [0, 3, 1, 3, 1, 1, 1, 1, 1, 1, 1, 1, 2, 1, 1, 1, 1, 1, 1, 1, 1, 1, 2, 1, 1, 1, 1, 3, 1, 1, 1, 1, 1, 2, 1, 1, 1, 2, 1, 1, 1, 1, 1, 1, 1, 3, 1, 1, 1, 1, 1, 1, 1, 1, 1, 1, 1, 1, 2, 1, 1, 1, 1, 1, 1, 1, 1, 1, 1, 1, 1, 1, 1, 1, 1, 1, 1, 1, 1, 1, 1, 1, 1, 1, 1, 1, 1, 1, 1, 1, 1, 1, 1, 1, 2, 1, 1, 1, 1, 1, 2, 1, 1, 1, 1, 1, 2, 1, 1, 1, 1, 1, 1, 1, 1, 2, 1], "HS_greedy": [0, 12, 0, 56, 0, 0, 0, 0, 0, 0, 0, 0, 98, 0, 0, 0, 0, 0, 0, 0, 0, 0, 57, 0, 0, 0, 0, 60, 0, 0, 0, 0, 0, 54, 0, 0, 0, 46, 0, 0, 0, 0, 0, 0, 0, 50, 0, 0, 0, 0, 0, 0, 0, 0, 0, 0, 0, 0, 85, 0, 0, 0, 0, 0, 0, 0, 0, 0, 0, 0, 0, 0, 0, 0, 0, 0, 0, 0, 0, 0, 0, 0, 0, 0, 0, 0, 0, 0, 0, 0, 0, 0, 0, 0, 46, 0, 0, 0, 0, 0, 31, 0, 0, 0, 0, 0, 40, 0, 0, 0, 0, 0, 0, 0, 0, 18, 0], "HS_incr": [0, 235, 0, 1500, 0, 0, 0, 0, 0, 0, 0, 0, 2014, 0, 0, 0, 0, 0, 0, 0, 0, 0, 1263, 0, 0, 0, 0, 1154, 0, 0, 0, 0, 0, 931, 0, 0, 0, 778, 0, 0, 0, 0, 0, 0, 0, 731, 0, 0, 0, 0, 0, 0, 0, 0, 0, 0, 0, 0, 1010, 0, 0, 0, 0, 0, 0, 0, 0, 0, 0, 0, 0, 0, 0, 0, 0, 0, 0, 0, 0, 0, 0, 0, 0, 0, 0, 0, 0, 0, 0, 0, 0, 0, 0, 0, 332, 0, 0, 0, 0, 0, 181, 0, 0, 0, 0, 0, 196, 0, 0, 0, 0, 0, 0, 0, 0, 111, 0], "HS-opt-time": [0, 0.42971158027648926, 0.34725022315979004, 13.129180669784546, 6.61417293548584, 15.21851134300232, 16.50252366065979, 5.881289958953857, 6.278064489364624, 10.311357975006104, 11.01819372177124, 6.760514259338379, 10.581524133682251, 5.965988636016846, 4.315465688705444, 3.806089401245117, 4.329934120178223, 4.126696586608887, 4.040854454040527, 6.555856466293335, 3.675729751586914, 3.531135320663452, 6.828514575958252, 21.129570722579956, 17.409959316253662, 18.324933528900146, 22.09731936454773, 56.47569823265076, 10.882046699523926, 6.155475616455078, 6.025484085083008, 8.844742774963379, 8.594129800796509, 12.85654091835022, 5.999483346939087, 15.964395999908447, 7.210895538330078, 15.170612335205078, 7.838756322860718, 8.132776975631714, 7.335676908493042, 9.198803186416626, 10.415834665298462, 7.18480920791626, 6.49346923828125, 42.57415843009949, 8.673613548278809, 10.451470136642456, 8.128960132598877, 7.489055156707764, 7.540534257888794, 8.287160396575928, 11.53508186340332, 8.225891590118408, 11.439287185668945, 6.614827632904053, 16.30749773979187, 9.652960300445557, 17.44521164894104, 10.442199468612671, 9.204648733139038, 12.642332315444946, 10.509135007858276, 9.679613828659058, 10.878298044204712, 9.417473793029785, 9.746933460235596, 8.807788848876953, 8.729700565338135, 9.75194525718689, 9.261300086975098, 13.860311508178711, 8.097452878952026, 7.702906608581543, 7.483917951583862, 7.516917943954468, 7.668634653091431, 5.3511528968811035, 5.254290342330933, 6.580457925796509, 6.496657848358154, 9.02957797050476, 8.744641304016113, 8.536916017532349, 9.076824426651001, 8.217236518859863, 9.020449876785278, 8.309587955474854, 7.6408851146698, 7.740434408187866, 7.454747438430786, 8.469983100891113, 8.259746789932251, 5.724284648895264, 13.176724195480347, 7.7089550495147705, 6.630934715270996, 6.512306213378906, 6.255166053771973, 9.137422323226929, 17.127286672592163, 8.539745569229126, 8.626984119415283, 9.581437349319458, 8.37126111984253, 8.905504703521729, 12.289299011230469, 5.725651502609253, 5.2313551902771, 5.838430643081665, 5.840753555297852, 5.7522971630096436, 5.796359539031982, 5.64816427230835, 5.263168096542358, 8.758877515792847, 3.3627123832702637], "HS-postpone-time": [0, 0.05869555473327637, 0, 1.4333481788635254, 0, 0, 0, 0, 0, 0, 0, 0, 2.94081974029541, 0, 0, 0, 0, 0, 0, 0, 0, 0, 0.9369966983795166, 0, 0, 0, 0, 0.8202824592590332, 0, 0, 0, 0, 0, 0.5853874683380127, 0, 0, 0, 0.4196207523345947, 0, 0, 0, 0, 0, 0, 0, 0.4135305881500244, 0, 0, 0, 0, 0, 0, 0, 0, 0, 0, 0, 0, 0.769489049911499, 0, 0, 0, 0, 0, 0, 0, 0, 0, 0, 0, 0, 0, 0, 0, 0, 0, 0, 0, 0, 0, 0, 0, 0, 0, 0, 0, 0, 0, 0, 0, 0, 0, 0, 0, 0.08492684364318848, 0, 0, 0, 0, 0, 0.031839609146118164, 0, 0, 0, 0, 0, 0.035568952560424805, 0, 0, 0, 0, 0, 0, 0, 0, 0.011774301528930664, 0], "SAT-time": [0, 1.2619194984436035, 0.0007619857788085938, 8.321078777313232, 0.0008623600006103516, 0.0020999908447265625, 0.0008835792541503906, 0.0021266937255859375, 0.0009021759033203125, 0.0021228790283203125, 0.0008561611175537109, 0.0021414756774902344, 11.506533145904541, 0.002201080322265625, 0.0008671283721923828, 0.002187013626098633, 0.0009009838104248047, 0.0022225379943847656, 0.0008823871612548828, 0.0022406578063964844, 0.00093841552734375, 0.0021550655364990234, 7.214971542358398, 0.0023076534271240234, 0.0015850067138671875, 0.0023097991943359375, 0.000949859619140625, 6.771639823913574, 0.0009140968322753906, 0.002353668212890625, 0.0009646415710449219, 0.0023000240325927734, 0.0009272098541259766, 5.451489686965942, 0.0009577274322509766, 0.001024007797241211, 0.002310514450073242, 4.614840507507324, 0.0009808540344238281, 0.002411365509033203, 0.0009918212890625, 0.000985860824584961, 0.0023696422576904297, 0.0009911060333251953, 0.0009667873382568359, 4.290671110153198, 0.0009598731994628906, 0.0009815692901611328, 0.0024497509002685547, 0.000982046127319336, 0.0010192394256591797, 0.002437114715576172, 0.001012563705444336, 0.0009756088256835938, 0.0024461746215820312, 0.001016378402709961, 0.0009999275207519531, 0.0024030208587646484, 6.0008931159973145, 0.0010378360748291016, 0.0024747848510742188, 0.0010046958923339844, 0.0010187625885009766, 0.002487659454345703, 0.0009770393371582031, 0.0010120868682861328, 0.002457141876220703, 0.0009968280792236328, 0.0009980201721191406, 0.00252532958984375, 0.0009672641754150391, 0.0010066032409667969, 0.0024268627166748047, 0.0010120868682861328, 0.0010106563568115234, 0.0023851394653320312, 0.0009686946868896484, 0.000986337661743164, 0.002455472946166992, 0.0009791851043701172, 0.0009908676147460938, 0.002457857131958008, 0.0009889602661132812, 0.0010280609130859375, 0.002450227737426758, 0.0009891986846923828, 0.0010287761688232422, 0.002480745315551758, 0.001039266586303711, 0.00247955322265625, 0.0009875297546386719, 0.0010187625885009766, 0.0024895668029785156, 0.0009946823120117188, 1.995903491973877, 0.0025675296783447266, 0.0010609626770019531, 0.0010368824005126953, 0.0025587081909179688, 0.0010004043579101562, 1.0934715270996094, 0.0024683475494384766, 0.001085519790649414, 0.0009970664978027344, 0.002474546432495117, 0.0010459423065185547, 1.1642584800720215, 0.0010411739349365234, 0.0025424957275390625, 0.0010159015655517578, 0.0025336742401123047, 0.0009930133819580078, 0.0010073184967041016, 0.002524137496948242, 0.0009937286376953125, 0.6578769683837891, 0.0010192394256591797], "grow-time": [0, 34.71490526199341, 0, 229.90782523155212, 0, 0, 0, 0, 0, 0, 0, 0, 310.3969819545746, 0, 0, 0, 0, 0, 0, 0, 0, 0, 200.0632724761963, 0, 0, 0, 0, 186.42555022239685, 0, 0, 0, 0, 0, 146.24850606918335, 0, 0, 0, 122.82743811607361, 0, 0, 0, 0, 0, 0, 0, 111.14059138298035, 0, 0, 0, 0, 0, 0, 0, 0, 0, 0, 0, 0, 145.88827061653137, 0, 0, 0, 0, 0, 0, 0, 0, 0, 0, 0, 0, 0, 0, 0, 0, 0, 0, 0, 0, 0, 0, 0, 0, 0, 0, 0, 0, 0, 0, 0, 0, 0, 0, 0, 46.731560707092285, 0, 0, 0, 0, 0, 25.452263593673706, 0, 0, 0, 0, 0, 28.232572555541992, 0, 0, 0, 0, 0, 0, 0, 0, 15.146542310714722, 0], "#expl": 116, "expl_seq": [{"constraints": [20734], "derived": [-19054]}, {"constraints": [20742],