{"config": {"preseeding": true, "sat-polarity": true, "sat-polarity-initial": false, "postpone_opt": true, "postpone_opt_incr": true, "postpone_opt_greedy": true, "grow": true, "grow_sat": false, "grow_subset_maximal": false, "grow_maxsat": true, "maxsat_polarities": true, "grow_maxsat_full_pos": false, "grow_maxsat_full_inv": false, "grow_maxsat_full_unif": false, "grow_maxsat_initial_pos": true, "grow_maxsat_initial_inv": false, "grow_maxsat_initial_unif": false, "grow_maxsat_actual_pos": false, "grow_maxsat_actual_unif": false, "grow_maxsat_actual_inv": false, "timeout": 7200, "instance": "p25", "output": "/data/brussel/101/vsc10143/OUSResults/experiment4/2021011308/20210113084823363740.json"}, "results": {"HS": [0, 1, 9, 1, 1, 1, 1, 1, 1, 1, 1, 1, 1, 1, 2, 2, 38, 9, 1, 2, 2, 1, 2, 1, 2, 1, 1, 1, 1, 1, 1, 1, 1, 1, 1, 2, 1, 1, 1, 1, 1, 1, 1, 1, 1, 2, 1, 2, 1, 1, 1, 1, 1, 1, 1], "HS_greedy": [0, 0, 54, 0, 0, 0, 0, 0, 0, 0, 0, 0, 0, 0, 80, 39, 92, 56, 0, 49, 33, 0, 53, 0, 38, 0, 0, 0, 0, 0, 0, 0, 0, 0, 0, 66, 0, 0, 0, 0, 0, 0, 0, 0, 0, 44, 0, 15, 0, 0, 0, 0, 0, 0, 9], "HS_incr": [0, 0, 1278, 0, 0, 0, 0, 0, 0, 0, 0, 0, 0, 0, 1831, 859, 1699, 1405, 0, 1363, 861, 0, 1563, 0, 881, 0, 0, 0, 0, 0, 0, 0, 0, 0, 0, 1484, 0, 0, 0, 0, 0, 0, 0, 0, 0, 1050, 0, 382, 0, 0, 0, 0, 0, 0, 178], "HS-opt-time": [0, 0.003925323486328125, 122.89359521865845, 17.692583560943604, 15.808958530426025, 12.428534030914307, 13.312719583511353, 14.004835605621338, 13.143561363220215, 7.061134338378906, 8.11133599281311, 16.198145389556885, 10.910548448562622, 6.6212098598480225, 16.7441349029541, 15.584562301635742, 1978.5297486782074, 241.65504002571106, 11.696979522705078, 24.61902642250061, 73.96994185447693, 76.51651453971863, 29.2494637966156, 19.101393461227417, 34.99140191078186, 16.96822190284729, 16.523036241531372, 14.924077272415161, 15.436283826828003, 18.93025255203247, 17.915438175201416, 20.220369815826416, 45.43503546714783, 16.8762104511261, 18.98917269706726, 34.492013454437256, 25.806353330612183, 20.75852394104004, 19.69447112083435, 19.9404137134552, 35.79388689994812, 20.469675302505493, 39.152729988098145, 25.875346422195435, 37.910152435302734, 38.92560935020447, 36.984246492385864, 40.70865559577942, 35.48991394042969, 21.294508457183838, 21.31160044670105, 20.531713724136353, 19.664432287216187, 29.932368755340576, 13.25825047492981], "HS-postpone-time": [0, 0, 1.401904582977295, 0, 0, 0, 0, 0, 0, 0, 0, 0, 0, 0, 1.9296650886535645, 0.5964038372039795, 3.015927314758301, 1.2314748764038086, 0, 0.8799810409545898, 0.43077683448791504, 0, 1.1549403667449951, 0, 0.5074810981750488, 0, 0, 0, 0, 0, 0, 0, 0, 0, 0, 1.1831655502319336, 0, 0, 0, 0, 0, 0, 0, 0, 0, 0.49940919876098633, 0, 0.07511258125305176, 0, 0, 0, 0, 0, 0, 0.02122330665588379], "SAT-time": [0.4018208980560303, 6.866455078125e-05, 20.429445266723633, 0.0028634071350097656, 0.0013546943664550781, 0.0025076866149902344, 0.001220703125, 0.0027780532836914062, 0.0011985301971435547, 0.0026350021362304688, 0.001253366470336914, 0.0025179386138916016, 0.0014879703521728516, 0.002547740936279297, 22.61653423309326, 10.650898456573486, 21.321950674057007, 17.554757118225098, 0.0012853145599365234, 16.856322050094604, 10.487425565719604, 0.0012888908386230469, 19.01526975631714, 0.0013058185577392578, 10.598023891448975, 0.0027670860290527344, 0.0013189315795898438, 0.0013263225555419922, 0.0027360916137695312, 0.0012731552124023438, 0.0013241767883300781, 0.0026636123657226562, 0.0012407302856445312, 0.0026006698608398438, 0.0012807846069335938, 17.781343936920166, 0.0013151168823242188, 0.0027894973754882812, 0.0013382434844970703, 0.0027513504028320312, 0.0012845993041992188, 0.0027403831481933594, 0.001310586929321289, 0.0027217864990234375, 0.001283407211303711, 12.690827369689941, 0.0013065338134765625, 4.5230724811553955, 0.0012984275817871094, 0.0027620792388916016, 0.0013325214385986328, 0.002634763717651367, 0.00128936767578125, 0.0026466846466064453, 2.055758237838745], "grow-time": [5.769621849060059, 0, 301.86717319488525, 0, 0, 0, 0, 0, 0, 0, 0, 0, 0, 0, 380.4334352016449, 185.23709416389465, 378.724089384079, 339.56986355781555, 0, 305.5415406227112, 177.2270369529724, 0, 359.2800757884979, 0, 186.94755792617798, 0, 0, 0, 0, 0, 0, 0, 0, 0, 0, 338.2946562767029, 0, 0, 0, 0, 0, 0, 0, 0, 0, 237.54247045516968, 0, 82.20317482948303, 0, 0, 0, 0, 0, 0, 34.017333030700684], "#expl": 53, "expl_seq": [{"constraints": [55165], "derived": [-53529]}, {"constraints": [55162, 53627], "derived": [-53517, -53515]}, {"constraints": [55160, 53627], "derived": [-53510]}, {"constraints": [53625, 55164], "derived": [-53496, -53497]}, {"constraints": [55162, 53623], "derived": [-53492, -53489]}, {"constraints": [55160, 53623], "derived": [-53487]}, {"constraints": [55161, 53653], "derived": [-53608]}, {"constraints": [55161, 53655], "derived": [53613]}, {"constraints": [53613, 53645], "derived": [-53616, -53615, -53614, -53617]}, {"constraints": [53643, 53613], "derived": [-53598, -53603, -53618]}, {"constraints": [53631, 55159], "derived": [-53530]}, {"constraints": [53649, 55163], "derived": [53549]}, {"constraints": [53549, 53637], "derived": [-53552, -53551, -53550, -53548]}, {"constraints": [53635, 53549], "derived": [-53559, -53564, -53554, -53569]}, {"constraints": [53658, 53549, -53603], "derived": [-53573]}, {"constraints": [53647, 55162, 53623], "derived": [-53557, -53572, -53555, -53570]}, {"constraints": [53635, 53638, -53557, 53549, -53555, -53572, -53570], "derived": [-53558, -53566, -53563, -53561]}, {"constraints": [53656, 53613, -53561], "derived": [-53583]}, {"constraints": [53656, -53566, 53613], "derived": [-53588]}, {"constraints": [-53563, -53558, -53492, -53489, 53649, -53548, 53626], "derived": [-53513]}, {"constraints": [-53588, -53492, -53489, -53583, 53652, 53626, -53573], "derived": [-53538]}, {"constraints": [-53538, 53613, 53654], "derived": [-53516]}, {"constraints": [-53517, -53516, -53515, -53513, 53630], "derived": [53514]}, {"constraints": [53514, 53627], "derived": [-53504, -53519, -53509, -53499]}, {"constraints": [53648, -53519, 53549], "derived": [-53493]}, {"constraints": [-53559, 53514, 53649], "derived": [-53490]}, {"constraints": [53648, -53509, 53549], "derived": [-53483]}, {"constraints": [53648, -53499, 53549], "derived": [-53473]}, {"constraints": [53514, 53549, 53647], "derived": [53488]}, {"constraints": [53488, 53625], "derived": [-53491]}, {"constraints": [53488, 53623], "derived": [-53478]}, {"constraints": [-53504, 55159], "derived": [53480]}, {"constraints": [53480, 53623], "derived": [-53495, -53485, -53475]}, {"constraints": [53480, 53625], "derived": [-53479, -53482, -53481]}, {"constraints": [53480, 53649, -53558], "derived": [-53503]}, {"constraints": [53480, 53651, -53529], "derived": [-53584]}, {"constraints": [53480, -53583, 53652], "derived": [-53528]}, {"constraints": [53480, 53649, -53561], "derived": [-53506]}, {"constraints": [53480, 53651, -53530], "derived": [-53585]}, {"constraints": [-53497, -53496, -53495, -53493, 53626], "derived": [53494]}, {"constraints": [53494, 53623], "derived": [-53484, -53474]}, {"constraints": [53649, -53557, 53494], "derived": [-53522]}, {"constraints": [53649, -53555, 53494], "derived": [-53520]}, {"constraints": [-53497, -53492, -53487, -53482, 53624], "derived": [53477]}, {"constraints": [53625, 53477], "derived": [-53476]}, {"constraints": [53649, -53572, 53477], "derived": [-53502]}, {"constraints": [53649, 53477, -53570], "derived": [-53500]}, {"constraints": [-53487, -53485, -53484, -53483, 53626], "derived": [53486]}, {"constraints": [53649, -53563, 53486], "derived": [-53508]}, {"constraints": [53648, -53510, 53486], "derived": [-53565]}, {"constraints": [53649, -53566, 53486], "derived": [-53511]}, {"constraints": [-53511, 53613, 53653], "derived": [-53533]}, {"constraints": [-53511, -53510, -53509, -53508, 53630], "derived": [53512]}],