{"config": {"preseeding": true, "sat-polarity": true, "sat-polarity-initial": false, "postpone_opt": true, "postpone_opt_incr": true, "postpone_opt_greedy": false, "grow": true, "grow_sat": false, "grow_subset_maximal": false, "grow_maxsat": true, "maxsat_polarities": true, "grow_maxsat_full_pos": false, "grow_maxsat_full_inv": false, "grow_maxsat_full_unif": false, "grow_maxsat_initial_pos": false, "grow_maxsat_initial_inv": true, "grow_maxsat_initial_unif": false, "grow_maxsat_actual_pos": false, "grow_maxsat_actual_unif": false, "grow_maxsat_actual_inv": false, "timeout": 7200, "instance": "p25", "output": "/data/brussel/101/vsc10143/OUSResults/experiment4/2021011308/20210113084823363377.json"}, "results": {"HS": [0, 6, 7, 6, 2, 2, 1, 3, 1, 1, 2, 8, 2, 1, 1, 10, 55, 2, 5, 1, 11, 10, 1, 1, 2, 1, 2, 2, 1, 2, 1, 1, 1, 1, 1, 9, 2, 2, 1, 1, 2, 1, 1, 2, 1, 1, 4, 3, 1, 1, 2, 2, 1, 3, 1, 1, 1, 2, 1, 3, 2, 1, 1, 3, 2, 1, 1, 1, 1, 1, 4, 1, 1, 1, 1, 1, 2, 7, 6, 3, 1, 4, 1, 2, 1, 1, 1, 1, 6, 1, 1, 1, 2, 1, 1, 5, 5, 2, 1, 1, 1, 1, 1, 1, 2, 2, 1, 1, 2, 1], "HS_greedy": [0, 0, 0, 0, 0, 0, 0, 0, 0, 0, 0, 0, 0, 0, 0, 0, 0, 0, 0, 0, 0, 0, 0, 0, 0, 0, 0, 0, 0, 0, 0, 0, 0, 0, 0, 0, 0, 0, 0, 0, 0, 0, 0, 0, 0, 0, 0, 0, 0, 0, 0, 0, 0, 0, 0, 0, 0, 0, 0, 0, 0, 0, 0, 0, 0, 0, 0, 0, 0, 0, 0, 0, 0, 0, 0, 0, 0, 0, 0, 0, 0, 0, 0, 0, 0, 0, 0, 0, 0, 0, 0, 0, 0, 0, 0, 0, 0, 0, 0, 0, 0, 0, 0, 0, 0, 0, 0, 0, 0, 0], "HS_incr": [0, 110, 97, 67, 11, 17, 0, 37, 0, 0, 22, 106, 15, 0, 0, 108, 581, 20, 38, 0, 146, 74, 0, 0, 9, 0, 12, 5, 0, 14, 0, 0, 0, 0, 0, 117, 21, 13, 0, 0, 13, 0, 0, 18, 0, 0, 56, 24, 0, 0, 6, 11, 0, 20, 0, 0, 0, 9, 0, 26, 5, 0, 0, 4, 8, 0, 0, 0, 0, 0, 17, 0, 0, 0, 0, 0, 12, 98, 57, 22, 0, 32, 0, 5, 0, 0, 0, 0, 17, 0, 0, 0, 12, 0, 0, 52, 38, 5, 0, 0, 0, 0, 0, 0, 7, 14, 0, 0, 5, 0], "HS-opt-time": [0, 0.7284355163574219, 5.138408899307251, 6.585258960723877, 2.3476951122283936, 2.8359780311584473, 1.6081163883209229, 3.563901424407959, 1.6923279762268066, 0.33220529556274414, 0.7131743431091309, 20.888977527618408, 1.5433790683746338, 0.70172119140625, 0.7311861515045166, 25.640493631362915, 674.6101965904236, 38.054383754730225, 107.52653479576111, 5.136552333831787, 237.3805787563324, 128.42552065849304, 6.185328006744385, 11.860325813293457, 33.18233919143677, 11.563087940216064, 41.01456379890442, 33.206958055496216, 9.03253698348999, 12.76417326927185, 6.19266152381897, 5.944260358810425, 12.290297508239746, 11.347318887710571, 13.853562831878662, 59.84704661369324, 20.31089496612549, 12.977959156036377, 12.284005403518677, 7.456842660903931, 13.309602975845337, 7.157132387161255, 8.786409616470337, 13.163593769073486, 6.6722166538238525, 7.162845849990845, 33.174440145492554, 19.268957376480103, 11.606488466262817, 7.856324911117554, 16.781212329864502, 12.904104709625244, 6.9658286571502686, 18.763410329818726, 7.30343222618103, 8.49043583869934, 10.789421319961548, 13.577915668487549, 7.292947769165039, 29.490247011184692, 14.08162546157837, 7.3642542362213135, 7.15661358833313, 26.622143745422363, 13.620997428894043, 7.150226354598999, 7.137421369552612, 9.41499400138855, 7.085326671600342, 7.259525775909424, 27.640976190567017, 7.1634361743927, 6.836865663528442, 6.606627941131592, 6.78821587562561, 6.6310858726501465, 13.24699592590332, 64.53665375709534, 42.10052132606506, 20.994566679000854, 10.384509563446045, 27.672312021255493, 7.687941312789917, 16.27668070793152, 7.222445011138916, 6.83411431312561, 8.308558702468872, 6.68342137336731, 47.91709280014038, 7.399583578109741, 7.215709209442139, 7.090522050857544, 13.38387131690979, 6.756535053253174, 8.261214256286621, 35.54171824455261, 35.66580939292908, 13.461520195007324, 7.3574278354644775, 7.5713725090026855, 6.919511556625366, 7.490204334259033, 7.322220087051392, 6.7440149784088135, 13.403153419494629, 13.411545276641846, 7.3719048500061035, 6.760956048965454, 13.327418088912964, 6.584760665893555], "HS-postpone-time": [0, 0.005509614944458008, 0.004831552505493164, 0.0035135746002197266, 0.0005476474761962891, 0.0008325576782226562, 0, 0.0019385814666748047, 0, 0, 0.00118255615234375, 0.005364418029785156, 0.0006937980651855469, 0, 0, 0.005463123321533203, 0.030864953994750977, 0.001108407974243164, 0.002035379409790039, 0, 0.0078012943267822266, 0.004188060760498047, 0, 0, 0.00047135353088378906, 0, 0.0006988048553466797, 0.0002422332763671875, 0, 0.0006697177886962891, 0, 0, 0, 0, 0, 0.005906105041503906, 0.0010793209075927734, 0.0006802082061767578, 0, 0, 0.0006313323974609375, 0, 0, 0.0008692741394042969, 0, 0, 0.0027430057525634766, 0.001138925552368164, 0, 0, 0.00030922889709472656, 0.0005223751068115234, 0, 0.0009372234344482422, 0, 0, 0, 0.0004451274871826172, 0, 0.0012936592102050781, 0.0001842975616455078, 0, 0, 0.0001747608184814453, 0.00038242340087890625, 0, 0, 0, 0, 0, 0.0007300376892089844, 0, 0, 0, 0, 0, 0.0004723072052001953, 0.004302501678466797, 0.0023245811462402344, 0.0008981227874755859, 0, 0.0012426376342773438, 0, 0.0001881122589111328, 0, 0, 0, 0, 0.0007259845733642578, 0, 0, 0, 0.0004794597625732422, 0, 0, 0.002074718475341797, 0.0016779899597167969, 0.00019121170043945312, 0, 0, 0, 0, 0, 0, 0.0003535747528076172, 0.0006172657012939453, 0, 0, 0.00016307830810546875, 0], "SAT-time": [0.3390781879425049, 1.2146635055541992, 1.0531978607177734, 0.7217881679534912, 0.10151314735412598, 0.16627740859985352, 0.0013072490692138672, 0.38974833488464355, 0.001542806625366211, 0.0028536319732666016, 0.21991705894470215, 1.1746490001678467, 0.14992880821228027, 0.0029404163360595703, 0.0013353824615478516, 1.206810712814331, 6.954981565475464, 0.22654175758361816, 0.44803857803344727, 0.0031108856201171875, 1.7469563484191895, 0.8743612766265869, 0.001310586929321289, 0.003114461898803711, 0.09370183944702148, 0.0030524730682373047, 0.12835955619812012, 0.05152249336242676, 0.00138092041015625, 0.152146577835083, 0.0013003349304199219, 0.0030350685119628906, 0.001363992691040039, 0.003217458724975586, 0.001257181167602539, 1.4280893802642822, 0.2397141456604004, 0.14386606216430664, 0.0013799667358398438, 0.0031363964080810547, 0.14032554626464844, 0.003313302993774414, 0.0013546943664550781, 0.20232748985290527, 0.0014238357543945312, 0.0031402111053466797, 0.6490867137908936, 0.27544355392456055, 0.0014505386352539062, 0.003160238265991211, 0.05998110771179199, 0.1206207275390625, 0.0014643669128417969, 0.22302460670471191, 0.0013470649719238281, 0.0031316280364990234, 0.0013873577117919922, 0.09675478935241699, 0.0013544559478759766, 0.3070027828216553, 0.0487363338470459, 0.0014476776123046875, 0.003283262252807617, 0.0402071475982666, 0.08443808555603027, 0.0014421939849853516, 0.003116607666015625, 0.0014140605926513672, 0.003124237060546875, 0.0013451576232910156, 0.1913623809814453, 0.0013704299926757812, 0.0031747817993164062, 0.0013544559478759766, 0.0030100345611572266, 0.0014352798461914062, 0.1322343349456787, 1.158081293106079, 0.67661452293396, 0.2519853115081787, 0.0031359195709228516, 0.3616194725036621, 0.003093719482421875, 0.047894954681396484, 0.0031003952026367188, 0.0013380050659179688, 0.002964496612548828, 0.0014264583587646484, 0.19172143936157227, 0.0013415813446044922, 0.0030410289764404297, 0.0015354156494140625, 0.13198518753051758, 0.0013763904571533203, 0.0030128955841064453, 0.6147210597991943, 0.4455444812774658, 0.05067181587219238, 0.002974271774291992, 0.0013949871063232422, 0.0031807422637939453, 0.0013744831085205078, 0.0030639171600341797, 0.001497507095336914, 0.07102489471435547, 0.14957022666931152, 0.003021717071533203, 0.0014317035675048828, 0.05228090286254883, 0.0013802051544189453],