{"config": {"preseeding": true, "sat-polarity": true, "sat-polarity-initial": false, "postpone_opt": false, "postpone_opt_incr": false, "postpone_opt_greedy": false, "grow": true, "grow_sat": false, "grow_subset_maximal": false, "grow_maxsat": true, "maxsat_polarities": true, "grow_maxsat_full_pos": false, "grow_maxsat_full_inv": false, "grow_maxsat_full_unif": false, "grow_maxsat_initial_pos": false, "grow_maxsat_initial_inv": false, "grow_maxsat_initial_unif": false, "grow_maxsat_actual_pos": true, "grow_maxsat_actual_unif": false, "grow_maxsat_actual_inv": false, "timeout": 7200, "instance": "p25", "output": "/data/brussel/101/vsc10143/OUSResults/experiment4/2021011308/20210113084823362797.json"}, "results": {"HS": [0, 21, 25, 6, 1, 1, 17, 6, 2, 12, 20, 4, 5, 6, 2, 4, 110, 4, 11, 75, 3, 1, 12], "HS_greedy": [0, 0, 0, 0, 0, 0, 0, 0, 0, 0, 0, 0, 0, 0, 0, 0, 0, 0, 0, 0, 0, 0, 0], "HS_incr": [0, 0, 0, 0, 0, 0, 0, 0, 0, 0, 0, 0, 0, 0, 0, 0, 0, 0, 0, 0, 0, 0, 0], "HS-opt-time": [0, 0.39948320388793945, 4.704368352890015, 0.7724320888519287, 0.04330801963806152, 0.04391741752624512, 4.252852439880371, 1.5639119148254395, 0.44310617446899414, 2.4624292850494385, 6.041896104812622, 1.2862844467163086, 2.181638240814209, 0.4241180419921875, 0.13503360748291016, 0.47060251235961914, 106.75983786582947, 0.6818642616271973, 18.25613284111023, 85.39497351646423, 1.5654010772705078, 0.7551696300506592, 11.85560393333435], "HS-postpone-time": [0, 0, 0, 0, 0, 0, 0, 0, 0, 0, 0, 0, 0, 0, 0, 0, 0, 0, 0, 0, 0, 0, 0], "SAT-time": [0.18864750862121582, 0.11830925941467285, 0.13836908340454102, 0.029473543167114258, 0.0008714199066162109, 0.0020737648010253906, 0.09394454956054688, 0.030226469039916992, 0.006952762603759766, 0.06668543815612793, 0.11776614189147949, 0.019482851028442383, 0.0222930908203125, 0.030843496322631836, 0.007225751876831055, 0.01907038688659668, 0.7143421173095703, 0.018473386764526367, 0.059989213943481445, 0.48517894744873047, 0.011809110641479492, 0.002258777618408203, 0.07470536231994629], "grow-time": [3.90437388420105, 6.057680606842041, 13.349245309829712, 110.32813429832458, 0, 0, 330.19089555740356, 47.37606477737427, 0.14629244804382324, 123.76222467422485, 123.40575194358826, 73.03585624694824, 1.015312910079956, 3.7186169624328613, 0.11942362785339355, 1.1415047645568848, 5418.079774618149, 1.698969841003418, 112.17154717445374, 503.88594102859497, 1.837517499923706, 0, 25.186273336410522], "#expl": 21, "expl_seq": [{"constraints": [28429], "derived": [-26793]}, {"constraints": [26889, 28428], "derived": [-26760, -26761]}, {"constraints": [26913, 28427], "derived": [26813]}, {"constraints": [26899, 26813], "derived": [-26823, -26828, -26818, -26833]}, {"constraints": [26901, 26813], "derived": [-26816, -26815, -26814, -26812]}, {"constraints": [28424, 26887], "derived": [-26751]}, {"constraints": [28423, 26895], "derived": [-26794]}, {"constraints": [28426, 26891], "derived": [-26781, -26779]}, {"constraints": [28426, 26887], "derived": [-26756, -26753]}, {"constraints": [28424, 26891], "derived": [-26774]}, {"constraints": [28425, 26917], "derived": [-26872]}, {"constraints": [28425, 26919], "derived": [26877]}, {"constraints": [26877, 26909], "derived": [-26880, -26879, -26878, -26881]}, {"constraints": [26907, 26877], "derived": [-26862, -26867, -26882]}, {"constraints": [26922, -26867, 26813], "derived": [-26837]}, {"constraints": [28428, 26916, 26903], "derived": [-26840, -26845, -26810]}, {"constraints": [-26840, 26921, 26813], "derived": [-26870]}, {"constraints": [26912, 28426, 26891], "derived": [-26821, -26836, -26819, -26834]}, {"constraints": [-26836, -26834, 26899, 26902, 26813, -26821, -26819], "derived": [-26830, -26822, -26827, -26825]}, {"constraints": [26920, 26877, -26825], "derived": [-26847]}, {"constraints": [26920, -26830, 26877], "derived": [-26852]}], "OUS-time": [0, 6.615064859390259, 18.241563081741333, 111.14107489585876, 0.04518580436706543, 0.04693412780761719, 334.5711576938629, 48.981255531311035, 0.5992863178253174, 126.3140172958374, 129.60418725013733, 74.34833145141602, 3.2276928424835205, 4.184393644332886, 0.26424503326416016, 1.637596845626831, 5525.772641420364, 2.406024932861328, 130.50705289840698, 589.9076411724091, 3.4194700717926025, 0.7587125301361084, 0], "timeout": true}}