{"config": {"preseeding": false, "sat-polarity": true, "sat-polarity-initial": true, "postpone_opt": true, "postpone_opt_incr": true, "postpone_opt_greedy": true, "grow": true, "grow_sat": false, "grow_subset_maximal": false, "grow_maxsat": true, "maxsat_polarities": true, "grow_maxsat_full_pos": false, "grow_maxsat_full_inv": false, "grow_maxsat_full_unif": false, "grow_maxsat_initial_pos": false, "grow_maxsat_initial_inv": false, "grow_maxsat_initial_unif": false, "grow_maxsat_actual_pos": false, "grow_maxsat_actual_unif": true, "grow_maxsat_actual_inv": false, "timeout": 7200, "instance": "p25", "output": "/data/brussel/101/vsc10143/OUSResults/experiment4/2021011308/20210113084823362712.json"}, "results": {"HS": [0, 2, 1, 3, 2, 2, 1, 1, 2, 1, 1, 1, 1, 1, 1, 1, 13, 4, 1, 1, 2, 1, 1, 1, 1, 1, 2, 1, 1, 1, 1, 1, 1, 1, 2, 1, 1, 1, 1, 1, 3, 1, 1, 1, 2, 1, 1, 1, 1, 1, 2, 1, 1, 1, 1, 1, 1, 1, 1, 1, 1, 1, 1, 1, 1, 1, 1, 1, 1, 1, 1, 1, 1, 1, 1, 1, 1, 1, 1, 1, 1, 1, 1, 1, 1, 1, 1, 1, 1, 1, 1, 1, 2, 1, 1, 1, 1, 1, 1, 1, 2, 1, 2, 1, 1, 1, 1, 2, 1, 1, 1, 1, 1, 1], "HS_greedy": [0, 16, 0, 62, 58, 54, 0, 0, 60, 0, 0, 0, 0, 0, 0, 0, 73, 74, 0, 0, 82, 0, 0, 0, 0, 0, 98, 0, 0, 0, 0, 0, 0, 0, 95, 0, 0, 0, 0, 0, 137, 0, 0, 0, 152, 0, 0, 0, 0, 0, 101, 0, 0, 0, 0, 0, 0, 0, 0, 0, 0, 0, 0, 0, 0, 0, 0, 0, 0, 0, 0, 0, 0, 0, 0, 0, 0, 0, 0, 0, 0, 0, 0, 0, 0, 0, 0, 0, 0, 0, 0, 0, 37, 0, 0, 0, 0, 0, 0, 0, 9, 0, 24, 0, 0, 0, 0, 28, 0, 0, 0, 0, 0, 0], "HS_incr": [0, 293, 0, 1421, 1317, 1346, 0, 0, 1451, 0, 0, 0, 0, 0, 0, 0, 1301, 1163, 0, 0, 1257, 0, 0, 0, 0, 0, 1525, 0, 0, 0, 0, 0, 0, 0, 1315, 0, 0, 0, 0, 0, 2078, 0, 0, 0, 2204, 0, 0, 0, 0, 0, 1138, 0, 0, 0, 0, 0, 0, 0, 0, 0, 0, 0, 0, 0, 0, 0, 0, 0, 0, 0, 0, 0, 0, 0, 0, 0, 0, 0, 0, 0, 0, 0, 0, 0, 0, 0, 0, 0, 0, 0, 0, 0, 252, 0, 0, 0, 0, 0, 0, 0, 45, 0, 132, 0, 0, 0, 0, 150, 0, 0, 0, 0, 0, 0], "HS-opt-time": [0, 0.4588916301727295, 0.9462387561798096, 39.96868109703064, 46.791630029678345, 45.32121801376343, 21.589027643203735, 35.609848499298096, 11.093955516815186, 6.650638580322266, 35.713290214538574, 43.33931612968445, 49.669798851013184, 9.10030460357666, 7.583172559738159, 8.082486867904663, 787.4056539535522, 158.1392858028412, 9.323071956634521, 9.920066356658936, 105.92377519607544, 89.45870852470398, 25.2493097782135, 12.309356927871704, 12.513680696487427, 11.661949634552002, 19.1399827003479, 17.495452404022217, 12.236960887908936, 10.36237096786499, 9.427103281021118, 18.12627148628235, 23.23047423362732, 13.642419815063477, 21.814886569976807, 15.1826753616333, 18.004373788833618, 14.888853311538696, 15.943825721740723, 15.910224199295044, 49.66162300109863, 14.473222970962524, 16.6759250164032, 16.452832460403442, 50.62081289291382, 18.248085975646973, 25.075589418411255, 26.242356061935425, 17.246923446655273, 18.224592447280884, 41.53101849555969, 20.03481101989746, 29.710429668426514, 30.029836177825928, 19.5540554523468, 18.15002751350403, 27.17872381210327, 19.709136724472046, 19.22479271888733, 14.879786729812622, 26.73943042755127, 36.474204778671265, 22.33658504486084, 18.521374940872192, 17.61860156059265, 15.141396045684814, 16.677790641784668, 16.016297578811646, 15.85191822052002, 16.122596979141235, 16.25781011581421, 15.517600774765015, 15.797049760818481, 12.81880497932434, 13.42296051979065, 13.428824186325073, 13.056911945343018, 22.745172023773193, 16.90029215812683, 17.325511693954468, 20.904202938079834, 24.286496877670288, 21.00554585456848, 18.809924364089966, 16.24575662612915, 17.745481252670288, 21.272653579711914, 18.58628535270691, 18.15131711959839, 17.771236896514893, 19.08096170425415, 16.16605234146118, 24.74758768081665, 15.88575530052185, 16.014602422714233, 16.068779945373535, 16.04993438720703, 15.6683349609375, 15.201388835906982, 15.47546100616455, 30.252420902252197, 12.546345472335815, 23.853602409362793, 19.28358030319214, 17.60463237762451, 13.240700483322144, 11.57487678527832, 23.14439296722412, 11.634443283081055, 11.455833911895752, 11.157062530517578, 11.058794736862183, 11.419524908065796, 11.448896408081055], "HS-postpone-time": [0, 0.07371020317077637, 0, 1.3826208114624023, 1.1674749851226807, 1.1134355068206787, 0, 0, 1.3204700946807861, 0, 0, 0, 0, 0, 0, 0, 1.3308475017547607, 1.1063275337219238, 0, 0, 1.2622036933898926, 0, 0, 0, 0, 0, 1.7002675533294678, 0, 0, 0, 0, 0, 0, 0, 1.3467588424682617, 0, 0, 0, 0, 0, 2.9932615756988525, 0, 0, 0, 3.340435028076172, 0, 0, 0, 0, 0, 1.0369799137115479, 0, 0, 0, 0, 0, 0, 0, 0, 0, 0, 0, 0, 0, 0, 0, 0, 0, 0, 0, 0, 0, 0, 0, 0, 0, 0, 0, 0, 0, 0, 0, 0, 0, 0, 0, 0, 0, 0, 0, 0, 0, 0.052297115325927734, 0, 0, 0, 0, 0, 0, 0, 0.004165172576904297, 0, 0.017259836196899414, 0, 0, 0, 0, 0.02166008949279785, 0, 0, 0, 0, 0, 0], "SAT-time": [0, 1.8772964477539062, 0.0007977485656738281, 9.234092712402344, 8.409879922866821, 8.775185585021973, 0.0008718967437744141, 0.0022907257080078125, 9.42033863067627, 0.0025167465209960938, 0.0009105205535888672, 0.002351045608520508, 0.0009226799011230469, 0.0023810863494873047, 0.0009388923645019531, 0.0024404525756835938, 8.546099424362183, 7.569065093994141, 0.000978708267211914, 0.0025107860565185547, 8.036252498626709, 0.0025374889373779297, 0.0009613037109375, 0.0025124549865722656, 0.0009953975677490234, 0.0025076866149902344, 9.684701919555664, 0.002578258514404297, 0.0009813308715820312, 0.0025053024291992188, 0.0010137557983398438, 0.0025310516357421875, 0.0009868144989013672, 0.002603769302368164, 8.464242696762085, 0.00258636474609375, 0.0010111331939697266, 0.0025420188903808594, 0.0010497570037841797, 0.0026595592498779297, 13.257403373718262, 0.000978231430053711, 0.0025796890258789062, 0.0010721683502197266, 14.009045124053955, 0.0010361671447753906, 0.002708911895751953, 0.0010652542114257812, 0.0026521682739257812, 0.0010902881622314453, 7.149117708206177, 0.001100301742553711, 0.0010743141174316406, 0.0026636123657226562, 0.0010900497436523438, 0.0011072158813476562, 0.0027272701263427734, 0.0010766983032226562, 0.0010962486267089844, 0.002765655517578125, 0.0010776519775390625, 0.0010890960693359375, 0.002671957015991211, 0.0010237693786621094, 0.0010800361633300781, 0.0027632713317871094, 0.001125335693359375, 0.002729177474975586, 0.001142263412475586, 0.0010685920715332031, 0.0028133392333984375, 0.0010678768157958984, 0.0011162757873535156, 0.0027887821197509766, 0.0011489391326904297, 0.0011305809020996094, 0.002811908721923828, 0.0011773109436035156, 0.0027871131896972656, 0.0010786056518554688, 0.0028319358825683594, 0.0010576248168945312, 0.0011091232299804688, 0.0028748512268066406, 0.0011174678802490234, 0.0012590885162353516, 0.003088712692260742, 0.0012829303741455078, 0.0012714862823486328, 0.003063201904296875, 0.0012614727020263672, 0.0012485980987548828, 1.65621018409729, 0.0013117790222167969, 0.0013005733489990234, 0.00315093994140625, 0.001300811767578125, 0.0013222694396972656, 0.0031371116638183594, 0.0013194084167480469, 0.2908649444580078, 0.0030889511108398438, 0.861182689666748, 0.0012791156768798828, 0.0030956268310546875, 0.0013756752014160156, 0.0013415813446044922, 0.9363565444946289, 0.0013437271118164062, 0.001344442367553711, 0.003194570541381836, 0.0013797283172607422, 0.0013306140899658203, 0.0013318061828613281], "grow-time": [0, 38.921658515930176, 0, 196.16808009147644, 181.77195596694946, 195.0690302848816, 0, 0, 212.5329601764679, 0, 0, 0, 0, 0, 0, 0, 177.06497311592102, 156.61922931671143, 0, 0, 165.587810754776, 0, 0, 0, 0, 0, 198.8062117099762, 0, 0, 0, 0, 0, 0, 0, 175.73692655563354, 0, 0, 0, 0, 0, 291.25137090682983, 0, 0, 0, 316.62370562553406, 0, 0, 0, 0, 0, 161.142493724823, 0, 0, 0, 0, 0, 0, 0, 0, 0, 0, 0, 0, 0, 0, 0, 0, 0, 0, 0, 0, 0, 0, 0, 0, 0, 0, 0, 0, 0, 0, 0, 0, 0, 0, 0, 0, 0, 0, 0, 0, 0, 41.36556124687195, 0, 0, 0, 0, 0, 0, 0, 7.1056153774261475, 0, 20.42158317565918, 0, 0, 0, 0, 22.939141511917114, 0, 0, 0, 0, 0, 0], "#expl": 113, "expl_seq": [{"constraints": [19517], "derived": [-17881]}, {"constraints": [19512, 17975],