{"config": {"preseeding": false, "sat-polarity": true, "sat-polarity-initial": true, "postpone_opt": true, "postpone_opt_incr": true, "postpone_opt_greedy": true, "grow": true, "grow_sat": false, "grow_subset_maximal": false, "grow_maxsat": true, "maxsat_polarities": true, "grow_maxsat_full_pos": false, "grow_maxsat_full_inv": false, "grow_maxsat_full_unif": false, "grow_maxsat_initial_pos": false, "grow_maxsat_initial_inv": false, "grow_maxsat_initial_unif": true, "grow_maxsat_actual_pos": false, "grow_maxsat_actual_unif": false, "grow_maxsat_actual_inv": false, "timeout": 7200, "instance": "p25", "output": "/data/brussel/101/vsc10143/OUSResults/experiment4/2021011308/20210113084823362694.json"}, "results": {"HS": [0, 2, 1, 3, 1, 2, 1, 1, 1, 1, 1, 1, 1, 2, 1, 1, 36, 2, 6, 1, 1, 7, 2, 1, 1, 1, 1, 1, 1, 1, 1, 1, 1, 1, 1, 1, 2, 1, 1, 1, 1, 3, 1, 1, 1, 1, 1, 1, 1, 1, 2, 1, 1, 1, 1, 1, 1, 1, 1, 1, 1, 1, 1, 7, 1, 1, 1, 0], "HS_greedy": [0, 16, 0, 80, 0, 56, 0, 0, 0, 0, 0, 0, 0, 59, 0, 0, 94, 50, 38, 0, 0, 53, 52, 0, 0, 0, 0, 0, 0, 0, 0, 0, 0, 0, 0, 0, 32, 0, 0, 0, 0, 54, 0, 0, 0, 0, 0, 0, 0, 0, 32, 0, 0, 0, 0, 0, 0, 0, 0, 0, 0, 0, 0, 47, 0, 0, 0, 0], "HS_incr": [0, 293, 0, 1995, 0, 1314, 0, 0, 0, 0, 0, 0, 0, 1084, 0, 0, 1978, 964, 637, 0, 0, 1114, 1229, 0, 0, 0, 0, 0, 0, 0, 0, 0, 0, 0, 0, 0, 731, 0, 0, 0, 0, 1183, 0, 0, 0, 0, 0, 0, 0, 0, 742, 0, 0, 0, 0, 0, 0, 0, 0, 0, 0, 0, 0, 848, 0, 0, 0, 0], "HS-opt-time": [0, 0.4703495502471924, 0.9658756256103516, 35.03498291969299, 23.916682481765747, 49.70360064506531, 20.43722438812256, 22.122451066970825, 5.160633325576782, 4.523684024810791, 22.410260677337646, 26.74962282180786, 30.55973529815674, 10.277678966522217, 5.61269998550415, 5.240223169326782, 2326.343189239502, 150.11865520477295, 193.46871376037598, 16.1660315990448, 16.09160828590393, 259.74791955947876, 150.28726482391357, 91.56317853927612, 24.793996572494507, 15.264472484588623, 13.153890132904053, 14.911648511886597, 13.43713092803955, 13.614586591720581, 11.931575059890747, 17.732500553131104, 10.880553483963013, 71.29521226882935, 18.988231897354126, 48.10966944694519, 31.607383251190186, 38.04178977012634, 25.192116022109985, 61.3285710811615, 38.13382863998413, 159.44012928009033, 16.201995849609375, 20.859546422958374, 19.6191303730011, 32.5850830078125, 38.742576360702515, 23.50000262260437, 33.95642590522766, 15.941701173782349, 39.4249005317688, 17.252695560455322, 19.781702041625977, 16.999817609786987, 17.10338807106018, 29.036919116973877, 17.979693174362183, 19.757636070251465, 23.195276498794556, 39.04550647735596, 19.353230476379395, 16.197712421417236, 21.75508141517639, 227.15518879890442, 17.40345311164856, 15.738112926483154, 16.19319486618042, 0], "HS-postpone-time": [0, 0.07720041275024414, 0, 2.7200496196746826, 0, 1.162635326385498, 0, 0, 0, 0, 0, 0, 0, 0.9842517375946045, 0, 0, 3.454691171646118, 0.790806770324707, 0.3605380058288574, 0, 0, 0.9053473472595215, 0.820986270904541, 0, 0, 0, 0, 0, 0, 0, 0, 0, 0, 0, 0, 0, 0.30559301376342773, 0, 0, 0, 0, 0.7234256267547607, 0, 0, 0, 0, 0, 0, 0, 0, 0.2871530055999756, 0, 0, 0, 0, 0, 0, 0, 0, 0, 0, 0, 0, 0.436199426651001, 0, 0, 0, 0], "SAT-time": [0, 2.105119228363037, 0.0008642673492431641, 13.76538372039795, 0.0009565353393554688, 9.087265014648438, 0.000986337661743164, 0.0026197433471679688, 0.0009386539459228516, 0.0025048255920410156, 0.0010862350463867188, 0.0025551319122314453, 0.0014390945434570312, 7.691105604171753, 0.0009722709655761719, 0.0025680065155029297, 13.710601568222046, 6.495341777801514, 4.314945459365845, 0.0026247501373291016, 0.0010118484497070312, 7.4989235401153564, 8.174118041992188, 0.0010137557983398438, 0.002621173858642578, 0.0010404586791992188, 0.002741098403930664, 0.0010805130004882812, 0.0026895999908447266, 0.0011110305786132812, 0.002611875534057617, 0.0011169910430908203, 0.002721548080444336, 0.0010113716125488281, 0.002618074417114258, 0.0010035037994384766, 4.9567766189575195, 0.001069784164428711, 0.0010440349578857422, 0.0026950836181640625, 0.0011112689971923828, 8.039088010787964, 0.002999544143676758, 0.0011091232299804688, 0.002843618392944336, 0.0010592937469482422, 0.0027573108673095703, 0.0011124610900878906, 0.0028133392333984375, 0.0010683536529541016, 5.1668078899383545, 0.0011408329010009766, 0.0029168128967285156, 0.0010535717010498047, 0.0011172294616699219, 0.002861499786376953, 0.0010416507720947266, 0.0011332035064697266, 0.002976655960083008, 0.0010669231414794922, 0.0011608600616455078, 0.0029311180114746094, 0.0011718273162841797, 5.945810079574585, 0.0030858516693115234, 0.001104593276977539, 0.0011532306671142578, 0], "grow-time": [0, 40.83136749267578, 0, 299.92109060287476, 0, 202.5981605052948, 0, 0, 0, 0, 0, 0, 0, 165.80599761009216, 0, 0, 297.80620408058167, 140.8755271434784, 93.57591319084167, 0, 0, 156.5417356491089, 176.0675084590912, 0, 0, 0, 0, 0, 0, 0, 0, 0, 0, 0, 0, 0, 105.84042453765869, 0, 0, 0, 0, 178.369952917099, 0, 0, 0, 0, 0, 0, 0, 0, 114.0197343826294, 0, 0, 0, 0, 0, 0, 0, 0, 0, 0, 0, 0, 129.541175365448, 0, 0, 0, 0], "#expl": 66, "expl_seq": [{"constraints": [19517], "derived": [-17881]}, {"constraints": [19512, 17975], "derived": [-17839]}, {"constraints": [19513, 18005], "derived": [-17960]}, {"constraints": [19512, 17979], "derived": [-17862]}, {"constraints": [19514, 17979], "derived": [-17869, -17867]}, {"constraints": [17977, 19516], "derived": [-17848, -17849]}, {"constraints": [19513, 18007], "derived": [17965]}, {"constraints": [17995, 17965], "derived": [-17950, -17955, -17970]}, {"constraints": [17965, 17997], "derived": [-17968, -17967, -17966, -17969]}, {"constraints": [19514, 17975], "derived": [-17844, -17841]}, {"constraints": [17983, 19511], "derived": [-17882]}, {"constraints": [18001, 19515], "derived": [17901]}, {"constraints": [17987, 17901], "derived": [-17911, -17916, -17906, -17921]}, {"constraints": [17989, 17901], "derived": [-17904, -17903, -17902, -17900]}, {"constraints": [-17955, 18010, 17901], "derived": [-17925]}, {"constraints": [17977, 19516, 17983], "derived": [-17898]}, {"constraints": [18000, 19514, 17979], "derived": [-17909, -17924, -17907, -17922]}, {"constraints": [17987, 17990, -17909, -17907, 17901, -17924, -17922], "derived": [-17918, -17910, -17915, -17913]}, {"constraints": [18008, 17965, -17913], "derived": [-17935]}, {"constraints": [18008, -17918, 17965], "derived": [-17940]}, {"constraints": [17988, -17915, -17910, -17844, 17999, -17841, -17900], "derived": [-17865]}, {"constraints": [-17913, -17911, 18001, -17869, -17867, -17865, 17982], "derived": [-17842]}, {"constraints": [-17918, -17916, -17915, 18001, -17869, -17867, 17982], "derived": [-17843]}, {"constraints": [-17844, -17843, -17842, -17841, 17978], "derived": [17840]}, {"constraints": [17840, 17975], "derived": [-17830, -17845, -17835, -17825]}, {"constraints": [-17830, 17901, 17999], "derived": [-17856]}, {"constraints": [17901, 17999, -17825], "derived": [-17851]}, {"constraints": [17840, -17925, 18004], "derived": [-17890]}, {"constraints": [-17835, 17901, 17999], "derived": [-17861]}, {"constraints": [-17845, 17901, 17999], "derived": [-17871]}, {"constraints": [17840, 18001, -17903], "derived": [-17868]}, {"constraints": [18000, 17901, 17840], "derived": [17866]}, {"constraints": [-17856, 19511], "derived": [17832]}, {"constraints": [17832, 17975], "derived": [-17847, -17837, -17827]}, {"constraints": [17832, 17977], "derived": [-17831, -17834, -17833]}, {"constraints": [17832, 18003, -17882], "derived": [-17937]}, {"constraints": [17832, 18001, -17910], "derived": [-17855]}, {"constraints": [17832, -17935, 18004], "derived": [-17880]}, {"constraints": [17832, 18003, -17881], "derived": [-17936]}, {"constraints": [17832, 18001, -17913], "derived": [-17858]}, {"constraints": [-17849, -17844, -17839, -17834, 17976], "derived": [17829]}, {"constraints": [17977, 17829], "derived": [-17828, -17826]}, {"constraints": [18001, -17924, 17829],