{"config": {"preseeding": false, "sat-polarity": true, "sat-polarity-initial": false, "postpone_opt": false, "postpone_opt_incr": false, "postpone_opt_greedy": false, "grow": true, "grow_sat": false, "grow_subset_maximal": false, "grow_maxsat": true, "maxsat_polarities": true, "grow_maxsat_full_pos": false, "grow_maxsat_full_inv": false, "grow_maxsat_full_unif": false, "grow_maxsat_initial_pos": false, "grow_maxsat_initial_inv": false, "grow_maxsat_initial_unif": false, "grow_maxsat_actual_pos": false, "grow_maxsat_actual_unif": true, "grow_maxsat_actual_inv": false, "timeout": 7200, "instance": "p93", "output": "/data/brussel/101/vsc10143/OUSResults/experiment4/2021011321/20210113210107972080.json"}, "results": {"HS": [0, 56, 1, 7, 2, 6, 1, 20, 4, 5, 7, 10, 13, 4, 2, 3, 25, 3, 11, 14, 4, 6, 32, 1, 12, 2, 1, 21, 4, 8, 9, 2, 40, 17, 2, 2, 1, 2, 14, 6, 1, 2, 1, 1, 1, 2, 18, 1, 9, 3, 14, 5, 2, 4, 2, 3, 4, 4, 1, 2, 1, 14, 9, 10, 1, 8, 1, 1, 1, 3, 1, 24, 4, 6, 1, 5, 2, 1, 2, 1, 9, 1, 18, 9, 2, 13, 1, 3, 2, 1, 3, 1, 1, 1, 6, 21, 1, 3, 10, 7, 3, 1, 1, 1, 1, 8, 2, 5, 2, 4, 1, 1, 1, 17, 1, 1, 1], "HS_greedy": [0, 0, 0, 0, 0, 0, 0, 0, 0, 0, 0, 0, 0, 0, 0, 0, 0, 0, 0, 0, 0, 0, 0, 0, 0, 0, 0, 0, 0, 0, 0, 0, 0, 0, 0, 0, 0, 0, 0, 0, 0, 0, 0, 0, 0, 0, 0, 0, 0, 0, 0, 0, 0, 0, 0, 0, 0, 0, 0, 0, 0, 0, 0, 0, 0, 0, 0, 0, 0, 0, 0, 0, 0, 0, 0, 0, 0, 0, 0, 0, 0, 0, 0, 0, 0, 0, 0, 0, 0, 0, 0, 0, 0, 0, 0, 0, 0, 0, 0, 0, 0, 0, 0, 0, 0, 0, 0, 0, 0, 0, 0, 0, 0, 0, 0, 0, 0], "HS_incr": [0, 0, 0, 0, 0, 0, 0, 0, 0, 0, 0, 0, 0, 0, 0, 0, 0, 0, 0, 0, 0, 0, 0, 0, 0, 0, 0, 0, 0, 0, 0, 0, 0, 0, 0, 0, 0, 0, 0, 0, 0, 0, 0, 0, 0, 0, 0, 0, 0, 0, 0, 0, 0, 0, 0, 0, 0, 0, 0, 0, 0, 0, 0, 0, 0, 0, 0, 0, 0, 0, 0, 0, 0, 0, 0, 0, 0, 0, 0, 0, 0, 0, 0, 0, 0, 0, 0, 0, 0, 0, 0, 0, 0, 0, 0, 0, 0, 0, 0, 0, 0, 0, 0, 0, 0, 0, 0, 0, 0, 0, 0, 0, 0, 0, 0, 0, 0], "HS-opt-time": [0, 0.543339729309082, 0.07814288139343262, 0.6410160064697266, 0.055008888244628906, 0.15544342994689941, 0.06826949119567871, 4.024352312088013, 1.281322956085205, 0.39197778701782227, 1.4424595832824707, 0.5978705883026123, 0.8436322212219238, 0.29763007164001465, 0.267775297164917, 0.29830288887023926, 11.94139838218689, 0.36458873748779297, 5.251291513442993, 7.524803161621094, 4.256937026977539, 0.8050949573516846, 30.735166549682617, 0.16520452499389648, 14.205063104629517, 0.23581290245056152, 0.15501689910888672, 18.609225749969482, 0.5494892597198486, 1.1377010345458984, 1.3875494003295898, 0.3137373924255371, 32.81070017814636, 15.895568132400513, 0.4474320411682129, 0.44385504722595215, 0.2704617977142334, 0.5586626529693604, 6.163981199264526, 1.6372179985046387, 0.2962503433227539, 0.621546745300293, 0.29795002937316895, 0.2696492671966553, 0.27443480491638184, 0.4952728748321533, 15.110922813415527, 0.7108254432678223, 6.069510459899902, 0.7827801704406738, 3.6964285373687744, 1.733710765838623, 0.774017333984375, 1.281599760055542, 0.6184060573577881, 1.1217222213745117, 1.614497423171997, 1.6402697563171387, 0.3957803249359131, 0.680387020111084, 0.4008820056915283, 7.276175022125244, 3.5584988594055176, 4.670095920562744, 0.4397749900817871, 3.8960769176483154, 0.41938209533691406, 0.42073726654052734, 0.42618274688720703, 1.1489839553833008, 0.4334526062011719, 27.46468496322632, 1.747976541519165, 2.6497581005096436, 0.5219378471374512, 2.606973171234131, 0.9895272254943848, 0.479461669921875, 0.859870195388794, 0.4371824264526367, 4.408685207366943, 0.3739025592803955, 9.615209817886353, 6.581615209579468, 0.840944766998291, 9.62825632095337, 0.44136667251586914, 1.267000436782837, 0.984837532043457, 0.5619206428527832, 1.5303599834442139, 0.6175658702850342, 0.6305077075958252, 0.6101932525634766, 3.8153040409088135, 10.054166555404663, 0.6405072212219238, 1.8281009197235107, 11.39479398727417, 3.823133945465088, 1.7134978771209717, 0.6487305164337158, 0.5969955921173096, 0.49884605407714844, 0.5678448677062988, 5.502103328704834, 1.0094797611236572, 2.662163019180298, 1.0016539096832275, 2.308467388153076, 0.538611650466919, 0.48703694343566895, 0.475252628326416, 9.39139723777771, 0.42362236976623535, 0.43172740936279297, 0.42631959915161133], "HS-postpone-time": [0, 0, 0, 0, 0, 0, 0, 0, 0, 0, 0, 0, 0, 0, 0, 0, 0, 0, 0, 0, 0, 0, 0, 0, 0, 0, 0, 0, 0, 0, 0, 0, 0, 0, 0, 0, 0, 0, 0, 0, 0, 0, 0, 0, 0, 0, 0, 0, 0, 0, 0, 0, 0, 0, 0, 0, 0, 0, 0, 0, 0, 0, 0, 0, 0, 0, 0, 0, 0, 0, 0, 0, 0, 0, 0, 0, 0, 0, 0, 0, 0, 0, 0, 0, 0, 0, 0, 0, 0, 0, 0, 0, 0, 0, 0, 0, 0, 0, 0, 0, 0, 0, 0, 0, 0, 0, 0, 0, 0, 0, 0, 0, 0, 0, 0, 0, 0], "SAT-time": [0, 0.14270353317260742, 0.0006136894226074219, 0.017284154891967773, 0.0033767223358154297, 0.014486074447631836, 0.000637054443359375, 0.051427364349365234, 0.009028911590576172, 0.012399435043334961, 0.01697063446044922, 0.025227785110473633, 0.032930850982666016, 0.00946950912475586, 0.0033979415893554688, 0.0070683956146240234, 0.06375241279602051, 0.00696873664855957, 0.02519536018371582, 0.03566336631774902, 0.008896350860595703, 0.015381097793579102, 0.08224010467529297, 0.0018875598907470703, 0.029486894607543945, 0.004477739334106445, 0.0006663799285888672, 0.06014752388000488, 0.009032011032104492, 0.021366357803344727, 0.023181438446044922, 0.004572868347167969, 0.10729479789733887, 0.049004554748535156, 0.003676176071166992, 0.0047016143798828125, 0.0007047653198242188, 0.0048444271087646484, 0.038535356521606445, 0.01616358757019043, 0.0006995201110839844, 0.004739284515380859, 0.0007059574127197266, 0.002107858657836914, 0.0006883144378662109, 0.004513263702392578, 0.04827547073364258, 0.002155303955078125, 0.024335622787475586, 0.007666349411010742, 0.03902721405029297, 0.013588428497314453, 0.004099130630493164, 0.010559797286987305, 0.003602266311645508, 0.008332014083862305, 0.00945591926574707, 0.011183977127075195, 0.0007462501525878906, 0.004845619201660156, 0.0007219314575195312, 0.03982114791870117, 0.022831439971923828, 0.0292360782623291, 0.0007109642028808594, 0.022732019424438477, 0.0007271766662597656, 0.0020766258239746094, 0.0006895065307617188, 0.007993459701538086, 0.0006830692291259766, 0.07193946838378906, 0.010192632675170898, 0.017270565032958984, 0.0007467269897460938, 0.014856100082397461, 0.0038297176361083984, 0.0021653175354003906, 0.003942251205444336, 0.0021317005157470703, 0.024883747100830078, 0.0021295547485351562, 0.05196356773376465, 0.026782751083374023, 0.004275083541870117, 0.03973126411437988, 0.0007197856903076172, 0.009318113327026367, 0.0037894248962402344, 0.0021097660064697266, 0.00691533088684082, 0.0022106170654296875, 0.0007290840148925781, 0.002243518829345703, 0.015680551528930664, 0.06002974510192871, 0.0007419586181640625, 0.006760835647583008, 0.0292513370513916, 0.018291950225830078, 0.006806612014770508, 0.0021784305572509766, 0.0007686614990234375, 0.0007631778717041016, 0.0022792816162109375, 0.0222928524017334, 0.003984928131103516, 0.014171600341796875, 0.0039031505584716797, 0.009621858596801758, 0.0028264522552490234, 0.0007500648498535156, 0.0007555484771728516, 0.04846620559692383, 0.0007388591766357422, 0.0007486343383789062, 0.0020995140075683594],