{"config": {"preseeding": true, "sat-polarity": true, "sat-polarity-initial": false, "postpone_opt": true, "postpone_opt_incr": true, "postpone_opt_greedy": true, "grow": true, "grow_sat": false, "grow_subset_maximal": false, "grow_maxsat": true, "maxsat_polarities": true, "grow_maxsat_full_pos": false, "grow_maxsat_full_inv": false, "grow_maxsat_full_unif": false, "grow_maxsat_initial_pos": true, "grow_maxsat_initial_inv": false, "grow_maxsat_initial_unif": false, "grow_maxsat_actual_pos": false, "grow_maxsat_actual_unif": false, "grow_maxsat_actual_inv": false, "timeout": 7200, "instance": "p93", "output": "/data/brussel/101/vsc10143/OUSResults/experiment4/2021011321/20210113210107973965.json"}, "results": {"HS": [0, 1, 2, 1, 2, 1, 1, 1, 1, 1, 1, 1, 1, 3, 1, 1, 1, 1, 1, 1, 6, 1, 8, 1, 1, 2, 17, 1, 2, 1, 1, 1, 1, 1, 1, 1, 9, 1, 1, 1, 1, 1, 1, 1, 1, 1, 1, 1, 1, 1, 2, 2, 1, 2, 1, 1, 1, 2, 2, 1, 1, 1, 1, 1, 1, 1, 2, 1, 1, 1, 1, 1, 1, 1, 1, 1, 4], "HS_greedy": [0, 0, 14, 0, 42, 0, 0, 0, 0, 0, 0, 0, 0, 64, 0, 0, 0, 0, 0, 0, 37, 0, 46, 0, 0, 47, 75, 0, 59, 0, 0, 0, 0, 0, 0, 0, 42, 0, 0, 0, 0, 0, 0, 0, 0, 0, 0, 0, 0, 0, 39, 32, 0, 31, 0, 0, 0, 34, 33, 0, 0, 0, 0, 0, 0, 0, 19, 0, 0, 0, 0, 0, 0, 0, 0, 0, 24], "HS_incr": [0, 0, 384, 0, 1181, 0, 0, 0, 0, 0, 0, 0, 0, 1706, 0, 0, 0, 0, 0, 0, 850, 0, 895, 0, 0, 1131, 1451, 0, 1130, 0, 0, 0, 0, 0, 0, 0, 818, 0, 0, 0, 0, 0, 0, 0, 0, 0, 0, 0, 0, 0, 985, 778, 0, 644, 0, 0, 0, 907, 647, 0, 0, 0, 0, 0, 0, 0, 484, 0, 0, 0, 0, 0, 0, 0, 0, 0, 485], "HS-opt-time": [0, 0.005611896514892578, 0.7960550785064697, 0.8323347568511963, 6.163416385650635, 5.486993074417114, 5.7659993171691895, 14.61769413948059, 16.14928674697876, 17.431882858276367, 14.902658939361572, 15.59748101234436, 5.830012083053589, 39.90609526634216, 12.899328470230103, 11.788392543792725, 12.19686508178711, 11.860005378723145, 11.984148025512695, 14.415191173553467, 184.82042479515076, 6.9403040409088135, 357.2471227645874, 8.529163599014282, 7.853739500045776, 17.92049813270569, 340.5305919647217, 58.173987865448, 17.63673424720764, 11.62043046951294, 12.257796049118042, 13.272020816802979, 15.424710512161255, 12.112560272216797, 10.365557193756104, 9.7975594997406, 413.1579079627991, 72.37921738624573, 33.76926517486572, 12.154163360595703, 9.869996309280396, 10.515314102172852, 11.969447612762451, 12.258952617645264, 17.977792739868164, 15.310099840164185, 8.733327865600586, 8.822247743606567, 14.675909757614136, 86.36926698684692, 21.258827447891235, 21.90042471885681, 11.391588926315308, 30.59708285331726, 12.990885972976685, 12.13034725189209, 12.540038347244263, 31.659267902374268, 27.116464614868164, 15.215943574905396, 14.1820228099823, 12.810256242752075, 11.186248064041138, 10.299490451812744, 10.828335523605347, 88.13943219184875, 24.064189434051514, 12.814186573028564, 14.556801557540894, 12.85263991355896, 10.365692138671875, 13.48816442489624, 12.559698343276978, 12.347887992858887, 13.355000734329224, 9.589671611785889, 66.19080567359924], "HS-postpone-time": [0, 0, 0.10033559799194336, 0, 0.8180069923400879, 0, 0, 0, 0, 0, 0, 0, 0, 1.7681365013122559, 0, 0, 0, 0, 0, 0, 0.5392787456512451, 0, 0.8116190433502197, 0, 0, 0.8398597240447998, 1.8705086708068848, 0, 1.1017892360687256, 0, 0, 0, 0, 0, 0, 0, 0.5382485389709473, 0, 0, 0, 0, 0, 0, 0, 0, 0, 0, 0, 0, 0, 0.4944593906402588, 0.33945155143737793, 0, 0.2556030750274658, 0, 0, 0, 0.32299137115478516, 0.26900219917297363, 0, 0, 0, 0, 0, 0, 0, 0.09472346305847168, 0, 0, 0, 0, 0, 0, 0, 0, 0, 0.10750842094421387], "SAT-time": [0.22789597511291504, 6.508827209472656e-05, 3.3206751346588135, 0.0024607181549072266, 10.575384855270386, 0.002619504928588867, 0.0011751651763916016, 0.0025932788848876953, 0.0011262893676757812, 0.002605438232421875, 0.0012021064758300781, 0.0026237964630126953, 0.0011332035064697266, 16.01987314224243, 0.0011334419250488281, 0.0011372566223144531, 0.002681255340576172, 0.001165151596069336, 0.0011734962463378906, 0.0028574466705322266, 9.774837493896484, 0.0014352798461914062, 12.2902250289917, 0.0014116764068603516, 0.0034151077270507812, 15.456294059753418, 20.164695024490356, 0.001409292221069336, 16.033352613449097, 0.0014300346374511719, 0.0035490989685058594, 0.0014977455139160156, 0.0034182071685791016, 0.0014460086822509766, 0.003619670867919922, 0.0014646053314208984, 11.47402834892273, 0.0035250186920166016, 0.0014793872833251953, 0.003506183624267578, 0.0014185905456542969, 0.003584146499633789, 0.001489877700805664, 0.0036284923553466797, 0.0014712810516357422, 0.0035517215728759766, 0.0014629364013671875, 0.003531217575073242, 0.001478433609008789, 0.003851652145385742, 13.247482538223267, 10.501489877700806, 0.003652334213256836, 8.573104619979858, 0.00344085693359375, 0.001481771469116211, 0.003611326217651367, 12.14657735824585, 8.708317518234253, 0.0036444664001464844, 0.0014824867248535156, 0.0014491081237792969, 0.0035469532012939453, 0.0015254020690917969, 0.0014519691467285156, 0.004569530487060547, 6.5300986766815186, 0.0035941600799560547, 0.0015070438385009766, 0.003620624542236328, 0.0015490055084228516, 0.0036084651947021484, 0.0014491081237792969, 0.0036084651947021484, 0.0014297962188720703, 0.0036284923553466797, 6.479878187179565], "grow-time": [5.24094295501709, 0, 90.7171380519867, 0, 273.7419581413269, 0, 0, 0, 0, 0, 0, 0, 0, 425.51001954078674, 0, 0, 0, 0, 0, 0, 223.19287252426147, 0, 271.8065969944, 0, 0, 360.07179498672485, 438.36462783813477, 0, 389.05268692970276, 0, 0, 0, 0, 0, 0, 0, 274.6426854133606, 0, 0, 0, 0, 0, 0, 0, 0, 0, 0, 0, 0, 0, 280.4986460208893, 253.08175945281982, 0, 190.35815405845642, 0, 0, 0, 246.99317502975464, 200.8052294254303, 0, 0, 0, 0, 0, 0, 0, 162.48813104629517, 0, 0, 0, 0, 0, 0, 0, 0, 0, 141.02575731277466], "#expl": 75, "expl_seq": [{"constraints": [40562], "derived": [-38897]}, {"constraints": [40559], "derived": [-38934]}, {"constraints": [40555], "derived": [38871]}, {"constraints": [39019, 38871], "derived": [-38886, -38876, -38891, -38881]}, {"constraints": [39021, 38871], "derived": [-38872, -38870, -38869, -38873]}, {"constraints": [-38897, 39044, 38871], "derived": [-38957]}, {"constraints": [39019, 40557], "derived": [-38887, -38892]}, {"constraints": [39025, 40563], "derived": [-38914]}, {"constraints": [40560, 39046], "derived": [-38988]}, {"constraints": [39025, 40565], "derived": [-38904]}, {"constraints": [39027, 40557], "derived": [-38942, -38922, -38937]}, {"constraints": [39047, -38922, 38871], "derived": [-38982]}, {"constraints": [40561, -38937], "derived": [38911]}, {"constraints": [39025, 38911], "derived": [-38912, -38910, -38909, -38913]}, {"constraints": [39023, 38911], "derived": [-38896, -38901, -38916, -38906]}, {"constraints": [-38887, 39043, 38911], "derived": [-38961]}, {"constraints": [39050, -38937, 38911], "derived": [-39007]}, {"constraints": [-38886, 39043, 38911], "derived": [-38956]}, {"constraints": [39050, -38934, 38911], "derived": [-39004]}, {"constraints": [40561, 39019], "derived": [-38884]}, {"constraints": [39043, -38884, 38911], "derived": [-38946]}, {"constraints": [39048, 40561, -38937], "derived": [38972]}, {"constraints": [38972, 39037], "derived": [-38973, -38971, -38970, -38969]}, {"constraints": [39035, 38972], "derived": [-38992, -38987, -38977]}, {"constraints": [-38942, 38972, 39047], "derived": [-38889]}, {"constraints": [39020, 39021, 38871, -38892, -38889, -38887, -38884], "derived": [-38880, -38878, -38875, -38883]}, {"constraints": [-38878, -38906, -38873, -38901, 40556, -38896, -38916, -38883], "derived": [38893]}, {"constraints": [39021, 38893], "derived": [-38890]}, {"constraints": [39019, 38893], "derived": [-38888]}, {"constraints": [-38888, 39043, 38911], "derived": [-38966]}, {"constraints": [39044, 38893, -38914], "derived": [-38964]}, {"constraints": [-38966, -38961, -38956, 39032, -38946], "derived": [38951]}, {"constraints": [39033, 38951], "derived": [-38952, -38950, -38949, -38953]}, {"constraints": [-39004, 39054, 38951],