{"config": {"preseeding": false, "sat-polarity": true, "sat-polarity-initial": true, "postpone_opt": false, "postpone_opt_incr": false, "postpone_opt_greedy": false, "grow": true, "grow_sat": false, "grow_subset_maximal": false, "grow_maxsat": true, "maxsat_polarities": true, "grow_maxsat_full_pos": false, "grow_maxsat_full_inv": false, "grow_maxsat_full_unif": false, "grow_maxsat_initial_pos": true, "grow_maxsat_initial_inv": false, "grow_maxsat_initial_unif": false, "grow_maxsat_actual_pos": false, "grow_maxsat_actual_unif": false, "grow_maxsat_actual_inv": false, "timeout": 7200, "instance": "p93", "output": "/data/brussel/101/vsc10143/OUSResults/experiment4/2021011321/20210113210107972134.json"}, "results": {"HS": [0, 50, 6, 7, 5, 4, 1, 24, 20, 7, 3, 7, 25, 13, 1, 1, 3, 2, 96, 15, 4, 108, 18, 5, 1, 21, 166, 96, 14, 1, 7, 1, 14, 1, 1, 2, 1, 1, 1, 36, 1, 28, 4, 21, 1, 5, 1, 2, 1, 1, 5, 1, 78, 21, 28, 7, 1, 4, 5, 2, 5, 13, 4, 1, 7, 2, 1, 72, 20, 85, 2, 5, 2, 3, 1, 1, 3, 1, 243, 32, 2, 108, 1, 102, 1, 10, 4, 1, 11, 1, 3, 19, 4, 1, 2, 1, 1, 1, 8, 25, 90, 4, 2, 2, 1, 1, 1, 1, 1, 7, 1, 1, 1], "HS_greedy": [0, 0, 0, 0, 0, 0, 0, 0, 0, 0, 0, 0, 0, 0, 0, 0, 0, 0, 0, 0, 0, 0, 0, 0, 0, 0, 0, 0, 0, 0, 0, 0, 0, 0, 0, 0, 0, 0, 0, 0, 0, 0, 0, 0, 0, 0, 0, 0, 0, 0, 0, 0, 0, 0, 0, 0, 0, 0, 0, 0, 0, 0, 0, 0, 0, 0, 0, 0, 0, 0, 0, 0, 0, 0, 0, 0, 0, 0, 0, 0, 0, 0, 0, 0, 0, 0, 0, 0, 0, 0, 0, 0, 0, 0, 0, 0, 0, 0, 0, 0, 0, 0, 0, 0, 0, 0, 0, 0, 0, 0, 0, 0, 0], "HS_incr": [0, 0, 0, 0, 0, 0, 0, 0, 0, 0, 0, 0, 0, 0, 0, 0, 0, 0, 0, 0, 0, 0, 0, 0, 0, 0, 0, 0, 0, 0, 0, 0, 0, 0, 0, 0, 0, 0, 0, 0, 0, 0, 0, 0, 0, 0, 0, 0, 0, 0, 0, 0, 0, 0, 0, 0, 0, 0, 0, 0, 0, 0, 0, 0, 0, 0, 0, 0, 0, 0, 0, 0, 0, 0, 0, 0, 0, 0, 0, 0, 0, 0, 0, 0, 0, 0, 0, 0, 0, 0, 0, 0, 0, 0, 0, 0, 0, 0, 0, 0, 0, 0, 0, 0, 0, 0, 0, 0, 0, 0, 0, 0, 0], "HS-opt-time": [0, 0.3904144763946533, 0.3757798671722412, 0.6937901973724365, 0.1399383544921875, 0.08870053291320801, 0.03977251052856445, 4.127147436141968, 5.247454404830933, 2.1597659587860107, 0.27929162979125977, 1.4937317371368408, 1.9733881950378418, 1.1284794807434082, 0.19453954696655273, 0.18821978569030762, 0.34246063232421875, 0.3915739059448242, 83.86876320838928, 4.441233158111572, 0.6837337017059326, 185.90200805664062, 49.06364583969116, 1.6793632507324219, 0.363192081451416, 7.1100897789001465, 257.3165235519409, 144.59977841377258, 14.515227794647217, 1.1592521667480469, 7.816161632537842, 1.1013169288635254, 16.308512687683105, 1.3540804386138916, 1.33473801612854, 2.543679714202881, 1.3887648582458496, 1.4079806804656982, 1.3787906169891357, 127.16617441177368, 5.850165128707886, 82.76422572135925, 4.432671546936035, 23.039133071899414, 1.349574089050293, 5.896312713623047, 1.5717530250549316, 2.658714771270752, 1.2298262119293213, 1.7584483623504639, 6.501707553863525, 2.1225056648254395, 239.1481385231018, 31.682854413986206, 49.99274706840515, 11.015403985977173, 1.483994483947754, 7.037933588027954, 8.869735479354858, 4.114569187164307, 10.39451551437378, 21.061158657073975, 7.50022029876709, 1.9022934436798096, 12.563123226165771, 4.462549686431885, 2.3549818992614746, 274.46302461624146, 35.66062331199646, 172.4043607711792, 4.1661248207092285, 10.129546403884888, 4.131276369094849, 5.873680114746094, 1.9796957969665527, 2.094539165496826, 5.895601749420166, 1.8835008144378662, 554.9238185882568, 94.04411053657532, 5.064328908920288, 435.1260290145874, 2.4947257041931152, 280.70138144493103, 2.5182254314422607, 23.118833541870117, 8.608490705490112, 2.095449924468994, 25.48466420173645, 3.1774301528930664, 9.580477952957153, 46.580487966537476, 13.160740613937378, 3.0726077556610107, 6.400608062744141, 2.7853784561157227, 2.7480947971343994, 2.5196404457092285, 20.20029592514038, 64.45707535743713, 267.32506346702576, 13.1124587059021, 5.3747265338897705, 6.007604360580444, 2.858997344970703, 2.69081449508667, 2.6964173316955566, 2.9511098861694336, 2.8122496604919434, 19.828015089035034, 2.7072596549987793, 2.667541265487671, 2.565171718597412], "HS-postpone-time": [0, 0, 0, 0, 0, 0, 0, 0, 0, 0, 0, 0, 0, 0, 0, 0, 0, 0, 0, 0, 0, 0, 0, 0, 0, 0, 0, 0, 0, 0, 0, 0, 0, 0, 0, 0, 0, 0, 0, 0, 0, 0, 0, 0, 0, 0, 0, 0, 0, 0, 0, 0, 0, 0, 0, 0, 0, 0, 0, 0, 0, 0, 0, 0, 0, 0, 0, 0, 0, 0, 0, 0, 0, 0, 0, 0, 0, 0, 0, 0, 0, 0, 0, 0, 0, 0, 0, 0, 0, 0, 0, 0, 0, 0, 0, 0, 0, 0, 0, 0, 0, 0, 0, 0, 0, 0, 0, 0, 0, 0, 0, 0, 0], "SAT-time": [0, 0.13254284858703613, 0.014081716537475586, 0.018210172653198242, 0.011857032775878906, 0.011302471160888672, 0.0006535053253173828, 0.06810379028320312, 0.05510735511779785, 0.018729448318481445, 0.006902217864990234, 0.019686222076416016, 0.07199287414550781, 0.03786921501159668, 0.0006887912750244141, 0.0019712448120117188, 0.006901979446411133, 0.004745006561279297, 0.29502248764038086, 0.044495582580566406, 0.009845733642578125, 0.33176565170288086, 0.05642342567443848, 0.014391660690307617, 0.0006566047668457031, 0.06405973434448242, 0.5087518692016602, 0.2944645881652832, 0.04525470733642578, 0.0020608901977539062, 0.021207809448242188, 0.00215911865234375, 0.042159318923950195, 0.002207040786743164, 0.0007350444793701172, 0.005339622497558594, 0.0007753372192382812, 0.002234220504760742, 0.0007638931274414062, 0.11913466453552246, 0.0007772445678710938, 0.09550857543945312, 0.010460376739501953, 0.07282900810241699, 0.0007586479187011719, 0.015845537185668945, 0.0007812976837158203, 0.0054340362548828125, 0.0007727146148681641, 0.0022420883178710938, 0.014407634735107422, 0.0022993087768554688, 0.2629578113555908, 0.0678105354309082, 0.09046387672424316, 0.022442340850830078, 0.0007636547088623047, 0.012329816818237305, 0.014476299285888672, 0.005459785461425781, 0.014667987823486328, 0.044286489486694336, 0.01084136962890625, 0.0007543563842773438, 0.022361278533935547, 0.004385232925415039, 0.0007417201995849609, 0.24053406715393066, 0.06571078300476074, 0.2882711887359619, 0.0057430267333984375, 0.014513015747070312, 0.0054891109466552734, 0.007934331893920898, 0.0024149417877197266, 0.0007908344268798828, 0.0077362060546875, 0.0023429393768310547, 0.8326458930969238, 0.10642004013061523, 0.0058901309967041016, 0.3699355125427246, 0.0008425712585449219, 0.3554205894470215, 0.0008273124694824219, 0.032691001892089844, 0.012324333190917969, 0.0008752346038818359, 0.03589153289794922, 0.002433300018310547, 0.007513761520385742, 0.06444168090820312, 0.012667417526245117, 0.0008656978607177734, 0.00418853759765625, 0.002557516098022461, 0.0008828639984130859, 0.0008883476257324219, 0.02530646324157715, 0.0872030258178711, 0.3086283206939697, 0.013126611709594727, 0.004472017288208008, 0.004265308380126953, 0.002527475357055664, 0.0008838176727294922, 0.0008950233459472656, 0.002547025680541992, 0.0008997917175292969, 0.022543907165527344, 0.0025873184204101562, 0.000942230224609375, 0.0009360313415527344],