{"config": {"preseeding": true, "sat-polarity": true, "sat-polarity-initial": false, "postpone_opt": true, "postpone_opt_incr": false, "postpone_opt_greedy": true, "grow": true, "grow_sat": false, "grow_subset_maximal": false, "grow_maxsat": true, "maxsat_polarities": true, "grow_maxsat_full_pos": false, "grow_maxsat_full_inv": false, "grow_maxsat_full_unif": false, "grow_maxsat_initial_pos": false, "grow_maxsat_initial_inv": false, "grow_maxsat_initial_unif": false, "grow_maxsat_actual_pos": false, "grow_maxsat_actual_unif": true, "grow_maxsat_actual_inv": false, "timeout": 7200, "instance": "p93", "output": "/data/brussel/101/vsc10143/OUSResults/experiment4/2021011321/20210113210107973486.json"}, "results": {"HS": [0, 13, 5, 2, 7, 1, 1, 8, 1, 2, 3, 1, 2, 1, 1, 1, 1, 2, 1, 1, 4, 1, 2, 1, 1, 2, 2, 1, 1, 4, 2, 9, 5, 3, 1, 1, 1, 2, 1, 1, 1, 1, 12, 2, 2, 3, 1, 1, 2, 1, 1, 1, 1, 1, 1, 1, 3, 1, 4, 1, 1, 1, 1, 1, 3, 1, 4, 3, 1, 1, 1, 1, 1, 4, 1, 12, 2, 1, 11, 1, 2, 1, 1, 1, 1, 1, 1, 1, 1, 2, 1, 1, 1, 4, 1, 1, 1, 1, 1, 1, 1, 1, 1, 1, 1, 2, 1, 1], "HS_greedy": [0, 50, 35, 36, 38, 0, 0, 306, 0, 211, 242, 0, 365, 0, 0, 0, 0, 406, 0, 0, 252, 0, 315, 0, 0, 288, 313, 0, 0, 263, 320, 340, 238, 237, 0, 0, 0, 225, 0, 0, 0, 0, 109, 99, 166, 94, 0, 0, 232, 0, 0, 0, 0, 0, 0, 0, 241, 0, 270, 0, 0, 0, 0, 0, 80, 0, 132, 119, 0, 0, 0, 0, 0, 38, 0, 94, 45, 0, 56, 0, 98, 0, 0, 0, 0, 0, 0, 0, 0, 65, 0, 0, 0, 137, 0, 0, 0, 0, 0, 0, 0, 0, 0, 0, 0, 50, 0, 0], "HS_incr": [0, 0, 0, 0, 0, 0, 0, 0, 0, 0, 0, 0, 0, 0, 0, 0, 0, 0, 0, 0, 0, 0, 0, 0, 0, 0, 0, 0, 0, 0, 0, 0, 0, 0, 0, 0, 0, 0, 0, 0, 0, 0, 0, 0, 0, 0, 0, 0, 0, 0, 0, 0, 0, 0, 0, 0, 0, 0, 0, 0, 0, 0, 0, 0, 0, 0, 0, 0, 0, 0, 0, 0, 0, 0, 0, 0, 0, 0, 0, 0, 0, 0, 0, 0, 0, 0, 0, 0, 0, 0, 0, 0, 0, 0, 0, 0, 0, 0, 0, 0, 0, 0, 0, 0, 0, 0, 0, 0], "HS-opt-time": [0, 0.2780625820159912, 0.40354013442993164, 0.08296632766723633, 0.4650764465332031, 0.09450459480285645, 0.16626477241516113, 11.417192220687866, 0.8670883178710938, 3.2129969596862793, 4.855443239212036, 1.968855857849121, 5.415006637573242, 3.6533238887786865, 3.8779642581939697, 10.181601285934448, 3.2181761264801025, 24.713200569152832, 17.747210264205933, 12.49435567855835, 55.47305107116699, 5.829005002975464, 36.99519181251526, 6.436296463012695, 6.142853736877441, 13.380934953689575, 48.94131565093994, 7.917947053909302, 7.766716718673706, 29.84634017944336, 15.377711057662964, 142.59294152259827, 70.58615279197693, 29.197389602661133, 10.077351570129395, 9.829250812530518, 9.73728895187378, 20.963273763656616, 10.24980902671814, 10.071696519851685, 9.788500308990479, 10.686883926391602, 175.6390664577484, 34.064297914505005, 24.777385473251343, 32.156723499298096, 10.638540983200073, 11.12767744064331, 22.272430896759033, 11.144821166992188, 11.128291845321655, 11.340475082397461, 11.275590419769287, 11.075005054473877, 10.723022699356079, 10.96411681175232, 21.166590690612793, 4.039641380310059, 15.272586822509766, 3.7400460243225098, 3.5819480419158936, 3.674607515335083, 3.561898708343506, 3.0451102256774902, 33.6588613986969, 3.3282816410064697, 12.15706729888916, 9.848100900650024, 3.206231117248535, 3.1785075664520264, 3.1633968353271484, 2.8424551486968994, 2.91996169090271, 11.902242183685303, 2.5876657962799072, 40.24940061569214, 8.937668800354004, 2.640549659729004, 46.672895431518555, 2.5595791339874268, 6.010472536087036, 3.2326595783233643, 3.3264319896698, 3.9079368114471436, 4.495312213897705, 2.9430007934570312, 3.366396188735962, 3.100001335144043, 2.742457866668701, 5.305992364883423, 4.945348501205444, 2.701585292816162, 3.1783108711242676, 22.5031521320343, 3.283858060836792, 2.622755527496338, 2.848024368286133, 2.8721790313720703, 2.7160842418670654, 4.133715629577637, 2.5423693656921387, 2.5549685955047607, 2.5235002040863037, 2.595822334289551, 2.4250147342681885, 4.77672553062439, 2.243528127670288, 2.1771600246429443], "HS-postpone-time": [0, 0.048897504806518555, 0.026106834411621094, 0.026694059371948242, 0.029392719268798828, 0, 0, 1.3801136016845703, 0, 0.6614251136779785, 0.8566837310791016, 0, 1.8051044940948486, 0, 0, 0, 0, 2.190314531326294, 0, 0, 0.830531120300293, 0, 1.2283926010131836, 0, 0, 1.0059823989868164, 1.1649670600891113, 0, 0, 0.7964541912078857, 1.1482491493225098, 1.29691481590271, 0.6285626888275146, 0.6223013401031494, 0, 0, 0, 0.5474293231964111, 0, 0, 0, 0, 0.12543845176696777, 0.10042262077331543, 0.28020167350769043, 0.09229564666748047, 0, 0, 0.47779345512390137, 0, 0, 0, 0, 0, 0, 0, 0.47943115234375, 0, 0.5703487396240234, 0, 0, 0, 0, 0, 0.0501096248626709, 0, 0.1260061264038086, 0.10237240791320801, 0, 0, 0, 0, 0, 0.012466192245483398, 0, 0.05853843688964844, 0.015816450119018555, 0, 0.022242307662963867, 0, 0.057327985763549805, 0, 0, 0, 0, 0, 0, 0, 0, 0.022675752639770508, 0, 0, 0, 0.08430814743041992, 0, 0, 0, 0, 0, 0, 0, 0, 0, 0, 0, 0.011744499206542969, 0, 0], "SAT-time": [0.21756792068481445, 0.4184854030609131, 0.26814818382263184, 0.2835426330566406, 0.3012974262237549, 0.0024144649505615234, 0.001043081283569336, 2.644050359725952, 0.0010509490966796875, 1.8706133365631104, 2.1851627826690674, 0.0026023387908935547, 3.357125759124756, 0.0025446414947509766, 0.0011413097381591797, 0.0011148452758789062, 0.002582073211669922, 3.6083502769470215, 0.003348112106323242, 0.0011408329010009766, 2.322570323944092, 0.0012199878692626953, 2.901529312133789, 0.0026268959045410156, 0.0011129379272460938, 2.631007671356201, 2.8261497020721436, 0.002636432647705078, 0.001173257827758789, 2.39375638961792, 2.8855204582214355, 3.152937650680542, 2.2111759185791016, 2.185105323791504, 0.001199483871459961, 0.0027687549591064453, 0.0012004375457763672, 2.087724447250366, 0.0011928081512451172, 0.001209259033203125, 0.0028989315032958984, 0.0011785030364990234, 1.0132310390472412, 0.9171974658966064, 1.5160653591156006, 0.8846707344055176, 0.0012106895446777344, 0.0027735233306884766, 2.1672730445861816, 0.0012009143829345703, 0.0028312206268310547, 0.0012345314025878906, 0.0011925697326660156, 0.0028276443481445312, 0.0012083053588867188, 0.0012121200561523438, 2.242953300476074, 0.0012059211730957031, 2.581195831298828, 0.0012791156768798828, 0.0012633800506591797, 0.0029449462890625, 0.0012784004211425781, 0.0012302398681640625, 0.75435471534729, 0.00124359130859375, 1.275770902633667, 1.137908935546875, 0.0012898445129394531, 0.001272439956665039, 0.002924680709838867, 0.0012798309326171875, 0.0027556419372558594, 0.35385751724243164, 0.002864837646484375, 0.879180908203125, 0.41737890243530273, 0.0029239654541015625, 0.5224432945251465, 0.0029735565185546875, 0.9196219444274902, 0.001280069351196289, 0.00287628173828125, 0.0012850761413574219, 0.0012905597686767578, 0.0028765201568603516, 0.0012295246124267578, 0.0012412071228027344, 0.002917766571044922, 0.6053533554077148, 0.0012660026550292969, 0.002981424331665039, 0.0013341903686523438, 1.2994813919067383, 0.0028371810913085938, 0.0013265609741210938, 0.0030584335327148438, 0.001249074935913086, 0.0013332366943359375, 0.002904176712036133, 0.001306295394897461, 0.0013434886932373047, 0.002863645553588867, 0.0012869834899902344, 0.0012760162353515625, 0.46626925468444824, 0.0012867450714111328, 0.0028676986694335938],