{"config": {"preseeding": false, "sat-polarity": true, "sat-polarity-initial": false, "postpone_opt": false, "postpone_opt_incr": false, "postpone_opt_greedy": false, "grow": true, "grow_sat": false, "grow_subset_maximal": false, "grow_maxsat": true, "maxsat_polarities": true, "grow_maxsat_full_pos": false, "grow_maxsat_full_inv": false, "grow_maxsat_full_unif": false, "grow_maxsat_initial_pos": false, "grow_maxsat_initial_inv": true, "grow_maxsat_initial_unif": false, "grow_maxsat_actual_pos": false, "grow_maxsat_actual_unif": false, "grow_maxsat_actual_inv": false, "timeout": 7200, "instance": "pastaPuzzle", "output": "/data/brussel/101/vsc10143/OUSResults/experiment4/2021011308/20210113081930626228.json"}, "results": {"HS": [0, 32, 15, 13, 2, 11, 2, 2, 1, 1, 1, 21, 2, 7, 38, 8, 18, 39, 17, 132, 8, 125, 24, 5, 98, 1, 40, 461, 179, 1, 1, 1, 1, 1, 83, 2, 10, 1, 1, 14, 10, 1, 1, 1, 1, 1, 2, 1, 1, 1, 1, 1, 1, 1, 1, 1, 1, 1, 3, 1, 52, 34, 1, 2, 5, 1, 1, 2, 1, 23, 1, 68, 1, 12, 1, 9, 13, 1, 1, 1, 2, 5, 60, 1, 1, 1, 1, 1, 1], "HS_greedy": [0, 0, 0, 0, 0, 0, 0, 0, 0, 0, 0, 0, 0, 0, 0, 0, 0, 0, 0, 0, 0, 0, 0, 0, 0, 0, 0, 0, 0, 0, 0, 0, 0, 0, 0, 0, 0, 0, 0, 0, 0, 0, 0, 0, 0, 0, 0, 0, 0, 0, 0, 0, 0, 0, 0, 0, 0, 0, 0, 0, 0, 0, 0, 0, 0, 0, 0, 0, 0, 0, 0, 0, 0, 0, 0, 0, 0, 0, 0, 0, 0, 0, 0, 0, 0, 0, 0, 0, 0], "HS_incr": [0, 0, 0, 0, 0, 0, 0, 0, 0, 0, 0, 0, 0, 0, 0, 0, 0, 0, 0, 0, 0, 0, 0, 0, 0, 0, 0, 0, 0, 0, 0, 0, 0, 0, 0, 0, 0, 0, 0, 0, 0, 0, 0, 0, 0, 0, 0, 0, 0, 0, 0, 0, 0, 0, 0, 0, 0, 0, 0, 0, 0, 0, 0, 0, 0, 0, 0, 0, 0, 0, 0, 0, 0, 0, 0, 0, 0, 0, 0, 0, 0, 0, 0, 0, 0, 0, 0, 0, 0], "HS-opt-time": [0, 0.09810543060302734, 0.6010806560516357, 0.8277060985565186, 0.09525012969970703, 0.3721604347229004, 0.17251253128051758, 0.045511722564697266, 0.023514509201049805, 0.021562576293945312, 0.018613576889038086, 1.8805513381958008, 0.049982309341430664, 0.8206593990325928, 6.366075754165649, 1.4698286056518555, 2.8723902702331543, 10.738037586212158, 3.808126926422119, 113.27441644668579, 5.198909521102905, 191.4671471118927, 56.064940214157104, 10.023277997970581, 222.53370761871338, 0.44022393226623535, 59.48918437957764, 1697.723994731903, 1094.862319946289, 1.535163164138794, 1.4678699970245361, 1.3765180110931396, 1.2090222835540771, 1.833204984664917, 342.4647161960602, 3.779294967651367, 16.01026439666748, 1.600341558456421, 1.7933590412139893, 23.06277298927307, 15.423344850540161, 1.978776454925537, 2.009188175201416, 1.6255519390106201, 1.9642276763916016, 1.8168118000030518, 3.3229622840881348, 2.012526273727417, 1.7460441589355469, 1.9442741870880127, 2.0310864448547363, 2.066596269607544, 2.0151612758636475, 1.5315678119659424, 1.8558661937713623, 1.9566221237182617, 2.0005621910095215, 1.6601405143737793, 5.2017927169799805, 1.7775356769561768, 137.2762053012848, 60.56618571281433, 1.8503503799438477, 3.6264660358428955, 8.406744003295898, 1.7779171466827393, 1.7039549350738525, 3.673820972442627, 1.7645342350006104, 47.75694298744202, 1.7639098167419434, 130.068692445755, 2.115975856781006, 24.13537859916687, 2.2921864986419678, 18.25933313369751, 26.911402225494385, 2.4290647506713867, 2.029831886291504, 2.034914016723633, 4.476014614105225, 10.605218410491943, 143.6866853237152, 2.000633955001831, 2.301426887512207, 1.903130054473877, 1.772975206375122, 1.7196202278137207, 0.33696413040161133], "HS-postpone-time": [0, 0, 0, 0, 0, 0, 0, 0, 0, 0, 0, 0, 0, 0, 0, 0, 0, 0, 0, 0, 0, 0, 0, 0, 0, 0, 0, 0, 0, 0, 0, 0, 0, 0, 0, 0, 0, 0, 0, 0, 0, 0, 0, 0, 0, 0, 0, 0, 0, 0, 0, 0, 0, 0, 0, 0, 0, 0, 0, 0, 0, 0, 0, 0, 0, 0, 0, 0, 0, 0, 0, 0, 0, 0, 0, 0, 0, 0, 0, 0, 0, 0, 0, 0, 0, 0, 0, 0, 0], "SAT-time": [0, 0.07016229629516602, 0.03336811065673828, 0.029393434524536133, 0.004098176956176758, 0.024812698364257812, 0.0035500526428222656, 0.0026123523712158203, 0.0012984275817871094, 0.0005249977111816406, 0.0013284683227539062, 0.04885125160217285, 0.0026998519897460938, 0.015958309173583984, 0.09302353858947754, 0.020415067672729492, 0.04303884506225586, 0.09831666946411133, 0.040766239166259766, 0.3369622230529785, 0.018370866775512695, 0.3270137310028076, 0.06024765968322754, 0.010639429092407227, 0.2533912658691406, 0.0006420612335205078, 0.10129714012145996, 1.2293052673339844, 0.4857778549194336, 0.0006301403045654297, 0.0006666183471679688, 0.0016169548034667969, 0.0006718635559082031, 0.0007085800170898438, 0.21987056732177734, 0.004007816314697266, 0.02391505241394043, 0.0006909370422363281, 0.0006642341613769531, 0.03547382354736328, 0.02371692657470703, 0.0006661415100097656, 0.0006728172302246094, 0.0015959739685058594, 0.0006582736968994141, 0.0006594657897949219, 0.0033981800079345703, 0.0016314983367919922, 0.0007076263427734375, 0.0006809234619140625, 0.0006687641143798828, 0.0016257762908935547, 0.0006356239318847656, 0.0006592273712158203, 0.0006573200225830078, 0.001691579818725586, 0.0006475448608398438, 0.0006833076477050781, 0.005720376968383789, 0.001695871353149414, 0.13297677040100098, 0.08616161346435547, 0.0006527900695800781, 0.004031658172607422, 0.010993003845214844, 0.0006940364837646484, 0.0006668567657470703, 0.004025459289550781, 0.0006775856018066406, 0.05920124053955078, 0.0006597042083740234, 0.17301607131958008, 0.0006659030914306641, 0.029238224029541016, 0.0006802082061767578, 0.021757841110229492, 0.03183102607727051, 0.0007061958312988281, 0.0006866455078125, 0.0016481876373291016, 0.003200054168701172, 0.010819673538208008, 0.15417051315307617, 0.0015926361083984375, 0.0006635189056396484, 0.0006651878356933594, 0.0006709098815917969, 0.001608133316040039, 0.0006835460662841797], "grow-time": [0, 12.891878366470337, 10.182285070419312, 1.3626124858856201, 0.054543256759643555, 3.6164004802703857, 0.33382678031921387, 0.0566713809967041, 0, 0, 0, 9.73272442817688, 0.05550408363342285, 6.667114019393921, 24.977344512939453, 1.9537129402160645, 50.95955514907837, 16.658395290374756, 1.3192853927612305, 89.20690441131592, 6.390900611877441, 98.73308444023132, 31.379464864730835, 0.4552619457244873, 57.58806490898132, 0, 9.572695970535278, 285.21995401382446, 49.419169902801514, 0, 0, 0, 0, 0, 10.232978582382202, 0.12282299995422363, 0.6085162162780762, 0, 0, 0.9262640476226807, 0.7274630069732666, 0, 0, 0, 0, 0, 0.09865474700927734, 0, 0, 0, 0, 0, 0, 0, 0, 0, 0, 0, 0.12815070152282715, 0, 29.020567178726196, 2.6918163299560547, 0, 0.07267522811889648, 0.3144218921661377, 0, 0, 0.08768725395202637, 0, 4.44271993637085, 0, 5.236857891082764, 0, 0.8092739582061768, 0, 0.6418180465698242, 0.8589282035827637, 0, 0, 0, 0.11652207374572754, 0.29938769340515137, 4.617230653762817, 0, 0, 0, 0, 0, 0], "#expl": 88, "expl_seq": [{"constraints": [6633], "derived": [-5739]}, {"constraints": [5830, 6631], "derived": [-5747]}, {"constraints": [5832, 6634], "derived": [-5760, -5772]}, {"constraints": [5824, 6635], "derived": [-5733, -5737]}, {"constraints": [-5760, 5833, -5772, -5737, -5733, 5851], "derived": [-5796]}, {"constraints": [5853, 6629], "derived": [5797]}, {"constraints": [5840, 5797], "derived": [-5805, -5793, -5801]}, {"constraints": [5842, 5797], "derived": [-5799, -5798]}, {"constraints": [5851, 5797, -5737], "derived": [-5769]}, {"constraints": [5851, -5733, 5797], "derived": [-5765]}, {"constraints": [5849, 6628, 5830], "derived": [-5780]}, {"constraints": [5857, -5780, 5797], "derived": [-5809]}, {"constraints": [5856, 5844, 6631], "derived": [-5762, -5810]}, {"constraints": [5856, 5844, 6632], "derived": [-5767]}, {"constraints": [5849, 5830, 6630], "derived": [-5784]}, {"constraints": [6628, 5830, 5854], "derived": [-5820]}, {"constraints": [5856, 5844, 6630], "derived": [-5822]}, {"constraints": [5856, -5822, -5820, 5835, -5767, -5765], "derived": [-5751]}, {"constraints": [6632, -5751, 5854, 5830], "derived": [-5815]}, {"constraints": [5856, -5822, 5830, 6631], "derived": [-5746]}, {"constraints": [5824, 5856, 6630, -5747, -5810, -5746],