{"config": {"preseeding": false, "sat-polarity": true, "sat-polarity-initial": true, "postpone_opt": true, "postpone_opt_incr": false, "postpone_opt_greedy": true, "grow": true, "grow_sat": false, "grow_subset_maximal": false, "grow_maxsat": true, "maxsat_polarities": true, "grow_maxsat_full_pos": true, "grow_maxsat_full_inv": false, "grow_maxsat_full_unif": false, "grow_maxsat_initial_pos": false, "grow_maxsat_initial_inv": false, "grow_maxsat_initial_unif": false, "grow_maxsat_actual_pos": false, "grow_maxsat_actual_unif": false, "grow_maxsat_actual_inv": false, "timeout": 7200, "instance": "pastaPuzzle", "output": "/data/brussel/101/vsc10143/OUSResults/experiment4/2021011308/20210113081930626572.json"}, "results": {"HS": [0, 10, 3, 1], "HS_greedy": [0, 31, 209, 137], "HS_incr": [0, 0, 0, 0], "HS-opt-time": [0, 0.18581271171569824, 0.3205294609069824, 0.10570573806762695], "HS-postpone-time": [0, 0.015384912490844727, 0.4944794178009033, 0.21848607063293457], "SAT-time": [0, 0.04178929328918457, 0.38088512420654297, 0.22434020042419434], "grow-time": [0, 2430.676394224167, 3085.971633195877, 1564.7842574119568], "#expl": 2, "expl_seq": [{"constraints": [906], "derived": [-12]}, {"constraints": [97, 908], "derived": [-6, -10]}], "OUS-time": [0, 2430.9454662799835, 3087.3410181999207, 0], "timeout": true}}