{"config": {"preseeding": true, "sat-polarity": true, "sat-polarity-initial": true, "postpone_opt": false, "postpone_opt_incr": false, "postpone_opt_greedy": false, "grow": true, "grow_sat": false, "grow_subset_maximal": false, "grow_maxsat": true, "maxsat_polarities": true, "grow_maxsat_full_pos": false, "grow_maxsat_full_inv": false, "grow_maxsat_full_unif": true, "grow_maxsat_initial_pos": false, "grow_maxsat_initial_inv": false, "grow_maxsat_initial_unif": false, "grow_maxsat_actual_pos": false, "grow_maxsat_actual_unif": false, "grow_maxsat_actual_inv": false, "timeout": 7200, "instance": "pastaPuzzle", "output": "/data/brussel/101/vsc10143/OUSResults/experiment4/2021011308/20210113081930627423.json"}, "results": {"HS": [0, 87, 610, 581, 524], "HS_greedy": [0, 0, 0, 0, 0], "HS_incr": [0, 0, 0, 0, 0], "HS-opt-time": [0, 0.6723742485046387, 251.2074863910675, 1550.8104221820831, 4996.753308057785], "HS-postpone-time": [0, 0, 0, 0, 0], "SAT-time": [0.003957986831665039, 0.37004566192626953, 2.750856637954712, 2.681199550628662, 3.1727519035339355], "grow-time": [0.07210993766784668, 7.627434015274048, 113.26203966140747, 134.1408770084381, 126.74274754524231], "#expl": 3, "expl_seq": [{"constraints": [18087], "derived": [-17193]}, {"constraints": [18089, 17278], "derived": [-17191, -17187]}, {"constraints": [17284, 18085], "derived": [-17201]}], "OUS-time": [0, 8.788182735443115, 368.12053990364075, 1688.491934299469, 0], "timeout": true}}