{"config": {"preseeding": false, "sat-polarity": true, "sat-polarity-initial": false, "postpone_opt": true, "postpone_opt_incr": false, "postpone_opt_greedy": true, "grow": true, "grow_sat": false, "grow_subset_maximal": false, "grow_maxsat": true, "maxsat_polarities": true, "grow_maxsat_full_pos": false, "grow_maxsat_full_inv": false, "grow_maxsat_full_unif": false, "grow_maxsat_initial_pos": false, "grow_maxsat_initial_inv": false, "grow_maxsat_initial_unif": false, "grow_maxsat_actual_pos": true, "grow_maxsat_actual_unif": false, "grow_maxsat_actual_inv": false, "timeout": 7200, "instance": "pastaPuzzle", "output": "/data/brussel/101/vsc10143/OUSResults/experiment4/2021011308/20210113081930626433.json"}, "results": {"HS": [0, 10, 6, 1, 4, 2, 1, 3, 3, 1, 2, 2, 2, 8, 1, 9, 9, 3, 9, 2, 64], "HS_greedy": [0, 29, 212, 0, 185, 105, 0, 105, 93, 0, 111, 83, 111, 98, 0, 113, 104, 119, 145, 90, 182], "HS_incr": [0, 0, 0, 0, 0, 0, 0, 0, 0, 0, 0, 0, 0, 0, 0, 0, 0, 0, 0, 0, 0], "HS-opt-time": [0, 0.06631016731262207, 1.5119702816009521, 0.11131143569946289, 0.9222888946533203, 0.783998966217041, 0.4039187431335449, 1.185826301574707, 1.3428494930267334, 0.6806859970092773, 1.8848037719726562, 2.2387266159057617, 2.4833927154541016, 13.3729407787323, 0.8218255043029785, 16.68153190612793, 18.85585880279541, 3.6848838329315186, 24.841164112091064, 7.965341567993164, 203.13479471206665], "HS-postpone-time": [0, 0.014307022094726562, 0.5091376304626465, 0, 0.3849525451660156, 0.1262340545654297, 0, 0.12288331985473633, 0.0961923599243164, 0, 0.13672351837158203, 0.07801246643066406, 0.13491106033325195, 0.10275435447692871, 0, 0.1344292163848877, 0.11299347877502441, 0.14646387100219727, 0.21412897109985352, 0.0818328857421875, 0.31782984733581543], "SAT-time": [0, 0.0689389705657959, 0.5158512592315674, 0.0004971027374267578, 0.45958614349365234, 0.26045942306518555, 0.0005376338958740234, 0.25983738899230957, 0.22463154792785645, 0.0005395412445068359, 0.2909693717956543, 0.2537353038787842, 0.3456380367279053, 0.30539488792419434, 0.0006520748138427734, 0.35364413261413574, 0.33102989196777344, 0.3821845054626465, 0.467487096786499, 0.28784966468811035, 0.5915179252624512], "grow-time": [0, 5.089052677154541, 485.2599709033966, 0, 801.1601979732513, 259.2805678844452, 0, 216.3408806324005, 65.94002079963684, 0, 418.3387770652771, 208.1143708229065, 319.520370721817, 410.58325958251953, 0, 367.74899768829346, 452.0787179470062, 68.06801795959473, 936.1311485767365, 256.28914308547974, 1607.8963971138], "#expl": 19, "expl_seq": [{"constraints": [6633], "derived": [-5739]}, {"constraints": [5853, 6629], "derived": [5797]}, {"constraints": [5840, 5797], "derived": [-5805, -5793, -5801]}, {"constraints": [5842, 5797], "derived": [-5799, -5798, -5796]}, {"constraints": [5832, 6634], "derived": [-5760, -5772]}, {"constraints": [5824, 6635], "derived": [-5733, -5737]}, {"constraints": [5851, 5797, -5737], "derived": [-5769]}, {"constraints": [5851, -5733, 5797], "derived": [-5765]}, {"constraints": [5830, 6631], "derived": [-5747]}, {"constraints": [5856, 5844, 6630], "derived": [-5822]}, {"constraints": [5849, 5830, 6630], "derived": [-5784]}, {"constraints": [5856, 5844, 6631], "derived": [-5762, -5810]}, {"constraints": [5850, 6628, 5838], "derived": [-5780]}, {"constraints": [5857, -5780, 5797], "derived": [-5809]}, {"constraints": [5856, 5844, 6632], "derived": [-5767]}, {"constraints": [6628, 5830, 5854], "derived": [-5820]}, {"constraints": [-5822, -5820, 5847, -5767, -5765, 5855], "derived": [-5751]}, {"constraints": [5856, -5751, 5844, 6632], "derived": [-5815]}, {"constraints": [5856, -5822, 5830, 6631], "derived": [-5746]}], "OUS-time": [0, 5.268064260482788, 488.00835061073303, 0.11269712448120117, 803.1102197170258, 260.5530745983124, 0.4052410125732422, 218.01083636283875, 67.69214034080505, 0.6819334030151367, 420.7590684890747, 210.77090501785278, 322.59857749938965, 424.46502900123596, 0.8239531517028809, 385.0346827507019, 471.4864308834076, 72.4049277305603, 961.8039872646332, 264.716059923172, 0], "timeout": true}}