{"config": {"preseeding": false, "sat-polarity": true, "sat-polarity-initial": false, "postpone_opt": true, "postpone_opt_incr": false, "postpone_opt_greedy": true, "grow": true, "grow_sat": false, "grow_subset_maximal": false, "grow_maxsat": true, "maxsat_polarities": true, "grow_maxsat_full_pos": false, "grow_maxsat_full_inv": false, "grow_maxsat_full_unif": false, "grow_maxsat_initial_pos": false, "grow_maxsat_initial_inv": false, "grow_maxsat_initial_unif": true, "grow_maxsat_actual_pos": false, "grow_maxsat_actual_unif": false, "grow_maxsat_actual_inv": false, "timeout": 7200, "instance": "pastaPuzzle", "output": "/data/brussel/101/vsc10143/OUSResults/experiment4/2021011308/20210113081930626424.json"}, "results": {"HS": [0, 6, 6, 2, 3, 1, 4, 1, 2, 2, 1, 3, 3, 2, 1, 4, 21, 32, 1, 37, 20, 4, 162, 8, 27, 76, 1, 25, 445, 105], "HS_greedy": [0, 26, 213, 161, 197, 0, 149, 0, 148, 127, 0, 114, 128, 115, 0, 116, 159, 131, 0, 143, 105, 100, 252, 75, 82, 226, 0, 76, 545, 200], "HS_incr": [0, 0, 0, 0, 0, 0, 0, 0, 0, 0, 0, 0, 0, 0, 0, 0, 0, 0, 0, 0, 0, 0, 0, 0, 0, 0, 0, 0, 0, 0], "HS-opt-time": [0, 0.13843274116516113, 1.0921266078948975, 0.6256115436553955, 0.9133901596069336, 0.5006349086761475, 1.4676504135131836, 0.3999660015106201, 0.8913509845733643, 0.9327049255371094, 0.6615762710571289, 2.590898036956787, 3.649174213409424, 1.3252592086791992, 1.6088902950286865, 6.43059778213501, 30.44359803199768, 86.83100318908691, 1.7325303554534912, 99.6313693523407, 55.17448806762695, 13.564634323120117, 706.5432651042938, 45.747644662857056, 119.38305974006653, 487.4925184249878, 1.8978455066680908, 100.47291898727417, 3845.147386789322, 1222.5723469257355], "HS-postpone-time": [0, 0.011565685272216797, 0.5072119235992432, 0.2951788902282715, 0.43363046646118164, 0, 0.24999427795410156, 0, 0.24368858337402344, 0.18134284019470215, 0, 0.14409089088439941, 0.18099737167358398, 0.14718866348266602, 0, 0.14623641967773438, 0.26894044876098633, 0.18619680404663086, 0, 0.2146751880645752, 0.11548924446105957, 0.10449790954589844, 0.5935838222503662, 0.05919313430786133, 0.07141566276550293, 0.478381872177124, 0, 0.05957365036010742, 2.563474416732788, 0.36245226860046387], "SAT-time": [0, 0.03859519958496094, 0.3600747585296631, 0.2790706157684326, 0.3242783546447754, 0.0005831718444824219, 0.24738574028015137, 0.0012843608856201172, 0.24915599822998047, 0.21287846565246582, 0.0013668537139892578, 0.19915390014648438, 0.22416949272155762, 0.20262646675109863, 0.0019125938415527344, 0.20237517356872559, 0.29112792015075684, 0.24425053596496582, 0.0005865097045898438, 0.2666749954223633, 0.190138578414917, 0.18625164031982422, 0.49651050567626953, 0.1367783546447754, 0.15285158157348633, 0.43471455574035645, 0.0006194114685058594, 0.14242124557495117, 1.1283557415008545, 0.40848779678344727], "grow-time": [0, 2.2777488231658936, 17.343250274658203, 11.778420448303223, 15.892486810684204, 0, 10.273304224014282, 0, 11.201364994049072, 9.342619895935059, 0, 10.089470863342285, 10.051805973052979, 8.966747522354126, 0, 9.056387662887573, 13.215308666229248, 13.949707746505737, 0, 13.094055414199829, 8.34520959854126, 7.817670106887817, 29.65016508102417, 6.001301288604736, 9.233189105987549, 27.365925312042236, 0, 6.243329048156738, 57.0540030002594, 19.428385972976685], "#expl": 28, "expl_seq": [{"constraints": [906], "derived": [-12]}, {"constraints": [105, 907], "derived": [-45, -33]}, {"constraints": [97, 908], "derived": [-6, -10]}, {"constraints": [106, -45, -10, -6, 124, -33], "derived": [-69]}, {"constraints": [126, 902], "derived": [70]}, {"constraints": [115, 70], "derived": [-72, -71]}, {"constraints": [113, 70], "derived": [-78, -66, -74]}, {"constraints": [124, 70, -10], "derived": [-42]}, {"constraints": [-6, 124, 70], "derived": [-38]}, {"constraints": [904, 103], "derived": [-20]}, {"constraints": [103, 901, 127], "derived": [-93]}, {"constraints": [122, 901, 103], "derived": [-53]}, {"constraints": [130, -53, 70], "derived": [-82]}, {"constraints": [122, 103, 903], "derived": [-57]}, {"constraints": [129, 117, 903], "derived": [-95]}, {"constraints": [904, 103, 127], "derived": [-83]}, {"constraints": [105, 905, 103], "derived": [-40]}, {"constraints": [129, -95, -93, 108, -40, -38], "derived": [-24]}, {"constraints": [904, 129, 117], "derived": [-35]}, {"constraints": [-24, 129, 905, 117], "derived": [-88]}, {"constraints": [904, 129, -95, 103], "derived": [-19]}, {"constraints": [97, 129, 903, -20, -83, -19], "derived": [-3]}, {"constraints": [101, 901, 103, -20, -19, -45, -10, -6], "derived": [-29]}, {"constraints": [901, 102, 103, -20, -19, -10, -6, -33], "derived": [-30]}, {"constraints": [-95, -93, 108, -19, -20, 118, 119, 127, -35, -33], "derived": [-92, -90]}, {"constraints": [70, 132, -90], "derived": [-55]}, {"constraints": [129, 905, -92, 103], "derived": [-21]}, {"constraints": [97, -29, -57, 104, -53, -21, 110, -12, -10, 121, -6], "derived": [-13]}], "OUS-time": [0, 2.4893078804016113, 19.473509550094604, 13.105260848999023, 17.71845054626465, 0.5020151138305664, 12.354985237121582, 0.4019811153411865, 12.700116395950317, 10.767592430114746, 0.6636295318603516, 13.111087560653687, 14.203394889831543, 10.728344678878784, 1.6115105152130127, 15.923292636871338, 44.34083914756775, 101.3114230632782, 1.7343254089355469, 113.3158802986145, 63.90505599975586, 21.747429847717285, 737.482138633728, 52.001702308654785, 128.9042387008667, 515.9441158771515, 1.9001514911651611, 106.97519040107727, 3906.3279554843903, 0], "timeout": true}}