{"config": {"preseeding": true, "preseeding-minimal": false, "preseeding-grow": true, "preseeding-grow-maxsat": false, "sat-polarity": true, "postpone_opt": false, "postpone_opt_incr": false, "postpone_opt_greedy": false, "grow": true, "grow_sat": false, "grow_subset_maximal": false, "grow_maxsat": true, "timeout": 3600, "instance": "simple", "output": "results/20201217/20201217154417584676.json"}, "results": {"HS": [1, 3, 1], "HS_greedy": [0, 0, 0], "HS_incr": [0, 0, 0], "HS-opt-time": [0.0007002353668212891, 0.0008976459503173828, 0.0001652240753173828], "HS-postpone-time": [0, 0, 0], "SAT-time": [3.0517578125e-05, 0.0002765655517578125, 2.8371810913085938e-05], "#expl": 3, "expl_seq": [{"constraints": [4], "derived": [1]}, {"constraints": [1, 5, 7], "derived": [-3]}, {"constraints": [1, -3, 6], "derived": [2]}], "OUS-time": [0.0008451938629150391, 0.0019459724426269531, 0.0002586841583251953], "timeout": false}}