{"config": {"preseeding": true, "preseeding-minimal": false, "preseeding-grow": true, "preseeding-grow-maxsat": false, "sat-polarity": true, "postpone_opt": false, "postpone_opt_incr": false, "postpone_opt_greedy": false, "grow": true, "grow_sat": false, "grow_subset_maximal": false, "grow_maxsat": true, "timeout": 3600, "instance": "simple", "output": "results/20201217/20201217171458061885.json"}, "results": {"HS": [1, 3, 1], "HS_greedy": [0, 0, 0], "HS_incr": [0, 0, 0], "HS-opt-time": [0.0007772445678710938, 0.0010843276977539062, 0.0002257823944091797], "HS-postpone-time": [0, 0, 0], "SAT-time": [3.886222839355469e-05, 0.00033545494079589844, 3.4809112548828125e-05], "#expl": 3, "expl_seq": [{"constraints": [4], "derived": [1]}, {"constraints": [1, 5, 7], "derived": [-3]}, {"constraints": [1, -3, 6], "derived": [2]}], "OUS-time": [0.0009300708770751953, 0.0023233890533447266, 0.00034308433532714844], "timeout": false}}