{"config": {"preseeding": true, "preseeding-minimal": false, "preseeding-grow": true, "preseeding-grow-maxsat": false, "sat-polarity": true, "postpone_opt": false, "postpone_opt_incr": false, "postpone_opt_greedy": false, "grow": true, "grow_sat": false, "grow_subset_maximal": false, "grow_maxsat": true, "timeout": 3600, "instance": "simple", "output": "results/20201217/20201217174007735927.json"}, "results": {"HS": [1, 3, 1], "HS_greedy": [0, 0, 0], "HS_incr": [0, 0, 0], "HS-opt-time": [0.0007164478302001953, 0.0009739398956298828, 0.00021600723266601562], "HS-postpone-time": [0, 0, 0], "SAT-time": [2.86102294921875e-05, 0.0003337860107421875, 3.6716461181640625e-05], "#expl": 3, "expl_seq": [{"constraints": [4], "derived": [1]}, {"constraints": [1, 5, 7], "derived": [-3]}, {"constraints": [1, -3, 6], "derived": [2]}], "OUS-time": [0.0008451938629150391, 0.002062082290649414, 0.00033926963806152344], "timeout": false}}