{"filename": "par8-5", "exec_times": [0.128, 1.512, 2.739, 2.797, 4.057, "timeout"], "H_sizes": [2, 20, 51, 75, 101, 481], "greedy": [0, 0, 0, 0, 0, 0], "incr": [0, 0, 0, 0, 0, 0], "opt": [3, 20, 33, 37, 46, 404], "t_opt": [0.01945352554321289, 0.13597822189331055, 0.20743799209594727, 0.3075599670410156, 0.27039361000061035, 5.554711103439331], "t_incr": [0, 0, 0, 0, 0, 0], "t_greedy": [0, 0, 0, 0, 0, 0], "t_sat": [0.0003371238708496094, 0.003580331802368164, 0.01837611198425293, 0.01895904541015625, 0.044786691665649414, 0.19029903411865234], "t_grow": [0.10003447532653809, 1.349806308746338, 2.478956460952759, 2.406895399093628, 3.600329637527466, 588.6045095920563]}