{"clauses": 250, "avg_clause_len": 1.88, "steps": 2, "t_hitting_set": [9.5367431640625e-07, 0.0030128955841064453, 0.0033888816833496094], "t_sat_check": [7.152557373046875e-07, 0.0001277923583984375, 0.00013875961303710938], "t_grow": [0.0004258155822753906, 0.000431060791015625], "total_time": 0.007695674896240234, "extension": 2, "sat": 1}