{"clauses": 250, "avg_clause_len": 1.88, "steps": 2, "t_hitting_set": [0.11031866073608398, 0.1100468635559082, 0.11010050773620605], "t_sat_check": [9.5367431640625e-07, 0.00012159347534179688, 0.00011920928955078125], "t_grow": [0.0073854923248291016, 0.007471561431884766], "total_time": 0.34597134590148926, "extension": 4, "sat": 1, "s_hs": [0, 1, 2], "s_grow": [56, 56]}