{"steps": 128, "OMUS": [0, 1, 2, 3, 4, 6, 7, 8, 9, 10, 11, 12, 13, 14, 15, 16, 17, 18, 19, 20, 21, 22, 23, 24, 25, 26, 27, 28, 29, 30, 31, 32, 33, 34, 35, 36, 37, 38, 39, 40, 41, 42, 43, 44, 45, 46, 47], "clauses": 160, "avg_clause_len": 3, "parameters": {"count_clauses": 3, "best_unit_literal": 0, "best_counter_literal": 2, "sorting": 4, "extension": "greedy_param", "cutoff_main": 900, "output": "results/2020_06_02/Gurobi/aim-100-1_6-no-1_greedy_param_142.json"}, "clause_length": "clause_length", "t_hitting_set": [7.152557373046875e-07, 0.0004508495330810547, 0.000453948974609375, 0.0004661083221435547, 0.00046825408935546875, 0.0004711151123046875, 0.0004687309265136719, 0.0004551410675048828, 0.0004620552062988281, 0.0004811286926269531, 0.0005786418914794922, 0.0005190372467041016, 0.00048065185546875, 0.0006039142608642578, 0.0005164146423339844, 0.0005104541778564453, 0.0005304813385009766, 0.0005996227264404297, 0.0006048679351806641, 0.0006146430969238281, 0.0005300045013427734, 0.0005588531494140625, 0.0005321502685546875, 0.0006239414215087891, 0.0006568431854248047, 0.0005393028259277344, 0.0005297660827636719, 0.0005257129669189453, 0.0006153583526611328, 0.0006492137908935547, 0.0005826950073242188, 0.0005941390991210938, 0.0006160736083984375, 0.00058746337890625, 0.0007433891296386719, 0.00080108642578125, 0.0005948543548583984, 0.0006051063537597656, 0.0006105899810791016, 0.0006525516510009766, 0.0006647109985351562, 0.0006208419799804688, 0.0007221698760986328, 0.0007700920104980469, 0.0007522106170654297, 0.0005934238433837891, 0.0006105899810791016, 0.0006275177001953125, 0.0007760524749755859, 0.0005910396575927734, 0.0006031990051269531, 0.0007233619689941406, 0.0007085800170898438, 0.0006735324859619141, 0.0006964206695556641, 0.0006132125854492188, 0.001079559326171875, 0.0007679462432861328, 0.0007154941558837891, 0.0006973743438720703, 0.0007073879241943359, 0.0007266998291015625, 0.0006203651428222656, 0.0007221698760986328, 0.0006122589111328125, 0.0005624294281005859, 0.0006921291351318359, 0.0006773471832275391, 0.0010292530059814453, 0.0010561943054199219, 0.0006062984466552734, 0.0010824203491210938, 0.0011134147644042969, 0.0011105537414550781, 0.0011131763458251953, 0.0010986328125, 0.0011518001556396484, 0.0007882118225097656, 0.0007464885711669922, 0.0007405281066894531, 0.0011529922485351562, 0.0012128353118896484, 0.001302957534790039, 0.0012371540069580078, 0.0012633800506591797, 0.0012025833129882812, 0.0011920928955078125, 0.0011818408966064453, 0.0011560916900634766, 0.0011565685272216797, 0.0011396408081054688, 0.0011303424835205078, 0.0010647773742675781, 0.0010263919830322266, 0.0006020069122314453, 0.0006875991821289062, 0.0006735324859619141, 0.0006735324859619141, 0.000591278076171875, 0.000568389892578125, 0.000583648681640625, 0.0006136894226074219, 0.0005800724029541016, 0.0005800724029541016, 0.0005807876586914062, 0.0005781650543212891, 0.0005846023559570312, 0.0005815029144287109, 0.0005924701690673828, 0.0005877017974853516, 0.000591278076171875, 0.0005719661712646484, 0.0005946159362792969, 0.0005748271942138672, 0.0005714893341064453, 0.0005707740783691406, 0.0005946159362792969, 0.0005981922149658203, 0.0005583763122558594, 0.0005843639373779297, 0.0005967617034912109, 0.0005846023559570312, 0.0005962848663330078, 0.0005998611450195312, 0.0006012916564941406, 0.0005679130554199219, 0.0005707740783691406, 0.0005831718444824219, 0.0005781650543212891], "t_sat_check": [7.152557373046875e-07, 6.103515625e-05, 6.127357482910156e-05, 6.270408630371094e-05, 6.4849853515625e-05, 6.747245788574219e-05, 6.866455078125e-05, 7.295608520507812e-05, 7.748603820800781e-05, 7.510185241699219e-05, 7.510185241699219e-05, 7.462501525878906e-05, 7.653236389160156e-05, 8.130073547363281e-05, 7.653236389160156e-05, 7.534027099609375e-05, 7.677078247070312e-05, 7.963180541992188e-05, 8.106231689453125e-05, 7.939338684082031e-05, 7.939338684082031e-05, 7.843971252441406e-05, 8.058547973632812e-05, 8.177757263183594e-05, 8.130073547363281e-05, 7.987022399902344e-05, 7.963180541992188e-05, 8.106231689453125e-05, 8.296966552734375e-05, 8.392333984375e-05, 8.034706115722656e-05, 8.106231689453125e-05, 8.034706115722656e-05, 8.344650268554688e-05, 8.320808410644531e-05, 8.559226989746094e-05, 8.320808410644531e-05, 8.320808410644531e-05, 8.416175842285156e-05, 8.20159912109375e-05, 8.487701416015625e-05, 9.298324584960938e-05, 8.845329284667969e-05, 0.00012063980102539062, 8.749961853027344e-05, 8.58306884765625e-05, 8.702278137207031e-05, 8.678436279296875e-05, 9.059906005859375e-05, 8.845329284667969e-05, 9.012222290039062e-05, 9.202957153320312e-05, 9.131431579589844e-05, 8.893013000488281e-05, 9.059906005859375e-05, 8.988380432128906e-05, 9.560585021972656e-05, 9.059906005859375e-05, 9.465217590332031e-05, 9.274482727050781e-05, 9.1552734375e-05, 9.036064147949219e-05, 9.083747863769531e-05, 9.1552734375e-05, 9.059906005859375e-05, 8.940696716308594e-05, 9.441375732421875e-05, 9.036064147949219e-05, 0.00010037422180175781, 0.00010037422180175781, 9.584426879882812e-05, 9.942054748535156e-05, 9.989738464355469e-05, 0.00010347366333007812, 0.00010347366333007812, 0.00010538101196289062, 0.00011014938354492188, 9.679794311523438e-05, 9.822845458984375e-05, 9.489059448242188e-05, 0.00010371208190917969, 0.00010585784912109375, 0.00010657310485839844, 0.00010800361633300781, 0.00010848045349121094, 0.00010943412780761719, 0.00010800361633300781, 0.00010657310485839844, 0.00010776519775390625, 0.00010895729064941406, 0.00011444091796875, 0.00011038780212402344, 0.00011348724365234375, 0.00011277198791503906, 0.00010824203491210938, 0.00010347366333007812, 0.000102996826171875, 0.00010395050048828125, 0.00010776519775390625, 0.00010848045349121094, 0.00010800361633300781, 0.00010919570922851562, 0.00011110305786132812, 0.00011777877807617188, 0.00011897087097167969, 0.00011992454528808594, 0.00011968612670898438, 0.00012183189392089844, 0.00012230873107910156, 0.0001220703125, 0.00012421607971191406, 0.00012493133544921875, 0.0001246929168701172, 0.00012540817260742188, 0.00011014938354492188, 0.00012350082397460938, 0.00012493133544921875, 0.00012564659118652344, 0.0001251697540283203, 0.0001385211944580078, 0.000141143798828125, 0.0001404285430908203, 0.0001366138458251953, 0.00013947486877441406, 0.000133514404296875, 0.00013875961303710938, 0.00014162063598632812, 0.0001609325408935547, 0.0001437664031982422],