{"steps": 63, "OMUS": [0, 1, 2, 3, 4, 6, 7, 8, 9, 10, 11, 12, 13, 14, 15, 16, 17, 18, 19, 20, 21, 22, 23, 24, 25, 26, 27, 28, 29, 30, 31, 32, 33, 34, 35, 36, 37, 38, 39, 40, 41, 42, 43, 44, 45, 46, 47], "clauses": 160, "avg_clause_len": 3, "parameters": {"count_clauses": 3, "best_unit_literal": 2, "best_counter_literal": 2, "sorting": 0, "extension": "greedy_param", "cutoff_main": 900, "output": "results/2020_06_02/Gurobi/aim-100-1_6-no-1_greedy_param_26.json"}, "clause_length": "clause_length", "t_hitting_set": [7.152557373046875e-07, 0.00044035911560058594, 0.0004570484161376953, 0.00043964385986328125, 0.0004546642303466797, 0.00044417381286621094, 0.0004565715789794922, 0.0004622936248779297, 0.00046563148498535156, 0.0004649162292480469, 0.0004467964172363281, 0.00046253204345703125, 0.0004611015319824219, 0.00046324729919433594, 0.0004646778106689453, 0.00046443939208984375, 0.0004639625549316406, 0.0004506111145019531, 0.0004665851593017578, 0.0004525184631347656, 0.0004630088806152344, 0.0004780292510986328, 0.0004839897155761719, 0.0004813671112060547, 0.0005006790161132812, 0.00048160552978515625, 0.0004734992980957031, 0.0004811286926269531, 0.0004703998565673828, 0.0004677772521972656, 0.00047707557678222656, 0.00047087669372558594, 0.00046753883361816406, 0.0004913806915283203, 0.0004940032958984375, 0.0004904270172119141, 0.0004892349243164062, 0.0004715919494628906, 0.0004744529724121094, 0.0004792213439941406, 0.00047326087951660156, 0.0004754066467285156, 0.0004911422729492188, 0.00047659873962402344, 0.0004763603210449219, 0.0004973411560058594, 0.00049591064453125, 0.000499725341796875, 0.0006499290466308594, 0.0005359649658203125, 0.0005178451538085938, 0.0006232261657714844, 0.0005400180816650391, 0.0005383491516113281, 0.0005512237548828125, 0.0005548000335693359, 0.000553131103515625, 0.0005545616149902344, 0.0005407333374023438, 0.0005462169647216797, 0.0005404949188232422, 0.00055694580078125, 0.0005571842193603516, 0.0005431175231933594], "t_sat_check": [7.152557373046875e-07, 6.341934204101562e-05, 6.222724914550781e-05, 6.341934204101562e-05, 6.771087646484375e-05, 6.890296936035156e-05, 7.05718994140625e-05, 7.271766662597656e-05, 7.367134094238281e-05, 7.486343383789062e-05, 7.700920104980469e-05, 7.796287536621094e-05, 8.034706115722656e-05, 8.249282836914062e-05, 8.130073547363281e-05, 8.487701416015625e-05, 8.630752563476562e-05, 8.702278137207031e-05, 8.893013000488281e-05, 8.988380432128906e-05, 8.893013000488281e-05, 9.036064147949219e-05, 9.107589721679688e-05, 9.202957153320312e-05, 9.250640869140625e-05, 9.72747802734375e-05, 9.417533874511719e-05, 9.942054748535156e-05, 9.822845458984375e-05, 0.00010275840759277344, 0.00010037422180175781, 0.00010561943054199219, 0.00010609626770019531, 0.00010585784912109375, 0.0001068115234375, 0.00010776519775390625, 0.00010895729064941406, 0.000110626220703125, 0.0001201629638671875, 0.00011777877807617188, 0.00011777877807617188, 0.000118255615234375, 0.0001227855682373047, 0.0001239776611328125, 0.0001239776611328125, 0.00012540817260742188, 0.00012564659118652344, 0.00012612342834472656, 0.0001277923583984375, 0.0001270771026611328, 0.00012731552124023438, 0.0001285076141357422, 0.00012636184692382812, 0.0001404285430908203, 0.0001399517059326172, 0.0001423358917236328, 0.00013685226440429688, 0.00013685226440429688, 0.0001385211944580078, 0.0001380443572998047, 0.0001399517059326172, 0.0001380443572998047, 0.00016164779663085938, 0.0001442432403564453], "t_grow": [0.006746053695678711, 0.0055468082427978516, 0.005132913589477539, 0.005092620849609375, 0.005422353744506836, 0.00488734245300293, 0.003378152847290039, 0.003029346466064453, 0.0026543140411376953, 0.002181529998779297, 0.0021915435791015625, 0.0023195743560791016, 0.002521038055419922, 0.0024955272674560547, 0.002319812774658203, 0.0019609928131103516, 0.0025000572204589844, 0.002507448196411133, 0.0022416114807128906, 0.002451658248901367, 0.0020813941955566406, 0.002069234848022461, 0.0022940635681152344, 0.002053976058959961, 0.0021293163299560547, 0.0016045570373535156, 0.001961946487426758, 0.001512765884399414, 0.0020411014556884766, 0.0015170574188232422, 0.0015273094177246094, 0.0015311241149902344, 0.0012967586517333984, 0.0016798973083496094, 0.0015044212341308594, 0.00159454345703125, 0.0015006065368652344, 0.0016741752624511719, 0.0018389225006103516, 0.0017995834350585938, 0.0016560554504394531, 0.0017590522766113281, 0.0023224353790283203, 0.0020599365234375, 0.0019834041595458984, 0.0012121200561523438, 0.0019838809967041016, 0.0012254714965820312, 0.0011818408966064453, 0.0020263195037841797, 0.001194000244140625, 0.0009150505065917969, 0.0011792182922363281, 0.0016837120056152344, 0.0014562606811523438, 0.0018744468688964844, 0.0014202594757080078, 0.00189971923828125, 0.001220703125, 0.001173257827758789, 0.0013790130615234375, 0.0012521743774414062, 0.0011506080627441406], "extension": "greedy_param", "s_hs": [0, 1, 2, 3, 4, 5, 6, 7, 8, 9, 10, 11, 12, 13, 14, 15, 16, 17, 18, 19, 20, 21, 21, 22, 22, 23, 23, 24, 24, 25, 25, 26, 27, 27, 28, 28, 29, 30, 31, 32, 33, 34, 35, 36, 37, 38, 38, 39, 39, 39, 40, 40, 40, 40, 41, 42, 43, 43, 44, 45, 45, 45, 46, 47], "s_grow": [1, 1, 1, 1, 1, 1, 1, 1, 1, 1, 1, 1, 1, 1, 1, 1, 1, 1, 1, 1, 2, 2, 1, 2, 1, 2, 1, 2, 1, 1, 1, 2, 2, 2, 1, 1, 1, 1, 1, 1, 1, 1, 1, 1, 2, 2, 2, 2, 2, 2, 2, 3, 2, 1, 1, 2, 2, 2, 2, 1, 2, 1, 1], "omus": true}