{"steps": 122, "OMUS": [0, 1, 2, 3, 4, 6, 7, 8, 9, 10, 11, 12, 13, 14, 15, 16, 17, 18, 19, 20, 21, 22, 23, 24, 25, 26, 27, 28, 29, 30, 31, 32, 33, 34, 35, 36, 37, 38, 39, 40, 41, 42, 43, 44, 45, 46, 47], "clauses": 160, "avg_clause_len": 3, "parameters": {"count_clauses": 2, "best_unit_literal": 4, "best_counter_literal": 2, "sorting": 2, "extension": "greedy_param", "cutoff_main": 900, "output": "results/2020_06_02/Gurobi/aim-100-1_6-no-1_greedy_param_80.json"}, "clause_length": "clause_length", "t_hitting_set": [7.152557373046875e-07, 0.00046253204345703125, 0.0005061626434326172, 0.000457763671875, 0.000457763671875, 0.00047850608825683594, 0.00048089027404785156, 0.00047135353088378906, 0.0004837512969970703, 0.0004889965057373047, 0.0004849433898925781, 0.0004749298095703125, 0.0004875659942626953, 0.0004911422729492188, 0.0004923343658447266, 0.0004949569702148438, 0.0004947185516357422, 0.0004971027374267578, 0.00049591064453125, 0.0004794597625732422, 0.000518798828125, 0.0005147457122802734, 0.0010044574737548828, 0.0005972385406494141, 0.0005271434783935547, 0.0005662441253662109, 0.0009708404541015625, 0.0010073184967041016, 0.0005590915679931641, 0.0005576610565185547, 0.0005338191986083984, 0.0010111331939697266, 0.0009698867797851562, 0.0010857582092285156, 0.001096487045288086, 0.0006349086761474609, 0.0005743503570556641, 0.0006978511810302734, 0.0010576248168945312, 0.001176595687866211, 0.0010950565338134766, 0.001116037368774414, 0.0006673336029052734, 0.0005905628204345703, 0.0007376670837402344, 0.0007352828979492188, 0.0007424354553222656, 0.0011506080627441406, 0.0012111663818359375, 0.0006496906280517578, 0.0007061958312988281, 0.0005691051483154297, 0.0006933212280273438, 0.001172780990600586, 0.0011980533599853516, 0.0011191368103027344, 0.0010919570922851562, 0.001117706298828125, 0.0011608600616455078, 0.0011479854583740234, 0.0011410713195800781, 0.0006053447723388672, 0.0007319450378417969, 0.0006172657012939453, 0.0006434917449951172, 0.0006439685821533203, 0.0006701946258544922, 0.0006911754608154297, 0.0006723403930664062, 0.0006837844848632812, 0.0005819797515869141, 0.0005941390991210938, 0.0005612373352050781, 0.0006527900695800781, 0.0006396770477294922, 0.0006403923034667969, 0.0005733966827392578, 0.0005269050598144531, 0.0006291866302490234, 0.0006291866302490234, 0.0005559921264648438, 0.0005288124084472656, 0.0006234645843505859, 0.0005252361297607422, 0.0005140304565429688, 0.0005176067352294922, 0.0005018711090087891, 0.0005042552947998047, 0.0005021095275878906, 0.0005304813385009766, 0.0004973411560058594, 0.0005159378051757812, 0.0005118846893310547, 0.0005209445953369141, 0.0004963874816894531, 0.0005183219909667969, 0.0004980564117431641, 0.0005443096160888672, 0.0005033016204833984, 0.0005040168762207031, 0.0005090236663818359, 0.0005283355712890625, 0.0005159378051757812, 0.0005195140838623047, 0.0005064010620117188, 0.0005135536193847656, 0.0005211830139160156, 0.0005276203155517578, 0.0005245208740234375, 0.0005042552947998047, 0.0005273818969726562, 0.0005037784576416016, 0.0005204677581787109, 0.0005049705505371094, 0.0005059242248535156, 0.0005064010620117188, 0.0005373954772949219, 0.0005192756652832031, 0.0005242824554443359, 0.0005056858062744141, 0.0005054473876953125, 0.0005249977111816406, 0.0005068778991699219], "t_sat_check": [7.152557373046875e-07, 6.079673767089844e-05, 6.151199340820312e-05, 6.318092346191406e-05, 6.4849853515625e-05, 6.4849853515625e-05, 6.580352783203125e-05, 6.651878356933594e-05, 6.747245788574219e-05, 6.747245788574219e-05, 7.05718994140625e-05, 7.557868957519531e-05, 7.271766662597656e-05, 7.43865966796875e-05, 7.43865966796875e-05, 7.390975952148438e-05, 7.43865966796875e-05, 7.796287536621094e-05, 7.796287536621094e-05, 7.82012939453125e-05, 7.867813110351562e-05, 7.915496826171875e-05, 8.797645568847656e-05, 8.082389831542969e-05, 7.891654968261719e-05, 8.177757263183594e-05, 8.702278137207031e-05, 8.869171142578125e-05, 8.368492126464844e-05, 8.177757263183594e-05, 8.225440979003906e-05, 8.916854858398438e-05, 8.96453857421875e-05, 9.083747863769531e-05, 9.226799011230469e-05, 8.440017700195312e-05, 8.511543273925781e-05, 8.630752563476562e-05, 8.893013000488281e-05, 9.226799011230469e-05, 9.226799011230469e-05, 9.441375732421875e-05, 8.749961853027344e-05, 8.726119995117188e-05, 8.273124694824219e-05, 8.797645568847656e-05, 8.7738037109375e-05, 9.179115295410156e-05, 9.274482727050781e-05, 8.630752563476562e-05, 8.559226989746094e-05, 8.702278137207031e-05, 8.940696716308594e-05, 9.34600830078125e-05, 9.846687316894531e-05, 9.584426879882812e-05, 9.560585021972656e-05, 9.799003601074219e-05, 9.918212890625e-05, 9.870529174804688e-05, 9.918212890625e-05, 9.226799011230469e-05, 0.000102996826171875, 9.131431579589844e-05, 8.96453857421875e-05, 8.96453857421875e-05, 8.869171142578125e-05, 9.322166442871094e-05, 9.131431579589844e-05, 9.107589721679688e-05, 9.179115295410156e-05, 9.036064147949219e-05, 9.250640869140625e-05, 9.393692016601562e-05, 9.298324584960938e-05, 9.274482727050781e-05, 9.1552734375e-05, 9.322166442871094e-05, 9.560585021972656e-05, 9.34600830078125e-05, 9.298324584960938e-05, 9.655952453613281e-05, 9.72747802734375e-05, 9.298324584960938e-05, 9.489059448242188e-05, 9.584426879882812e-05, 9.679794311523438e-05, 9.679794311523438e-05, 9.775161743164062e-05, 0.0001010894775390625, 0.00010371208190917969, 0.000102996826171875, 0.0001068115234375, 0.00010514259338378906, 0.00010943412780761719, 0.00010991096496582031, 0.00010943412780761719, 0.000110626220703125, 0.0001125335693359375, 0.00010967254638671875, 0.00011467933654785156, 0.00012421607971191406, 0.00011372566223144531, 0.0001239776611328125, 0.00011873245239257812, 0.0001201629638671875, 0.00012087821960449219, 0.00012159347534179688, 0.00012254714965820312, 0.00012302398681640625, 0.00012254714965820312, 0.0001251697540283203, 0.00012445449829101562, 0.000125885009765625, 0.00013875961303710938, 0.00013971328735351562, 0.0001418590545654297, 0.0001373291015625, 0.0001366138458251953, 0.00013589859008789062, 0.0001380443572998047, 0.00016117095947265625, 0.00014281272888183594],