{"steps": 177, "OMUS": [0, 1, 2, 3, 4, 6, 7, 8, 9, 10, 11, 12, 13, 14, 15, 16, 17, 18, 19, 20, 21, 22, 23, 24, 25, 26, 27, 28, 29, 30, 31, 32, 33, 34, 35, 36, 37, 38, 39, 40, 41, 42, 43, 44, 45, 46, 47], "clauses": 160, "avg_clause_len": 3, "parameters": {"count_clauses": 3, "best_unit_literal": 4, "best_counter_literal": 1, "sorting": 1, "extension": "greedy_param", "cutoff_main": 900, "output": "results/2020_06_02/Gurobi/aim-100-1_6-no-1_greedy_param_59.json"}, "clause_length": "clause_length", "t_hitting_set": [9.5367431640625e-07, 0.0004398822784423828, 0.0004563331604003906, 0.00044226646423339844, 0.00045609474182128906, 0.0004565715789794922, 0.0004429817199707031, 0.0004608631134033203, 0.0004744529724121094, 0.0004792213439941406, 0.0004787445068359375, 0.0005931854248046875, 0.0005021095275878906, 0.0005009174346923828, 0.0006036758422851562, 0.0005052089691162109, 0.0005333423614501953, 0.0005207061767578125, 0.0006132125854492188, 0.00061798095703125, 0.00074005126953125, 0.0011649131774902344, 0.0011746883392333984, 0.0006482601165771484, 0.0005853176116943359, 0.00069427490234375, 0.0011548995971679688, 0.0012192726135253906, 0.0011980533599853516, 0.001194000244140625, 0.0012264251708984375, 0.0008647441864013672, 0.0008141994476318359, 0.000812530517578125, 0.0008225440979003906, 0.0011858940124511719, 0.0012786388397216797, 0.0013306140899658203, 0.0013108253479003906, 0.0012471675872802734, 0.0012483596801757812, 0.0012781620025634766, 0.0013244152069091797, 0.0008535385131835938, 0.0008475780487060547, 0.0008485317230224609, 0.0009145736694335938, 0.001241922378540039, 0.0012836456298828125, 0.0012140274047851562, 0.001279592514038086, 0.0012934207916259766, 0.0013554096221923828, 0.00138092041015625, 0.001325845718383789, 0.0013432502746582031, 0.0012264251708984375, 0.0012221336364746094, 0.0011889934539794922, 0.0011854171752929688, 0.0011692047119140625, 0.0014503002166748047, 0.0011386871337890625, 0.0010693073272705078, 0.0011420249938964844, 0.0010952949523925781, 0.0010881423950195312, 0.0007750988006591797, 0.0010924339294433594, 0.0011627674102783203, 0.0010907649993896484, 0.0012171268463134766, 0.001142740249633789, 0.0011169910430908203, 0.0011649131774902344, 0.0011608600616455078, 0.0012009143829345703, 0.0011861324310302734, 0.0012516975402832031, 0.0011730194091796875, 0.0011775493621826172, 0.0012443065643310547, 0.0012149810791015625, 0.0012655258178710938, 0.0012819766998291016, 0.0012764930725097656, 0.0015864372253417969, 0.0011813640594482422, 0.0011494159698486328, 0.0011780261993408203, 0.0011038780212402344, 0.00115203857421875, 0.0012278556823730469, 0.0011930465698242188, 0.001215219497680664, 0.0011942386627197266, 0.0011935234069824219, 0.0013079643249511719, 0.001291513442993164, 0.001207113265991211, 0.001547098159790039, 0.00141143798828125, 0.0013282299041748047, 0.0012750625610351562, 0.0012598037719726562, 0.001180410385131836, 0.0013005733489990234, 0.0012240409851074219, 0.0012161731719970703, 0.000823974609375, 0.0014252662658691406, 0.001256704330444336, 0.0011091232299804688, 0.0011148452758789062, 0.0011336803436279297, 0.0011150836944580078, 0.0008261203765869141, 0.00074005126953125, 0.0006163120269775391, 0.0006811618804931641, 0.0005948543548583984, 0.0007140636444091797, 0.0006258487701416016, 0.0006098747253417969, 0.000591278076171875, 0.0007047653198242188, 0.0006821155548095703, 0.0006039142608642578, 0.0007312297821044922, 0.0005276203155517578, 0.000530242919921875, 0.0005249977111816406, 0.0005278587341308594, 0.0005407333374023438, 0.0005435943603515625, 0.0005407333374023438, 0.0005428791046142578, 0.0005269050598144531, 0.0005393028259277344, 0.0005221366882324219, 0.0005028247833251953, 0.0005385875701904297, 0.0005164146423339844, 0.0005342960357666016, 0.0005071163177490234, 0.0005047321319580078, 0.0005321502685546875, 0.0005016326904296875, 0.0005238056182861328, 0.0005464553833007812, 0.0005466938018798828, 0.0005526542663574219, 0.0005631446838378906, 0.0006785392761230469, 0.0005779266357421875, 0.0010266304016113281, 0.0006098747253417969, 0.0006861686706542969, 0.0005772113800048828, 0.0006241798400878906, 0.0010335445404052734, 0.0010528564453125, 0.0006661415100097656, 0.0006659030914306641, 0.000560760498046875, 0.0005328655242919922, 0.0005524158477783203, 0.0005474090576171875, 0.0005321502685546875, 0.00054168701171875, 0.0005445480346679688, 0.0005295276641845703, 0.0005295276641845703, 0.0005443096160888672, 0.0005345344543457031, 0.0005464553833007812, 0.0005350112915039062, 0.0005307197570800781],