{"steps": 195, "OMUS": [0, 1, 2, 3, 4, 6, 7, 8, 9, 10, 11, 12, 13, 14, 15, 16, 17, 18, 19, 20, 21, 22, 23, 24, 25, 26, 27, 28, 29, 30, 31, 32, 33, 34, 35, 36, 37, 38, 39, 40, 41, 42, 43, 44, 45, 46, 47], "clauses": 160, "avg_clause_len": 3, "parameters": {"count_clauses": 2, "best_unit_literal": 4, "best_counter_literal": 1, "sorting": 3, "extension": "greedy_param", "cutoff_main": 900, "output": "results/2020_06_02/Gurobi/aim-100-1_6-no-1_greedy_param_109.json"}, "clause_length": "clause_length", "t_hitting_set": [9.5367431640625e-07, 0.0004622936248779297, 0.00047135353088378906, 0.00046372413635253906, 0.0004780292510986328, 0.00046515464782714844, 0.00047898292541503906, 0.0010704994201660156, 0.0005125999450683594, 0.0005083084106445312, 0.0007185935974121094, 0.0010836124420166016, 0.0011730194091796875, 0.0010218620300292969, 0.0010251998901367188, 0.0011723041534423828, 0.0010571479797363281, 0.0006780624389648438, 0.0007219314575195312, 0.0007455348968505859, 0.0005736351013183594, 0.0006747245788574219, 0.0011310577392578125, 0.0006010532379150391, 0.001079559326171875, 0.0007693767547607422, 0.0007870197296142578, 0.0005688667297363281, 0.0005426406860351562, 0.0006635189056396484, 0.001218557357788086, 0.0011966228485107422, 0.0008409023284912109, 0.0006985664367675781, 0.0006091594696044922, 0.0005462169647216797, 0.0009889602661132812, 0.0007429122924804688, 0.0011284351348876953, 0.0007548332214355469, 0.0007936954498291016, 0.0005786418914794922, 0.0005996227264404297, 0.0008256435394287109, 0.0007157325744628906, 0.0007376670837402344, 0.0007596015930175781, 0.0011637210845947266, 0.0007903575897216797, 0.0006084442138671875, 0.0005645751953125, 0.0007312297821044922, 0.0007245540618896484, 0.0010902881622314453, 0.0011355876922607422, 0.0007739067077636719, 0.0010797977447509766, 0.0011339187622070312, 0.0011277198791503906, 0.001127481460571289, 0.0012607574462890625, 0.0011243820190429688, 0.0011281967163085938, 0.0012857913970947266, 0.0011615753173828125, 0.0011391639709472656, 0.0011982917785644531, 0.0013229846954345703, 0.0017015933990478516, 0.0017125606536865234, 0.0017256736755371094, 0.0017457008361816406, 0.0018253326416015625, 0.0013041496276855469, 0.001691579818725586, 0.0007243156433105469, 0.001252889633178711, 0.0013394355773925781, 0.0013408660888671875, 0.0009229183197021484, 0.0009443759918212891, 0.0015501976013183594, 0.0016579627990722656, 0.0017352104187011719, 0.0017080307006835938, 0.0013501644134521484, 0.001373291015625, 0.001417398452758789, 0.0015799999237060547, 0.0015366077423095703, 0.0015065670013427734, 0.001102447509765625, 0.0011849403381347656, 0.0010819435119628906, 0.0015947818756103516, 0.001653432846069336, 0.001361846923828125, 0.0013890266418457031, 0.0016014575958251953, 0.0014901161193847656, 0.001531362533569336, 0.0013790130615234375, 0.0014638900756835938, 0.0014085769653320312, 0.001401662826538086, 0.0013759136199951172, 0.0014789104461669922, 0.0016140937805175781, 0.0015819072723388672, 0.0014886856079101562, 0.0015377998352050781, 0.0016372203826904297, 0.0017008781433105469, 0.0010445117950439453, 0.001035451889038086, 0.0014133453369140625, 0.0014338493347167969, 0.0014293193817138672, 0.0014150142669677734, 0.0025796890258789062, 0.0023033618927001953, 0.0015554428100585938, 0.001401662826538086, 0.0014643669128417969, 0.0013818740844726562, 0.0014834403991699219, 0.0017790794372558594, 0.0013582706451416016, 0.0013823509216308594, 0.0013206005096435547, 0.0013971328735351562, 0.0013647079467773438, 0.001341104507446289, 0.0013337135314941406, 0.0013208389282226562, 0.0014328956604003906, 0.0014336109161376953, 0.0013926029205322266, 0.0016489028930664062, 0.001497030258178711, 0.0015840530395507812, 0.0013132095336914062, 0.0008256435394287109, 0.0012784004211425781, 0.0013620853424072266, 0.0008628368377685547, 0.0009226799011230469, 0.0010170936584472656, 0.0009582042694091797, 0.0007371902465820312, 0.0008141994476318359, 0.0008096694946289062, 0.0006594657897949219, 0.0006513595581054688, 0.0007245540618896484, 0.0006468296051025391, 0.0007600784301757812, 0.0006661415100097656, 0.0007114410400390625, 0.0007297992706298828, 0.0006544589996337891, 0.0006897449493408203, 0.0005831718444824219, 0.0005502700805664062, 0.0005698204040527344, 0.0005557537078857422, 0.0005693435668945312, 0.0005552768707275391, 0.0005726814270019531, 0.0005693435668945312, 0.0005691051483154297, 0.0005595684051513672, 0.0005571842193603516, 0.0005736351013183594, 0.0005724430084228516, 0.0005762577056884766, 0.0005571842193603516, 0.0005583763122558594, 0.0005598068237304688, 0.0005576610565185547, 0.0005731582641601562, 0.0005705356597900391, 0.0005717277526855469, 0.000553131103515625, 0.0005578994750976562, 0.0005536079406738281, 0.0005724430084228516, 0.0006003379821777344, 0.0005908012390136719, 0.0005638599395751953, 0.0005757808685302734, 0.0005815029144287109, 0.0005793571472167969, 0.0005643367767333984, 0.0005807876586914062, 0.0005712509155273438],