{"steps": 212, "OMUS": [0, 1, 2, 3, 4, 5, 6, 7, 8, 9, 10, 11, 12, 13, 14, 15, 16, 17, 18, 19, 20, 21, 22, 23, 24, 25, 26, 27, 28, 29, 30, 31, 32, 33, 34, 35, 36, 37, 38, 39, 40, 41, 42, 43, 44, 45, 46, 47, 48, 49, 50, 51, 52, 53, 54, 55, 56, 57, 58, 59, 60, 61, 62, 63, 64, 65, 66, 67, 68, 69, 70, 71, 72, 73, 74, 75, 76, 77, 78, 79, 80, 81, 82, 83, 84, 85, 86, 87, 88, 89, 90, 91, 92, 93, 94, 95, 96, 97, 98, 99, 100, 101, 102, 103, 104, 105, 106, 107, 108, 109, 110, 111, 112, 113, 114, 115, 116, 117, 118, 119, 120, 121, 122, 123, 124, 125, 126, 127, 128, 129, 130, 131, 132, 133, 134, 135, 136, 137, 138, 139, 140, 141, 142, 143, 144, 145, 146, 147, 148, 149, 150, 151, 152, 153, 154, 155, 156, 157, 158, 159], "clauses": 160, "avg_clause_len": 3, "parameters": {"count_clauses": 2, "best_unit_literal": 0, "best_counter_literal": 1, "sorting": 3, "extension": "greedy_param", "cutoff_main": 900, "output": "results/2020_06_02/Gurobi/dubois20_greedy_param_101.json"}, "clause_length": "clause_length", "t_hitting_set": [9.5367431640625e-07, 0.00046753883361816406, 0.00046539306640625, 0.00045490264892578125, 0.00045752525329589844, 0.0004761219024658203, 0.00048279762268066406, 0.00047326087951660156, 0.0004646778106689453, 0.0004634857177734375, 0.000453948974609375, 0.00046539306640625, 0.00046706199645996094, 0.0004684925079345703, 0.0004563331604003906, 0.0004999637603759766, 0.00045108795166015625, 0.00046634674072265625, 0.00047278404235839844, 0.0004696846008300781, 0.00046896934509277344, 0.00046944618225097656, 0.0004718303680419922, 0.00047135353088378906, 0.00047659873962402344, 0.0004570484161376953, 0.0004734992980957031, 0.00047278404235839844, 0.00047969818115234375, 0.00046181678771972656, 0.0004744529724121094, 0.0004603862762451172, 0.00047326087951660156, 0.0004754066467285156, 0.00046539306640625, 0.0004570484161376953, 0.0004603862762451172, 0.00046181678771972656, 0.00048065185546875, 0.0004973411560058594, 0.0005123615264892578, 0.0005156993865966797, 0.0005271434783935547, 0.0005156993865966797, 0.0005147457122802734, 0.0005173683166503906, 0.0004990100860595703, 0.0005047321319580078, 0.00048279762268066406, 0.0005049705505371094, 0.0005087852478027344, 0.0005247592926025391, 0.0005428791046142578, 0.0005271434783935547, 0.0005407333374023438, 0.0005331039428710938, 0.0005137920379638672, 0.0005159378051757812, 0.0005164146423339844, 0.0005340576171875, 0.0005421638488769531, 0.0005509853363037109, 0.0005335807800292969, 0.0005538463592529297, 0.0005517005920410156, 0.0005567073822021484, 0.0008044242858886719, 0.000705718994140625, 0.0007624626159667969, 0.0011649131774902344, 0.0011982917785644531, 0.0012340545654296875, 0.001249074935913086, 0.0012590885162353516, 0.0012803077697753906, 0.001186370849609375, 0.0011780261993408203, 0.0011982917785644531, 0.0011782646179199219, 0.001238107681274414, 0.001077890396118164, 0.0011267662048339844, 0.0007488727569580078, 0.0012242794036865234, 0.00131988525390625, 0.0012187957763671875, 0.00127410888671875, 0.00128173828125, 0.0011820793151855469, 0.0012798309326171875, 0.0011653900146484375, 0.0012094974517822266, 0.001119852066040039, 0.0007224082946777344, 0.0011458396911621094, 0.0005631446838378906, 0.0005619525909423828, 0.000537872314453125, 0.0006170272827148438, 0.000514984130859375, 0.0004985332489013672, 0.0004978179931640625, 0.0005154609680175781, 0.0005180835723876953, 0.0004990100860595703, 0.0005140304565429688, 0.0005140304565429688, 0.0005013942718505859, 0.0005621910095214844, 0.0005207061767578125, 0.0004982948303222656, 0.0004987716674804688, 0.0004992485046386719, 0.0005609989166259766, 0.0005178451538085938, 0.0005006790161132812, 0.0005033016204833984, 0.000518798828125, 0.0005488395690917969, 0.0005207061767578125, 0.0005044937133789062, 0.0005042552947998047, 0.0005245208740234375, 0.0005407333374023438, 0.0005228519439697266, 0.0005068778991699219, 0.0005223751068115234, 0.0005202293395996094, 0.0005078315734863281, 0.0005238056182861328, 0.0005066394805908203, 0.0005252361297607422, 0.0005240440368652344, 0.0005247592926025391, 0.0005238056182861328, 0.0005118846893310547, 0.0005099773406982422, 0.000530242919921875, 0.0005273818969726562, 0.0005290508270263672, 0.0005295276641845703, 0.0005125999450683594, 0.0005118846893310547, 0.0005288124084472656, 0.0005280971527099609, 0.0005309581756591797, 0.0005135536193847656, 0.0005292892456054688, 0.0005614757537841797, 0.0005283355712890625, 0.0005269050598144531, 0.0005166530609130859, 0.0005283355712890625, 0.0005617141723632812, 0.0005159378051757812, 0.0005307197570800781, 0.000530242919921875, 0.0005295276641845703, 0.0005152225494384766, 0.0005314350128173828, 0.0005152225494384766, 0.000530242919921875, 0.0005178451538085938, 0.0005295276641845703, 0.0005292892456054688, 0.0005304813385009766, 0.0005292892456054688, 0.0005285739898681641, 0.0005152225494384766, 0.0005161762237548828, 0.0005161762237548828, 0.0005154609680175781, 0.0005316734313964844, 0.0005307197570800781, 0.0005457401275634766, 0.0005323886871337891, 0.0005333423614501953, 0.0005326271057128906, 0.0005171298980712891, 0.0005307197570800781, 0.0005486011505126953, 0.0005171298980712891, 0.000514984130859375, 0.0005319118499755859, 0.0005762577056884766, 0.0005164146423339844, 0.0005314350128173828, 0.0005154609680175781, 0.0005161762237548828, 0.0005359649658203125, 0.0005161762237548828, 0.0005152225494384766, 0.0005297660827636719, 0.0005338191986083984, 0.0005331039428710938, 0.0005359649658203125, 0.0005164146423339844, 0.0005345344543457031, 0.0005192756652832031, 0.0005321502685546875, 0.0005240440368652344, 0.0005109310150146484, 0.0005252361297607422, 0.0005223751068115234, 0.0005209445953369141, 0.0005137920379638672, 0.0005254745483398438, 0.0005209445953369141, 0.0005216598510742188, 0.0005242824554443359, 0.0005221366882324219, 0.0005044937133789062, 0.0005209445953369141],