{"steps": 230, "OMUS": [0, 1, 2, 3, 4, 5, 6, 7, 8, 9, 10, 11, 12, 13, 14, 15, 16, 17, 18, 19, 20, 21, 22, 23, 24, 25, 26, 27, 28, 29, 30, 31, 32, 33, 34, 35, 36, 37, 38, 39, 40, 41, 42, 43, 44, 45, 46, 47, 48, 49, 50, 51, 52, 53, 54, 55, 56, 57, 58, 59, 60, 61, 62, 63, 64, 65, 66, 67, 68, 69, 70, 71, 72, 73, 74, 75, 76, 77, 78, 79, 80, 81, 82, 83, 84, 85, 86, 87, 88, 89, 90, 91, 92, 93, 94, 95, 96, 97, 98, 99, 100, 101, 102, 103, 104, 105, 106, 107, 108, 109, 110, 111, 112, 113, 114, 115, 116, 117, 118, 119, 120, 121, 122, 123, 124, 125, 126, 127, 128, 129, 130, 131, 132, 133, 134, 135, 136, 137, 138, 139, 140, 141, 142, 143, 144, 145, 146, 147, 148, 149, 150, 151, 152, 153, 154, 155, 156, 157, 158, 159, 160, 161, 162, 163, 164, 165, 166, 167], "clauses": 168, "avg_clause_len": 3, "parameters": {"count_clauses": 1, "best_unit_literal": 0, "best_counter_literal": 1, "sorting": 2, "extension": "greedy_param", "cutoff_main": 900, "output": "results/2020_06_02/Gurobi/dubois21_greedy_param_61.json"}, "clause_length": "clause_length", "t_hitting_set": [1.1920928955078125e-06, 0.0005245208740234375, 0.0004813671112060547, 0.00047278404235839844, 0.0004742145538330078, 0.0004925727844238281, 0.0005023479461669922, 0.00048828125, 0.0004737377166748047, 0.00047850608825683594, 0.0004787445068359375, 0.0004813671112060547, 0.00048065185546875, 0.00046443939208984375, 0.0004858970642089844, 0.00048065185546875, 0.0004820823669433594, 0.0004868507385253906, 0.0004875659942626953, 0.00047397613525390625, 0.0005548000335693359, 0.0004820823669433594, 0.00046706199645996094, 0.0004699230194091797, 0.0004887580871582031, 0.00047087669372558594, 0.0004875659942626953, 0.00047135353088378906, 0.00048613548278808594, 0.00048613548278808594, 0.0005476474761962891, 0.0004870891571044922, 0.00047326087951660156, 0.00048732757568359375, 0.0004878044128417969, 0.00047469139099121094, 0.0004875659942626953, 0.0004906654357910156, 0.0004889965057373047, 0.0004906654357910156, 0.000476837158203125, 0.0004894733428955078, 0.0004918575286865234, 0.0004913806915283203, 0.0004973411560058594, 0.0005095005035400391, 0.0005092620849609375, 0.0005056858062744141, 0.0005435943603515625, 0.0005347728729248047, 0.0005114078521728516, 0.0005259513854980469, 0.0005266666412353516, 0.000698089599609375, 0.0005867481231689453, 0.0005757808685302734, 0.0011501312255859375, 0.0005664825439453125, 0.0006353855133056641, 0.0005576610565185547, 0.00055694580078125, 0.0005779266357421875, 0.000698089599609375, 0.0005879402160644531, 0.0005621910095214844, 0.0005860328674316406, 0.0005340576171875, 0.0005240440368652344, 0.0005242824554443359, 0.0005326271057128906, 0.0005559921264648438, 0.00052642822265625, 0.0005390644073486328, 0.0005276203155517578, 0.000518798828125, 0.0005345344543457031, 0.0006015300750732422, 0.0005562305450439453, 0.0005307197570800781, 0.0005311965942382812, 0.0005240440368652344, 0.0005559921264648438, 0.0005338191986083984, 0.0005366802215576172, 0.0005402565002441406, 0.0005285739898681641, 0.0005474090576171875, 0.0005421638488769531, 0.0005521774291992188, 0.0005543231964111328, 0.0005497932434082031, 0.0005633831024169922, 0.0005476474761962891, 0.0005738735198974609, 0.0005514621734619141, 0.0005664825439453125, 0.0005779266357421875, 0.0005629062652587891, 0.0005872249603271484, 0.0005621910095214844, 0.0005674362182617188, 0.0005538463592529297, 0.0005817413330078125, 0.0005576610565185547, 0.0005693435668945312, 0.0005810260772705078, 0.0005707740783691406, 0.00055694580078125, 0.0005671977996826172, 0.0005698204040527344, 0.0005559921264648438, 0.0005724430084228516, 0.000545501708984375, 0.0005552768707275391, 0.0005757808685302734, 0.0005490779876708984, 0.0005393028259277344, 0.0005781650543212891, 0.0005357265472412109, 0.000537872314453125, 0.0005576610565185547, 0.0005342960357666016, 0.0005402565002441406, 0.0005500316619873047, 0.0005218982696533203, 0.0005517005920410156, 0.0005221366882324219, 0.0005221366882324219, 0.0005242824554443359, 0.0005404949188232422, 0.0005424022674560547, 0.0005786418914794922, 0.0005285739898681641, 0.0005402565002441406, 0.0005426406860351562, 0.0005402565002441406, 0.0005595684051513672, 0.0005428791046142578, 0.0005297660827636719, 0.0005407333374023438, 0.0005431175231933594, 0.0005612373352050781, 0.0005426406860351562, 0.0005278587341308594, 0.0005443096160888672, 0.0005269050598144531, 0.0005512237548828125, 0.0005290508270263672, 0.0005469322204589844, 0.0005466938018798828, 0.0005483627319335938, 0.0005855560302734375, 0.0005660057067871094, 0.0005657672882080078, 0.0005517005920410156, 0.0005571842193603516, 0.0005404949188232422, 0.0005335807800292969, 0.0005347728729248047, 0.0005371570587158203, 0.0005526542663574219, 0.0005514621734619141, 0.0005512237548828125, 0.0005621910095214844, 0.0005350112915039062, 0.0005512237548828125, 0.000560760498046875, 0.0005407333374023438, 0.0005543231964111328, 0.0005834102630615234, 0.0005552768707275391, 0.0005521774291992188, 0.0005352497100830078, 0.0005381107330322266, 0.0005557537078857422, 0.0005528926849365234, 0.0005397796630859375, 0.0005340576171875, 0.0006010532379150391, 0.0005495548248291016, 0.0005373954772949219, 0.0005543231964111328, 0.0005576610565185547, 0.0005419254302978516, 0.0005528926849365234, 0.0005395412445068359, 0.0006005764007568359, 0.0005409717559814453, 0.0005540847778320312, 0.0005369186401367188, 0.0005497932434082031, 0.0005371570587158203, 0.0005242824554443359, 0.0005254745483398438, 0.0005409717559814453, 0.0005440711975097656, 0.0005407333374023438, 0.0005261898040771484, 0.0005483627319335938, 0.0005428791046142578, 0.0005400180816650391, 0.0005276203155517578, 0.00054168701171875, 0.0005428791046142578, 0.0005431175231933594, 0.0005421638488769531, 0.0005280971527099609, 0.0005488395690917969, 0.0005428791046142578, 0.0005309581756591797, 0.0005464553833007812, 0.0005447864532470703, 0.00054931640625, 0.0005300045013427734, 0.0005300045013427734, 0.0005483627319335938, 0.0005450248718261719, 0.0005447864532470703, 0.0005452632904052734, 0.0005466938018798828, 0.000553131103515625, 0.0005283355712890625, 0.0005285739898681641, 0.000530242919921875, 0.0005319118499755859, 0.0005435943603515625, 0.0005278587341308594, 0.0005426406860351562, 0.0005333423614501953, 0.0005409717559814453, 0.0005426406860351562],