{"steps": 212, "OMUS": [0, 1, 2, 3, 4, 5, 6, 7, 8, 9, 10, 11, 12, 13, 14, 15, 16, 17, 18, 19, 20, 21, 22, 23, 24, 25, 26, 27, 28, 29, 30, 31, 32, 33, 34, 35, 36, 37, 38, 39, 40, 41, 42, 43, 44, 45, 46, 47, 48, 49, 50, 51, 52, 53, 54, 55, 56, 57, 58, 59, 60, 61, 62, 63, 64, 65, 66, 67, 68, 69, 70, 71, 72, 73, 74, 75, 76, 77, 78, 79, 80, 81, 82, 83, 84, 85, 86, 87, 88, 89, 90, 91, 92, 93, 94, 95, 96, 97, 98, 99, 100, 101, 102, 103, 104, 105, 106, 107, 108, 109, 110, 111, 112, 113, 114, 115, 116, 117, 118, 119, 120, 121, 122, 123, 124, 125, 126, 127, 128, 129, 130, 131, 132, 133, 134, 135, 136, 137, 138, 139, 140, 141, 142, 143, 144, 145, 146, 147, 148, 149, 150, 151, 152, 153, 154, 155, 156, 157, 158, 159], "clauses": 160, "avg_clause_len": 3, "parameters": {"count_clauses": 2, "best_unit_literal": 0, "best_counter_literal": 1, "sorting": 1, "extension": "greedy_param", "cutoff_main": 900, "output": "results/2020_06_02/Gurobi/dubois20_greedy_param_41.json"}, "clause_length": "clause_length", "t_hitting_set": [7.152557373046875e-07, 0.00046825408935546875, 0.0004668235778808594, 0.0004611015319824219, 0.00044655799865722656, 0.0004661083221435547, 0.00048351287841796875, 0.00047898292541503906, 0.0004749298095703125, 0.0004696846008300781, 0.0004703998565673828, 0.00045680999755859375, 0.000484466552734375, 0.0004608631134033203, 0.0004744529724121094, 0.0004723072052001953, 0.0004706382751464844, 0.0004773139953613281, 0.0004730224609375, 0.0004775524139404297, 0.0004749298095703125, 0.0004744529724121094, 0.000457763671875, 0.00047516822814941406, 0.0004792213439941406, 0.0004782676696777344, 0.00047850608825683594, 0.00047707557678222656, 0.00046133995056152344, 0.0004627704620361328, 0.00048041343688964844, 0.0004627704620361328, 0.00046706199645996094, 0.0004756450653076172, 0.00046539306640625, 0.00047779083251953125, 0.00047469139099121094, 0.00046372413635253906, 0.00048041343688964844, 0.0005025863647460938, 0.000518798828125, 0.0005192756652832031, 0.0005333423614501953, 0.0005064010620117188, 0.0005178451538085938, 0.0005197525024414062, 0.0005035400390625, 0.0005116462707519531, 0.0004999637603759766, 0.0005035400390625, 0.0004968643188476562, 0.0005307197570800781, 0.0005373954772949219, 0.0005292892456054688, 0.00054168701171875, 0.0005390644073486328, 0.0005233287811279297, 0.0005185604095458984, 0.0005035400390625, 0.0005502700805664062, 0.000545501708984375, 0.0005395412445068359, 0.0005366802215576172, 0.0005559921264648438, 0.0005414485931396484, 0.0005583763122558594, 0.0008127689361572266, 0.0010485649108886719, 0.0007817745208740234, 0.0011413097381591797, 0.001210927963256836, 0.001214742660522461, 0.0012059211730957031, 0.0012514591217041016, 0.0012197494506835938, 0.0012202262878417969, 0.0011641979217529297, 0.001230478286743164, 0.001165628433227539, 0.001209259033203125, 0.0011103153228759766, 0.0011851787567138672, 0.0008275508880615234, 0.0012180805206298828, 0.001252889633178711, 0.0011982917785644531, 0.001270294189453125, 0.0013430118560791016, 0.0011746883392333984, 0.0012023448944091797, 0.00116729736328125, 0.0011661052703857422, 0.0011649131774902344, 0.00072479248046875, 0.0011074542999267578, 0.0006353855133056641, 0.0005636215209960938, 0.0005388259887695312, 0.0005440711975097656, 0.0005159378051757812, 0.0005180835723876953, 0.0005145072937011719, 0.0005297660827636719, 0.0005202293395996094, 0.0005917549133300781, 0.0005018711090087891, 0.0005011558532714844, 0.0005156993865966797, 0.0005042552947998047, 0.0005223751068115234, 0.0005192756652832031, 0.0005140304565429688, 0.0005171298980712891, 0.0005064010620117188, 0.0005056858062744141, 0.0005197525024414062, 0.0005197525024414062, 0.0005016326904296875, 0.0005204677581787109, 0.0005230903625488281, 0.0005204677581787109, 0.0005252361297607422, 0.0005240440368652344, 0.0005216598510742188, 0.0005209445953369141, 0.0005254745483398438, 0.0005271434783935547, 0.0005254745483398438, 0.0005097389221191406, 0.00052642822265625, 0.0005273818969726562, 0.0005271434783935547, 0.0005288124084472656, 0.0005278587341308594, 0.0005285739898681641, 0.0005340576171875, 0.0005295276641845703, 0.0005314350128173828, 0.000530242919921875, 0.0005326271057128906, 0.0005340576171875, 0.0005311965942382812, 0.0005309581756591797, 0.0005300045013427734, 0.0005338191986083984, 0.0005316734313964844, 0.0005328655242919922, 0.0005340576171875, 0.0005311965942382812, 0.0005366802215576172, 0.0005321502685546875, 0.0005323886871337891, 0.0005180835723876953, 0.0005335807800292969, 0.0005376338958740234, 0.0005338191986083984, 0.0005176067352294922, 0.0005342960357666016, 0.0005347728729248047, 0.0005326271057128906, 0.0005347728729248047, 0.0005192756652832031, 0.0005357265472412109, 0.0005400180816650391, 0.0005190372467041016, 0.0005204677581787109, 0.0005376338958740234, 0.0005359649658203125, 0.00054168701171875, 0.0005347728729248047, 0.0005345344543457031, 0.0005342960357666016, 0.0005433559417724609, 0.0005364418029785156, 0.0005221366882324219, 0.0005335807800292969, 0.0005435943603515625, 0.0005342960357666016, 0.0005366802215576172, 0.0005385875701904297, 0.0005350112915039062, 0.0005602836608886719, 0.0005393028259277344, 0.0005371570587158203, 0.0005373954772949219, 0.0005404949188232422, 0.0005342960357666016, 0.0005216598510742188, 0.0005364418029785156, 0.0006127357482910156, 0.0005388259887695312, 0.000537872314453125, 0.0005369186401367188, 0.0005500316619873047, 0.0005373954772949219, 0.0005381107330322266, 0.0005388259887695312, 0.0005962848663330078, 0.0005376338958740234, 0.0005366802215576172, 0.000530242919921875, 0.0005319118499755859, 0.0005261898040771484, 0.0005249977111816406, 0.0005271434783935547, 0.0005121231079101562, 0.0005295276641845703, 0.0005266666412353516, 0.0005309581756591797, 0.0005259513854980469, 0.0005235671997070312, 0.0005238056182861328, 0.0005252361297607422],