{"steps": 237, "OMUS": [0, 1, 2, 3, 4, 5, 6, 7, 8, 9, 10, 11, 12, 13, 14, 15, 16, 17, 18, 19, 20, 21, 22, 23, 24, 25, 26, 27, 28, 29, 30, 31, 32, 33, 34, 35, 36, 37, 38, 39, 40, 41, 42, 43, 44, 45, 46, 47, 48, 49, 50, 51, 52, 53, 54, 55, 56, 57, 58, 59, 60, 61, 62, 63, 64, 65, 66, 67, 68, 69, 70, 71, 72, 73, 74, 75, 76, 77, 78, 79, 80, 81, 82, 83, 84, 85, 86, 87, 88, 89, 90, 91, 92, 93, 94, 95, 96, 97, 98, 99, 100, 101, 102, 103, 104, 105, 106, 107, 108, 109, 110, 111, 112, 113, 114, 115, 116, 117, 118, 119, 120, 121, 122, 123, 124, 125, 126, 127, 128, 129, 130, 131, 132], "clauses": 133, "avg_clause_len": 2.210526315789474, "parameters": {"count_clauses": 2, "best_unit_literal": 2, "best_counter_literal": 1, "sorting": 1, "extension": "greedy_param", "cutoff_main": 900, "output": "results/2020_06_02/Gurobi/hole6_greedy_param_45.json"}, "clause_length": "clause_length", "t_hitting_set": [9.5367431640625e-07, 0.000400543212890625, 0.00041556358337402344, 0.00039887428283691406, 0.0004062652587890625, 0.00041484832763671875, 0.0004138946533203125, 0.00041675567626953125, 0.00043129920959472656, 0.00043010711669921875, 0.00043082237243652344, 0.0004341602325439453, 0.00043487548828125, 0.00042939186096191406, 0.0004401206970214844, 0.0004456043243408203, 0.00043201446533203125, 0.00045490264892578125, 0.00045561790466308594, 0.0004551410675048828, 0.0004532337188720703, 0.0004525184631347656, 0.00043201446533203125, 0.00043487548828125, 0.0004413127899169922, 0.0004456043243408203, 0.0004360675811767578, 0.0004553794860839844, 0.0004367828369140625, 0.0004520416259765625, 0.0004611015319824219, 0.0004494190216064453, 0.0004565715789794922, 0.000438690185546875, 0.0004420280456542969, 0.0004608631134033203, 0.0004589557647705078, 0.0004630088806152344, 0.0004439353942871094, 0.0004620552062988281, 0.00045418739318847656, 0.0004703998565673828, 0.0004715919494628906, 0.0006070137023925781, 0.0005922317504882812, 0.0006213188171386719, 0.0006220340728759766, 0.0006482601165771484, 0.0009856224060058594, 0.0005593299865722656, 0.0009593963623046875, 0.0010094642639160156, 0.0006639957427978516, 0.0006132125854492188, 0.0007030963897705078, 0.0007205009460449219, 0.0009546279907226562, 0.0013663768768310547, 0.001337289810180664, 0.0010042190551757812, 0.0014121532440185547, 0.0011258125305175781, 0.0010807514190673828, 0.0011444091796875, 0.0010960102081298828, 0.0010790824890136719, 0.0011150836944580078, 0.0010833740234375, 0.0010786056518554688, 0.0006175041198730469, 0.0010559558868408203, 0.0010921955108642578, 0.0012209415435791016, 0.001270294189453125, 0.0011234283447265625, 0.0011456012725830078, 0.0011148452758789062, 0.0006558895111083984, 0.0012280941009521484, 0.0011582374572753906, 0.0021169185638427734, 0.0011868476867675781, 0.0011882781982421875, 0.0014870166778564453, 0.0012531280517578125, 0.0012242794036865234, 0.001092672348022461, 0.0010974407196044922, 0.0013096332550048828, 0.0008556842803955078, 0.0011751651763916016, 0.001329660415649414, 0.0014226436614990234, 0.0007789134979248047, 0.0008447170257568359, 0.0007927417755126953, 0.0012135505676269531, 0.0014219284057617188, 0.0013077259063720703, 0.001191854476928711, 0.0012445449829101562, 0.0012400150299072266, 0.0012602806091308594, 0.0011990070343017578, 0.001190185546875, 0.0014102458953857422, 0.00127410888671875, 0.001131296157836914, 0.0011553764343261719, 0.0011398792266845703, 0.0011475086212158203, 0.00115966796875, 0.0011799335479736328, 0.0013012886047363281, 0.0011980533599853516, 0.0012011528015136719, 0.0012826919555664062, 0.0016508102416992188, 0.0012919902801513672, 0.0012187957763671875, 0.0012242794036865234, 0.00130462646484375, 0.0014188289642333984, 0.0012812614440917969, 0.0011723041534423828, 0.0012035369873046875, 0.0011990070343017578, 0.0011570453643798828, 0.000774383544921875, 0.0008599758148193359, 0.0008060932159423828, 0.0007843971252441406, 0.0007734298706054688, 0.0011148452758789062, 0.001165628433227539, 0.0006186962127685547, 0.0005986690521240234, 0.0005970001220703125, 0.0005469322204589844, 0.0005555152893066406, 0.0005600452423095703, 0.0005574226379394531, 0.0005693435668945312, 0.0005438327789306641, 0.0005514621734619141, 0.0005319118499755859, 0.0005447864532470703, 0.0005648136138916016, 0.0005266666412353516, 0.0005311965942382812, 0.0005586147308349609, 0.0005309581756591797, 0.0006093978881835938, 0.0005538463592529297, 0.0005421638488769531, 0.0005517005920410156, 0.0005524158477783203, 0.0005993843078613281, 0.0005538463592529297, 0.0005524158477783203, 0.0005557537078857422, 0.0005526542663574219, 0.0006129741668701172, 0.0005125999450683594, 0.0005247592926025391, 0.0005106925964355469, 0.0005390644073486328, 0.0005559921264648438, 0.0005095005035400391, 0.0005095005035400391, 0.0005254745483398438, 0.0005278587341308594, 0.0005736351013183594, 0.0005104541778564453, 0.0005259513854980469, 0.0005083084106445312, 0.0005235671997070312, 0.0005161762237548828, 0.0005116462707519531, 0.0005102157592773438, 0.0005228519439697266, 0.0005083084106445312, 0.0005581378936767578, 0.0005280971527099609, 0.0005102157592773438, 0.0005247592926025391, 0.0005259513854980469, 0.0005304813385009766, 0.0005128383636474609, 0.0005295276641845703, 0.0005223751068115234, 0.0005257129669189453, 0.0005292892456054688, 0.0005095005035400391, 0.0005085468292236328, 0.00051116943359375, 0.0005192756652832031, 0.0005192756652832031, 0.0005135536193847656, 0.0004966259002685547, 0.0005106925964355469, 0.0005397796630859375, 0.0005097389221191406, 0.0005004405975341797, 0.0005092620849609375, 0.0005035400390625, 0.0005152225494384766, 0.0005130767822265625, 0.0005245208740234375, 0.0005638599395751953, 0.0005142688751220703, 0.0005133152008056641, 0.0004982948303222656, 0.0005156993865966797, 0.0005106925964355469, 0.0004985332489013672, 0.0004956722259521484, 0.0005087852478027344, 0.0005183219909667969, 0.0004980564117431641, 0.00049591064453125, 0.0004894733428955078, 0.00048279762268066406, 0.0004966259002685547, 0.00049591064453125, 0.0004985332489013672, 0.0004975795745849609, 0.0004975795745849609, 0.0005002021789550781, 0.0005009174346923828, 0.00048232078552246094, 0.0004987716674804688, 0.0004973411560058594, 0.0004820823669433594, 0.00048065185546875, 0.0004961490631103516, 0.0004830360412597656, 0.00048828125],