{"steps": 140, "OMUS": [0, 1, 2, 3, 4, 6, 7, 8, 9, 10, 11, 12, 13, 14, 15, 16, 17, 18, 19, 20, 21, 22, 23, 24, 25, 26, 27, 28, 29, 30, 31, 32, 33, 34, 35, 36, 37, 38, 39, 40, 41, 42, 43, 44, 45, 46, 47], "clauses": 160, "avg_clause_len": 3, "parameters": {"count_clauses": 2, "best_unit_literal": 1, "best_counter_literal": 2, "sorting": 1, "extension": "greedy_param", "cutoff_main": 900, "output": "results/2020_06_02/Gurobi/aim-100-1_6-no-1_greedy_param_44.json"}, "clause_length": "clause_length", "t_hitting_set": [7.152557373046875e-07, 0.00045609474182128906, 0.0004417896270751953, 0.00045752525329589844, 0.0004725456237792969, 0.0004706382751464844, 0.0004668235778808594, 0.0004515647888183594, 0.0004718303680419922, 0.00047087669372558594, 0.0004756450653076172, 0.00047206878662109375, 0.000461578369140625, 0.00047469139099121094, 0.00045943260192871094, 0.00048279762268066406, 0.0004868507385253906, 0.0004856586456298828, 0.0005035400390625, 0.0005080699920654297, 0.0005125999450683594, 0.0005178451538085938, 0.0006785392761230469, 0.00054168701171875, 0.0005261898040771484, 0.0006687641143798828, 0.0005576610565185547, 0.0005774497985839844, 0.0006480216979980469, 0.0008363723754882812, 0.00146484375, 0.0010540485382080078, 0.0007281303405761719, 0.0007243156433105469, 0.0007388591766357422, 0.0007383823394775391, 0.0006072521209716797, 0.0006299018859863281, 0.0005853176116943359, 0.0006175041198730469, 0.0005457401275634766, 0.0005645751953125, 0.0005648136138916016, 0.0005686283111572266, 0.000545501708984375, 0.0005421638488769531, 0.0005350112915039062, 0.0005397796630859375, 0.0005259513854980469, 0.0005228519439697266, 0.0005395412445068359, 0.0005614757537841797, 0.0007348060607910156, 0.0005469322204589844, 0.0005609989166259766, 0.0007987022399902344, 0.0011951923370361328, 0.0012612342834472656, 0.001190185546875, 0.0011479854583740234, 0.0007090568542480469, 0.0006034374237060547, 0.0006318092346191406, 0.0006203651428222656, 0.0006392002105712891, 0.0006227493286132812, 0.0006067752838134766, 0.0011255741119384766, 0.0011715888977050781, 0.0012366771697998047, 0.0011761188507080078, 0.0011601448059082031, 0.0006561279296875, 0.0011320114135742188, 0.0006501674652099609, 0.0011811256408691406, 0.0007538795471191406, 0.0012307167053222656, 0.0012047290802001953, 0.0013644695281982422, 0.0012066364288330078, 0.0012421607971191406, 0.0011258125305175781, 0.0006470680236816406, 0.00064849853515625, 0.0007054805755615234, 0.0007011890411376953, 0.000774383544921875, 0.0012440681457519531, 0.0007555484771728516, 0.0013267993927001953, 0.001224517822265625, 0.0013248920440673828, 0.0012290477752685547, 0.001218557357788086, 0.0012726783752441406, 0.0012180805206298828, 0.0012226104736328125, 0.0010023117065429688, 0.0014650821685791016, 0.001590728759765625, 0.001489400863647461, 0.0016350746154785156, 0.0016632080078125, 0.0014622211456298828, 0.0011603832244873047, 0.0010762214660644531, 0.001626729965209961, 0.0014982223510742188, 0.0012967586517333984, 0.001382589340209961, 0.0015485286712646484, 0.001325845718383789, 0.0014104843139648438, 0.0013735294342041016, 0.001402139663696289, 0.0015349388122558594, 0.0016372203826904297, 0.0009546279907226562, 0.0013625621795654297, 0.0014352798461914062, 0.0013527870178222656, 0.0013949871063232422, 0.0014095306396484375, 0.00138092041015625, 0.001729726791381836, 0.0007796287536621094, 0.0006701946258544922, 0.0007946491241455078, 0.0008211135864257812, 0.0008370876312255859, 0.0012030601501464844, 0.0012722015380859375, 0.0012133121490478516, 0.0011687278747558594, 0.001161813735961914, 0.002110719680786133, 0.0008115768432617188, 0.0017132759094238281, 0.0017247200012207031, 0.0015666484832763672], "t_sat_check": [4.76837158203125e-07, 5.793571472167969e-05, 6.079673767089844e-05, 6.127357482910156e-05, 6.699562072753906e-05, 6.771087646484375e-05, 6.961822509765625e-05, 7.05718994140625e-05, 7.319450378417969e-05, 7.462501525878906e-05, 7.653236389160156e-05, 7.915496826171875e-05, 7.987022399902344e-05, 7.963180541992188e-05, 8.058547973632812e-05, 8.034706115722656e-05, 8.177757263183594e-05, 8.320808410644531e-05, 8.320808410644531e-05, 8.320808410644531e-05, 8.535385131835938e-05, 8.535385131835938e-05, 8.7738037109375e-05, 8.535385131835938e-05, 8.702278137207031e-05, 8.96453857421875e-05, 8.7738037109375e-05, 9.202957153320312e-05, 8.893013000488281e-05, 8.916854858398438e-05, 9.846687316894531e-05, 9.72747802734375e-05, 9.298324584960938e-05, 9.083747863769531e-05, 9.012222290039062e-05, 9.059906005859375e-05, 8.58306884765625e-05, 8.630752563476562e-05, 9.179115295410156e-05, 9.107589721679688e-05, 9.322166442871094e-05, 9.560585021972656e-05, 9.703636169433594e-05, 9.393692016601562e-05, 9.989738464355469e-05, 0.00010061264038085938, 9.369850158691406e-05, 9.417533874511719e-05, 9.751319885253906e-05, 9.775161743164062e-05, 9.489059448242188e-05, 9.894371032714844e-05, 9.608268737792969e-05, 9.560585021972656e-05, 9.846687316894531e-05, 9.894371032714844e-05, 0.000102996826171875, 0.00010824203491210938, 0.00011348724365234375, 0.0001087188720703125, 0.0001087188720703125, 0.00010657310485839844, 0.00010633468627929688, 0.00010752677917480469, 0.00010848045349121094, 0.0001087188720703125, 0.00011110305786132812, 0.00011157989501953125, 0.00012183189392089844, 0.00011992454528808594, 0.0001270771026611328, 0.00011992454528808594, 0.00011873245239257812, 0.00012135505676269531, 0.00011205673217773438, 0.0001246929168701172, 0.00011658668518066406, 0.0001277923583984375, 0.0001239776611328125, 0.0001785755157470703, 0.0001266002655029297, 0.00012755393981933594, 0.00012230873107910156, 0.00011897087097167969, 0.000118255615234375, 0.00011277198791503906, 0.00011682510375976562, 0.00011730194091796875, 0.000125885009765625, 0.00012135505676269531, 0.0001304149627685547, 0.00012493133544921875, 0.00013065338134765625, 0.0001327991485595703, 0.00013184547424316406, 0.0001285076141357422, 0.00013327598571777344, 0.00012636184692382812, 0.0001125335693359375, 0.0001277923583984375, 0.000133514404296875, 0.00013709068298339844, 0.00013256072998046875, 0.0001347064971923828, 0.00013685226440429688, 0.00011610984802246094, 0.00011324882507324219, 0.0001366138458251953, 0.00013399124145507812, 0.000125885009765625, 0.00013756752014160156, 0.00013709068298339844, 0.0001246929168701172, 0.00012969970703125, 0.00013971328735351562, 0.00014066696166992188, 0.0001289844512939453, 0.0001392364501953125, 0.0001266002655029297, 0.00013971328735351562, 0.00014090538024902344, 0.00014519691467285156, 0.00014019012451171875, 0.00013017654418945312, 0.00013208389282226562, 0.00013685226440429688, 0.00013589859008789062, 0.00012564659118652344, 0.00012636184692382812, 0.00011968612670898438, 0.0001323223114013672, 0.00013017654418945312, 0.000141143798828125, 0.0001480579376220703, 0.0001316070556640625, 0.00019025802612304688, 0.0001468658447265625, 0.00012230873107910156, 0.00021958351135253906, 0.0001773834228515625, 0.0001533031463623047],