{"steps": 83, "OMUS": [0, 1, 2, 3, 4, 6, 7, 8, 9, 10, 11, 12, 13, 14, 15, 16, 17, 18, 19, 20, 21, 22, 23, 24, 25, 26, 27, 28, 29, 30, 31, 32, 33, 34, 35, 36, 37, 38, 39, 40, 41, 42, 43, 44, 45, 46, 47], "clauses": 160, "avg_clause_len": 3, "parameters": {"count_clauses": 2, "best_unit_literal": 3, "best_counter_literal": 1, "sorting": 1, "extension": "greedy_param", "cutoff_main": 900, "output": "results/2020_06_02/Gurobi/aim-100-1_6-no-1_greedy_param_47.json"}, "clause_length": "clause_length", "t_hitting_set": [1.430511474609375e-06, 0.000499725341796875, 0.0004942417144775391, 0.0004792213439941406, 0.00046825408935546875, 0.00044655799865722656, 0.00046372413635253906, 0.00044989585876464844, 0.0004489421844482422, 0.0004627704620361328, 0.0004608631134033203, 0.00044465065002441406, 0.0004687309265136719, 0.0004634857177734375, 0.00044918060302734375, 0.0006222724914550781, 0.00045013427734375, 0.00046443939208984375, 0.0004506111145019531, 0.00046515464782714844, 0.00046634674072265625, 0.0004684925079345703, 0.0004649162292480469, 0.0004525184631347656, 0.00045180320739746094, 0.0004723072052001953, 0.0004858970642089844, 0.00048089027404785156, 0.0005135536193847656, 0.0004994869232177734, 0.0006651878356933594, 0.00052642822265625, 0.00048732757568359375, 0.0004737377166748047, 0.0005066394805908203, 0.0005116462707519531, 0.0005061626434326172, 0.0005035400390625, 0.0004932880401611328, 0.0004878044128417969, 0.0004928112030029297, 0.0005116462707519531, 0.0005140304565429688, 0.0004982948303222656, 0.0006272792816162109, 0.0005156993865966797, 0.0005643367767333984, 0.0005376338958740234, 0.0005435943603515625, 0.0005426406860351562, 0.0005450248718261719, 0.0005338191986083984, 0.0005450248718261719, 0.0005462169647216797, 0.0005500316619873047, 0.0005521774291992188, 0.0005481243133544922, 0.0005357265472412109, 0.0006744861602783203, 0.0006465911865234375, 0.0006012916564941406, 0.0006103515625, 0.0007028579711914062, 0.0005972385406494141, 0.0005819797515869141, 0.0005838871002197266, 0.0005829334259033203, 0.0005867481231689453, 0.0005774497985839844, 0.0006945133209228516, 0.0005705356597900391, 0.0005488395690917969, 0.0005624294281005859, 0.0005853176116943359, 0.0005679130554199219, 0.0005893707275390625, 0.0005679130554199219, 0.0005905628204345703, 0.0005905628204345703, 0.0005931854248046875, 0.0006239414215087891, 0.0005900859832763672, 0.0007395744323730469, 0.0006375312805175781], "t_sat_check": [7.152557373046875e-07, 7.2479248046875e-05, 6.628036499023438e-05, 6.151199340820312e-05, 6.461143493652344e-05, 6.508827209472656e-05, 6.747245788574219e-05, 7.128715515136719e-05, 7.2479248046875e-05, 7.390975952148438e-05, 7.534027099609375e-05, 7.748603820800781e-05, 8.034706115722656e-05, 8.630752563476562e-05, 8.058547973632812e-05, 8.416175842285156e-05, 8.535385131835938e-05, 8.58306884765625e-05, 8.821487426757812e-05, 9.012222290039062e-05, 9.036064147949219e-05, 9.1552734375e-05, 9.036064147949219e-05, 9.250640869140625e-05, 9.250640869140625e-05, 9.369850158691406e-05, 9.226799011230469e-05, 9.369850158691406e-05, 9.417533874511719e-05, 9.393692016601562e-05, 9.584426879882812e-05, 9.417533874511719e-05, 9.393692016601562e-05, 9.632110595703125e-05, 9.560585021972656e-05, 0.00010085105895996094, 9.72747802734375e-05, 0.00010061264038085938, 0.00010371208190917969, 0.00010633468627929688, 0.00010418891906738281, 0.00010776519775390625, 0.00010704994201660156, 0.00010943412780761719, 0.00010943412780761719, 0.00010895729064941406, 0.00011014938354492188, 0.00011181831359863281, 0.0001125335693359375, 0.00011181831359863281, 0.00011754035949707031, 0.00010371208190917969, 0.00011873245239257812, 0.00011897087097167969, 0.00012087821960449219, 0.000118255615234375, 0.00012040138244628906, 0.00012230873107910156, 0.00012350082397460938, 0.0001239776611328125, 0.00011754035949707031, 0.00012350082397460938, 0.00010919570922851562, 0.0001251697540283203, 0.0001246929168701172, 0.000125885009765625, 0.00012636184692382812, 0.00013947486877441406, 0.00012683868408203125, 0.0001270771026611328, 0.00012254714965820312, 0.00012874603271484375, 0.00013971328735351562, 0.000141143798828125, 0.00014162063598632812, 0.00013589859008789062, 0.00011801719665527344, 0.00013875961303710938, 0.00013637542724609375, 0.00014019012451171875, 0.00013637542724609375, 0.0001614093780517578, 0.00011968612670898438, 0.00014162063598632812], "t_grow": [0.004208803176879883, 0.003107786178588867, 0.0037004947662353516, 0.003216981887817383, 0.002864360809326172, 0.0023844242095947266, 0.002508401870727539, 0.0022110939025878906, 0.0019686222076416016, 0.0017099380493164062, 0.001726388931274414, 0.0018291473388671875, 0.0016603469848632812, 0.0016331672668457031, 0.0016255378723144531, 0.0015690326690673828, 0.0014743804931640625, 0.001621246337890625, 0.0016715526580810547, 0.0013473033905029297, 0.001386404037475586, 0.0014619827270507812, 0.001775503158569336, 0.001851797103881836, 0.0017452239990234375, 0.0013031959533691406, 0.001684427261352539, 0.001720428466796875, 0.0012545585632324219, 0.0012514591217041016, 0.0012288093566894531, 0.0015728473663330078, 0.0016140937805175781, 0.0015974044799804688, 0.0013875961303710938, 0.0015826225280761719, 0.0013229846954345703, 0.0016803741455078125, 0.0013031959533691406, 0.0012316703796386719, 0.0011379718780517578, 0.0010449886322021484, 0.0013985633850097656, 0.0011410713195800781, 0.0010890960693359375, 0.001312255859375, 0.0012722015380859375, 0.0010175704956054688, 0.001135110855102539, 0.0013780593872070312, 0.0012583732604980469, 0.0011260509490966797, 0.001070261001586914, 0.0012767314910888672, 0.0010137557983398438, 0.0012090206146240234, 0.0013289451599121094, 0.0009658336639404297, 0.0009551048278808594, 0.001317739486694336, 0.0010867118835449219, 0.0012164115905761719, 0.000965118408203125, 0.0010116100311279297, 0.0011887550354003906, 0.0011963844299316406, 0.0011935234069824219, 0.0014386177062988281, 0.0010883808135986328, 0.0010371208190917969, 0.001256704330444336, 0.0009624958038330078, 0.0011396408081054688, 0.0012128353118896484, 0.0013382434844970703, 0.0014424324035644531, 0.000911712646484375, 0.001318216323852539, 0.0009717941284179688, 0.0010404586791992188, 0.00109100341796875, 0.000972747802734375, 0.0007870197296142578], "extension": "greedy_param", "s_hs": [0, 1, 1, 2, 3, 4, 5, 6, 7, 8, 9, 10, 11, 12, 13, 14, 15, 16, 17, 18, 19, 20, 21, 22, 22, 23, 23, 23, 24, 24, 24, 24, 24, 25, 25, 25, 26, 26, 26, 27, 28, 28, 28, 29, 29, 29, 30, 31, 31, 31, 32, 33, 33, 33, 34, 34, 35, 36, 36, 36, 37, 37, 38, 38, 38, 39, 40, 40, 41, 41, 41, 41, 41, 41, 42, 43, 44, 44, 44, 45, 45, 46, 47, 47], "s_grow": [2, 2, 1, 1, 1, 1, 1, 1, 1, 1, 1, 1, 1, 1, 1, 1, 1, 1, 1, 1, 1, 1, 2, 1, 3, 3, 3, 2, 4, 2, 3, 1, 3, 2, 2, 2, 1, 2, 1, 3, 3, 2, 2, 2, 2, 1, 3, 3, 3, 1, 3, 2, 2, 2, 2, 1, 2, 2, 2, 1, 2, 2, 2, 2, 1, 1, 1, 2, 2, 1, 2, 2, 2, 1, 2, 1, 3, 2, 1, 2, 1, 1, 2], "omus": true}