{"steps": 63, "OMUS": [0, 1, 2, 3, 4, 6, 7, 8, 9, 10, 11, 12, 13, 14, 15, 16, 17, 18, 19, 20, 21, 22, 23, 24, 25, 26, 27, 28, 29, 30, 31, 32, 33, 34, 35, 36, 37, 38, 39, 40, 41, 42, 43, 44, 45, 46, 47], "clauses": 160, "avg_clause_len": 3, "parameters": {"count_clauses": 3, "best_unit_literal": 3, "best_counter_literal": 2, "sorting": 0, "extension": "greedy_param", "cutoff_main": 900, "output": "results/2020_06_02/Gurobi/aim-100-1_6-no-1_greedy_param_28.json"}, "clause_length": "clause_length", "t_hitting_set": [1.1920928955078125e-06, 0.0004374980926513672, 0.0004620552062988281, 0.00045609474182128906, 0.0004591941833496094, 0.0004436969757080078, 0.0004591941833496094, 0.00046253204345703125, 0.0004444122314453125, 0.00044727325439453125, 0.00045990943908691406, 0.0004622936248779297, 0.00044655799865722656, 0.00044727325439453125, 0.00048089027404785156, 0.0004603862762451172, 0.00044727325439453125, 0.0004630088806152344, 0.0004622936248779297, 0.0004992485046386719, 0.0004673004150390625, 0.0004630088806152344, 0.0004818439483642578, 0.0004940032958984375, 0.0004897117614746094, 0.0004787445068359375, 0.0004899501800537109, 0.0005147457122802734, 0.00048542022705078125, 0.00048279762268066406, 0.0004553794860839844, 0.00047016143798828125, 0.0004832744598388672, 0.0004901885986328125, 0.0004906654357910156, 0.0004885196685791016, 0.0005235671997070312, 0.00047659873962402344, 0.0004878044128417969, 0.0004889965057373047, 0.0004887580871582031, 0.0004916191101074219, 0.0004885196685791016, 0.0004949569702148438, 0.0004918575286865234, 0.0004787445068359375, 0.0005025863647460938, 0.0004982948303222656, 0.0006608963012695312, 0.0005340576171875, 0.0005207061767578125, 0.0006163120269775391, 0.0005371570587158203, 0.0005350112915039062, 0.0005500316619873047, 0.0005474090576171875, 0.0005505084991455078, 0.0005872249603271484, 0.0005393028259277344, 0.0005562305450439453, 0.0005533695220947266, 0.0005476474761962891, 0.0005574226379394531, 0.0005781650543212891], "t_sat_check": [4.76837158203125e-07, 6.365776062011719e-05, 6.270408630371094e-05, 6.365776062011719e-05, 0.00010132789611816406, 6.937980651855469e-05, 7.033348083496094e-05, 7.176399230957031e-05, 7.367134094238281e-05, 7.534027099609375e-05, 7.605552673339844e-05, 7.843971252441406e-05, 8.082389831542969e-05, 8.273124694824219e-05, 8.153915405273438e-05, 8.58306884765625e-05, 8.749961853027344e-05, 8.845329284667969e-05, 9.441375732421875e-05, 9.655952453613281e-05, 8.988380432128906e-05, 9.202957153320312e-05, 9.226799011230469e-05, 9.5367431640625e-05, 9.274482727050781e-05, 9.822845458984375e-05, 9.441375732421875e-05, 0.0001010894775390625, 9.870529174804688e-05, 0.00010323524475097656, 0.00010061264038085938, 0.00010442733764648438, 0.00010514259338378906, 0.00010538101196289062, 0.0001068115234375, 0.00010728836059570312, 0.00010800361633300781, 0.00011038780212402344, 0.00012063980102539062, 0.00011777877807617188, 0.00011777877807617188, 0.00011992454528808594, 0.00012183189392089844, 0.00012302398681640625, 0.00012540817260742188, 0.0001246929168701172, 0.00012564659118652344, 0.00012540817260742188, 0.0001277923583984375, 0.000125885009765625, 0.00012826919555664062, 0.00012922286987304688, 0.00012755393981933594, 0.00014019012451171875, 0.0001399517059326172, 0.00014138221740722656, 0.00013709068298339844, 0.00013685226440429688, 0.00013709068298339844, 0.00013828277587890625, 0.00014066696166992188, 0.00013780593872070312, 0.00016117095947265625, 0.00014209747314453125], "t_grow": [0.006941556930541992, 0.005662679672241211, 0.0052950382232666016, 0.005092144012451172, 0.005448341369628906, 0.004838705062866211, 0.0033817291259765625, 0.0030264854431152344, 0.002652406692504883, 0.0021820068359375, 0.002187013626098633, 0.0023193359375, 0.0024919509887695312, 0.0024840831756591797, 0.0023069381713867188, 0.0019669532775878906, 0.0024836063385009766, 0.0024895668029785156, 0.002314329147338867, 0.002443075180053711, 0.0021393299102783203, 0.0020465850830078125, 0.002372264862060547, 0.0021440982818603516, 0.002089262008666992, 0.0016372203826904297, 0.0019278526306152344, 0.0015096664428710938, 0.002087831497192383, 0.0015108585357666016, 0.001577615737915039, 0.0015017986297607422, 0.001302957534790039, 0.0017001628875732422, 0.0015344619750976562, 0.0015745162963867188, 0.0015022754669189453, 0.0016994476318359375, 0.001834869384765625, 0.0018191337585449219, 0.0016303062438964844, 0.0017900466918945312, 0.002245664596557617, 0.0020198822021484375, 0.001980304718017578, 0.0011792182922363281, 0.001981496810913086, 0.0012385845184326172, 0.0011866092681884766, 0.0020074844360351562, 0.0011937618255615234, 0.0009486675262451172, 0.001180887222290039, 0.0017271041870117188, 0.0014557838439941406, 0.0019066333770751953, 0.0014469623565673828, 0.001928567886352539, 0.0012488365173339844, 0.0011742115020751953, 0.001405477523803711, 0.0012428760528564453, 0.0011408329010009766], "extension": "greedy_param", "s_hs": [0, 1, 2, 3, 4, 5, 6, 7, 8, 9, 10, 11, 12, 13, 14, 15, 16, 17, 18, 19, 20, 21, 21, 22, 22, 23, 23, 24, 24, 25, 25, 26, 27, 27, 28, 28, 29, 30, 31, 32, 33, 34, 35, 36, 37, 38, 38, 39, 39, 39, 40, 40, 40, 40, 41, 42, 43, 43, 44, 45, 45, 45, 46, 47], "s_grow": [1, 1, 1, 1, 1, 1, 1, 1, 1, 1, 1, 1, 1, 1, 1, 1, 1, 1, 1, 1, 2, 2, 1, 2, 1, 2, 1, 2, 1, 1, 1, 2, 2, 2, 1, 1, 1, 1, 1, 1, 1, 1, 1, 1, 2, 2, 2, 2, 2, 2, 2, 3, 2, 1, 1, 2, 2, 2, 2, 1, 2, 1, 1], "omus": true}