{"steps": 217, "OMUS": [0, 1, 2, 3, 4, 6, 7, 8, 9, 10, 11, 12, 13, 14, 15, 16, 17, 18, 19, 20, 21, 22, 23, 24, 25, 26, 27, 28, 29, 30, 31, 32, 33, 34, 35, 36, 37, 38, 39, 40, 41, 42, 43, 44, 45, 46, 47], "clauses": 160, "avg_clause_len": 3, "parameters": {"extension": "maxprop", "output": "results/2020_06_02/Gurobi/aim-100-1_6-no-1_maxprop_8.json", "cutoff_main": 900, "best_counter_literal": 2, "best_unit_literal": 3}, "clause_length": "clause_length", "t_hitting_set": [9.5367431640625e-07, 0.000514984130859375, 0.0004947185516357422, 0.00047898292541503906, 0.0004825592041015625, 0.00046634674072265625, 0.00048279762268066406, 0.0006525516510009766, 0.0006222724914550781, 0.0006024837493896484, 0.0005290508270263672, 0.0010628700256347656, 0.0005538463592529297, 0.0009944438934326172, 0.0010745525360107422, 0.0005640983581542969, 0.0005497932434082031, 0.0005321502685546875, 0.0005803108215332031, 0.0005357265472412109, 0.000553131103515625, 0.00054931640625, 0.0005326271057128906, 0.0005731582641601562, 0.0005629062652587891, 0.00054931640625, 0.0005714893341064453, 0.0005590915679931641, 0.0005609989166259766, 0.0005571842193603516, 0.0005490779876708984, 0.0005543231964111328, 0.0005621910095214844, 0.0005533695220947266, 0.0005669593811035156, 0.0005574226379394531, 0.0005686283111572266, 0.0005626678466796875, 0.0005638599395751953, 0.0005662441253662109, 0.0005636215209960938, 0.0005717277526855469, 0.000560760498046875, 0.0005636215209960938, 0.0005602836608886719, 0.0005676746368408203, 0.0005681514739990234, 0.0005669593811035156, 0.0005652904510498047, 0.0005698204040527344, 0.0005640983581542969, 0.0005688667297363281, 0.0005707740783691406, 0.0005712509155273438, 0.0005648136138916016, 0.0005550384521484375, 0.0005738735198974609, 0.0007443428039550781, 0.0007314682006835938, 0.0012176036834716797, 0.0006136894226074219, 0.0005791187286376953, 0.0005724430084228516, 0.0008022785186767578, 0.0008118152618408203, 0.0011701583862304688, 0.0006213188171386719, 0.0005950927734375, 0.000713348388671875, 0.0006210803985595703, 0.0011796951293945312, 0.0012273788452148438, 0.0008473396301269531, 0.0008397102355957031, 0.0006501674652099609, 0.0008907318115234375, 0.0008251667022705078, 0.0011954307556152344, 0.0013141632080078125, 0.001306295394897461, 0.0009639263153076172, 0.0008234977722167969, 0.0008857250213623047, 0.0009036064147949219, 0.0009038448333740234, 0.0007145404815673828, 0.0013740062713623047, 0.0013823509216308594, 0.0010058879852294922, 0.001394033432006836, 0.0013570785522460938, 0.0013682842254638672, 0.0013492107391357422, 0.0009443759918212891, 0.0008866786956787109, 0.0013167858123779297, 0.0013668537139892578, 0.0014510154724121094, 0.0013582706451416016, 0.001569509506225586, 0.0014562606811523438, 0.0014491081237792969, 0.0015213489532470703, 0.0015306472778320312, 0.0008177757263183594, 0.0007543563842773438, 0.0010411739349365234, 0.000957489013671875, 0.0014548301696777344, 0.0013728141784667969, 0.0013852119445800781, 0.0014023780822753906, 0.0014033317565917969, 0.0014712810516357422, 0.001504659652709961, 0.001499176025390625, 0.0015137195587158203, 0.001476287841796875, 0.0015506744384765625, 0.0017628669738769531, 0.0016443729400634766, 0.0014612674713134766, 0.001447916030883789, 0.001497030258178711, 0.0014643669128417969, 0.0015387535095214844, 0.0014820098876953125, 0.0015954971313476562, 0.0016651153564453125, 0.0010075569152832031, 0.0008242130279541016, 0.0010418891906738281, 0.0010383129119873047, 0.0014522075653076172, 0.0015048980712890625, 0.0015728473663330078, 0.0017232894897460938, 0.0014598369598388672, 0.001516103744506836, 0.0014927387237548828, 0.001581430435180664, 0.0015788078308105469, 0.0015921592712402344, 0.0019609928131103516, 0.0014753341674804688, 0.0014979839324951172, 0.0014564990997314453, 0.0014674663543701172, 0.0015859603881835938, 0.0016241073608398438, 0.0015106201171875, 0.0017170906066894531, 0.0015501976013183594, 0.0016851425170898438, 0.0016202926635742188, 0.0016045570373535156, 0.0016531944274902344, 0.0016124248504638672, 0.00164031982421875, 0.0016815662384033203, 0.0016932487487792969, 0.0016796588897705078, 0.0017693042755126953, 0.0020923614501953125, 0.002210855484008789, 0.0021855831146240234, 0.0020380020141601562, 0.002260923385620117, 0.0028243064880371094, 0.0036377906799316406, 0.0026197433471679688, 0.002610445022583008, 0.0025565624237060547, 0.0025174617767333984, 0.0025947093963623047, 0.0023937225341796875, 0.003879070281982422, 0.003840208053588867, 0.004263639450073242, 0.0038781166076660156, 0.002937793731689453, 0.002927064895629883, 0.002989053726196289, 0.002762317657470703, 0.002808809280395508, 0.0030732154846191406, 0.004132986068725586, 0.004580020904541016, 0.004937648773193359, 0.0041506290435791016, 0.004195690155029297, 0.00423121452331543, 0.004790544509887695, 0.005450725555419922, 0.005198478698730469, 0.005407571792602539, 0.0054988861083984375, 0.005526065826416016, 0.005274057388305664, 0.004798173904418945, 0.006026506423950195, 0.004987001419067383, 0.005172014236450195, 0.005190372467041016, 0.005439043045043945, 0.005412578582763672, 0.0044476985931396484, 0.004915714263916016, 0.005900859832763672, 0.005205392837524414, 0.00504612922668457, 0.005072832107543945, 0.005349397659301758, 0.0061304569244384766, 0.0063037872314453125, 0.004975080490112305, 0.00484776496887207, 0.005629062652587891],