{"steps": 161, "OMUS": [0, 1, 2, 3, 4, 6, 7, 8, 9, 10, 11, 12, 13, 14, 15, 16, 17, 18, 19, 20, 21, 22, 23, 24, 25, 26, 27, 28, 29, 30, 31, 32, 33, 34, 35, 36, 37, 38, 39, 40, 41, 42, 43, 44, 45, 46, 47], "clauses": 160, "avg_clause_len": 3, "parameters": {"count_clauses": 1, "best_unit_literal": 2, "best_counter_literal": 2, "sorting": 2, "extension": "greedy_param", "cutoff_main": 900, "output": "results/2020_06_02/Gurobi/aim-100-1_6-no-1_greedy_param_66.json"}, "clause_length": "clause_length", "t_hitting_set": [7.152557373046875e-07, 0.0004398822784423828, 0.0004582405090332031, 0.00048661231994628906, 0.0004718303680419922, 0.0004553794860839844, 0.00047087669372558594, 0.0004725456237792969, 0.00047707557678222656, 0.00046181678771972656, 0.0004622936248779297, 0.00047850608825683594, 0.00046515464782714844, 0.0004799365997314453, 0.0004661083221435547, 0.00048160552978515625, 0.00046563148498535156, 0.00047659873962402344, 0.0004971027374267578, 0.0006546974182128906, 0.0005369186401367188, 0.0005335807800292969, 0.0006232261657714844, 0.0006558895111083984, 0.0006544589996337891, 0.0006573200225830078, 0.00058746337890625, 0.0006389617919921875, 0.0006506443023681641, 0.0007874965667724609, 0.0006654262542724609, 0.0006067752838134766, 0.0006766319274902344, 0.0006771087646484375, 0.0006718635559082031, 0.0006728172302246094, 0.0005919933319091797, 0.0006685256958007812, 0.0010917186737060547, 0.001081705093383789, 0.0006699562072753906, 0.0006136894226074219, 0.0005671977996826172, 0.0005972385406494141, 0.0005533695220947266, 0.0005404949188232422, 0.0005431175231933594, 0.0005319118499755859, 0.0005772113800048828, 0.0005609989166259766, 0.001007080078125, 0.0005738735198974609, 0.000606536865234375, 0.0006058216094970703, 0.0006272792816162109, 0.0006098747253417969, 0.0007190704345703125, 0.0010991096496582031, 0.0006611347198486328, 0.0011036396026611328, 0.0010998249053955078, 0.0006313323974609375, 0.0011200904846191406, 0.0011067390441894531, 0.0011103153228759766, 0.001142740249633789, 0.0010998249053955078, 0.0011081695556640625, 0.0011315345764160156, 0.0010991096496582031, 0.0010941028594970703, 0.0012307167053222656, 0.0011150836944580078, 0.0010993480682373047, 0.0012068748474121094, 0.0011980533599853516, 0.0014791488647460938, 0.001184225082397461, 0.0012054443359375, 0.0013556480407714844, 0.001567840576171875, 0.0011425018310546875, 0.0012428760528564453, 0.001172780990600586, 0.0012326240539550781, 0.001215219497680664, 0.0011508464813232422, 0.0011451244354248047, 0.0012671947479248047, 0.0011696815490722656, 0.001359701156616211, 0.001461029052734375, 0.0014345645904541016, 0.0014452934265136719, 0.0014541149139404297, 0.0013425350189208984, 0.0014841556549072266, 0.0014445781707763672, 0.0015256404876708984, 0.0013208389282226562, 0.0015916824340820312, 0.0016493797302246094, 0.0016186237335205078, 0.001667022705078125, 0.0017523765563964844, 0.0015935897827148438, 0.001645803451538086, 0.0023336410522460938, 0.001604318618774414, 0.0018033981323242188, 0.0015382766723632812, 0.001737833023071289, 0.0015988349914550781, 0.0015702247619628906, 0.0016956329345703125, 0.0021257400512695312, 0.0023584365844726562, 0.0017542839050292969, 0.0015516281127929688, 0.0016281604766845703, 0.0018889904022216797, 0.002394437789916992, 0.002669811248779297, 0.0026564598083496094, 0.0025331974029541016, 0.0025742053985595703, 0.002581357955932617, 0.002588510513305664, 0.0023603439331054688, 0.0018925666809082031, 0.0019550323486328125, 0.0020334720611572266, 0.0019457340240478516, 0.0019299983978271484, 0.0019369125366210938, 0.002664804458618164, 0.0025055408477783203, 0.000978708267211914, 0.0009069442749023438, 0.0016045570373535156, 0.001589059829711914, 0.00139617919921875, 0.0015342235565185547, 0.001628875732421875, 0.001468658447265625, 0.0013682842254638672, 0.0015065670013427734, 0.001537322998046875, 0.0017175674438476562, 0.0014274120330810547, 0.0013608932495117188, 0.0015156269073486328, 0.0013632774353027344, 0.0013051033020019531, 0.0013649463653564453, 0.0009095668792724609, 0.0007493495941162109, 0.0008478164672851562, 0.0006930828094482422, 0.0007066726684570312, 0.0007233619689941406, 0.000698089599609375],