{"steps": 232, "OMUS": [0, 1, 2, 3, 4, 5, 6, 7, 8, 9, 10, 11, 12, 13, 14, 15, 16, 17, 18, 19, 20, 21, 22, 23, 24, 25, 26, 27, 28, 29, 30, 31, 32, 33, 34, 35, 36, 37, 38, 39, 40, 41, 42, 43, 44, 45, 46, 47, 48, 49, 50, 51, 52, 53, 54, 55, 56, 57, 58, 59, 60, 61, 62, 63, 64, 65, 66, 67, 68, 69, 70, 71, 72, 73, 74, 75, 76, 77, 78, 79, 80, 81, 82, 83, 84, 85, 86, 87, 88, 89, 90, 91, 92, 93, 94, 95, 96, 97, 98, 99, 100, 101, 102, 103, 104, 105, 106, 107, 108, 109, 110, 111, 112, 113, 114, 115, 116, 117, 118, 119, 120, 121, 122, 123, 124, 125, 126, 127, 128, 129, 130, 131, 132, 133, 134, 135, 136, 137, 138, 139, 140, 141, 142, 143, 144, 145, 146, 147, 148, 149, 150, 151, 152, 153, 154, 155, 156, 157, 158, 159, 160, 161, 162, 163, 164, 165, 166, 167, 168, 169, 170, 171, 172, 173, 174, 175], "clauses": 176, "avg_clause_len": 3, "parameters": {"count_clauses": 3, "best_unit_literal": 0, "best_counter_literal": 1, "sorting": 0, "extension": "greedy_param", "cutoff_main": 900, "output": "results/2020_06_02/Gurobi/dubois22_greedy_param_21.json"}, "clause_length": "clause_length", "t_hitting_set": [1.1920928955078125e-06, 0.0004849433898925781, 0.0004856586456298828, 0.0004832744598388672, 0.0004868507385253906, 0.0004870891571044922, 0.00048804283142089844, 0.0004904270172119141, 0.0004875659942626953, 0.0004878044128417969, 0.0004894733428955078, 0.0004918575286865234, 0.000492095947265625, 0.00047469139099121094, 0.000507354736328125, 0.0004775524139404297, 0.0004916191101074219, 0.0004968643188476562, 0.0004966259002685547, 0.0004925727844238281, 0.0004944801330566406, 0.00049591064453125, 0.0004942417144775391, 0.00049591064453125, 0.0004966259002685547, 0.0004987716674804688, 0.0004820823669433594, 0.0004980564117431641, 0.0004982948303222656, 0.0004971027374267578, 0.0004966259002685547, 0.00048422813415527344, 0.0004820823669433594, 0.0004825592041015625, 0.00048351287841796875, 0.0004856586456298828, 0.0004999637603759766, 0.0005018711090087891, 0.0005028247833251953, 0.0005044937133789062, 0.0004994869232177734, 0.0005011558532714844, 0.0004987716674804688, 0.0005292892456054688, 0.0004897117614746094, 0.0005004405975341797, 0.0005021095275878906, 0.0005221366882324219, 0.0005180835723876953, 0.0005114078521728516, 0.0005247592926025391, 0.0005369186401367188, 0.0005357265472412109, 0.0005886554718017578, 0.0005552768707275391, 0.0005586147308349609, 0.0005152225494384766, 0.0005462169647216797, 0.0005445480346679688, 0.0005593299865722656, 0.0005152225494384766, 0.0005426406860351562, 0.0005311965942382812, 0.0005447864532470703, 0.0005626678466796875, 0.0005619525909423828, 0.0005393028259277344, 0.0005605220794677734, 0.0005602836608886719, 0.0005490779876708984, 0.0005235671997070312, 0.0005340576171875, 0.0005593299865722656, 0.0005669593811035156, 0.0005426406860351562, 0.0005466938018798828, 0.0005521774291992188, 0.0005643367767333984, 0.0005276203155517578, 0.0005445480346679688, 0.0005359649658203125, 0.0005393028259277344, 0.0005335807800292969, 0.0005400180816650391, 0.0005474090576171875, 0.0005342960357666016, 0.0005488395690917969, 0.0005369186401367188, 0.0005512237548828125, 0.0005314350128173828, 0.0005507469177246094, 0.0005524158477783203, 0.0005426406860351562, 0.0005369186401367188, 0.0005381107330322266, 0.0005409717559814453, 0.0005514621734619141, 0.0005371570587158203, 0.0005438327789306641, 0.000537872314453125, 0.0005543231964111328, 0.000545501708984375, 0.0005540847778320312, 0.0005278587341308594, 0.0005323886871337891, 0.0005955696105957031, 0.0005362033843994141, 0.000537872314453125, 0.0005383491516113281, 0.0005521774291992188, 0.0005817413330078125, 0.0005371570587158203, 0.0005340576171875, 0.0005528926849365234, 0.0005357265472412109, 0.0005831718444824219, 0.000537872314453125, 0.0005528926849365234, 0.0005347728729248047, 0.0005550384521484375, 0.000537872314453125, 0.0005550384521484375, 0.0005421638488769531, 0.0005562305450439453, 0.0005412101745605469, 0.0005412101745605469, 0.0005443096160888672, 0.0005407333374023438, 0.0005407333374023438, 0.0005626678466796875, 0.0005414485931396484, 0.0005474090576171875, 0.0005445480346679688, 0.0005414485931396484, 0.0005519390106201172, 0.0005288124084472656, 0.0005431175231933594, 0.0005438327789306641, 0.0005311965942382812, 0.0005517005920410156, 0.0005319118499755859, 0.00054931640625, 0.0005474090576171875, 0.0005340576171875, 0.0005550384521484375, 0.000553131103515625, 0.0005359649658203125, 0.0005505084991455078, 0.0005548000335693359, 0.0005402565002441406, 0.0005517005920410156, 0.0005512237548828125, 0.000537872314453125, 0.0005645751953125, 0.0005407333374023438, 0.0005581378936767578, 0.0005397796630859375, 0.00054168701171875, 0.0005593299865722656, 0.0005559921264648438, 0.0005393028259277344, 0.0005538463592529297, 0.0005447864532470703, 0.0005412101745605469, 0.0005557537078857422, 0.0005583763122558594, 0.0005426406860351562, 0.0005445480346679688, 0.00054168701171875, 0.0005593299865722656, 0.0005576610565185547, 0.0005424022674560547, 0.0005662441253662109, 0.0005631446838378906, 0.0005598068237304688, 0.0005588531494140625, 0.0005474090576171875, 0.0005586147308349609, 0.0005581378936767578, 0.0005462169647216797, 0.0005509853363037109, 0.000560760498046875, 0.0005476474761962891, 0.0005609989166259766, 0.0005667209625244141, 0.0005605220794677734, 0.0005626678466796875, 0.0005657672882080078, 0.0005457401275634766, 0.0005617141723632812, 0.000560760498046875, 0.0005595684051513672, 0.0005435943603515625, 0.0005443096160888672, 0.0005598068237304688, 0.0005509853363037109, 0.0005447864532470703, 0.0005481243133544922, 0.0005483627319335938, 0.0005462169647216797, 0.0005474090576171875, 0.0005471706390380859, 0.0005655288696289062, 0.0005617141723632812, 0.0005617141723632812, 0.0005457401275634766, 0.0005505084991455078, 0.0005488395690917969, 0.0005621910095214844, 0.0005462169647216797, 0.0005626678466796875, 0.0005633831024169922, 0.0005495548248291016, 0.0005621910095214844, 0.0005440711975097656, 0.0005476474761962891, 0.0005664825439453125, 0.0005464553833007812, 0.00054931640625, 0.0005595684051513672, 0.0005605220794677734, 0.0005486011505126953, 0.0005478858947753906, 0.0005466938018798828, 0.0005400180816650391, 0.0005345344543457031, 0.0005452632904052734, 0.0005459785461425781, 0.0005395412445068359, 0.0005328655242919922, 0.0005526542663574219, 0.0005464553833007812, 0.0005865097045898438],