{"steps": 179, "OMUS": [0, 1, 2, 3, 4, 5, 6, 7, 8, 9, 10, 11, 12, 13, 14, 15, 16, 17, 18, 19, 20, 21, 22, 23, 24, 25, 26, 27, 28, 29, 30, 31, 32, 33, 34, 35, 36, 37, 38, 39, 40, 41, 42, 43, 44, 45, 46, 47, 48, 49, 50, 51, 52, 53, 54, 55, 56, 57, 58, 59, 60, 61, 62, 63, 64, 65, 66, 67, 68, 69, 70, 71, 72, 73, 74, 75, 76, 77, 78, 79, 80, 81, 82, 83, 84, 85, 86, 87, 88, 89, 90, 91, 92, 93, 94, 95, 96, 97, 98, 99, 100, 101, 102, 103, 104, 105, 106, 107, 108, 109, 110, 111, 112, 113, 114, 115, 116, 117, 118, 119, 120, 121, 122, 123, 124, 125, 126, 127, 128, 129, 130, 131, 132, 133, 134, 135, 136, 137, 138, 139, 140, 141, 142, 143, 144, 145, 146, 147, 148, 149, 150, 151, 152, 153, 154, 155, 156, 157, 158, 159, 160, 161, 162, 163, 164, 165, 166, 167, 168, 169, 170, 171, 172, 173, 174, 175], "clauses": 176, "avg_clause_len": 3, "parameters": {"extension": "maxprop", "output": "results/2020_06_02/Gurobi/dubois22_maxprop_9.json", "cutoff_main": 900, "best_counter_literal": 1, "best_unit_literal": 4}, "clause_length": "clause_length", "t_hitting_set": [9.5367431640625e-07, 0.0004930496215820312, 0.0004706382751464844, 0.0004673004150390625, 0.0004684925079345703, 0.00048041343688964844, 0.0004839897155761719, 0.00046944618225097656, 0.0004820823669433594, 0.0004737377166748047, 0.00047016143798828125, 0.0004723072052001953, 0.0004711151123046875, 0.0004856586456298828, 0.0004744529724121094, 0.00047087669372558594, 0.0004892349243164062, 0.00047326087951660156, 0.0004916191101074219, 0.0004918575286865234, 0.0004923343658447266, 0.0004930496215820312, 0.00048613548278808594, 0.0004932880401611328, 0.0004820823669433594, 0.0005090236663818359, 0.0005321502685546875, 0.0005016326904296875, 0.0005009174346923828, 0.0005011558532714844, 0.0004832744598388672, 0.0004909038543701172, 0.0004832744598388672, 0.0004851818084716797, 0.0004856586456298828, 0.00048804283142089844, 0.0005321502685546875, 0.0005095005035400391, 0.0004875659942626953, 0.0005075931549072266, 0.0004863739013671875, 0.0004961490631103516, 0.0004878044128417969, 0.0005047321319580078, 0.0005037784576416016, 0.0005056858062744141, 0.0005049705505371094, 0.0004930496215820312, 0.0005047321319580078, 0.0004923343658447266, 0.0004923343658447266, 0.0005061626434326172, 0.0004935264587402344, 0.0005066394805908203, 0.000507354736328125, 0.00051116943359375, 0.0004982948303222656, 0.0005486011505126953, 0.0005116462707519531, 0.0004971027374267578, 0.0004966259002685547, 0.0005140304565429688, 0.0005095005035400391, 0.0005154609680175781, 0.0005109310150146484, 0.000518798828125, 0.0005121231079101562, 0.0005259513854980469, 0.0005161762237548828, 0.0005190372467041016, 0.0005152225494384766, 0.0005164146423339844, 0.0005087852478027344, 0.0005238056182861328, 0.000514984130859375, 0.0005025863647460938, 0.0005173683166503906, 0.0008869171142578125, 0.0005171298980712891, 0.0005030632019042969, 0.0005168914794921875, 0.0005180835723876953, 0.0005519390106201172, 0.0005228519439697266, 0.0005044937133789062, 0.0005211830139160156, 0.0005261898040771484, 0.0005309581756591797, 0.0005238056182861328, 0.000507354736328125, 0.0005204677581787109, 0.0005202293395996094, 0.00051116943359375, 0.0005071163177490234, 0.0005080699920654297, 0.0005223751068115234, 0.0005092620849609375, 0.0005242824554443359, 0.0005266666412353516, 0.0005269050598144531, 0.0005109310150146484, 0.0005130767822265625, 0.0005238056182861328, 0.0005240440368652344, 0.0005097389221191406, 0.0005233287811279297, 0.0005135536193847656, 0.0005276203155517578, 0.0005087852478027344, 0.0005104541778564453, 0.0005247592926025391, 0.0005331039428710938, 0.0005095005035400391, 0.0005118846893310547, 0.0005252361297607422, 0.0005311965942382812, 0.0005288124084472656, 0.0005276203155517578, 0.0005104541778564453, 0.0005276203155517578, 0.0005316734313964844, 0.0005300045013427734, 0.0005135536193847656, 0.0005159378051757812, 0.0005104541778564453, 0.0005490779876708984, 0.0005130767822265625, 0.0005154609680175781, 0.0005133152008056641, 0.0005645751953125, 0.0005371570587158203, 0.0005340576171875, 0.0005166530609130859, 0.0005393028259277344, 0.0005345344543457031, 0.0005364418029785156, 0.0005176067352294922, 0.0005228519439697266, 0.0005357265472412109, 0.0005340576171875, 0.0005190372467041016, 0.000518798828125, 0.0005204677581787109, 0.0005242824554443359, 0.0005323886871337891, 0.0005366802215576172, 0.0005354881286621094, 0.0005364418029785156, 0.0005347728729248047, 0.0005218982696533203, 0.0005371570587158203, 0.0005197525024414062, 0.0005364418029785156, 0.0005209445953369141, 0.0005369186401367188, 0.0005369186401367188, 0.000537872314453125, 0.0005362033843994141, 0.0005362033843994141, 0.0005354881286621094, 0.0005359649658203125, 0.000518798828125, 0.0005381107330322266, 0.0005352497100830078, 0.0005338191986083984, 0.0005230903625488281, 0.0005333423614501953, 0.0005383491516113281, 0.0005197525024414062, 0.0005183219909667969, 0.0005171298980712891, 0.0005362033843994141, 0.0005338191986083984, 0.0005180835723876953, 0.0005314350128173828, 0.0005335807800292969, 0.0005338191986083984, 0.0005445480346679688, 0.0005333423614501953, 0.0005331039428710938],