{"steps": 231, "OMUS": [0, 1, 2, 3, 4, 5, 6, 7, 8, 9, 10, 11, 12, 13, 14, 15, 16, 17, 18, 19, 20, 21, 22, 23, 24, 25, 26, 27, 28, 29, 30, 31, 32, 33, 34, 35, 36, 37, 38, 39, 40, 41, 42, 43, 44, 45, 46, 47, 48, 49, 50, 51, 52, 53, 54, 55, 56, 57, 58, 59, 60, 61, 62, 63, 64, 65, 66, 67, 68, 69, 70, 71, 72, 73, 74, 75, 76, 77, 78, 79, 80, 81, 82, 83, 84, 85, 86, 87, 88, 89, 90, 91, 92, 93, 94, 95, 96, 97, 98, 99, 100, 101, 102, 103, 104, 105, 106, 107, 108, 109, 110, 111, 112, 113, 114, 115, 116, 117, 118, 119, 120, 121, 122, 123, 124, 125, 126, 127, 128, 129, 130, 131, 132], "clauses": 133, "avg_clause_len": 2.210526315789474, "parameters": {"count_clauses": 2, "best_unit_literal": 4, "best_counter_literal": 1, "sorting": 1, "extension": "greedy_param", "cutoff_main": 900, "output": "results/2020_06_02/Gurobi/hole6_greedy_param_49.json"}, "clause_length": "clause_length", "t_hitting_set": [7.152557373046875e-07, 0.0004131793975830078, 0.00041294097900390625, 0.0003981590270996094, 0.0004105567932128906, 0.0004315376281738281, 0.00041556358337402344, 0.0004343986511230469, 0.0004150867462158203, 0.0004296302795410156, 0.0004150867462158203, 0.00041961669921875, 0.0004184246063232422, 0.0004191398620605469, 0.00043463706970214844, 0.0004436969757080078, 0.00044274330139160156, 0.00042724609375, 0.0004432201385498047, 0.00042557716369628906, 0.0004429817199707031, 0.0004520416259765625, 0.0004329681396484375, 0.0004527568817138672, 0.00045418739318847656, 0.00045180320739746094, 0.0004572868347167969, 0.0004405975341796875, 0.0004570484161376953, 0.00045800209045410156, 0.0004553794860839844, 0.0004572868347167969, 0.0004551410675048828, 0.00045013427734375, 0.00044989585876464844, 0.0004353523254394531, 0.00045108795166015625, 0.0004372596740722656, 0.0004467964172363281, 0.0004487037658691406, 0.0006079673767089844, 0.0006241798400878906, 0.0006034374237060547, 0.0009491443634033203, 0.0006177425384521484, 0.0006687641143798828, 0.0009677410125732422, 0.0006320476531982422, 0.0009856224060058594, 0.0009036064147949219, 0.0005655288696289062, 0.0005366802215576172, 0.0005295276641845703, 0.0005567073822021484, 0.0010285377502441406, 0.0010821819305419922, 0.0011610984802246094, 0.0005707740783691406, 0.0010673999786376953, 0.0008211135864257812, 0.0012059211730957031, 0.000675201416015625, 0.000789642333984375, 0.0012927055358886719, 0.0011093616485595703, 0.00110626220703125, 0.0008673667907714844, 0.0007996559143066406, 0.0011706352233886719, 0.0015170574188232422, 0.0008313655853271484, 0.0011792182922363281, 0.001237630844116211, 0.0012311935424804688, 0.0011446475982666016, 0.0012211799621582031, 0.0012063980102539062, 0.000743865966796875, 0.0009098052978515625, 0.0008642673492431641, 0.0014481544494628906, 0.0019068717956542969, 0.0008771419525146484, 0.0013759136199951172, 0.0014467239379882812, 0.0013799667358398438, 0.0008881092071533203, 0.001413106918334961, 0.0016252994537353516, 0.0017626285552978516, 0.0020155906677246094, 0.002089977264404297, 0.0019731521606445312, 0.0015971660614013672, 0.0015997886657714844, 0.0015435218811035156, 0.001596212387084961, 0.0015368461608886719, 0.0015816688537597656, 0.001237630844116211, 0.0015490055084228516, 0.001257181167602539, 0.0011985301971435547, 0.0015881061553955078, 0.0012776851654052734, 0.001211404800415039, 0.0012547969818115234, 0.0012776851654052734, 0.0007495880126953125, 0.0012273788452148438, 0.0012614727020263672, 0.002545595169067383, 0.0013318061828613281, 0.0014104843139648438, 0.0014965534210205078, 0.001493215560913086, 0.0014338493347167969, 0.0019466876983642578, 0.0013151168823242188, 0.00119781494140625, 0.0012984275817871094, 0.0014009475708007812, 0.001531839370727539, 0.0014259815216064453, 0.0014793872833251953, 0.0012688636779785156, 0.0011518001556396484, 0.001180410385131836, 0.0013606548309326172, 0.0007848739624023438, 0.0011510848999023438, 0.0011539459228515625, 0.0011339187622070312, 0.0006990432739257812, 0.0005421638488769531, 0.0005545616149902344, 0.0005457401275634766, 0.000537872314453125, 0.0005817413330078125, 0.0005376338958740234, 0.0005273818969726562, 0.0005419254302978516, 0.0005280971527099609, 0.0005288124084472656, 0.0005452632904052734, 0.0005300045013427734, 0.0005295276641845703, 0.0005409717559814453, 0.000530242919921875, 0.0005447864532470703, 0.0005402565002441406, 0.0005292892456054688, 0.0005424022674560547, 0.0005428791046142578, 0.0005764961242675781, 0.00055694580078125, 0.0005192756652832031, 0.0005040168762207031, 0.0005035400390625, 0.0005517005920410156, 0.0005192756652832031, 0.0005183219909667969, 0.0005137920379638672, 0.0005123615264892578, 0.0005433559417724609, 0.0005147457122802734, 0.0005128383636474609, 0.0004987716674804688, 0.0004985332489013672, 0.0005178451538085938, 0.0005147457122802734, 0.0005137920379638672, 0.0005135536193847656, 0.000499725341796875, 0.0005104541778564453, 0.0004987716674804688, 0.0005135536193847656, 0.0005099773406982422, 0.0004949569702148438, 0.0005006790161132812, 0.0005154609680175781, 0.0005142688751220703, 0.0005145072937011719, 0.0004987716674804688, 0.0005180835723876953, 0.0005145072937011719, 0.0005147457122802734, 0.000514984130859375, 0.0005004405975341797, 0.0005025863647460938, 0.0004999637603759766, 0.0004987716674804688, 0.0004987716674804688, 0.0005030632019042969, 0.0005028247833251953, 0.00048613548278808594, 0.0005004405975341797, 0.00048542022705078125, 0.0004901885986328125, 0.0004870891571044922, 0.0004978179931640625, 0.0005002021789550781, 0.0004978179931640625, 0.0005004405975341797, 0.0004994869232177734, 0.0005004405975341797, 0.0004799365997314453, 0.0004909038543701172, 0.0004889965057373047, 0.00048804283142089844, 0.0004901885986328125, 0.0004916191101074219, 0.00047659873962402344, 0.0004775524139404297, 0.00047469139099121094, 0.0004904270172119141, 0.0004911422729492188, 0.0004932880401611328, 0.0004894733428955078, 0.0004756450653076172, 0.0004923343658447266, 0.000476837158203125, 0.0004763603210449219, 0.0004940032958984375, 0.000476837158203125, 0.0004968643188476562, 0.00047516822814941406, 0.00047516822814941406, 0.0004799365997314453, 0.00047516822814941406, 0.0004906654357910156, 0.00048089027404785156],