{"steps": 156, "OMUS": [0, 1, 2, 3, 4, 5, 6, 7, 8, 9, 10, 11, 12, 13, 14, 15, 16, 17, 18, 19, 20, 21, 22, 23, 24, 25, 26, 27, 28, 29, 30, 31, 32, 33, 34, 35, 36, 37, 38, 39, 40, 41, 42, 43, 44, 45, 46, 47, 48, 49, 50, 51, 52, 53, 54, 55, 56, 57, 58, 59, 60, 61, 62, 63, 64, 65, 66, 67, 68, 69, 70, 71, 72, 73, 74, 75, 76, 77, 78, 79, 80, 81, 82, 83, 84, 85, 86, 87, 88, 89, 90, 91, 92, 93, 94, 95, 96, 97, 98, 99, 100, 101, 102, 103, 104, 105, 106, 107, 108, 109, 110, 111, 112, 113, 114, 115, 116, 117, 118, 119, 120, 121, 122, 123, 124, 125, 126, 127, 128, 129, 130, 131, 132], "clauses": 133, "avg_clause_len": 2.210526315789474, "parameters": {"count_clauses": 3, "best_unit_literal": 1, "best_counter_literal": 1, "sorting": 1, "extension": "greedy_param", "cutoff_main": 900, "output": "results/2020_06_02/Gurobi/hole6_greedy_param_53.json"}, "clause_length": "clause_length", "t_hitting_set": [1.1920928955078125e-06, 0.00042366981506347656, 0.0004189014434814453, 0.00040030479431152344, 0.0004177093505859375, 0.00040078163146972656, 0.0004010200500488281, 0.0004181861877441406, 0.00042128562927246094, 0.0004048347473144531, 0.0004184246063232422, 0.0004241466522216797, 0.00043892860412597656, 0.0004105567932128906, 0.000423431396484375, 0.00042247772216796875, 0.00042510032653808594, 0.00042748451232910156, 0.0004267692565917969, 0.0004286766052246094, 0.00043845176696777344, 0.0004448890686035156, 0.00043201446533203125, 0.0004506111145019531, 0.00044918060302734375, 0.0004508495330810547, 0.00045943260192871094, 0.00045180320739746094, 0.00045108795166015625, 0.0004513263702392578, 0.0004718303680419922, 0.0004544258117675781, 0.00045228004455566406, 0.00044083595275878906, 0.0004508495330810547, 0.0004343986511230469, 0.00041866302490234375, 0.00044035911560058594, 0.0004353523254394531, 0.0004203319549560547, 0.00043392181396484375, 0.00043463706970214844, 0.00045418739318847656, 0.000438690185546875, 0.00045490264892578125, 0.0004572868347167969, 0.0004572868347167969, 0.0004622936248779297, 0.00048613548278808594, 0.0004761219024658203, 0.000446319580078125, 0.00046181678771972656, 0.0004611015319824219, 0.00046634674072265625, 0.0004458427429199219, 0.00046443939208984375, 0.00044655799865722656, 0.0004448890686035156, 0.00044608116149902344, 0.00045180320739746094, 0.0004432201385498047, 0.00043320655822753906, 0.00044417381286621094, 0.0004458427429199219, 0.00044727325439453125, 0.0004298686981201172, 0.0004305839538574219, 0.0004489421844482422, 0.00044727325439453125, 0.0004489421844482422, 0.00044846534729003906, 0.0004553794860839844, 0.0004317760467529297, 0.0004544258117675781, 0.0004508495330810547, 0.0004374980926513672, 0.00043654441833496094, 0.00045228004455566406, 0.00043892860412597656, 0.0004382133483886719, 0.0004546642303466797, 0.00045561790466308594, 0.0004401206970214844, 0.00044035911560058594, 0.00045752525329589844, 0.0004584789276123047, 0.00043964385986328125, 0.0004401206970214844, 0.0004622936248779297, 0.0004591941833496094, 0.0004570484161376953, 0.0004432201385498047, 0.00044226646423339844, 0.0004570484161376953, 0.00046133995056152344, 0.0004439353942871094, 0.0004601478576660156, 0.00045990943908691406, 0.00044536590576171875, 0.00046372413635253906, 0.00045990943908691406, 0.0004603862762451172, 0.00045943260192871094, 0.00045990943908691406, 0.0004444122314453125, 0.0004456043243408203, 0.0004432201385498047, 0.0004608631134033203, 0.00046062469482421875, 0.0004487037658691406, 0.00044846534729003906, 0.0004639625549316406, 0.0004627704620361328, 0.0004620552062988281, 0.00046181678771972656, 0.0004639625549316406, 0.00044727325439453125, 0.00046443939208984375, 0.0004467964172363281, 0.00046443939208984375, 0.0004634857177734375, 0.00046181678771972656, 0.00044655799865722656, 0.00045180320739746094, 0.00046634674072265625, 0.0004508495330810547, 0.00046324729919433594, 0.0004627704620361328, 0.00048279762268066406, 0.00046896934509277344, 0.00047850608825683594, 0.0004684925079345703, 0.0004673004150390625, 0.000469207763671875, 0.00046944618225097656, 0.0004525184631347656, 0.00045490264892578125, 0.0004680156707763672, 0.0004506111145019531, 0.0004513263702392578, 0.0004551410675048828, 0.0004696846008300781, 0.0004684925079345703, 0.00046825408935546875, 0.0004687309265136719, 0.0004668235778808594, 0.0004715919494628906, 0.0004687309265136719, 0.00045299530029296875, 0.00045180320739746094, 0.0004696846008300781, 0.00045299530029296875, 0.00046825408935546875, 0.00046634674072265625, 0.0008234977722167969, 0.00046825408935546875, 0.0004506111145019531],