{"steps": 235, "OMUS": [0, 1, 2, 3, 4, 5, 6, 7, 8, 9, 10, 11, 12, 13, 14, 15, 16, 17, 18, 19, 20, 21, 22, 23, 24, 25, 26, 27, 28, 29, 30, 31, 32, 33, 34, 35, 36, 37, 38, 39, 40, 41, 42, 43, 44, 45, 46, 47, 48, 49, 50, 51, 52, 53, 54, 55, 56, 57, 58, 59, 60, 61, 62, 63, 64, 65, 66, 67, 68, 69, 70, 71, 72, 73, 74, 75, 76, 77, 78, 79, 80, 81, 82, 83, 84, 85, 86, 87, 88, 89, 90, 91, 92, 93, 94, 95, 96, 97, 98, 99, 100, 101, 102, 103, 104, 105, 106, 107, 108, 109, 110, 111, 112, 113, 114, 115, 116, 117, 118, 119, 120, 121, 122, 123, 124, 125, 126, 127, 128, 129, 130, 131, 132], "clauses": 133, "avg_clause_len": 2.210526315789474, "parameters": {"extension": "maxprop", "output": "results/2020_06_02/Gurobi/hole6_maxprop_9.json", "cutoff_main": 900, "best_counter_literal": 1, "best_unit_literal": 4}, "clause_length": "clause_length", "t_hitting_set": [9.5367431640625e-07, 0.0004222393035888672, 0.0004162788391113281, 0.0003979206085205078, 0.0004143714904785156, 0.0004143714904785156, 0.0004146099090576172, 0.0004334449768066406, 0.0004189014434814453, 0.0004239082336425781, 0.00041794776916503906, 0.00041866302490234375, 0.0004227161407470703, 0.00041747093200683594, 0.0004322528839111328, 0.000423431396484375, 0.0004451274871826172, 0.0004265308380126953, 0.0004451274871826172, 0.0004413127899169922, 0.0004329681396484375, 0.0004379749298095703, 0.00044798851013183594, 0.0004303455352783203, 0.00045180320739746094, 0.0004284381866455078, 0.00044274330139160156, 0.0004296302795410156, 0.0004382133483886719, 0.00041413307189941406, 0.0004291534423828125, 0.0004322528839111328, 0.0004286766052246094, 0.0004494190216064453, 0.00045490264892578125, 0.0004494190216064453, 0.00046062469482421875, 0.00044989585876464844, 0.00046563148498535156, 0.0006146430969238281, 0.0005025863647460938, 0.00046443939208984375, 0.0004947185516357422, 0.0005037784576416016, 0.0005173683166503906, 0.0006425380706787109, 0.0006353855133056641, 0.0005533695220947266, 0.0005388259887695312, 0.0006849765777587891, 0.000560760498046875, 0.0005409717559814453, 0.0006854534149169922, 0.0005490779876708984, 0.0006649494171142578, 0.0010628700256347656, 0.0005745887756347656, 0.0010900497436523438, 0.0006546974182128906, 0.001321554183959961, 0.0016307830810546875, 0.0018587112426757812, 0.0019731521606445312, 0.0019199848175048828, 0.002025127410888672, 0.002084016799926758, 0.0020799636840820312, 0.0019466876983642578, 0.0016942024230957031, 0.0019207000732421875, 0.0019834041595458984, 0.001516103744506836, 0.002084970474243164, 0.002175569534301758, 0.0018117427825927734, 0.0015506744384765625, 0.0016388893127441406, 0.001459360122680664, 0.001863241195678711, 0.002121448516845703, 0.0020456314086914062, 0.0013647079467773438, 0.0014641284942626953, 0.0012314319610595703, 0.0011761188507080078, 0.0022826194763183594, 0.0021207332611083984, 0.0019199848175048828, 0.0018596649169921875, 0.00222015380859375, 0.0022139549255371094, 0.0020818710327148438, 0.0022475719451904297, 0.0019252300262451172, 0.001512289047241211, 0.002363920211791992, 0.0023648738861083984, 0.0023314952850341797, 0.0015456676483154297, 0.0016789436340332031, 0.0016655921936035156, 0.0023202896118164062, 0.0015628337860107422, 0.001500844955444336, 0.002310514450073242, 0.002130746841430664, 0.0021920204162597656, 0.0018830299377441406, 0.0013718605041503906, 0.0013401508331298828, 0.0013356208801269531, 0.0017547607421875, 0.0019421577453613281, 0.0015492439270019531, 0.0011277198791503906, 0.0013523101806640625, 0.0010843276977539062, 0.0011181831359863281, 0.001043558120727539, 0.0010559558868408203, 0.0010342597961425781, 0.0010390281677246094, 0.0010485649108886719, 0.001055002212524414, 0.001047372817993164, 0.0010311603546142578, 0.0010857582092285156, 0.0010752677917480469, 0.001049041748046875, 0.0006663799285888672, 0.0005812644958496094, 0.001001596450805664, 0.0010199546813964844, 0.0010254383087158203, 0.0010242462158203125, 0.0010266304016113281, 0.0012290477752685547, 0.00110626220703125, 0.0011708736419677734, 0.0016093254089355469, 0.0011777877807617188, 0.0012502670288085938, 0.001222372055053711, 0.001043081283569336, 0.0011289119720458984, 0.0010607242584228516, 0.0010428428649902344, 0.0011565685272216797, 0.0010564327239990234, 0.0010373592376708984, 0.0011212825775146484, 0.001035928726196289, 0.0010442733764648438, 0.0010979175567626953, 0.0010247230529785156, 0.0010268688201904297, 0.0010805130004882812, 0.0010266304016113281, 0.0010216236114501953, 0.001081705093383789, 0.000705718994140625, 0.0006535053253173828, 0.0006451606750488281, 0.0007030963897705078, 0.0006456375122070312, 0.0006449222564697266, 0.0006425380706787109, 0.0007052421569824219, 0.0006449222564697266, 0.0006461143493652344, 0.0006420612335205078, 0.0006535053253173828, 0.0006704330444335938, 0.0006539821624755859, 0.0006670951843261719, 0.0006566047668457031, 0.0006825923919677734, 0.0006992816925048828, 0.0006740093231201172, 0.0006699562072753906, 0.0006718635559082031, 0.0006725788116455078, 0.0006699562072753906, 0.0006701946258544922, 0.0006618499755859375, 0.0006568431854248047, 0.0010106563568115234, 0.0005869865417480469, 0.0006392002105712891, 0.0006387233734130859, 0.0006530284881591797, 0.000637054443359375, 0.0006506443023681641, 0.0006382465362548828, 0.0006496906280517578, 0.0006895065307617188, 0.0006368160247802734, 0.0006525516510009766, 0.0006346702575683594, 0.0006515979766845703, 0.0006542205810546875, 0.0006375312805175781, 0.0007200241088867188, 0.0006532669067382812, 0.0006506443023681641, 0.0006361007690429688, 0.0006554126739501953, 0.0006365776062011719, 0.0006382465362548828, 0.0007092952728271484, 0.0006358623504638672, 0.0006356239318847656, 0.0005331039428710938, 0.0005211830139160156, 0.00048542022705078125, 0.0004825592041015625, 0.000499725341796875, 0.0005011558532714844, 0.0005028247833251953, 0.0005004405975341797, 0.0004885196685791016, 0.0004975795745849609, 0.00048041343688964844, 0.0004734992980957031, 0.0004911422729492188, 0.0004761219024658203, 0.0004744529724121094, 0.0004761219024658203, 0.00048732757568359375, 0.0004899501800537109, 0.0006492137908935547, 0.0004901885986328125, 0.0004944801330566406, 0.0005218982696533203, 0.0004787445068359375, 0.0004906654357910156],