{"config": {"preseeding": true, "sat-polarity": false, "sat-polarity-initial": false, "postpone_opt": true, "postpone_opt_incr": true, "postpone_opt_greedy": true, "grow": true, "grow_sat": false, "grow_subset_maximal": false, "grow_maxsat": true, "maxsat_polarities": true, "grow_maxsat_full_pos": false, "grow_maxsat_full_inv": false, "grow_maxsat_full_unif": false, "grow_maxsat_initial_pos": false, "grow_maxsat_initial_inv": false, "grow_maxsat_initial_unif": true, "grow_maxsat_actual_pos": false, "grow_maxsat_actual_unif": false, "grow_maxsat_actual_inv": false, "timeout": 7200, "instance": "p16", "output": "/data/brussel/101/vsc10143/OUSResults/experiment6_greedy/2021011718/20210117180818915712.json", "reuse_SSes": true, "sort_literals": true}, "results": {"HS": [304, 300, 294, 284], "HS_greedy": [2902, 2867, 2865, 2873], "HS_incr": [3154, 3118, 3108, 3109], "HS-opt-time": [0.3247060775756836, 0.2802622318267822, 0.34932613372802734, 0.3334958553314209], "HS-postpone-time": [1.091548204421997, 1.0817222595214844, 1.1415987014770508, 1.2025034427642822], "SAT-time": [10.621139526367188, 11.067131042480469, 11.089183568954468, 12.370171308517456], "grow-time": [1390.613896369934, 1419.5931148529053, 1462.0254728794098, 1515.2092611789703], "#expl": 4, "expl_seq": [{"constraints": [1690], "derived": [39]}, {"constraints": [155, 39], "derived": [-29, -44, -34, -49]}, {"constraints": [157, 39], "derived": [-40, -38, -37, -36]}, {"constraints": [1696], "derived": [25]}], "OUS-time": [[19.769062995910645, 13.766699075698853, 11.159146308898926, 20.885014057159424, 0.27208447456359863, 11.797658920288086, 16.740829944610596, 0.273059606552124, 13.250607967376709, 1.859443187713623, 7.721771717071533, 5.459713935852051, 10.052827596664429, 19.264507293701172, 9.540700674057007, 45.00978493690491, 8.566214799880981, 37.79881572723389, 29.979692935943604, 2.954637050628662, 20.74952793121338, 0.4832167625427246, 14.725390911102295, 9.811714887619019, 15.262874364852905, 25.753132104873657, 4.188868999481201, 5.147654294967651, 17.982085466384888, 43.78586959838867, 11.036588907241821, 16.55137062072754, 0.7144694328308105, 3.843609571456909, 4.46180272102356, 5.704470872879028, 9.641685485839844, 9.69387435913086, 2.2074451446533203, 4.488375663757324, 2.3237192630767822, 6.541682243347168, 9.00385046005249, 7.009209156036377, 6.952457904815674, 21.946946144104004, 10.15372085571289, 12.273343801498413, 17.647005558013916, 4.016366720199585, 8.430408954620361, 1.3098883628845215, 2.3531200885772705, 9.254933834075928, 21.150038719177246, 6.077439308166504, 1.736912727355957, 5.545372247695923, 6.217634916305542, 12.681630373001099, 2.0795130729675293, 5.949038743972778, 1.5844454765319824, 1.0949265956878662, 1.7087647914886475, 2.2334039211273193, 13.91755986213684, 1.59194016456604, 13.474022626876831, 15.559131383895874, 2.749629020690918, 2.3716237545013428, 3.7625911235809326, 4.351117372512817, 21.490398168563843, 6.805240631103516, 20.90783977508545, 18.01601552963257, 39.63896083831787, 17.453232049942017, 7.404053211212158, 55.652750730514526, 6.3337085247039795, 3.101390838623047, 4.080979108810425, 5.849728584289551, 30.866610050201416, 34.62327837944031, 13.185044527053833, 27.034918546676636, 10.961667776107788, 1.4971997737884521, 1.20743727684021, 12.990468263626099, 3.3780016899108887, 0.8020470142364502, 1.607771873474121, 16.819709300994873, 6.839993000030518, 5.05121922492981, 6.6071460247039795, 6.646412372589111, 1.2312734127044678, 1.7327237129211426, 2.8538765907287598, 0.757667064666748, 5.250934839248657, 12.602223873138428, 6.260765075683594, 2.4020800590515137, 3.0646605491638184, 1.4642744064331055, 2.5473830699920654, 2.6570663452148438, 0.7755930423736572, 1.1887600421905518, 2.752790689468384, 16.1347439289093, 0.7111339569091797, 0.7718615531921387, 0.9911763668060303, 0.7375190258026123, 3.769890785217285, 0.7321927547454834, 2.816556930541992, 4.777196645736694, 9.469918727874756, 0.8561568260192871, 3.445218563079834, 15.705352544784546, 0.7260868549346924, 0.5343973636627197, 0.7867927551269531, 0.7860934734344482, 0.8848402500152588, 20.53489923477173, 21.425848245620728, 5.229351997375488, 0.9728691577911377, 13.291348695755005, 15.5218186378479, 10.881174325942993, 1.2618460655212402, 1.1205973625183105, 4.643423318862915, 10.069947719573975, 4.6691670417785645, 1.0035898685455322, 22.66533875465393, 15.473262310028076], [0.2781553268432617, 10.670083284378052, 11.297376155853271, 15.397634744644165, 21.385069370269775, 11.795386552810669, 16.96335196495056, 13.906046628952026, 1.6380183696746826, 7.859411716461182, 5.535991907119751, 10.210197925567627, 19.495169639587402, 9.664200067520142, 45.980833292007446, 8.604313850402832, 38.51170372962952, 32.30500555038452, 3.0713207721710205, 19.65253472328186, 0.4825327396392822, 12.851272583007812, 9.92132568359375, 15.907717227935791, 26.245849132537842, 4.247600793838501, 5.2804811000823975, 18.164843797683716, 44.57545256614685, 11.205191612243652, 16.004115343093872, 0.7232644557952881, 3.876802921295166, 4.5233776569366455, 5.774694204330444, 9.829407215118408, 9.831125259399414, 2.227186679840088, 4.624492406845093, 2.3725059032440186, 6.677563190460205, 9.220376014709473, 7.227347373962402, 7.03381872177124, 22.526409149169922, 10.368569612503052, 12.60198426246643, 19.599442720413208, 4.1218578815460205, 8.638367414474487, 1.3333802223205566, 2.0690152645111084, 9.524481296539307, 16.92345666885376, 6.192541599273682, 1.7908711433410645, 5.7072906494140625, 6.337238311767578, 18.07395339012146, 2.1252779960632324, 6.083024024963379, 1.6543591022491455, 1.1411941051483154, 1.739198923110962, 2.297955274581909, 14.224492311477661, 1.6963303089141846, 13.815155267715454, 15.890429973602295, 2.8032643795013428, 2.454987049102783, 3.89493989944458, 4.409064292907715, 28.6926007270813, 7.042958736419678, 21.257803201675415, 24.737363576889038, 40.56433939933777, 17.808566093444824, 5.659512281417847, 56.96381068229675, 6.458964824676514, 3.18277907371521, 4.160156726837158, 5.967758655548096, 31.417388677597046, 35.38214826583862, 13.611218214035034, 33.33811378479004, 11.04400897026062, 1.941704511642456, 1.5249948501586914, 13.116304874420166, 3.4354610443115234, 0.8225314617156982, 1.5188555717468262, 16.787089586257935, 6.977801084518433, 4.973399877548218, 6.703375816345215, 6.862767934799194, 1.2548811435699463, 1.701347827911377, 2.9556097984313965, 0.7703840732574463, 5.296621084213257, 12.938980102539062, 6.336460590362549, 3.439021110534668, 3.0805463790893555, 1.4744908809661865, 2.6500160694122314, 2.6350724697113037, 0.8362641334533691, 1.155684232711792, 2.8255085945129395, 16.181780099868774, 0.7341325283050537, 0.7461466789245605, 1.008244276046753, 0.7441375255584717, 3.863136053085327, 1.2353761196136475, 2.904386520385742, 4.5289411544799805, 6.884721755981445, 0.8880300521850586, 3.532940149307251, 15.472880840301514, 0.8167946338653564, 0.5525612831115723, 0.9460740089416504, 0.8086462020874023, 0.9104712009429932, 13.596216440200806, 23.11092734336853, 5.74163293838501, 1.2184827327728271, 13.528126239776611, 15.940241813659668, 9.846394062042236, 1.2905654907226562, 1.1492252349853516, 4.816471099853516, 10.452677488327026, 4.772940397262573, 1.0390207767486572, 24.659878492355347, 16.291815757751465], [0.7447257041931152, 0.9441816806793213, 0.9397757053375244, 0.9372894763946533, 0.35285353660583496, 4.225485563278198, 11.598591566085815, 10.970453023910522, 37.474204301834106, 11.745105743408203, 22.440189838409424, 18.822991847991943, 1.7792351245880127, 11.256089925765991, 3.9772846698760986, 12.485755443572998, 20.35279417037964, 9.259664297103882, 63.605515003204346, 12.534271001815796, 67.20162439346313, 25.224002599716187, 2.140470027923584, 18.35321807861328, 0.5072712898254395, 15.978093147277832, 16.11972713470459, 10.112254858016968, 19.85948920249939, 4.431708574295044, 6.721703052520752, 13.61989951133728, 33.88440489768982, 