{"config": {"preseeding": false, "sat-polarity": false, "sat-polarity-initial": false, "postpone_opt": true, "postpone_opt_incr": false, "postpone_opt_greedy": true, "grow": true, "grow_sat": false, "grow_subset_maximal": false, "grow_maxsat": true, "maxsat_polarities": true, "grow_maxsat_full_pos": false, "grow_maxsat_full_inv": false, "grow_maxsat_full_unif": false, "grow_maxsat_initial_pos": true, "grow_maxsat_initial_inv": false, "grow_maxsat_initial_unif": false, "grow_maxsat_actual_pos": false, "grow_maxsat_actual_unif": false, "grow_maxsat_actual_inv": false, "timeout": 7200, "instance": "p16", "output": "/data/brussel/101/vsc10143/OUSResults/experiment6_greedy/2021011713/20210117132623769638.json", "reuse_SSes": true, "sort_literals": true}, "results": {"HS": [303, 298], "HS_greedy": [3150, 3108], "HS_incr": [0, 0], "HS-opt-time": [0.26752519607543945, 0.29189491271972656], "HS-postpone-time": [1.0659394264221191, 1.0545179843902588], "SAT-time": [10.105190515518188, 10.708873748779297], "grow-time": [2672.3775384426117, 2675.3115978240967], "#expl": 2, "expl_seq": [{"constraints": [1690], "derived": [39]}, {"constraints": [155, 39], "derived": [-29, -44, -34, -49]}], "OUS-time": [[26.699605226516724, 46.66991448402405, 19.279016494750977, 49.34613585472107, 0.26619839668273926, 18.790190935134888, 42.77727150917053, 0.2759871482849121, 25.22640109062195, 2.178013563156128, 28.74356484413147, 10.991223573684692, 18.773454189300537, 15.906211853027344, 16.449671745300293, 68.84733843803406, 8.926398992538452, 119.25052309036255, 74.74834370613098, 3.703599452972412, 57.42378497123718, 0.4902515411376953, 50.58421874046326, 20.829033136367798, 22.29330563545227, 42.798630714416504, 7.103471517562866, 16.55551028251648, 31.982017993927002, 35.453413248062134, 21.6690936088562, 35.850223541259766, 0.8809137344360352, 7.750895738601685, 6.736528635025024, 2.7598652839660645, 19.350717544555664, 23.099117755889893, 3.776487350463867, 17.642330408096313, 5.304917097091675, 7.579725027084351, 18.87390685081482, 7.5676586627960205, 4.524749040603638, 43.82809233665466, 16.028234481811523, 30.962294340133667, 32.81865453720093, 6.166858196258545, 24.886131525039673, 2.1427440643310547, 2.509427785873413, 20.108320713043213, 17.58164930343628, 8.674724817276001, 3.0122361183166504, 10.903561353683472, 5.3909523487091064, 32.098893880844116, 2.3132076263427734, 7.479675054550171, 4.180816650390625, 2.027897834777832, 5.866199731826782, 5.799278974533081, 24.212153673171997, 2.7605202198028564, 14.896276950836182, 23.379202604293823, 5.02731990814209, 2.226008653640747, 5.435317516326904, 9.632240533828735, 31.475038290023804, 37.598071575164795, 75.24887323379517, 29.504175424575806, 55.60234594345093, 52.586769342422485, 8.092154026031494, 69.43399953842163, 16.776129961013794, 9.789612531661987, 6.54577112197876, 15.313008785247803, 47.019304037094116, 90.39156293869019, 7.706256151199341, 66.34753704071045, 33.117308616638184, 5.147897958755493, 1.400986909866333, 25.311410903930664, 5.399919033050537, 1.0891995429992676, 1.9946277141571045, 30.17021632194519, 12.448625564575195, 6.731725215911865, 7.862668037414551, 11.127032279968262, 1.5675408840179443, 2.0718889236450195, 5.424044370651245, 1.1246919631958008, 9.933210611343384, 19.158032417297363, 13.296383619308472, 6.561573028564453, 3.9341115951538086, 3.186563730239868, 3.41144061088562, 3.0869789123535156, 0.8457248210906982, 1.3563563823699951, 1.7170066833496094, 24.796590089797974, 0.7736954689025879, 0.7584140300750732, 1.3655588626861572, 0.8500752449035645, 5.123528242111206, 1.2078990936279297, 5.477226972579956, 10.373103380203247, 14.184410333633423, 1.264329195022583, 3.9565556049346924, 24.835881233215332, 0.9498391151428223, 0.5963420867919922, 2.8280835151672363, 0.7618823051452637, 0.9539332389831543, 28.076815128326416, 50.365620374679565, 5.308347702026367, 1.3724403381347656, 16.105926036834717, 23.923238515853882, 34.61159563064575, 3.7477545738220215, 1.6646318435668945, 8.45314335823059, 24.946037530899048, 11.836729288101196, 1.7331316471099854, 67.06261348724365, 29.112977027893066], [0.32370972633361816, 18.604368686676025, 27.863833904266357, 27.71905517578125, 50.453123331069946, 19.179821968078613, 44.25254464149475, 25.803492307662964, 1.9276440143585205, 29.770530462265015, 11.606551885604858, 19.466681003570557, 16.38910722732544, 17.18018937110901, 69.91888642311096, 8.973471879959106, 121.67271828651428, 76.87573266029358, 3.8678653240203857, 29.82754158973694, 0.4994649887084961, 40.494919776916504, 21.181445598602295, 20.976150035858154, 43.57606601715088, 7.1951212882995605, 16.834754705429077, 32.58232092857361, 35.97479438781738, 22.02987837791443, 43.63133716583252, 0.9532425403594971, 7.9353978633880615, 6.859466791152954, 2.771094560623169, 19.881836414337158, 23.54835319519043, 3.845210075378418, 18.10995864868164, 5.323474645614624, 7.772833585739136, 19.077686309814453, 12.190544605255127, 17.116600036621094, 44.82894515991211, 16.299780130386353, 31.455260276794434, 33.360318422317505, 6.264982461929321, 25.433603763580322, 2.2322628498077393, 2.3210561275482178, 20.369606733322144, 22.742698669433594, 8.806783199310303, 3.0042035579681396, 11.016823530197144, 5.485306739807129, 25.956972360610962, 2.3516080379486084, 7.578761100769043, 4.267973184585571, 2.0518300533294678, 6.019191741943359, 5.807440757751465, 24.630772590637207, 2.8042430877685547, 15.046169757843018, 28.8315589427948, 5.105403900146484, 2.0945544242858887, 5.540158987045288, 9.786406755447388, 47.88079023361206, 38.209357261657715, 33.15640211105347, 35.70519495010376, 56.38913297653198, 53.125484466552734, 13.90322494506836, 71.10583543777466, 17.10383367538452, 9.960865497589111, 6.695607423782349, 15.566648721694946, 47.98235845565796, 90.35247945785522, 27.658517837524414, 66.66271901130676, 33.77403688430786, 4.888972997665405, 1.733466625213623, 25.72214651107788, 5.492857456207275, 1.1221885681152344, 2.107539653778076, 30.51590633392334, 12.695250511169434, 6.866165399551392, 8.12435245513916, 11.333287954330444, 1.6111879348754883, 2.055327892303467, 5.563383102416992, 1.145251989364624, 10.071048498153687, 19.46657419204712, 13.543589115142822, 7.022546291351318, 3.9931037425994873, 1.46989107131958, 3.4629158973693848, 3.142761468887329, 0.861882209777832, 1.3961589336395264, 1.7023429870605469, 25.168561935424805, 0.8355350494384766, 0.7831730842590332, 1.407724380493164, 0.8073122501373291, 5.320634365081787, 2.288536310195923, 5.657691478729248, 10.607578992843628, 15.279496192932129, 1.258401870727539, 4.049925088882446, 29.19727659225464, 0.976508378982544, 0.622380256652832, 2.8937225341796875, 0.7897191047668457, 0.9828784465789795, 29.633698225021362, 51.687199115753174, 7.837110996246338, 1.3478572368621826, 16.146994829177856, 24.36849546432495, 18.56411123275757, 3.825683116912842, 1.7129826545715332, 8.68580436706543, 25.541659593582153, 12.15440845489502, 1.7469384670257568, 61.35639142990112, 30.37906527519226]], "timeout": true, "totTime": 7200}}