{"config": {"preseeding": false, "sat-polarity": false, "sat-polarity-initial": false, "postpone_opt": false, "postpone_opt_incr": false, "postpone_opt_greedy": false, "grow": true, "grow_sat": false, "grow_subset_maximal": false, "grow_maxsat": true, "maxsat_polarities": true, "grow_maxsat_full_pos": false, "grow_maxsat_full_inv": false, "grow_maxsat_full_unif": false, "grow_maxsat_initial_pos": false, "grow_maxsat_initial_inv": false, "grow_maxsat_initial_unif": false, "grow_maxsat_actual_pos": true, "grow_maxsat_actual_unif": false, "grow_maxsat_actual_inv": false, "timeout": 7200, "instance": "p19", "output": "/data/brussel/101/vsc10143/OUSResults/experiment6_greedy/2021011816/20210118165848061821.json", "reuse_SSes": false, "sort_literals": false}, "results": {"HS": [911, 811], "HS_greedy": [0, 0], "HS_incr": [0, 0], "HS-opt-time": [0.4971756935119629, 0.35239362716674805], "HS-postpone-time": [0, 0], "SAT-time": [21.11451816558838, 18.968105792999268], "grow-time": [1209.7328894138336, 282.2871069908142], "#expl": 2, "expl_seq": [{"constraints": [], "derived": [88037, 88043, 88049, 88055, 88061]}, {"constraints": [88287], "derived": [-88060, -88059, -88058, -88057, -88056, -88054, -88053, -88052, -88051, -88050, -88048, -88047, -88046, -88045, -88044, -88042, -88041, -88040, -88039, -88038]}], "OUS-time": [[461.7235550880432, 3.5338351726531982, 34.35427379608154, 436.88594007492065, 10.54938793182373, 0.7219014167785645, 5.001141309738159, 6.268695831298828, 7.349990606307983, 9.27873420715332, 5.923428297042847, 4.929602861404419, 0.7361383438110352, 0.6647608280181885, 3.9722394943237305, 5.359280586242676, 13.009846210479736, 7.951296091079712, 4.448699235916138, 0.7373449802398682, 7.9917802810668945, 8.090521812438965, 3.6951253414154053, 5.107264518737793, 0.7269103527069092, 11.466022968292236, 3.596223831176758, 4.624171018600464, 7.780197858810425, 0.7278273105621338, 0.7330989837646484, 0.6819937229156494, 0.728823184967041, 0.6834685802459717, 0.7176697254180908, 0.7301528453826904, 0.6850955486297607, 0.7302579879760742, 0.731133222579956, 0.6773955821990967, 0.7319180965423584, 0.6831862926483154, 0.7273542881011963, 0.7335515022277832, 0.6851089000701904, 0.7357285022735596, 0.7322511672973633, 0.6859636306762695, 0.7367501258850098, 0.6849136352539062, 0.730172872543335, 0.7359566688537598, 0.692753791809082, 0.7332367897033691, 0.7354645729064941, 0.681049108505249, 0.7215836048126221, 0.6876611709594727, 0.7359364032745361, 0.7375664710998535, 0.684093713760376, 0.7335741519927979, 0.7363259792327881, 0.6884984970092773, 0.7320513725280762, 0.6787164211273193, 0.730928897857666, 0.7394585609436035, 0.6858983039855957, 0.7279050350189209, 0.6779072284698486, 0.7120082378387451, 0.7979521751403809, 0.6799802780151367, 0.7331717014312744, 0.7243654727935791, 0.6940407752990723, 0.7349014282226562, 0.6727912425994873, 0.7323703765869141, 0.7324528694152832, 0.6776125431060791, 0.723806619644165, 0.730992317199707, 0.6727290153503418, 0.723139762878418, 0.6778254508972168, 0.7244729995727539, 0.7673308849334717, 0.6980743408203125, 0.7242372035980225, 0.7299518585205078, 0.6891191005706787, 0.7450339794158936, 0.6929264068603516, 0.7313535213470459, 0.7427370548248291, 0.7046806812286377, 0.7227072715759277, 0.7373993396759033, 0.6876487731933594, 0.7354557514190674, 0.6983470916748047, 0.7332818508148193, 0.7393312454223633, 0.6796185970306396, 0.7361040115356445, 0.7334849834442139, 0.6826310157775879, 0.7285218238830566, 0.687044620513916, 0.8289895057678223, 0.748089075088501, 0.6787972450256348, 0.7402336597442627, 0.7355873584747314, 0.6868071556091309, 0.7403631210327148, 0.692420482635498, 0.7361671924591064, 0.7431061267852783, 0.6943261623382568, 0.7381072044372559, 0.7361698150634766, 0.6900620460510254, 0.7337865829467773, 0.6837019920349121, 0.7194705009460449, 0.737642765045166, 0.680471658706665, 0.7965917587280273, 0.7328696250915527, 0.6818840503692627, 0.7458467483520508, 0.6924214363098145, 0.7295386791229248, 0.7459113597869873, 0.6958129405975342, 0.728503942489624, 0.735919713973999, 0.6866796016693115, 0.7427237033843994, 0.6840770244598389, 0.7251830101013184, 0.743112325668335, 0.6941094398498535, 0.7444310188293457, 0.7334532737731934, 0.688960075378418, 0.7315018177032471, 0.6791653633117676, 0.7920148372650146, 0.746337890625, 0.68276047706604, 0.744117021560669, 0.7467403411865234, 0.6988735198974609, 0.7401478290557861, 0.6945366859436035, 0.7370738983154297, 0.7359964847564697, 0.6858971118927002, 0.7325420379638672, 0.7384324073791504, 0.6911790370941162, 0.7289135456085205, 0.6839370727539062, 0.7323169708251953, 0.7484352588653564, 0.6900107860565186, 0.7695953845977783, 0.6849145889282227, 0.7225663661956787, 0.7437727451324463, 0.6851756572723389, 0.7321147918701172, 0.7417278289794922, 0.6924407482147217, 0.7299909591674805, 0.6855614185333252, 0.7349820137023926, 0.7348132133483887, 0.6889791488647461, 0.7375435829162598, 0.7349445819854736, 0.6833186149597168, 0.7268815040588379, 0.6953990459442139, 0.7272870540618896, 0.7298858165740967, 0.6994147300720215, 0.8273937702178955, 0.7354011535644531, 0.6928811073303223, 0.7320716381072998, 0.6625046730041504, 0.727623701095581, 0.7294807434082031, 0.685279369354248, 0.7355444431304932, 0.7351305484771729, 0.6849789619445801, 0.7357344627380371, 0.6991837024688721, 0.7316362857818604, 0.7352125644683838, 0.6929292678833008, 0.7255387306213379, 0.7355594635009766, 0.6894786357879639, 0.7361397743225098, 0.6856811046600342, 0.7340013980865479, 0.7352066040039062, 0.666797399520874, 0.7366321086883545, 0.7377994060516357, 0.6857125759124756, 0.7279753684997559, 0.6862022876739502, 0.7317891120910645, 0.7341382503509521, 0.6884298324584961, 0.7376711368560791, 0.35223841667175293, 0.6933133602142334, 0.7349162101745605, 0.7407166957855225, 0.6961190700531006, 0.7296257019042969, 0.3523385524749756, 0.6888182163238525, 0.7394533157348633, 0.7463712692260742, 0.6959688663482666, 0.7345230579376221, 0.706876277923584, 0.34581804275512695, 0.7303280830383301, 0.6878528594970703, 0.7303564548492432, 0.34932732582092285, 0.7396354675292969, 0.7056372165679932, 0.738792896270752, 0.6815240383148193, 0.7428901195526123, 0.35247302055358887, 0.700211763381958, 0.739814281463623], [0.7005620002746582, 0.6693105697631836, 0.6999585628509521, 0.7198576927185059, 10.540318965911865, 0.6760241985321045, 5.02061653137207, 6.2841269969940186, 7.153699636459351, 9.449628114700317, 6.081977844238281, 4.976224184036255, 0.73614501953125, 0.6812472343444824, 5.98071813583374, 5.5175817012786865, 13.111969470977783, 8.11315131187439, 4.565620422363281, 0.7357361316680908, 8.12496304512024, 8.239970684051514, 3.7947349548339844, 5.274503707885742, 0.6884799003601074, 11.770904779434204, 3.641252279281616, 4.721610069274902, 7.943469047546387, 0.7377645969390869, 0.6907939910888672, 0.7302181720733643, 0.7431399822235107, 0.6947364807128906, 0.7408723831176758, 0.7381591796875, 0.6941218376159668, 0.7411918640136719, 0.6854691505432129, 0.7315075397491455, 0.7484347820281982, 0.7015228271484375, 0.7376549243927002, 0.7531068325042725, 0.7019307613372803, 0.7386605739593506, 0.7042155265808105, 0.7416119575500488, 0.7432911396026611, 0.6832664012908936, 0.7346794605255127, 0.746943473815918, 0.693289041519165, 0.739354133605957, 0.6971967220306396, 0.738405704498291, 0.7438986301422119, 0.6842460632324219, 0.7395431995391846, 0.7440164089202881, 0.6882190704345703, 0.7379095554351807, 0.6953983306884766, 0.7346076965332031, 0.7260575294494629, 0.6893332004547119, 0.7460291385650635, 0.7442913055419922, 0.6901130676269531, 0.74127197265625, 0.6854398250579834, 0.7370140552520752, 0.7397277355194092, 0.68031907081604, 0.7397115230560303, 0.7476568222045898, 0.6798803806304932, 0.7378349304199219, 0.679293155670166, 0.7316806316375732, 0.7329668998718262, 0.6788067817687988, 0.7382547855377197, 0.7735671997070312, 0.7046875953674316, 0.728351354598999, 0.6926364898681641, 