{"config": {"preseeding": false, "sat-polarity": false, "sat-polarity-initial": false, "postpone_opt": false, "postpone_opt_incr": false, "postpone_opt_greedy": false, "grow": true, "grow_sat": false, "grow_subset_maximal": false, "grow_maxsat": true, "maxsat_polarities": true, "grow_maxsat_full_pos": false, "grow_maxsat_full_inv": false, "grow_maxsat_full_unif": false, "grow_maxsat_initial_pos": false, "grow_maxsat_initial_inv": true, "grow_maxsat_initial_unif": false, "grow_maxsat_actual_pos": false, "grow_maxsat_actual_unif": false, "grow_maxsat_actual_inv": false, "timeout": 7200, "instance": "p19", "output": "/data/brussel/101/vsc10143/OUSResults/experiment6_greedy/2021011816/20210118165848061667.json", "reuse_SSes": false, "sort_literals": true}, "results": {"HS": [761, 820], "HS_greedy": [0, 0], "HS_incr": [0, 0], "HS-opt-time": [0.3097681999206543, 0.3599052429199219], "HS-postpone-time": [0, 0], "SAT-time": [12.826968669891357, 13.560516595840454], "grow-time": [158.08407640457153, 231.80423402786255], "#expl": 2, "expl_seq": [{"constraints": [], "derived": [44037, 44043, 44019, 44025, 44031]}, {"constraints": [44271], "derived": [-44032, -44030, -44029, -44028, -44027, -44026, -44024, -44023, -44022, -44021, -44020, -44042, -44041, -44040, -44039, -44038, -44036, -44035, -44034, -44033]}], "OUS-time": [[4.511838436126709, 4.542550325393677, 6.636888265609741, 8.858047485351562, 0.2915468215942383, 0.636474609375, 0.6584875583648682, 0.6553447246551514, 0.6987862586975098, 0.6046710014343262, 0.2898595333099365, 0.6590571403503418, 0.616908073425293, 0.6150124073028564, 0.6182947158813477, 0.5750868320465088, 0.6206314563751221, 0.6293604373931885, 0.5684757232666016, 0.6187560558319092, 0.5759322643280029, 0.617600679397583, 0.6215181350708008, 0.5802774429321289, 0.6229419708251953, 0.612929105758667, 0.5676779747009277, 0.616492748260498, 0.5679688453674316, 0.6150708198547363, 0.6261210441589355, 0.5524234771728516, 0.617119312286377, 0.6251904964447021, 0.5664896965026855, 0.6111974716186523, 0.570744514465332, 0.6053941249847412, 0.6144733428955078, 0.5685360431671143, 0.6141829490661621, 0.6262633800506592, 0.5647313594818115, 0.6278018951416016, 0.5653417110443115, 0.6039834022521973, 0.6178891658782959, 0.5591092109680176, 0.613372802734375, 0.6238727569580078, 0.5647945404052734, 0.6185200214385986, 0.5629169940948486, 0.6147375106811523, 0.6199464797973633, 0.5636608600616455, 0.6166505813598633, 0.6302831172943115, 0.5612835884094238, 0.6158804893493652, 0.56319260597229, 0.7173092365264893, 0.663806676864624, 0.6004214286804199, 0.661290168762207, 0.5698850154876709, 0.5961802005767822, 0.6202237606048584, 0.5818207263946533, 0.6209814548492432, 0.6265561580657959, 0.5758085250854492, 0.6207036972045898, 0.5693836212158203, 0.6126000881195068, 0.6217334270477295, 0.5796406269073486, 0.6272096633911133, 0.6264116764068604, 0.5572311878204346, 0.6252620220184326, 0.5728540420532227, 0.619260311126709, 0.634002685546875, 0.5827569961547852, 0.6180164813995361, 0.6289288997650146, 0.5698046684265137, 0.6268548965454102, 0.5708551406860352, 0.6178841590881348, 0.6259744167327881, 0.5665738582611084, 0.6278495788574219, 0.6360933780670166, 0.5709362030029297, 0.6225700378417969, 0.5828607082366943, 0.6225817203521729, 0.618478536605835, 0.5776450634002686, 0.6281619071960449, 0.622002363204956, 0.5778605937957764, 0.6224939823150635, 0.5756912231445312, 0.625847339630127, 0.6262671947479248, 0.5821542739868164, 0.6431853771209717, 0.6268470287322998, 0.5670850276947021, 0.619196891784668, 0.5710904598236084, 0.6198198795318604, 0.6315855979919434, 0.56939697265625, 0.6210758686065674, 0.5799431800842285, 0.6061856746673584, 0.6331372261047363, 0.5769608020782471, 0.61476731300354, 0.6284213066101074, 0.5760891437530518, 0.6238400936126709, 0.5746109485626221, 0.6120026111602783, 0.6206130981445312, 0.574260950088501, 0.621957540512085, 0.6264503002166748, 0.5666012763977051, 0.6242034435272217, 0.5730247497558594, 0.6194493770599365, 0.6355812549591064, 0.5841858386993408, 0.6127979755401611, 0.632967472076416, 0.5832834243774414, 0.6314964294433594, 0.5746016502380371, 0.6202468872070312, 0.6287314891815186, 0.5718643665313721, 0.6294221878051758, 0.6452376842498779, 0.5714001655578613, 0.629664421081543, 0.5849254131317139, 0.618410587310791, 0.6343929767608643, 0.5679647922515869, 0.6174747943878174, 0.6266257762908936, 0.5826511383056641, 0.6296055316925049, 0.5794274806976318, 0.6132969856262207, 0.633183479309082, 0.5735876560211182, 0.6240546703338623, 0.6274764537811279, 0.5722501277923584, 0.627971887588501, 0.5733709335327148, 0.6233184337615967, 0.6321976184844971, 0.5678565502166748, 0.6302876472473145, 0.5797379016876221, 0.5995635986328125, 0.6338839530944824, 0.5735766887664795, 0.6233689785003662, 0.6288256645202637, 0.5768043994903564, 0.6313683986663818, 0.579634428024292, 0.6178224086761475, 0.6224429607391357, 0.5768287181854248, 0.6292269229888916, 0.6264331340789795, 0.5616545677185059, 0.6335532665252686, 0.5643906593322754, 0.6150271892547607, 0.6228151321411133, 0.5742807388305664, 0.6170618534088135, 0.6379332542419434, 0.5726056098937988, 0.6269841194152832, 0.5722200870513916, 0.6470887660980225, 0.6280560493469238, 0.5542595386505127, 0.6274163722991943, 0.6224758625030518, 0.5790386199951172, 0.6531307697296143, 0.5822615623474121, 0.6233665943145752, 0.6302323341369629, 0.5708138942718506, 0.621384859085083, 0.6445522308349609, 0.5693814754486084, 0.6229066848754883, 0.574908971786499, 0.6213173866271973, 0.6253879070281982, 0.5654623508453369, 0.6164696216583252, 0.6326394081115723, 0.5798330307006836, 0.6297798156738281, 0.5676672458648682, 0.6310968399047852, 0.6214425563812256, 0.569812536239624, 0.6271657943725586, 0.5746736526489258, 0.5976145267486572, 0.6259071826934814, 0.5742037296295166, 0.6172995567321777, 0.6257107257843018, 0.5750565528869629, 0.62088942527771, 0.5636730194091797, 0.616504430770874, 0.6210312843322754, 0.5715768337249756, 0.632889986038208, 0.6302046775817871, 0.24537134170532227, 0.6221294403076172, 0.6289939880371094, 0.5705013275146484, 0.635699987411499, 0.6968331336975098, 0.2531931400299072, 0.6923770904541016, 0.7212700843811035, 0.7141854763031006, 0.6786344051361084, 0.30073118209838867], [4.459326982498169, 4.440504550933838, 6.395283222198486, 8.53667426109314, 4.4819841384887695, 4.9182140827178955, 3.2323038578033447, 7.671918630599976, 7.4404988288879395, 4.227522134780884, 4.029348134994507, 0.6206550598144531, 0.5651803016662598, 0.6109294891357422, 0.6211016178131104, 0.5656280517578125, 0.6177845001220703, 0.6141626834869385, 0.5681705474853516, 0.6142926216125488, 0.5708596706390381, 0.6134719848632812, 0.6239163875579834, 0.5697612762451172, 0.6234242916107178, 0.6216080188751221, 0.5723237991333008, 0.6209917068481445, 0.5735757350921631, 0.6107919216156006, 0.6230685710906982, 0.5491271018981934, 0.6150689125061035, 0.6264140605926514, 0.5577101707458496, 0.616591215133667, 0.573371171951294, 0.6120376586914062, 0.6229825019836426, 0.5681629180908203, 0.6127862930297852, 0.6258800029754639, 0.5726864337921143, 0.6216330528259277, 0.572859525680542, 0.6199283599853516, 0.6187193393707275, 0.5742702484130859, 0.6198959350585938, 0.6211318969726562, 0.5715928077697754, 0.623997688293457, 0.5693788528442383, 0.6080822944641113, 0.6333363056182861, 0.5730006694793701, 0.6184806823730469, 0.6270670890808105, 0.5661318302154541, 0.6209201812744141, 0.5755932331085205, 0.6169347763061523, 0.6276633739471436, 0.569655179977417, 0.6190304756164551, 0.5685713291168213, 0.6161777973175049, 0.6331808567047119, 0.5730230808258057, 0.6247329711914062, 0.6236758232116699, 0.575286865234375, 0.622913122177124, 0.5672082901000977, 0.6208884716033936, 0.6435210704803467, 0.573056697845459, 0.6254160404205322, 0.6300787925720215, 0.5700666904449463, 0.6178693771362305, 0.5858290195465088, 0.6103682518005371, 0.621185302734375, 0.592463493347168, 0.6143450736999512, 