{"config": {"preseeding": false, "sat-polarity": false, "sat-polarity-initial": false, "postpone_opt": false, "postpone_opt_incr": false, "postpone_opt_greedy": false, "grow": true, "grow_sat": false, "grow_subset_maximal": true, "grow_maxsat": false, "maxsat_polarities": true, "grow_maxsat_full_pos": false, "grow_maxsat_full_inv": false, "grow_maxsat_full_unif": false, "grow_maxsat_initial_pos": false, "grow_maxsat_initial_inv": false, "grow_maxsat_initial_unif": false, "grow_maxsat_actual_pos": false, "grow_maxsat_actual_unif": false, "grow_maxsat_actual_inv": false, "timeout": 7200, "instance": "p19", "output": "/data/brussel/101/vsc10143/OUSResults/experiment6_greedy/2021011816/20210118165848061647.json", "reuse_SSes": false, "sort_literals": true}, "results": {"HS": [882, 18151], "HS_greedy": [0, 0], "HS_incr": [0, 0], "HS-opt-time": [0.5610086917877197, 37.50199866294861], "HS-postpone-time": [0, 0], "SAT-time": [23.72126603126526, 602.8457334041595], "grow-time": [13.574800729751587, 399.9919505119324], "#expl": 2, "expl_seq": [{"constraints": [], "derived": [44037, 44043, 44019, 44025, 44031]}, {"constraints": [44269], "derived": [-44032, -44030, -44029, -44028, -44027, -44026, -44024, -44023, -44022, -44021, -44020, -44042, -44041, -44040, -44039, -44038, -44036, -44035, -44034, -44033]}], "OUS-time": [[1.439049482345581, 2.4253017902374268, 2.26017427444458, 2.3057737350463867, 0.04171395301818848, 0.09563302993774414, 0.09742355346679688, 0.09621334075927734, 0.09990167617797852, 0.05312919616699219, 0.040622711181640625, 0.09559082984924316, 0.09571051597595215, 0.09891843795776367, 0.09856343269348145, 0.057680606842041016, 0.09561896324157715, 0.05601239204406738, 0.10208249092102051, 0.056844472885131836, 0.05450630187988281, 0.0546877384185791, 0.05456662178039551, 0.09617352485656738, 0.05785727500915527, 0.059883832931518555, 0.10026192665100098, 0.05639314651489258, 0.09868955612182617, 0.05576729774475098, 0.09964323043823242, 0.05932950973510742, 0.09635782241821289, 0.05840659141540527, 0.05696368217468262, 0.05466485023498535, 0.054734230041503906, 0.05552172660827637, 0.05764651298522949, 0.10037446022033691, 0.09745597839355469, 0.056921958923339844, 0.05876922607421875, 0.055771827697753906, 0.05498647689819336, 0.056629180908203125, 0.059700727462768555, 0.05826449394226074, 0.055417537689208984, 0.09717679023742676, 0.10061860084533691, 0.10306763648986816, 0.05821037292480469, 0.05747246742248535, 0.05367612838745117, 0.09746456146240234, 0.05604720115661621, 0.05863332748413086, 0.09990262985229492, 0.056653499603271484, 0.09669804573059082, 0.09895586967468262, 0.05538487434387207, 0.055441856384277344, 0.058379173278808594, 0.05724787712097168, 0.10106325149536133, 0.10037422180175781, 0.10065460205078125, 0.09833645820617676, 0.056524038314819336, 0.05806541442871094, 0.0973670482635498, 0.09606599807739258, 0.0980370044708252, 0.1011505126953125, 0.09879493713378906, 0.09470725059509277, 0.09692263603210449, 0.09944319725036621, 0.1006324291229248, 0.055390357971191406, 0.09541583061218262, 0.09644246101379395, 0.09781908988952637, 0.1005547046661377, 0.10082483291625977, 0.09741544723510742, 0.0947425365447998, 0.09723663330078125, 0.09926986694335938, 0.10130190849304199, 0.05475473403930664, 0.0960245132446289, 0.09937405586242676, 0.1040201187133789, 0.05713987350463867, 0.05645275115966797, 0.09673357009887695, 0.09708666801452637, 0.09747505187988281, 0.10110878944396973, 0.09822821617126465, 0.09570503234863281, 0.09670019149780273, 0.10107541084289551, 0.09850740432739258, 0.056174516677856445, 0.09905433654785156, 0.10016202926635742, 0.058058738708496094, 0.0980827808380127, 0.10052680969238281, 0.05608844757080078, 0.09735965728759766, 0.09671974182128906, 0.09795618057250977, 0.1044926643371582, 0.09882831573486328, 0.09601235389709473, 0.10114598274230957, 0.06064343452453613, 0.10905885696411133, 0.09783196449279785, 0.10139012336730957, 0.09827709197998047, 0.10585451126098633, 0.09727311134338379, 0.10131168365478516, 0.09778714179992676, 0.09671950340270996, 0.10633707046508789, 0.06058073043823242, 0.10040092468261719, 0.10233712196350098, 0.05666661262512207, 0.10015439987182617, 0.10319137573242188, 0.057363033294677734, 0.09696316719055176, 0.09775662422180176, 0.10033369064331055, 0.10430479049682617, 0.05693840980529785, 0.09882283210754395, 0.10116863250732422, 0.10261845588684082, 0.05930018424987793, 0.10070514678955078, 0.09823369979858398, 0.09731531143188477, 0.11040973663330078, 0.09865236282348633, 0.09576797485351562, 0.05771183967590332, 0.0995931625366211, 0.09588956832885742, 0.09972786903381348, 0.10951972007751465, 0.09754014015197754, 0.05541396141052246, 0.05517864227294922, 0.10036897659301758, 0.06000256538391113, 0.10430645942687988, 0.05448770523071289, 0.09567761421203613, 0.09892034530639648, 0.10552763938903809, 0.05749058723449707, 0.10186505317687988, 0.1086723804473877, 0.10257411003112793, 0.05792832374572754, 0.10229063034057617, 0.056694984436035156, 0.0961310863494873, 0.09612298011779785, 0.05633902549743652, 0.10250616073608398, 0.05721402168273926, 0.0568232536315918, 0.05981016159057617, 0.09721803665161133, 0.1023261547088623, 0.0962209701538086, 0.0989525318145752, 0.10167694091796875, 0.10015177726745605, 0.10121822357177734, 0.1006622314453125, 0.05710339546203613, 0.10098528861999512, 0.10068845748901367, 0.09893918037414551, 0.10187768936157227, 0.09944462776184082, 0.10208988189697266, 0.1015939712524414, 0.06136059761047363, 0.06611442565917969, 0.10228848457336426, 0.09847331047058105, 0.09649229049682617, 0.05716347694396973, 0.10350537300109863, 0.06099557876586914, 0.10730314254760742, 0.10189270973205566, 0.10267066955566406, 0.10644245147705078, 0.11053228378295898, 0.09615659713745117, 0.09846830368041992, 0.05691170692443848, 0.10730910301208496, 0.10530257225036621, 0.09885191917419434, 0.10227346420288086, 0.10186243057250977, 0.10733318328857422, 0.10312223434448242, 0.09840059280395508, 0.09724235534667969, 0.10261368751525879, 0.10361361503601074, 0.09966540336608887, 0.09913825988769531, 0.09590315818786621, 0.10329890251159668, 0.0598454475402832, 0.10194754600524902, 0.0948476791381836, 0.09547090530395508, 0.10233330726623535, 0.06033635139465332, 0.0990297794342041, 0.0969700813293457, 0.04112744331359863, 0.05743241310119629, 0.10312867164611816, 0.05744767189025879, 0.1025388240814209, 0.09872055053710938, 0.0441279411315918, 0.09987115859985352, 0.10179781913757324, 0.09910345077514648, 0.09868597984313965, 0.04064512252807617], [2.8326423168182373, 3.0701773166656494, 2.9215941429138184, 3.044795274734497, 2.599644660949707, 2.7850091457366943, 2.563282012939453, 2.978549003601074, 2.3650224208831787, 2.2409303188323975, 3.0423061847686768, 3.1329104900360107, 2.5862317085266113, 2.154794454574585, 3.128917694091797, 2.3993782997131348, 2.3179423809051514, 2.5898327827453613, 2.078087329864502, 2.2063663005828857, 2.4141221046447754, 2.4368221759796143, 2.3056015968322754, 1.957200288772583, 2.4042863845825195, 3.948695182800293, 2.488267660140991, 2.352905035018921, 2.3423092365264893, 3.705018997192383, 2.1413238048553467, 2.4637722969055176, 2.5211234092712402, 2.2979161739349365, 2.3204989433288574, 2.77821683883667, 3.246274948120117, 2.9591760635375977, 2.3699028491973877, 2.525517702102661, 2.424915313720703, 2.2741572856903076, 2.7788004875183105, 2.623567581176758, 2.206272602081299, 2.174168109893799, 2.6601130962371826, 2.3659827709198, 2.311699867248535, 2.1572318077087402, 2.374136447906494, 2.3334901332855225, 2.1080105304718018, 2.266538143157959, 2.4545984268188477, 2.890686273574829, 2.6752800941467285, 3.308671474456787, 3.390279769897461, 4.047215461730957, 2.53796648979187, 3.1820898056030273, 2.395256280899048, 3.066852569580078, 3.616849422454834, 3.2205309867858887, 2.540132999420166, 3.5274386405944824, 2.9721953868865967, 2.9280710220336914, 3.895057201385498, 2.440044403076172, 2.410824775695801, 