{"config": {"preseeding": true, "sat-polarity": false, "sat-polarity-initial": false, "postpone_opt": false, "postpone_opt_incr": false, "postpone_opt_greedy": false, "grow": true, "grow_sat": false, "grow_subset_maximal": false, "grow_maxsat": true, "maxsat_polarities": true, "grow_maxsat_full_pos": false, "grow_maxsat_full_inv": false, "grow_maxsat_full_unif": false, "grow_maxsat_initial_pos": false, "grow_maxsat_initial_inv": false, "grow_maxsat_initial_unif": false, "grow_maxsat_actual_pos": false, "grow_maxsat_actual_unif": true, "grow_maxsat_actual_inv": false, "timeout": 7200, "instance": "p20", "output": "/data/brussel/101/vsc10143/OUSResults/experiment5_qualitative/2021011613/20210116130028524549.json"}, "results": {"HS": [0, 11, 9, 6, 5, 7, 12, 5, 11, 4, 17, 2, 11, 5, 6, 1, 2, 1, 2, 2, 3, 2, 1, 6, 5, 1, 20, 7, 15, 7, 7, 2, 1, 2, 3, 4, 1, 17, 7, 1, 5, 19, 1, 1, 13, 1, 19, 2, 2, 3, 3, 3, 3, 2, 1, 9, 7, 3, 8, 2, 1, 1, 1, 12, 5, 6, 6, 4, 2, 2, 1, 1, 2, 1, 1, 7, 1, 2, 1, 10, 5, 13, 3, 3, 7, 2, 2, 1, 6, 5, 1, 2, 4, 1, 1, 1, 9, 1, 8, 2, 3, 1, 4, 3, 1, 1, 1, 1, 1, 8, 1, 1, 1, 3, 2, 1], "HS_greedy": [0, 0, 0, 0, 0, 0, 0, 0, 0, 0, 0, 0, 0, 0, 0, 0, 0, 0, 0, 0, 0, 0, 0, 0, 0, 0, 0, 0, 0, 0, 0, 0, 0, 0, 0, 0, 0, 0, 0, 0, 0, 0, 0, 0, 0, 0, 0, 0, 0, 0, 0, 0, 0, 0, 0, 0, 0, 0, 0, 0, 0, 0, 0, 0, 0, 0, 0, 0, 0, 0, 0, 0, 0, 0, 0, 0, 0, 0, 0, 0, 0, 0, 0, 0, 0, 0, 0, 0, 0, 0, 0, 0, 0, 0, 0, 0, 0, 0, 0, 0, 0, 0, 0, 0, 0, 0, 0, 0, 0, 0, 0, 0, 0, 0, 0, 0], "HS_incr": [0, 0, 0, 0, 0, 0, 0, 0, 0, 0, 0, 0, 0, 0, 0, 0, 0, 0, 0, 0, 0, 0, 0, 0, 0, 0, 0, 0, 0, 0, 0, 0, 0, 0, 0, 0, 0, 0, 0, 0, 0, 0, 0, 0, 0, 0, 0, 0, 0, 0, 0, 0, 0, 0, 0, 0, 0, 0, 0, 0, 0, 0, 0, 0, 0, 0, 0, 0, 0, 0, 0, 0, 0, 0, 0, 0, 0, 0, 0, 0, 0, 0, 0, 0, 0, 0, 0, 0, 0, 0, 0, 0, 0, 0, 0, 0, 0, 0, 0, 0, 0, 0, 0, 0, 0, 0, 0, 0, 0, 0, 0, 0, 0, 0, 0, 0], "HS-opt-time": [0, 0.1084744930267334, 0.2952430248260498, 0.3274204730987549, 0.1408860683441162, 0.21173691749572754, 1.100165843963623, 0.20547914505004883, 0.5207130908966064, 0.3502941131591797, 3.7355146408081055, 0.11943292617797852, 0.6180815696716309, 0.23018717765808105, 0.3695337772369385, 0.06865930557250977, 0.10996341705322266, 0.08213138580322266, 0.16008257865905762, 0.1682291030883789, 0.24393916130065918, 0.12908720970153809, 0.07205605506896973, 1.1442997455596924, 0.8867888450622559, 0.30345749855041504, 8.138688802719116, 1.9627244472503662, 6.113159656524658, 0.7862412929534912, 0.6161899566650391, 0.1656050682067871, 0.0956106185913086, 0.18631267547607422, 0.5728976726531982, 0.5635299682617188, 0.19603967666625977, 4.287885665893555, 0.811729907989502, 0.10885930061340332, 0.6987359523773193, 3.803312063217163, 0.14757132530212402, 0.13387203216552734, 4.708073854446411, 0.1508016586303711, 2.9794554710388184, 0.3219916820526123, 0.2869455814361572, 0.5888042449951172, 0.43466830253601074, 0.5683801174163818, 0.7720041275024414, 0.33888983726501465, 0.1503310203552246, 2.536181926727295, 1.1022355556488037, 0.566434383392334, 1.5180809497833252, 0.35964059829711914, 0.27051854133605957, 0.16408610343933105, 0.15957140922546387, 4.378108263015747, 0.9408302307128906, 1.2918119430541992, 1.6183884143829346, 1.0082087516784668, 0.5027072429656982, 0.40915918350219727, 0.24191904067993164, 0.2150270938873291, 0.3863062858581543, 0.23160386085510254, 0.1840229034423828, 1.8719136714935303, 0.20262551307678223, 0.39446210861206055, 0.21236348152160645, 1.8478260040283203, 0.6943402290344238, 1.8572962284088135, 0.5668814182281494, 0.4101738929748535, 1.1022436618804932, 0.30491161346435547, 0.28871726989746094, 0.15294694900512695, 1.0166890621185303, 0.7775697708129883, 0.1712172031402588, 0.349609375, 0.5884263515472412, 0.14188623428344727, 0.14790892601013184, 0.13943910598754883, 1.2789843082427979, 0.14754676818847656, 1.170912504196167, 0.3469555377960205, 0.4874119758605957, 0.1751997470855713, 0.6420552730560303, 0.43558382987976074, 0.1582632064819336, 0.15867161750793457, 0.16196513175964355, 0.36733222007751465, 0.1444845199584961, 1.251939296722412, 0.15931940078735352, 0.17456388473510742, 0.14279961585998535, 0.3920633792877197, 0.2744147777557373, 0.1297011375427246], "HS-postpone-time": [0, 0, 0, 0, 0, 0, 0, 0, 0, 0, 0, 0, 0, 0, 0, 0, 0, 0, 0, 0, 0, 0, 0, 0, 0, 0, 0, 0, 0, 0, 0, 0, 0, 0, 0, 0, 0, 0, 0, 0, 0, 0, 0, 0, 0, 0, 0, 0, 0, 0, 0, 0, 0, 0, 0, 0, 0, 0, 0, 0, 0, 0, 0, 0, 0, 0, 0, 0, 0, 0, 0, 0, 0, 0, 0, 0, 0, 0, 0, 0, 0, 0, 0, 0, 0, 0, 0, 0, 0, 0, 0, 0, 0, 0, 0, 0, 0, 0, 0, 0, 0, 0, 0, 0, 0, 0, 0, 0, 0, 0, 0, 0, 0, 0, 0, 0], "SAT-time": [0.058116912841796875, 0.022832632064819336, 0.016480207443237305, 0.011831283569335938, 0.008864879608154297, 0.013817071914672852, 0.02372431755065918, 0.0095062255859375, 0.020863771438598633, 0.0072901248931884766, 0.03561115264892578, 0.003309488296508789, 0.022517919540405273, 0.009995460510253906, 0.011525630950927734, 0.0015676021575927734, 0.0026993751525878906, 0.0015835762023925781, 0.0026674270629882812, 0.0034208297729492188, 0.0049016475677490234, 0.0035245418548583984, 0.0005602836608886719, 0.0131072998046875, 0.01053619384765625, 0.0019736289978027344, 0.04560542106628418, 0.015297651290893555, 0.03423953056335449, 0.01540994644165039, 0.01491856575012207, 0.0038301944732666016, 0.0005941390991210938, 0.0038673877716064453, 0.005154132843017578, 0.009047985076904297, 0.0005979537963867188, 0.041700124740600586, 0.015195131301879883, 0.001676797866821289, 0.010264396667480469, 0.04692578315734863, 0.0006008148193359375, 0.0017242431640625, 0.030070781707763672, 0.0016493797302246094, 0.04444098472595215, 0.00401759147644043, 0.003184795379638672, 0.006449460983276367, 0.0055124759674072266, 0.006551265716552734, 0.005347728729248047, 0.0040857791900634766, 0.0006356239318847656, 0.022006750106811523, 0.01613140106201172, 0.0068361759185791016, 0.0185701847076416, 0.003951072692871094, 0.0006811618804931641, 0.0017788410186767578, 0.0006473064422607422, 0.03107476234436035, 0.011226177215576172, 0.014900922775268555, 0.013340473175048828, 0.00951242446899414, 0.0032224655151367188, 0.004270792007446289, 0.0006146430969238281, 0.001735687255859375, 0.003194093704223633, 0.0018186569213867188, 0.0006039142608642578, 0.01783442497253418, 0.0006725788116455078, 0.004281044006347656, 0.0006768703460693359, 0.025935888290405273, 0.011481523513793945, 0.03415727615356445, 0.0059337615966796875, 0.006995439529418945, 0.016727924346923828, 0.0041086673736572266, 0.0032389163970947266, 0.0017919540405273438, 0.014065265655517578, 0.012550830841064453, 0.0006854534149169922, 0.0042934417724609375, 0.008427619934082031, 0.001901865005493164, 0.0006916522979736328, 0.0018401145935058594, 0.02205371856689453, 0.0018732547760009766, 0.019872426986694336, 0.004370927810668945, 0.006215333938598633, 0.0019314289093017578, 0.009205102920532227, 0.007212400436401367, 0.0006990432739257812, 0.0018305778503417969, 0.0006690025329589844, 0.0018496513366699219, 0.0006833076477050781, 0.021269798278808594, 0.0006861686706542969, 0.0019068717956542969, 0.0006887912750244141, 0.0071446895599365234, 0.003422975540161133, 0.0018961429595947266],