{"config": {"preseeding": false, "sat-polarity": true, "sat-polarity-initial": false, "postpone_opt": true, "postpone_opt_incr": true, "postpone_opt_greedy": false, "grow": true, "grow_sat": false, "grow_subset_maximal": false, "grow_maxsat": true, "maxsat_polarities": true, "grow_maxsat_full_pos": false, "grow_maxsat_full_inv": false, "grow_maxsat_full_unif": false, "grow_maxsat_initial_pos": false, "grow_maxsat_initial_inv": false, "grow_maxsat_initial_unif": false, "grow_maxsat_actual_pos": false, "grow_maxsat_actual_unif": false, "grow_maxsat_actual_inv": true, "timeout": 7200, "instance": "origin-problem", "output": "/data/brussel/101/vsc10143/OUSResults/experiment6_cous/2021011521/20210115212743786367.json"}, "results": {"HS": [0, 11, 0, 12, 0, 13, 0, 13, 0, 17, 0, 12, 0, 12, 0, 14, 0, 12, 0, 15, 0, 11, 0, 15, 0, 14, 0, 30, 0, 15, 0, 13, 0, 37, 0, 30, 0, 30, 0, 40, 0, 33, 0, 32, 0, 19, 0, 30, 0, 29, 0, 5], "HS_greedy": [0, 0, 0, 0, 0, 0, 0, 0, 0, 0, 0, 0, 0, 0, 0, 0, 0, 0, 0, 0, 0, 0, 0, 0, 0, 0, 0, 0, 0, 0, 0, 0, 0, 0, 0, 0, 0, 0, 0, 0, 0, 0, 0, 0, 0, 0, 0, 0, 0, 0, 0, 0], "HS_incr": [0, 186, 0, 207, 0, 215, 0, 232, 0, 262, 0, 190, 0, 208, 0, 222, 0, 178, 0, 257, 0, 148, 0, 239, 0, 195, 0, 347, 0, 229, 0, 199, 0, 453, 0, 386, 0, 392, 0, 493, 0, 382, 0, 387, 0, 211, 0, 384, 0, 343, 0, 67], "HS-opt-time": [0, 0.5518174171447754, 0, 0.7600111961364746, 0, 0.7602829933166504, 0, 0.5320987701416016, 0, 1.3560097217559814, 0, 0.5338835716247559, 0, 0.7391359806060791, 0, 0.7888844013214111, 0, 0.5433785915374756, 0, 1.7716848850250244, 0, 0.30393099784851074, 0, 1.1926724910736084, 0, 1.4053003787994385, 0, 21.10037899017334, 0, 0.5850536823272705, 0, 0.5507795810699463, 0, 40.316741943359375, 0, 18.689616680145264, 0, 18.569721221923828, 0, 35.47742033004761, 0, 17.382631063461304, 0, 18.65737009048462, 0, 2.9826273918151855, 0, 25.862019777297974, 0, 19.503313302993774, 0, 0.013752460479736328], "HS-postpone-time": [0, 0.008473396301269531, 0, 0.009377717971801758, 0, 0.010025739669799805, 0, 0.010789871215820312, 0, 0.012426614761352539, 0, 0.009043455123901367, 0, 0.009262800216674805, 0, 0.010355949401855469, 0, 0.008352279663085938, 0, 0.012149810791015625, 0, 0.0068302154541015625, 0, 0.011002302169799805, 0, 0.00910329818725586, 0, 0.01579594612121582, 0, 0.010285615921020508, 0, 0.008847713470458984, 0, 0.020487070083618164, 0, 0.016971588134765625, 0, 0.017963409423828125, 0, 0.02234363555908203, 0, 0.017903566360473633, 0, 0.016959667205810547, 0, 0.008792877197265625, 0, 0.01741313934326172, 0, 0.017661094665527344, 0, 0.0032796859741210938], "SAT-time": [0, 0.552692174911499, 0, 0.6232714653015137, 0, 0.6586685180664062, 0, 0.7108352184295654, 0, 0.8000609874725342, 0, 0.5828733444213867, 0, 0.6332390308380127, 0, 0.6962141990661621, 0, 0.5503952503204346, 0, 0.8085207939147949, 0, 0.4649016857147217, 0, 0.7532908916473389, 0, 0.6144254207611084, 0, 1.087507963180542, 0, 0.7056827545166016, 0, 0.6153724193572998, 0, 1.4157719612121582, 0, 1.2155475616455078, 0, 1.2534475326538086, 0, 1.5931713581085205, 0, 1.244295597076416, 0, 1.2794933319091797, 0, 0.7085299491882324, 0, 1.4149646759033203, 0, 1.5308456420898438, 0, 0.3104684352874756], "grow-time": [0, 21.5847487449646, 0, 25.598299503326416, 0, 27.37059473991394, 0, 38.39703607559204, 0, 52.53883647918701, 0, 31.677499055862427, 0, 48.34593105316162, 0, 31.55790662765503, 0, 80.9495255947113, 0, 52.81656885147095, 0, 22.066812753677368, 0, 156.49725794792175, 0, 65.35163283348083, 0, 213.13235092163086, 0, 44.65059232711792, 0, 41.32931566238403, 0, 1371.4208273887634, 0, 174.36578130722046, 0, 816.0109872817993, 0, 1197.2390089035034, 0, 553.1673390865326, 0, 220.42738246917725, 0, 46.638081789016724, 0, 806.1275007724762, 0, 770.5123236179352, 0, 14.426623582839966], "#expl": 25, "expl_seq": [{"constraints": [10153], "derived": [-8478, -8477], "cost": 100}, {"constraints": [10150], "derived": [8468], "cost": 100}, {"constraints": [8616, 8468], "derived": [-8464, -8467, -8466, -8465], "cost": 61}, {"constraints": [8468, 8614], "derived": [-8488, -8483, -8473], "cost": 61}, {"constraints": [10157], "derived": [-8563], "cost": 100}, {"constraints": [8643, 8468, -8563], "derived": [-8493], "cost": 62}, {"constraints": [10159], "derived": [-8490], "cost": 100}, {"constraints": [8642, 8468, -8490], "derived": [-8560], "cost": 62}, {"constraints": [10152], "derived": [-8567], "cost": 100}, {"constraints": [10156, -8490], "derived": [-8515], "cost": 101}, {"constraints": [8468, -8515, 8639], "derived": [-8585], "cost": 62}, {"constraints": [-8477, 10157], "derived": [-8553], "cost": 101}, {"constraints": [-8478, 10157], "derived": [-8558], "cost": 101}, {"constraints": [8624, 8619, 10159], "derived": [-8517, -8514], "cost": 220}, {"constraints": [8468, -8514, 8639], "derived": [-8584], "cost": 62}, {"constraints": [-8517, 8468, 8639], "derived": [-8587], "cost": 62}, {"constraints": [10154, 8645, 8623], "derived": [-8603], "cost": 220}, {"constraints": [8645, 10158, 8623], "derived": [-8608], "cost": 220}, {"constraints": [8642, 10155, 8615], "derived": [-8552], "cost": 220}, {"constraints": [8617, 8643, 10157], "derived": [-8503], "cost": 220}, {"constraints": [8616, 8627, 10157], "derived": [-8474], "cost": 220}, {"constraints": [10153, 8617, 8630], "derived": [-8566, -8571], "cost": 220}, {"constraints": [-8571, 8647, -8566, -8563, -8558, 8627, -8553], "derived": [-8611], "cost": 125}, {"constraints": [10152, 8617, 8640], "derived": [-8522], "cost": 220}, {"constraints": [10153, 8617, 8638], "derived": [-8526], "cost": 220}], "OUS-time": [0, 22.976009845733643, 0, 27.307174921035767, 0, 29.1264431476593, 0, 39.99435615539551, 0, 55.08510231971741, 0, 33.0749945640564, 0, 50.02487063407898, 0, 33.3694486618042, 0, 82.30647253990173, 0, 55.771767377853394, 0, 23.049935579299927, 0, 158.79251623153687, 0, 67.6518087387085, 0, 235.81587719917297, 0, 46.25758719444275, 0, 42.77063751220703, 0, 1413.7886533737183, 0, 194.80449318885803, 0, 836.376785993576, 0, 1234.9870295524597, 0, 572.3192019462585, 0, 240.8965494632721, 0, 50.61582159996033, 0, 833.9640810489655, 0, 792.1213545799255, 0, 0], "timeout": true}}