{"config": {"preseeding": false, "sat-polarity": true, "sat-polarity-initial": false, "postpone_opt": true, "postpone_opt_incr": true, "postpone_opt_greedy": true, "grow": true, "grow_sat": false, "grow_subset_maximal": false, "grow_maxsat": true, "maxsat_polarities": true, "grow_maxsat_full_pos": false, "grow_maxsat_full_inv": false, "grow_maxsat_full_unif": false, "grow_maxsat_initial_pos": true, "grow_maxsat_initial_inv": false, "grow_maxsat_initial_unif": false, "grow_maxsat_actual_pos": false, "grow_maxsat_actual_unif": false, "grow_maxsat_actual_inv": false, "timeout": 7200, "instance": "origin-problem", "output": "/data/brussel/101/vsc10143/OUSResults/experiment6_cous/2021011521/20210115212743786505.json"}, "results": {"HS": [0, 2, 0, 2, 0, 3, 0, 2, 0, 1], "HS_greedy": [0, 17, 0, 20, 0, 21, 0, 25, 0, 51], "HS_incr": [0, 317, 0, 508, 0, 449, 0, 587, 0, 1257], "HS-opt-time": [0, 0.32816481590270996, 0, 0.8996391296386719, 0, 0.8215973377227783, 0, 1.167635440826416, 0, 0.0011696815490722656], "HS-postpone-time": [0, 0.09810853004455566, 0, 0.17651772499084473, 0, 0.15657782554626465, 0, 0.2479722499847412, 0, 0.9724750518798828], "SAT-time": [0, 1.9503586292266846, 0, 3.158352851867676, 0, 2.7884933948516846, 0, 3.541921854019165, 0, 6.642740488052368], "grow-time": [0, 49.26609563827515, 0, 440.191899061203, 0, 792.2245309352875, 0, 1960.4807591438293, 0, 3846.748120546341], "#expl": 4, "expl_seq": [{"constraints": [18615], "derived": [-17030], "cost": 100}, {"constraints": [18622], "derived": [-16953], "cost": 100}, {"constraints": [18616], "derived": [-16941, -16940], "cost": 100}, {"constraints": [18620], "derived": [-17026], "cost": 100}], "OUS-time": [0, 52.313729763031006, 0, 445.5145754814148, 0, 796.9613809585571, 0, 1966.6918523311615, 0, 0], "timeout": true}}