{"config": {"preseeding": false, "sat-polarity": true, "sat-polarity-initial": false, "postpone_opt": true, "postpone_opt_incr": true, "postpone_opt_greedy": true, "grow": true, "grow_sat": false, "grow_subset_maximal": false, "grow_maxsat": true, "maxsat_polarities": true, "grow_maxsat_full_pos": false, "grow_maxsat_full_inv": false, "grow_maxsat_full_unif": false, "grow_maxsat_initial_pos": false, "grow_maxsat_initial_inv": false, "grow_maxsat_initial_unif": false, "grow_maxsat_actual_pos": false, "grow_maxsat_actual_unif": true, "grow_maxsat_actual_inv": false, "timeout": 7200, "instance": "origin-problem", "output": "/data/brussel/101/vsc10143/OUSResults/experiment6_cous/2021011521/20210115212743786542.json"}, "results": {"HS": [0, 4, 0, 2, 0, 2, 0, 2, 0, 2, 0, 2, 0, 2, 0, 2, 0, 2, 0, 2, 0, 2, 0, 2, 0, 2, 0, 4, 0, 6, 0, 2, 0, 2, 0, 8, 0, 8, 0, 7, 0, 6, 0, 5, 0, 6, 0, 8, 0, 3, 0, 9, 0, 9, 0, 3, 0, 5, 0, 2, 0, 2, 0, 1], "HS_greedy": [0, 11, 0, 18, 0, 17, 0, 68, 0, 72, 0, 84, 0, 60, 0, 78, 0, 70, 0, 71, 0, 78, 0, 67, 0, 95, 0, 81, 0, 62, 0, 87, 0, 47, 0, 71, 0, 84, 0, 85, 0, 77, 0, 78, 0, 89, 0, 72, 0, 62, 0, 70, 0, 88, 0, 43, 0, 70, 0, 80, 0, 80, 0, 14], "HS_incr": [0, 176, 0, 442, 0, 325, 0, 1700, 0, 1924, 0, 2138, 0, 1542, 0, 1853, 0, 1737, 0, 1535, 0, 1901, 0, 1623, 0, 2190, 0, 1796, 0, 1405, 0, 2059, 0, 1155, 0, 1445, 0, 1815, 0, 1839, 0, 1742, 0, 1627, 0, 1739, 0, 1408, 0, 1249, 0, 1444, 0, 1790, 0, 849, 0, 1426, 0, 1621, 0, 1586, 0, 217], "HS-opt-time": [0, 0.40625977516174316, 0, 0.6820545196533203, 0, 0.30594587326049805, 0, 6.368831157684326, 0, 9.418528079986572, 0, 7.539483308792114, 0, 5.414157152175903, 0, 6.768899202346802, 0, 7.634419918060303, 0, 5.693420648574829, 0, 7.284273386001587, 0, 4.795196056365967, 0, 10.151650667190552, 0, 53.035428047180176, 0, 52.13639259338379, 0, 6.223757028579712, 0, 2.7747268676757812, 0, 63.96638107299805, 0, 110.13796138763428, 0, 81.83255815505981, 0, 64.06601428985596, 0, 53.29998731613159, 0, 70.23172688484192, 0, 58.512983322143555, 0, 8.260738849639893, 0, 109.83394742012024, 0, 108.32732272148132, 0, 7.616924047470093, 0, 42.23176026344299, 0, 5.218970775604248, 0, 3.471273183822632, 0, 0.0009822845458984375], "HS-postpone-time": [0, 0.04212641716003418, 0, 0.1358199119567871, 0, 0.0872042179107666, 0, 1.9072787761688232, 0, 2.150775194168091, 0, 2.7835171222686768, 0, 1.4151356220245361, 0, 2.245198965072632, 0, 1.9319846630096436, 0, 1.7013356685638428, 0, 2.2340826988220215, 0, 1.6062006950378418, 0, 3.0303008556365967, 0, 2.1404476165771484, 0, 1.232149362564087, 0, 2.5646212100982666, 0, 0.7338376045227051, 0, 1.5462079048156738, 0, 2.232506513595581, 0, 2.263808250427246, 0, 1.8896870613098145, 0, 1.7327935695648193, 0, 2.1569955348968506, 0, 1.3866183757781982, 0, 1.0344593524932861, 0, 1.3825783729553223, 0, 2.0869667530059814, 0, 0.48267674446105957, 0, 1.238630771636963, 0, 1.5877883434295654, 0, 1.5921754837036133, 0, 0.04257655143737793], "SAT-time": [0, 0.8388607501983643, 0, 2.155487298965454, 0, 1.5761044025421143, 0, 8.371392965316772, 0, 9.446156024932861, 0, 10.589856624603271, 0, 7.626529693603516, 0, 9.218135833740234, 0, 8.69473648071289, 0, 7.708446502685547, 0, 9.554502964019775, 0, 8.227189302444458, 0, 11.054383754730225, 0, 9.388158082962036, 0, 7.343494653701782, 0, 10.685413360595703, 0, 5.945870637893677, 0, 7.432538747787476, 0, 9.527552366256714, 0, 9.832162857055664, 0, 9.206126689910889, 0, 8.444090127944946, 0, 9.152660608291626, 0, 7.349318265914917, 0, 6.655529499053955, 0, 7.669424057006836, 0, 9.515372037887573, 0, 4.469031810760498, 0, 7.481213569641113, 0, 8.629752159118652, 0, 8.441534280776978, 0, 1.1516027450561523], "grow-time": [0, 20.222602128982544, 0, 50.3433198928833, 0, 36.763556480407715, 0, 202.78581142425537, 0, 230.84332633018494, 0, 260.0793225765228, 0, 187.38434195518494, 0, 223.2178566455841, 0, 206.68497347831726, 0, 186.76126527786255, 0, 232.83159518241882, 0, 198.41880893707275, 0, 269.5051188468933, 0, 224.9094865322113, 0, 173.51949763298035, 0, 254.11128497123718, 0, 141.54555869102478, 0, 177.29585576057434, 0, 231.00711345672607, 0, 232.10906410217285, 0, 215.50760436058044, 0, 202.99181842803955, 0, 217.08021092414856, 0, 174.99592423439026, 0, 155.79268789291382, 0, 180.56962418556213, 0, 232.88133311271667, 0, 104.06207847595215, 0, 172.92298984527588, 0, 201.5590898990631, 0, 201.04695558547974, 0, 25.359237670898438], "#expl": 31, "expl_seq": [{"constraints": [18620], "derived": [-17026], "cost": 100}, {"constraints": [18615], "derived": [-17030], "cost": 100}, {"constraints": [18616], "derived": [-16941, -16940], "cost": 100}, {"constraints": [18622], "derived": [-16953], "cost": 100}, {"constraints": [18613], "derived": [16931], "cost": 100}, {"constraints": [16931, 17079], "derived": [-16928, -16927, -16930, -16929], "cost": 61}, {"constraints": [16931, 17077], "derived": [-16936, -16951, -16946], "cost": 61}, {"constraints": [17105, 16931, -16953], "derived": [-17023], "cost": 62}, {"constraints": [17106, 16931, -17026], "derived": [-16956], "cost": 62}, {"constraints": [-16941, 18620], "derived": [-17021], "cost": 101}, {"constraints": [18619, -16953], "derived": [-16978], "cost": 101}, {"constraints": [16931, 17102, -16978], "derived": [-17048], "cost": 62}, {"constraints": [-16940, 18620], "derived": [-17016], "cost": 101}, {"constraints": [17082, 17107, 18621], "derived": [-17071], "cost": 220}, {"constraints": [17082, 18622, 17087], "derived": [-16980, -16977], "cost": 220}, {"constraints": [16931, -16980, 17102], "derived": [-17050], "cost": 62}, {"constraints": [16931, 17102, -16977], "derived": [-17047], "cost": 62}, {"constraints": [17104, 17082, 18618], "derived": [-17015], "cost": 220}, {"constraints": [17103, 17094, 18615], "derived": [-16985], "cost": 220}, {"constraints": [17090, 17106, 18620], "derived": [-16966], "cost": 220}, {"constraints": [18617, 17108, 17086], "derived": [-17066], "cost": 220}, {"constraints": [17090, 18620, 17079], "derived": [-16937], "cost": 220}, {"constraints": [17080, 17101, 18616], "derived": [-16989], "cost": 220}, {"constraints": [17080, 17093, 18616], "derived": [-17029, -17034], "cost": 220}, {"constraints": [-17021, 17094, -17016, -17034, 17111, -17029, -17026], "derived": [-17074], "cost": 125}, {"constraints": [18615, 17094, -17050, 17079], "derived": [-16935], "cost": 221}, {"constraints": [17080, 17093, 18616, -16937], "derived": [-17039], "cost": 221}, {"constraints": [17094, 17101, -17039, -17034, -16936, -16935, -17029], "derived": [-16984], "cost": 125}, {"constraints": [18619, 18622, 17087], "derived": [-16983, -16998, -16988], "cost": 260}, {"constraints": [-16988, -16983, -16978, -16998, 17086], "derived": [16993], "cost": 64}, {"constraints": [16993, 17087], "derived": [-16992, -16996, -16995, -16994], "cost": 61}], "OUS-time": [0, 21.831446886062622, 0, 54.14263033866882, 0, 39.33365321159363, 0, 222.60909748077393, 0, 255.43998193740845, 0, 284.98772263526917, 0, 204.65133929252625, 0, 244.82320022583008, 0, 228.07288694381714, 0, 204.6155390739441, 0, 255.29308223724365, 0, 215.96172642707825, 0, 297.6509327888489, 0, 292.7726345062256, 0, 236.79518365859985, 0, 277.2293789386749, 0, 153.0451819896698, 0, 252.78157782554626, 0, 356.1150357723236, 0, 329.27896881103516, 0, 293.68738174438477, 0, 269.25576734542847, 0, 301.61647844314575, 0, 244.65623378753662, 0, 173.88907313346863, 0, 301.9434208869934, 0, 355.88292241096497, 0, 118.06884407997131, 0, 226.27677416801453, 0, 219.6995391845703, 0, 217.1958131790161, 0, 0], "timeout": true}}