{"config": {"preseeding": false, "sat-polarity": true, "sat-polarity-initial": false, "postpone_opt": true, "postpone_opt_incr": true, "postpone_opt_greedy": false, "grow": true, "grow_sat": false, "grow_subset_maximal": false, "grow_maxsat": true, "maxsat_polarities": true, "grow_maxsat_full_pos": true, "grow_maxsat_full_inv": false, "grow_maxsat_full_unif": false, "grow_maxsat_initial_pos": false, "grow_maxsat_initial_inv": false, "grow_maxsat_initial_unif": false, "grow_maxsat_actual_pos": false, "grow_maxsat_actual_unif": false, "grow_maxsat_actual_inv": false, "timeout": 7200, "instance": "origin-problem", "output": "/data/brussel/101/vsc10143/OUSResults/experiment6_cous/2021011521/20210115212743786210.json"}, "results": {"HS": [0, 14, 0, 12, 0, 15, 0, 3], "HS_greedy": [0, 0, 0, 0, 0, 0, 0, 0], "HS_incr": [0, 305, 0, 303, 0, 298, 0, 58], "HS-opt-time": [0, 1.1049582958221436, 0, 0.5010225772857666, 0, 0.9016246795654297, 0, 0.005466938018798828], "HS-postpone-time": [0, 0.013482093811035156, 0, 0.014081716537475586, 0, 0.014201641082763672, 0, 0.0026929378509521484], "SAT-time": [0, 0.6206173896789551, 0, 0.6099951267242432, 0, 0.5802912712097168, 0, 0.11012578010559082], "grow-time": [0, 2961.3650975227356, 0, 2396.4828214645386, 0, 1703.1061868667603, 0, 118.91910934448242], "#expl": 3, "expl_seq": [{"constraints": [1690], "derived": [-15, -14], "cost": 100}, {"constraints": [1696], "derived": [-27], "cost": 100}, {"constraints": [1694], "derived": [-100], "cost": 100}], "OUS-time": [0, 2963.506601333618, 0, 2397.995155096054, 0, 1704.991585969925, 0, 0], "timeout": true}}