{"config": {"preseeding": true, "sat-polarity": true, "sat-polarity-initial": false, "postpone_opt": true, "postpone_opt_incr": true, "postpone_opt_greedy": true, "grow": true, "grow_sat": false, "grow_subset_maximal": false, "grow_maxsat": true, "maxsat_polarities": true, "grow_maxsat_full_pos": false, "grow_maxsat_full_inv": false, "grow_maxsat_full_unif": false, "grow_maxsat_initial_pos": false, "grow_maxsat_initial_inv": false, "grow_maxsat_initial_unif": true, "grow_maxsat_actual_pos": false, "grow_maxsat_actual_unif": false, "grow_maxsat_actual_inv": false, "timeout": 7200, "instance": "origin-problem", "output": "/data/brussel/101/vsc10143/OUSResults/experiment6_cous/2021011521/20210115212743787635.json"}, "results": {"HS": [0, 2, 0, 2, 0, 2, 0, 2, 0, 2, 0, 2, 0, 2, 0, 2, 0, 2, 0, 2, 0, 2, 0, 2, 0, 2, 0, 6, 0, 2, 0, 2, 0, 6, 0, 3, 0, 6, 0, 2, 0, 4, 0, 2, 0, 3, 0, 8, 0, 4, 0, 3, 0, 5, 0, 1], "HS_greedy": [0, 12, 0, 24, 0, 27, 0, 43, 0, 75, 0, 70, 0, 79, 0, 79, 0, 81, 0, 75, 0, 62, 0, 46, 0, 67, 0, 43, 0, 64, 0, 82, 0, 57, 0, 100, 0, 93, 0, 99, 0, 95, 0, 86, 0, 81, 0, 99, 0, 71, 0, 100, 0, 76, 0, 25], "HS_incr": [0, 229, 0, 588, 0, 612, 0, 1126, 0, 1875, 0, 1785, 0, 1989, 0, 1919, 0, 1937, 0, 1818, 0, 1426, 0, 993, 0, 1512, 0, 888, 0, 1246, 0, 1724, 0, 1076, 0, 2102, 0, 1986, 0, 2211, 0, 1768, 0, 1608, 0, 1422, 0, 1917, 0, 1476, 0, 2094, 0, 1317, 0, 462], "HS-opt-time": [0, 0.2267472743988037, 0, 1.2070610523223877, 0, 1.1703531742095947, 0, 4.264934778213501, 0, 7.910906076431274, 0, 7.1979053020477295, 0, 7.914241313934326, 0, 6.265974044799805, 0, 7.073388338088989, 0, 7.387631893157959, 0, 4.27562141418457, 0, 3.405064344406128, 0, 11.936392545700073, 0, 26.161542654037476, 0, 3.7369751930236816, 0, 5.090398788452148, 0, 32.96206521987915, 0, 54.81065082550049, 0, 120.74884057044983, 0, 26.455796480178833, 0, 42.52730321884155, 0, 14.528762817382812, 0, 8.881361961364746, 0, 105.03517818450928, 0, 29.206520795822144, 0, 49.868449211120605, 0, 36.45419120788574, 0, 0.002873659133911133], "HS-postpone-time": [0, 0.05063343048095703, 0, 0.22355866432189941, 0, 0.25095653533935547, 0, 0.7128479480743408, 0, 2.1777243614196777, 0, 1.8922502994537354, 0, 2.4381110668182373, 0, 2.3258590698242188, 0, 2.409712314605713, 0, 2.0156185626983643, 0, 1.2884852886199951, 0, 0.660233736038208, 0, 1.469508409500122, 0, 0.5505080223083496, 0, 1.1294128894805908, 0, 2.0171220302581787, 0, 0.8792810440063477, 0, 2.924762487411499, 0, 2.5692689418792725, 0, 3.046715021133423, 0, 2.418288230895996, 0, 1.7956745624542236, 0, 1.551490306854248, 0, 2.6768219470977783, 0, 1.3489100933074951, 0, 2.7578814029693604, 0, 1.3255937099456787, 0, 0.15470647811889648], "SAT-time": [0.15556740760803223, 1.613508939743042, 0.20304608345031738, 4.4912190437316895, 0.20569801330566406, 4.665166139602661, 0.2006242275238037, 8.672961235046387, 0.2157442569732666, 14.67154574394226, 0.19819998741149902, 14.016880512237549, 0.1935567855834961, 15.894196033477783, 0.20033001899719238, 15.303161859512329, 0.21016383171081543, 15.511829376220703, 0.20960688591003418, 14.433136701583862, 0.20603156089782715, 11.409396648406982, 0.20122957229614258, 7.889129400253296, 0.1955089569091797, 12.120553493499756, 0.20627546310424805, 7.144553184509277, 0.2131204605102539, 10.290343761444092, 0.20856738090515137, 14.061279058456421, 0.190995454788208, 8.721234798431396, 0.18847274780273438, 17.282055139541626, 0.18976330757141113, 16.258281469345093, 0.17572522163391113, 18.17351245880127, 0.1772465705871582, 14.562165260314941, 0.17460179328918457, 13.397087812423706, 0.18404936790466309, 11.922316789627075, 0.16841673851013184, 15.704653978347778, 0.1516427993774414, 11.809269666671753, 0.15327906608581543, 16.707381010055542, 0.15762615203857422, 10.630162715911865, 0.16176486015319824, 3.75866961479187], "grow-time": [3.300313949584961, 30.634392976760864, 3.6380462646484375, 80.82336163520813, 3.5745906829833984, 84.44138813018799, 3.457969903945923, 159.9048888683319, 3.694866895675659, 270.6882221698761, 3.344775438308716, 258.2462329864502, 3.255113124847412, 294.1003215312958, 3.387172222137451, 278.88715529441833, 3.5833473205566406, 282.358256816864, 3.548130750656128, 264.26804304122925, 3.459284782409668, 208.1109321117401, 3.418473720550537, 143.00025033950806, 3.2981069087982178, 222.37790632247925, 3.4321529865264893, 129.79305052757263, 3.4235246181488037, 180.16247630119324, 3.4529800415039062, 251.0336754322052, 3.174466371536255, 156.00862574577332, 3.0927608013153076, 308.0752782821655, 3.0817956924438477, 292.5303404331207, 2.8948307037353516, 322.96560049057007, 2.9063618183135986, 258.2543959617615, 2.8334085941314697, 236.31210589408875, 2.94033145904541, 207.90960812568665, 2.7696096897125244, 281.3896162509918, 2.498875617980957, 215.00103330612183, 2.5035722255706787, 305.34001898765564, 2.650688886642456, 191.66744875907898, 2.615974187850952, 64.08159470558167], "#expl": 27, "expl_seq": [{"constraints": [35546], "derived": [-33952], "cost": 100}, {"constraints": [35541], "derived": [-33956], "cost": 100}, {"constraints": [35542], "derived": [-33867, -33866], "cost": 100}, {"constraints": [35548], "derived": [-33879], "cost": 100}, {"constraints": [35539], "derived": [33857], "cost": 100}, {"constraints": [33857, 34005], "derived": [-33856, -33855, -33854, -33853], "cost": 61}, {"constraints": [33857, 34003], "derived": [-33872, -33862, -33877], "cost": 61}, {"constraints": [34032, 33857, -33952], "derived": [-33882], "cost": 62}, {"constraints": [33857, -33879, 34031], "derived": [-33949], "cost": 62}, {"constraints": [35545, -33879], "derived": [-33904], "cost": 101}, {"constraints": [-33904, 33857, 34028], "derived": [-33974], "cost": 62}, {"constraints": [35546, -33866], "derived": [-33942], "cost": 101}, {"constraints": [35546, -33867], "derived": [-33947], "cost": 101}, {"constraints": [34008, 35548, 34013], "derived": [-33903, -33906], "cost": 220}, {"constraints": [33857, -33903, 34028], "derived": [-33973], "cost": 62}, {"constraints": [33857, 34028, -33906], "derived": [-33976], "cost": 62}, {"constraints": [34034, 34012, 35543], "derived": [-33992], "cost": 220}, {"constraints": [35544, 34030, 34008], "derived": [-33941], "cost": 220}, {"constraints": [34016, 35546, 34032], "derived": [-33892], "cost": 220}, {"constraints": [34008, 34033, 35547], "derived": [-33997], "cost": 220}, {"constraints": [34029, 35541, 34006], "derived": [-33911], "cost": 220}, {"constraints": [34019, 35542, 34006], "derived": [-33960, -33955], "cost": 220}, {"constraints": [-33952, 34020, -33947, -33942, 34037, -33960, -33955], "derived": [-34000], "cost": 125}, {"constraints": [34027, 35542, 34006], "derived": [-33915], "cost": 220}, {"constraints": [34016, 35546, 34005], "derived": [-33863], "cost": 220}, {"constraints": [-33863, 34019, 35542, 34006], "derived": [-33965], "cost": 221}, {"constraints": [-33976, 35541, 34020, 34005], "derived": [-33861], "cost": 221}], "OUS-time": [0, 33.01588726043701, 0, 88.07270622253418, 0, 91.91170263290405, 0, 176.13658356666565, 0, 299.7587616443634, 0, 285.4615201950073, 0, 324.9602401256561, 0, 307.18294072151184, 0, 311.8102536201477, 0, 292.2696177959442, 0, 228.3551938533783, 0, 157.20958161354065, 0, 251.31039786338806, 0, 165.65140581130981, 0, 198.14276003837585, 0, 276.04995560646057, 0, 200.96459364891052, 0, 387.7962532043457, 0, 436.5124888420105, 0, 375.56270599365234, 0, 321.6907386779785, 0, 269.61411476135254, 0, 233.4069366455078, 0, 408.9627161026001, 0, 260.55915570259094, 0, 379.1651918888092, 0, 242.90244913101196, 0, 0], "timeout": true}}