{"config": {"preseeding": false, "sat-polarity": true, "sat-polarity-initial": true, "postpone_opt": true, "postpone_opt_incr": true, "postpone_opt_greedy": true, "grow": true, "grow_sat": false, "grow_subset_maximal": false, "grow_maxsat": true, "maxsat_polarities": true, "grow_maxsat_full_pos": false, "grow_maxsat_full_inv": false, "grow_maxsat_full_unif": false, "grow_maxsat_initial_pos": false, "grow_maxsat_initial_inv": true, "grow_maxsat_initial_unif": false, "grow_maxsat_actual_pos": false, "grow_maxsat_actual_unif": false, "grow_maxsat_actual_inv": false, "timeout": 7200, "instance": "origin-problem", "output": "/data/brussel/101/vsc10143/OUSResults/experiment6_cous/2021011521/20210115212743786702.json"}, "results": {"HS": [0, 2, 0, 4, 0, 2, 0, 4, 0, 3, 0, 2, 0, 2, 0, 2, 0, 2, 0, 2, 0, 2, 0, 3, 0, 1], "HS_greedy": [0, 13, 0, 17, 0, 22, 0, 19, 0, 13, 0, 23, 0, 79, 0, 57, 0, 64, 0, 67, 0, 59, 0, 57, 0, 21], "HS_incr": [0, 320, 0, 436, 0, 610, 0, 471, 0, 279, 0, 631, 0, 2254, 0, 1526, 0, 1742, 0, 1794, 0, 1579, 0, 1568, 0, 544], "HS-opt-time": [0, 0.2191295623779297, 0, 0.8956804275512695, 0, 0.9320862293243408, 0, 1.3622369766235352, 0, 0.3784060478210449, 0, 0.9327940940856934, 0, 15.423127174377441, 0, 7.075185060501099, 0, 10.859209299087524, 0, 10.38589072227478, 0, 8.624696016311646, 0, 13.050344467163086, 0, 0.0011181831359863281], "HS-postpone-time": [0, 0.07483172416687012, 0, 0.1292717456817627, 0, 0.2113325595855713, 0, 0.15541458129882812, 0, 0.06767392158508301, 0, 0.2232205867767334, 0, 3.0411553382873535, 0, 1.4959614276885986, 0, 1.9162094593048096, 0, 1.9828860759735107, 0, 1.5432777404785156, 0, 1.4466488361358643, 0, 0.18554353713989258], "SAT-time": [0, 1.9818289279937744, 0, 2.7903242111206055, 0, 3.984902858734131, 0, 3.0266616344451904, 0, 1.8289031982421875, 0, 4.1540937423706055, 0, 16.91198968887329, 0, 13.949588060379028, 0, 15.632980108261108, 0, 16.47939372062683, 0, 14.520052671432495, 0, 14.450068950653076, 0, 4.865507125854492], "grow-time": [0, 61.306747913360596, 0, 181.15770816802979, 0, 318.1467673778534, 0, 158.20899415016174, 0, 98.2476179599762, 0, 223.7839653491974, 0, 1186.9587137699127, 0, 873.6355984210968, 0, 1350.3381249904633, 0, 665.2161242961884, 0, 853.8022563457489, 0, 785.425276517868, 0, 198.60325694084167], "#expl": 12, "expl_seq": [{"constraints": [27076], "derived": [25394], "cost": 100}, {"constraints": [25394, 25542], "derived": [-25392, -25391, -25390, -25393], "cost": 61}, {"constraints": [25394, 25540], "derived": [-25399, -25414, -25404, -25409], "cost": 61}, {"constraints": [27083], "derived": [-25489], "cost": 100}, {"constraints": [25569, 25394, -25489], "derived": [-25419], "cost": 62}, {"constraints": [27078], "derived": [-25493], "cost": 100}, {"constraints": [27085], "derived": [-25416], "cost": 100}, {"constraints": [-25416, 25568, 25394], "derived": [-25486], "cost": 62}, {"constraints": [27079], "derived": [-25403], "cost": 100}, {"constraints": [27083, -25404], "derived": [-25484], "cost": 101}, {"constraints": [-25416, 27082], "derived": [-25441], "cost": 101}, {"constraints": [25394, 25565, -25441], "derived": [-25511], "cost": 62}], "OUS-time": [0, 64.27403950691223, 0, 185.92344307899475, 0, 324.59588861465454, 0, 163.755863904953, 0, 101.12553596496582, 0, 230.440762758255, 0, 1227.5822219848633, 0, 900.1924829483032, 0, 1383.2469820976257, 0, 698.6745719909668, 0, 882.4992053508759, 0, 818.3145084381104, 0, 0], "timeout": true}}