{"config": {"preseeding": true, "sat-polarity": true, "sat-polarity-initial": false, "postpone_opt": true, "postpone_opt_incr": true, "postpone_opt_greedy": false, "grow": true, "grow_sat": false, "grow_subset_maximal": true, "grow_maxsat": false, "maxsat_polarities": true, "grow_maxsat_full_pos": false, "grow_maxsat_full_inv": false, "grow_maxsat_full_unif": false, "grow_maxsat_initial_pos": false, "grow_maxsat_initial_inv": false, "grow_maxsat_initial_unif": false, "grow_maxsat_actual_pos": false, "grow_maxsat_actual_unif": false, "grow_maxsat_actual_inv": false, "timeout": 7200, "instance": "origin-problem", "output": "/data/brussel/101/vsc10143/OUSResults/experiment6_cous/2021011521/20210115212743787395.json"}, "results": {"HS": [0, 49, 0, 45, 0, 48, 0, 69, 0, 70, 0, 85, 0, 116, 0, 98, 0, 101, 0, 125, 0, 94, 0, 103, 0, 111, 0, 360], "HS_greedy": [0, 0, 0, 0, 0, 0, 0, 0, 0, 0, 0, 0, 0, 0, 0, 0, 0, 0, 0, 0, 0, 0, 0, 0, 0, 0, 0, 0], "HS_incr": [0, 354, 0, 390, 0, 397, 0, 675, 0, 603, 0, 639, 0, 808, 0, 569, 0, 671, 0, 884, 0, 730, 0, 757, 0, 853, 0, 2096], "HS-opt-time": [0, 20.69993495941162, 0, 6.462848901748657, 0, 18.46696162223816, 0, 75.35611534118652, 0, 46.34372878074646, 0, 63.05513596534729, 0, 119.55582404136658, 0, 46.13865780830383, 0, 61.34424424171448, 0, 131.89378786087036, 0, 86.47611021995544, 0, 82.70930123329163, 0, 125.26159644126892, 0, 6035.815371751785], "HS-postpone-time": [0, 0.013627052307128906, 0, 0.015726804733276367, 0, 0.01648402214050293, 0, 0.027362823486328125, 0, 0.025156021118164062, 0, 0.026851415634155273, 0, 0.03256583213806152, 0, 0.022690773010253906, 0, 0.026241064071655273, 0, 0.036622047424316406, 0, 0.03243875503540039, 0, 0.0327610969543457, 0, 0.03678774833679199, 0, 0.08784246444702148], "SAT-time": [0.5960979461669922, 5.773558616638184, 0.8351538181304932, 6.435146331787109, 0.864016056060791, 6.460385084152222, 0.7184712886810303, 10.827879667282104, 0.5082840919494629, 9.672222137451172, 0.46558260917663574, 10.32228946685791, 0.5889356136322021, 12.816753387451172, 0.7237732410430908, 9.058546543121338, 0.7122759819030762, 10.651167392730713, 0.8149878978729248, 14.225528240203857, 0.7472760677337646, 11.841040849685669, 0.3796677589416504, 12.27601933479309, 0.7371385097503662, 13.931141376495361, 0.9449076652526855, 35.645490407943726], "grow-time": [0.4429748058319092, 4.283084154129028, 0.608299970626831, 4.757712364196777, 0.6043915748596191, 4.594791889190674, 0.49556756019592285, 7.68722128868103, 0.35176634788513184, 6.804642200469971, 0.32022619247436523, 7.286267042160034, 0.4066324234008789, 8.981018304824829, 0.5076191425323486, 6.308812856674194, 0.516455888748169, 7.373203277587891, 0.5567800998687744, 10.120824337005615, 0.515599250793457, 8.288467168807983, 0.26152753829956055, 8.571677446365356, 0.5068457126617432, 9.700255632400513, 0.651735782623291, 25.710349559783936], "#expl": 13, "expl_seq": [{"constraints": [35539], "derived": [33857], "cost": 100}, {"constraints": [33857, 34005], "derived": [-33856, -33855, -33854, -33853], "cost": 61}, {"constraints": [33857, 34003], "derived": [-33872, -33862, -33877, -33867], "cost": 61}, {"constraints": [35541], "derived": [-33956], "cost": 100}, {"constraints": [35548], "derived": [-33879], "cost": 100}, {"constraints": [33857, -33879, 34031], "derived": [-33949], "cost": 62}, {"constraints": [35546], "derived": [-33952], "cost": 100}, {"constraints": [34032, 33857, -33952], "derived": [-33882], "cost": 62}, {"constraints": [35542], "derived": [-33866], "cost": 100}, {"constraints": [35546, -33866], "derived": [-33942], "cost": 101}, {"constraints": [35545, -33879], "derived": [-33904], "cost": 101}, {"constraints": [-33904, 33857, 34028], "derived": [-33974], "cost": 62}, {"constraints": [35546, -33867], "derived": [-33947], "cost": 101}], "OUS-time": [0, 28.557260990142822, 0, 15.283364057540894, 0, 27.193135023117065, 0, 89.9909176826477, 0, 59.39164900779724, 0, 76.93624806404114, 0, 136.84051060676575, 0, 58.312933683395386, 0, 75.62988829612732, 0, 151.17802476882935, 0, 102.38406991958618, 0, 99.15236711502075, 0, 143.93389701843262, 0, 0], "timeout": true}}