{"config": {"preseeding": true, "sat-polarity": true, "sat-polarity-initial": false, "postpone_opt": true, "postpone_opt_incr": true, "postpone_opt_greedy": true, "grow": true, "grow_sat": false, "grow_subset_maximal": false, "grow_maxsat": true, "maxsat_polarities": true, "grow_maxsat_full_pos": false, "grow_maxsat_full_inv": false, "grow_maxsat_full_unif": false, "grow_maxsat_initial_pos": false, "grow_maxsat_initial_inv": false, "grow_maxsat_initial_unif": false, "grow_maxsat_actual_pos": false, "grow_maxsat_actual_unif": false, "grow_maxsat_actual_inv": true, "timeout": 7200, "instance": "origin-problem", "output": "/data/brussel/101/vsc10143/OUSResults/experiment6_cous/2021011521/20210115212743787670.json"}, "results": {"HS": [0, 2, 0, 2, 0, 2, 0, 3, 0, 2, 0, 3, 0, 2, 0, 3, 0, 2, 0, 3, 0, 2, 0, 2, 0, 2, 0, 3, 0, 4, 0, 3, 0, 1], "HS_greedy": [0, 18, 0, 15, 0, 15, 0, 17, 0, 20, 0, 61, 0, 56, 0, 72, 0, 55, 0, 60, 0, 69, 0, 38, 0, 48, 0, 65, 0, 69, 0, 78, 0, 53], "HS_incr": [0, 515, 0, 407, 0, 388, 0, 427, 0, 483, 0, 1528, 0, 1503, 0, 1904, 0, 1447, 0, 1513, 0, 1745, 0, 1054, 0, 1261, 0, 1783, 0, 1800, 0, 1915, 0, 1317], "HS-opt-time": [0, 0.833486795425415, 0, 0.4262869358062744, 0, 0.4518465995788574, 0, 0.7322170734405518, 0, 0.6073822975158691, 0, 13.840415477752686, 0, 6.490346670150757, 0, 18.98306131362915, 0, 6.327379941940308, 0, 13.172493696212769, 0, 7.91452693939209, 0, 2.7032370567321777, 0, 4.402468919754028, 0, 36.23106861114502, 0, 13.132471799850464, 0, 14.714739799499512, 0, 0.0032033920288085938], "HS-postpone-time": [0, 0.15525364875793457, 0, 0.1048135757446289, 0, 0.09349918365478516, 0, 0.11038708686828613, 0, 0.14789891242980957, 0, 1.451791763305664, 0, 1.3907880783081055, 0, 2.157440662384033, 0, 1.2423999309539795, 0, 1.4395928382873535, 0, 1.9264280796051025, 0, 0.6099677085876465, 0, 0.93505859375, 0, 1.763272762298584, 0, 1.815396785736084, 0, 2.152160882949829, 0, 0.9224216938018799], "SAT-time": [0.1938326358795166, 4.55429220199585, 0.24333906173706055, 3.6168718338012695, 0.2323448657989502, 3.5156006813049316, 0.2412395477294922, 3.933642625808716, 0.22933316230773926, 4.491429090499878, 0.252899169921875, 15.091036319732666, 0.3071255683898926, 18.788698434829712, 0.32968926429748535, 23.599936962127686, 0.3230268955230713, 17.70107674598694, 0.34023618698120117, 18.481950521469116, 0.34243059158325195, 21.056838274002075, 0.34354496002197266, 12.611467599868774, 0.3025524616241455, 15.132986545562744, 0.24504804611206055, 20.182562112808228, 0.254317045211792, 20.551830291748047, 0.24156975746154785, 21.436240673065186, 0.24305486679077148, 14.542173147201538], "grow-time": [3.867522716522217, 83.9684042930603, 4.077847003936768, 105.93673133850098, 4.03569221496582, 92.80216526985168, 3.7575109004974365, 70.86202073097229, 3.634568214416504, 92.62722754478455, 3.9271552562713623, 610.324143409729, 3.9190642833709717, 538.9845714569092, 4.1750688552856445, 672.861971616745, 4.193845510482788, 469.3571720123291, 4.187983989715576, 573.3042597770691, 4.265312194824219, 474.22764110565186, 4.271661281585693, 260.38253021240234, 3.811997413635254, 501.67578983306885, 3.259627342224121, 472.59202003479004, 3.2141411304473877, 684.3071053028107, 3.184386730194092, 540.8648824691772, 3.186901092529297, 406.9572763442993], "#expl": 16, "expl_seq": [{"constraints": [44002], "derived": [42320], "cost": 100}, {"constraints": [42320, 42468], "derived": [-42319, -42318, -42317, -42316], "cost": 61}, {"constraints": [42320, 42466], "derived": [-42335, -42325, -42340, -42330], "cost": 61}, {"constraints": [44004], "derived": [-42419], "cost": 100}, {"constraints": [44011], "derived": [-42342], "cost": 100}, {"constraints": [42320, -42342, 42494], "derived": [-42412], "cost": 62}, {"constraints": [44009], "derived": [-42415], "cost": 100}, {"constraints": [42320, -42415, 42495], "derived": [-42345], "cost": 62}, {"constraints": [44005], "derived": [-42329], "cost": 100}, {"constraints": [44009, -42330], "derived": [-42410], "cost": 101}, {"constraints": [44008, -42342], "derived": [-42367], "cost": 101}, {"constraints": [42320, -42367, 42491], "derived": [-42437], "cost": 62}, {"constraints": [44009, -42329], "derived": [-42405], "cost": 101}, {"constraints": [44011, 42476, 42471], "derived": [-42366, -42369], "cost": 220}, {"constraints": [42320, 42491, -42369], "derived": [-42439], "cost": 62}, {"constraints": [42320, -42366, 42491], "derived": [-42436], "cost": 62}], "OUS-time": [0, 90.75422978401184, 0, 111.0678460597992, 0, 97.80815625190735, 0, 76.6848406791687, 0, 99.0605239868164, 0, 644.625914812088, 0, 570.1523334980011, 0, 723.2328221797943, 0, 498.80506682395935, 0, 610.6973423957825, 0, 509.9728648662567, 0, 279.2045564651489, 0, 525.5847060680389, 0, 535.5361833572388, 0, 724.5864346027374, 0, 584.2033224105835, 0, 0], "timeout": true}}