{"config": {"preseeding": false, "sat-polarity": true, "sat-polarity-initial": false, "postpone_opt": true, "postpone_opt_incr": true, "postpone_opt_greedy": true, "grow": true, "grow_sat": false, "grow_subset_maximal": false, "grow_maxsat": true, "maxsat_polarities": true, "grow_maxsat_full_pos": false, "grow_maxsat_full_inv": false, "grow_maxsat_full_unif": false, "grow_maxsat_initial_pos": false, "grow_maxsat_initial_inv": false, "grow_maxsat_initial_unif": false, "grow_maxsat_actual_pos": true, "grow_maxsat_actual_unif": false, "grow_maxsat_actual_inv": false, "timeout": 7200, "instance": "p12", "output": "/data/brussel/101/vsc10143/OUSResults/experiment6_cous/2021011601/20210116011336919514.json"}, "results": {"HS": [0, 2, 0, 2, 0, 2, 0, 1], "HS_greedy": [0, 21, 0, 21, 0, 24, 0, 47], "HS_incr": [0, 671, 0, 559, 0, 726, 0, 1218], "HS-opt-time": [0, 1.918578863143921, 0, 1.3299014568328857, 0, 2.25459885597229, 0, 0.0011036396026611328], "HS-postpone-time": [0, 0.2360975742340088, 0, 0.2071688175201416, 0, 0.3000304698944092, 0, 1.0343408584594727], "SAT-time": [0, 4.679074764251709, 0, 3.9698703289031982, 0, 5.128085136413574, 0, 8.386383771896362], "grow-time": [0, 110.72337913513184, 0, 519.374721288681, 0, 1218.9319179058075, 0, 4878.268534183502], "#expl": 3, "expl_seq": [{"constraints": [29044], "derived": [-27373], "cost": 100}, {"constraints": [29048], "derived": [-27369], "cost": 100}, {"constraints": [29046], "derived": [27428], "cost": 100}], "OUS-time": [0, 119.07199454307556, 0, 526.1506917476654, 0, 1228.249255180359, 0, 0], "timeout": true}}