{"config": {"preseeding": true, "sat-polarity": true, "sat-polarity-initial": false, "postpone_opt": true, "postpone_opt_incr": true, "postpone_opt_greedy": true, "grow": true, "grow_sat": false, "grow_subset_maximal": false, "grow_maxsat": true, "maxsat_polarities": true, "grow_maxsat_full_pos": false, "grow_maxsat_full_inv": false, "grow_maxsat_full_unif": false, "grow_maxsat_initial_pos": false, "grow_maxsat_initial_inv": false, "grow_maxsat_initial_unif": false, "grow_maxsat_actual_pos": false, "grow_maxsat_actual_unif": true, "grow_maxsat_actual_inv": false, "timeout": 7200, "instance": "p12", "output": "/data/brussel/101/vsc10143/OUSResults/experiment6_cous/2021011601/20210116011336920568.json"}, "results": {"HS": [0, 2, 0, 3, 0, 2, 0, 2, 0, 3, 0, 2, 0, 3, 0, 2, 0, 2, 0, 2, 0, 2, 0, 3, 0, 2, 0, 2, 0, 2, 0, 4, 0, 2, 0, 2, 0, 4, 0, 3, 0, 2, 0, 8, 0, 8, 0, 4, 0, 3, 0, 2, 0, 2, 0, 1], "HS_greedy": [0, 27, 0, 20, 0, 33, 0, 22, 0, 22, 0, 36, 0, 38, 0, 17, 0, 41, 0, 74, 0, 65, 0, 45, 0, 80, 0, 74, 0, 88, 0, 39, 0, 87, 0, 68, 0, 31, 0, 45, 0, 67, 0, 106, 0, 105, 0, 78, 0, 66, 0, 95, 0, 58, 0, 95], "HS_incr": [0, 828, 0, 522, 0, 903, 0, 580, 0, 586, 0, 883, 0, 768, 0, 395, 0, 968, 0, 1688, 0, 1496, 0, 1009, 0, 1882, 0, 1382, 0, 1834, 0, 804, 0, 1706, 0, 1466, 0, 599, 0, 992, 0, 1347, 0, 2268, 0, 2193, 0, 1474, 0, 1136, 0, 1892, 0, 887, 0, 1786], "HS-opt-time": [0, 4.037073135375977, 0, 1.438180685043335, 0, 2.6877009868621826, 0, 1.308708906173706, 0, 1.68511962890625, 0, 2.053612470626831, 0, 3.2179219722747803, 0, 0.6072328090667725, 0, 3.7607622146606445, 0, 17.875673055648804, 0, 10.100783824920654, 0, 13.399343490600586, 0, 21.25690197944641, 0, 8.789501428604126, 0, 14.84224796295166, 0, 5.210312366485596, 0, 4.764922142028809, 0, 4.228971242904663, 0, 2.8375790119171143, 0, 6.743958950042725, 0, 5.596510648727417, 0, 171.97302103042603, 0, 139.68233227729797, 0, 32.32464337348938, 0, 9.698563814163208, 0, 5.036794662475586, 0, 1.3721044063568115, 0, 0.003730297088623047], "HS-postpone-time": [0, 0.37641263008117676, 0, 0.18372774124145508, 0, 0.47748637199401855, 0, 0.20192790031433105, 0, 0.22578787803649902, 0, 0.4966285228729248, 0, 0.4764707088470459, 0, 0.10498499870300293, 0, 0.6352436542510986, 0, 1.921480655670166, 0, 1.4152483940124512, 0, 0.6757464408874512, 0, 2.2551844120025635, 0, 1.5435004234313965, 0, 2.3045108318328857, 0, 0.44492483139038086, 0, 2.1882195472717285, 0, 1.3541152477264404, 0, 0.2845795154571533, 0, 0.6983160972595215, 0, 1.3077542781829834, 0, 3.5647101402282715, 0, 3.018650531768799, 0, 1.505723237991333, 0, 0.9920103549957275, 0, 2.326814651489258, 0, 0.6283502578735352, 0, 2.0079598426818848], "SAT-time": [0.20468711853027344, 7.044296026229858, 0.2008655071258545, 4.5151684284210205, 0.21910881996154785, 7.857346057891846, 0.20441222190856934, 5.053568124771118, 0.21728730201721191, 5.198981046676636, 0.19656896591186523, 7.723114252090454, 0.20418000221252441, 6.669774055480957, 0.19568896293640137, 3.4393346309661865, 0.1815197467803955, 8.527636051177979, 0.16581153869628906, 14.869260549545288, 0.17291259765625, 13.410572528839111, 0.16977953910827637, 9.039357423782349, 0.15053081512451172, 16.92292833328247, 0.17409420013427734, 12.668703079223633, 0.18977093696594238, 16.810001134872437, 0.20338821411132812, 7.367733001708984, 0.20573115348815918, 15.665837049484253, 0.1968390941619873, 13.214329481124878, 0.18219566345214844, 6.061079740524292, 0.26786017417907715, 13.0653977394104, 0.238922119140625, 17.919901132583618, 0.2456364631652832, 30.22437882423401, 0.21196961402893066, 19.50312042236328, 0.17578935623168945, 12.817553281784058, 0.17849516868591309, 10.114760875701904, 0.1693575382232666, 16.78365731239319, 0.17773914337158203, 7.6988844871521, 0.14873695373535156, 15.686007022857666], "grow-time": [4.086892604827881, 159.03139352798462, 3.5844168663024902, 97.00283980369568, 3.8487348556518555, 159.59943842887878, 3.527127504348755, 101.24394369125366, 3.742259979248047, 105.14309763908386, 3.4720916748046875, 162.42698168754578, 3.5458638668060303, 139.0940420627594, 3.435577869415283, 73.61004590988159, 3.117429733276367, 176.95225524902344, 2.888897657394409, 306.2650237083435, 3.0180251598358154, 266.29249835014343, 2.906322956085205, 185.95564699172974, 2.590709686279297, 346.8402564525604, 2.902521848678589, 244.32389664649963, 3.1985113620758057, 329.3999390602112, 3.456247091293335, 138.7657117843628, 3.3021597862243652, 303.2640640735626, 3.3156232833862305, 245.9612066745758, 2.992927074432373, 102.85372877120972, 3.3530962467193604, 178.97671127319336, 3.095489501953125, 258.43180537223816, 3.0793955326080322, 429.5494661331177, 3.4432215690612793, 383.27812695503235, 2.936798095703125, 245.78212928771973, 2.93330717086792, 186.2310917377472, 2.8198611736297607, 335.50693464279175, 2.9865365028381348, 151.86434078216553, 2.5475800037384033, 311.2535960674286], "#expl": 27, "expl_seq": [{"constraints": [38159], "derived": [36505], "cost": 100}, {"constraints": [36505, 36629], "derived": [-36504, -36503, -36507, -36506], "cost": 61}, {"constraints": [36505, 36627], "derived": [-36520, -36510, -36500, -36515], "cost": 61}, {"constraints": [38164], "derived": [36546], "cost": 100}, {"constraints": [36546, 36631], "derived": [-36536, -36526, -36541, -36531], "cost": 61}, {"constraints": [36633, 36546], "derived": [-36544, -36543, -36547, -36545], "cost": 61}, {"constraints": [36505, -36531, 36654], "derived": [-36611], "cost": 62}, {"constraints": [38166], "derived": [-36487], "cost": 100}, {"constraints": [38162], "derived": [-36491], "cost": 100}, {"constraints": [38165, 36623], "derived": [-36496, -36486], "cost": 160}, {"constraints": [-36496, 36546, 36650], "derived": [-36591], "cost": 62}, {"constraints": [38165, 36631], "derived": [-36537], "cost": 160}, {"constraints": [38161, 36629], "derived": [-36512, -36511], "cost": 160}, {"constraints": [36627, 38165], "derived": [-36518, -36508], "cost": 160}, {"constraints": [36546, 36653, -36518], "derived": [-36601], "cost": 62}, {"constraints": [-36512, -36511, -36510, -36508, 36630], "derived": [36509], "cost": 64}, {"constraints": [36627, 36509], "derived": [-36519, -36499, -36514], "cost": 61}, {"constraints": [36509, 36654, -36537], "derived": [-36607], "cost": 62}, {"constraints": [-36486, 36509, 36647], "derived": [-36564], "cost": 62}, {"constraints": [-36519, 36546, 36653], "derived": [-36606], "cost": 62}, {"constraints": [-36487, 36509, 36647], "derived": [-36569], "cost": 62}, {"constraints": [38163, -36499, 36623], "derived": [-36474], "cost": 161}, {"constraints": [38163, -36514, 36623], "derived": [-36489], "cost": 161}, {"constraints": [-36508, -36474, 36648, -36503, 36624, -36489, -36518], "derived": [-36553], "cost": 125}, {"constraints": [38161, -36508, 36655], "derived": [36619], "cost": 161}, {"constraints": [36619, 36645], "derived": [-36622, -36621, -36620, -36618], "cost": 61}, {"constraints": [36619, 36643], "derived": [-36599, -36614, -36604, -36609], "cost": 61}], "OUS-time": [0, 172.53254222869873, 0, 104.43807983398438, 0, 172.87685561180115, 0, 109.2465353012085, 0, 113.71133875846863, 0, 174.88108134269714, 0, 151.32347202301025, 0, 78.7153046131134, 0, 192.2363519668579, 0, 345.0165705680847, 0, 294.82020020484924, 0, 211.5073046684265, 0, 391.77645683288574, 0, 270.6138029098511, 0, 367.7031400203705, 0, 153.67340636253357, 0, 329.89353108406067, 0, 268.18093037605286, 0, 113.51285028457642, 0, 202.4337387084961, 0, 287.267902135849, 0, 642.1018834114075, 0, 550.5546119213104, 0, 295.7745792865753, 0, 209.54507684707642, 0, 363.9614472389221, 0, 163.54501080513, 0, 0], "timeout": true}}