{"config": {"preseeding": true, "sat-polarity": true, "sat-polarity-initial": true, "postpone_opt": true, "postpone_opt_incr": true, "postpone_opt_greedy": true, "grow": true, "grow_sat": false, "grow_subset_maximal": false, "grow_maxsat": true, "maxsat_polarities": true, "grow_maxsat_full_pos": false, "grow_maxsat_full_inv": false, "grow_maxsat_full_unif": false, "grow_maxsat_initial_pos": false, "grow_maxsat_initial_inv": false, "grow_maxsat_initial_unif": false, "grow_maxsat_actual_pos": true, "grow_maxsat_actual_unif": false, "grow_maxsat_actual_inv": false, "timeout": 7200, "instance": "p12", "output": "/data/brussel/101/vsc10143/OUSResults/experiment6_cous/2021011601/20210116011336920747.json"}, "results": {"HS": [0, 2, 0, 2, 0, 1], "HS_greedy": [0, 41, 0, 36, 0, 12], "HS_incr": [0, 1190, 0, 1026, 0, 319], "HS-opt-time": [0, 8.396720170974731, 0, 3.129589319229126, 0, 0.0034427642822265625], "HS-postpone-time": [0, 0.8017358779907227, 0, 0.5628747940063477, 0, 0.06259822845458984], "SAT-time": [0.2518949508666992, 13.321995735168457, 0.2548050880432129, 10.867242097854614, 0.22949934005737305, 3.4358463287353516], "grow-time": [4.405745983123779, 301.562518119812, 4.254328966140747, 5793.447803497314, 3.702744722366333, 648.0115389823914], "#expl": 2, "expl_seq": [{"constraints": [47280], "derived": [-45609], "cost": 100}, {"constraints": [47284], "derived": [-45605], "cost": 100}], "OUS-time": [0, 327.5921161174774, 0, 5810.823566198349, 0, 0], "timeout": true}}