{"config": {"preseeding": true, "sat-polarity": true, "sat-polarity-initial": true, "postpone_opt": true, "postpone_opt_incr": true, "postpone_opt_greedy": false, "grow": true, "grow_sat": false, "grow_subset_maximal": false, "grow_maxsat": true, "maxsat_polarities": true, "grow_maxsat_full_pos": false, "grow_maxsat_full_inv": false, "grow_maxsat_full_unif": false, "grow_maxsat_initial_pos": false, "grow_maxsat_initial_inv": true, "grow_maxsat_initial_unif": false, "grow_maxsat_actual_pos": false, "grow_maxsat_actual_unif": false, "grow_maxsat_actual_inv": false, "timeout": 7200, "instance": "p12", "output": "/data/brussel/101/vsc10143/OUSResults/experiment6_cous/2021011601/20210116011336920444.json"}, "results": {"HS": [0, 5, 0, 6, 0, 4, 0, 4, 0, 5, 0, 8, 0, 2, 0, 4, 0, 4, 0, 23, 0, 2, 0, 19, 0, 3, 0, 10, 0, 5, 0, 8, 0, 7, 0, 7, 0, 4, 0, 27, 0, 3, 0, 31, 0, 33, 0, 20, 0, 12], "HS_greedy": [0, 0, 0, 0, 0, 0, 0, 0, 0, 0, 0, 0, 0, 0, 0, 0, 0, 0, 0, 0, 0, 0, 0, 0, 0, 0, 0, 0, 0, 0, 0, 0, 0, 0, 0, 0, 0, 0, 0, 0, 0, 0, 0, 0, 0, 0, 0, 0, 0, 0], "HS_incr": [0, 76, 0, 121, 0, 57, 0, 49, 0, 98, 0, 137, 0, 24, 0, 51, 0, 36, 0, 318, 0, 4, 0, 315, 0, 14, 0, 137, 0, 59, 0, 83, 0, 67, 0, 75, 0, 52, 0, 400, 0, 27, 0, 349, 0, 438, 0, 212, 0, 162], "HS-opt-time": [0, 0.22154760360717773, 0, 0.38036179542541504, 0, 0.07678508758544922, 0, 0.05223727226257324, 0, 0.2897300720214844, 0, 0.8015098571777344, 0, 0.01840043067932129, 0, 0.05789375305175781, 0, 0.0430607795715332, 0, 15.378713130950928, 0, 0.006442070007324219, 0, 14.464496612548828, 0, 0.021576404571533203, 0, 0.7626185417175293, 0, 0.07771944999694824, 0, 0.150346040725708, 0, 0.10820627212524414, 0, 0.10136103630065918, 0, 0.04298138618469238, 0, 24.707141399383545, 0, 0.014615058898925781, 0, 29.814334630966187, 0, 37.27754878997803, 0, 4.978286504745483, 0, 1.8063092231750488], "HS-postpone-time": [0, 0.003805398941040039, 0, 0.006217479705810547, 0, 0.002845287322998047, 0, 0.0024085044860839844, 0, 0.0048482418060302734, 0, 0.0066759586334228516, 0, 0.0012297630310058594, 0, 0.0025339126586914062, 0, 0.0017786026000976562, 0, 0.016730546951293945, 0, 0.00017905235290527344, 0, 0.016237497329711914, 0, 0.0007181167602539062, 0, 0.006522417068481445, 0, 0.002935171127319336, 0, 0.0037834644317626953, 0, 0.0031120777130126953, 0, 0.003529071807861328, 0, 0.002531766891479492, 0, 0.019495487213134766, 0, 0.0012943744659423828, 0, 0.016572237014770508, 0, 0.020087242126464844, 0, 0.009452104568481445, 0, 0.0073604583740234375], "SAT-time": [0.2070298194885254, 0.7636818885803223, 0.2092750072479248, 1.2121810913085938, 0.24150824546813965, 0.5698685646057129, 0.2336134910583496, 0.4890732765197754, 0.1973562240600586, 0.9957485198974609, 0.19281530380249023, 1.4120182991027832, 0.2401752471923828, 0.24921464920043945, 0.21810507774353027, 0.5235955715179443, 0.2056105136871338, 0.36864495277404785, 0.18326258659362793, 3.387601613998413, 0.2009272575378418, 0.04207134246826172, 0.17886662483215332, 3.3378121852874756, 0.1978013515472412, 0.14371967315673828, 0.17859625816345215, 1.3974764347076416, 0.19614934921264648, 0.5913791656494141, 0.1961061954498291, 0.847996711730957, 0.20415520668029785, 0.6971907615661621, 0.19010400772094727, 0.7798690795898438, 0.1909945011138916, 0.5382964611053467, 0.18870759010314941, 4.2004101276397705, 0.20852088928222656, 0.27750515937805176, 0.18927884101867676, 3.578888177871704, 0.16658878326416016, 4.178769588470459, 0.1628401279449463, 1.9074418544769287, 0.165330171585083, 1.477407693862915], "grow-time": [3.785810947418213, 20.836047172546387, 3.648711681365967, 31.294257879257202, 3.971165180206299, 11.127559900283813, 4.021697998046875, 13.729034900665283, 3.202519416809082, 34.8277428150177, 3.0735924243927, 93.85771155357361, 3.6783623695373535, 5.151433706283569, 3.579239845275879, 15.833115339279175, 3.3574635982513428, 12.640604734420776, 2.8223655223846436, 477.46966910362244, 3.0249216556549072, 0.6698780059814453, 2.7545738220214844, 642.6088366508484, 2.963841438293457, 2.1061174869537354, 2.7340242862701416, 239.39035892486572, 3.0200815200805664, 22.613202333450317, 3.1237881183624268, 17.178886890411377, 3.3605616092681885, 12.99370002746582, 3.209263563156128, 15.777300596237183, 3.319585084915161, 10.16033935546875, 2.9026682376861572, 692.4118340015411, 3.0377180576324463, 6.406096458435059, 2.870215654373169, 2216.3319759368896, 2.573869466781616, 1539.0049636363983, 2.620088577270508, 183.12267756462097, 2.649521827697754, 550.769834280014], "#expl": 24, "expl_seq": [{"constraints": [47280], "derived": [-45609], "cost": 100}, {"constraints": [47282], "derived": [45664], "cost": 100}, {"constraints": [45664, 45751], "derived": [-45663, -45662, -45661, -45665], "cost": 61}, {"constraints": [45664, 45749], "derived": [-45654, -45644, -45659, -45649], "cost": 61}, {"constraints": [47284], "derived": [-45605], "cost": 100}, {"constraints": [47277], "derived": [45623], "cost": 100}, {"constraints": [45745, 45623], "derived": [-45638, -45628, -45618, -45633], "cost": 61}, {"constraints": [45747, 45623], "derived": [-45624, -45622, -45621, -45625], "cost": 61}, {"constraints": [45772, 45623, -45649], "derived": [-45729], "cost": 62}, {"constraints": [47283, 45741], "derived": [-45614, -45604], "cost": 160}, {"constraints": [45664, -45614, 45768], "derived": [-45709], "cost": 62}, {"constraints": [45745, 47283], "derived": [-45636, -45626], "cost": 160}, {"constraints": [45664, 45771, -45636], "derived": [-45719], "cost": 62}, {"constraints": [-45626, 47279], "derived": [45627], "cost": 101}, {"constraints": [45745, 45627], "derived": [-45632, -45637, -45617], "cost": 61}, {"constraints": [45627, 45747], "derived": [-45630, -45629], "cost": 61}, {"constraints": [45627, -45604, 45765], "derived": [-45682], "cost": 62}, {"constraints": [45627, 45765, -45605], "derived": [-45687], "cost": 62}, {"constraints": [-45654, 45627, 45772], "derived": [-45724], "cost": 62}, {"constraints": [47283, 45749], "derived": [-45655], "cost": 160}, {"constraints": [-45655, 45627, 45772], "derived": [-45725], "cost": 62}, {"constraints": [47281, 45741, -45617], "derived": [-45592], "cost": 161}, {"constraints": [-45632, 47281, 45741], "derived": [-45607], "cost": 161}, {"constraints": [45766, -45626, -45592, -45621, 45742, -45607, -45636], "derived": [-45671], "cost": 125}], "OUS-time": [0, 22.006381034851074, 0, 33.19125247001648, 0, 11.916906595230103, 0, 14.392745733261108, 0, 36.35552263259888, 0, 96.40696215629578, 0, 5.477931976318359, 0, 16.53937077522278, 0, 13.139078378677368, 0, 497.0160164833069, 0, 0.7281820774078369, 0, 661.1853060722351, 0, 2.30464768409729, 0, 241.87479901313782, 0, 23.418205499649048, 0, 18.369760036468506, 0, 13.953362464904785, 0, 16.83074712753296, 0, 10.859895944595337, 0, 722.257404088974, 0, 6.758402585983276, 0, 2250.532109975815, 0, 1581.4414830207825, 0, 190.46679854393005, 0, 0], "timeout": true}}