{"config": {"preseeding": true, "sat-polarity": true, "sat-polarity-initial": false, "postpone_opt": false, "postpone_opt_incr": false, "postpone_opt_greedy": false, "grow": true, "grow_sat": false, "grow_subset_maximal": true, "grow_maxsat": false, "maxsat_polarities": true, "grow_maxsat_full_pos": false, "grow_maxsat_full_inv": false, "grow_maxsat_full_unif": false, "grow_maxsat_initial_pos": false, "grow_maxsat_initial_inv": false, "grow_maxsat_initial_unif": false, "grow_maxsat_actual_pos": false, "grow_maxsat_actual_unif": false, "grow_maxsat_actual_inv": false, "timeout": 7200, "instance": "p12", "output": "/data/brussel/101/vsc10143/OUSResults/experiment6_cous/2021011601/20210116011336919731.json"}, "results": {"HS": [0, 106, 0, 131, 0, 106, 0, 195, 0, 214, 0, 165, 0, 140, 0, 125, 0, 247, 0, 612, 0, 668, 0, 258, 0, 305, 0, 188, 0, 296, 0, 379, 0, 889], "HS_greedy": [0, 0, 0, 0, 0, 0, 0, 0, 0, 0, 0, 0, 0, 0, 0, 0, 0, 0, 0, 0, 0, 0, 0, 0, 0, 0, 0, 0, 0, 0, 0, 0, 0, 0], "HS_incr": [0, 0, 0, 0, 0, 0, 0, 0, 0, 0, 0, 0, 0, 0, 0, 0, 0, 0, 0, 0, 0, 0, 0, 0, 0, 0, 0, 0, 0, 0, 0, 0, 0, 0], "HS-opt-time": [0, 6.678019046783447, 0, 14.303636074066162, 0, 8.139845848083496, 0, 73.64727115631104, 0, 51.78981876373291, 0, 34.37744760513306, 0, 15.365635871887207, 0, 10.427301168441772, 0, 88.48962473869324, 0, 934.0582919120789, 0, 2951.8789813518524, 0, 84.16845273971558, 0, 95.85420775413513, 0, 28.61588144302368, 0, 76.39996004104614, 0, 167.65431571006775, 0, 2408.1611466407776], "HS-postpone-time": [0, 0, 0, 0, 0, 0, 0, 0, 0, 0, 0, 0, 0, 0, 0, 0, 0, 0, 0, 0, 0, 0, 0, 0, 0, 0, 0, 0, 0, 0, 0, 0, 0, 0], "SAT-time": [0.5419385433197021, 1.6762142181396484, 0.91609787940979, 2.0486605167388916, 0.9066503047943115, 1.6753034591674805, 1.0538976192474365, 2.9670827388763428, 0.8465371131896973, 3.292416572570801, 0.7381143569946289, 2.486572265625, 1.0120446681976318, 2.196401834487915, 0.9645705223083496, 1.8687684535980225, 0.8831319808959961, 3.7212507724761963, 0.6168045997619629, 9.649101972579956, 0.9060125350952148, 10.526311874389648, 0.9509620666503906, 3.8299694061279297, 0.6117088794708252, 4.474090576171875, 0.7274799346923828, 2.7299516201019287, 0.6078064441680908, 4.507368087768555, 0.740309476852417, 5.75411319732666, 0.5878341197967529, 13.872119188308716], "grow-time": [0.455125093460083, 1.3029229640960693, 0.696589469909668, 1.556633472442627, 0.674863338470459, 1.3292720317840576, 0.7850017547607422, 2.259766101837158, 0.6271791458129883, 2.525101900100708, 0.5584583282470703, 1.8939363956451416, 0.7417552471160889, 1.6845097541809082, 0.7010431289672852, 1.4058685302734375, 0.6407408714294434, 2.8058040142059326, 0.4449291229248047, 7.202663421630859, 0.6383287906646729, 7.654051065444946, 0.6657960414886475, 2.70180082321167, 0.42452192306518555, 3.1310133934020996, 0.5073428153991699, 1.8953590393066406, 0.4188690185546875, 3.1939849853515625, 0.504523754119873, 4.0841734409332275, 0.41046142578125, 9.931882381439209], "#expl": 16, "expl_seq": [{"constraints": [19928], "derived": [18310], "cost": 100}, {"constraints": [18397, 18310], "derived": [-18311, -18309, -18308, -18307], "cost": 61}, {"constraints": [18395, 18310], "derived": [-18295, -18300, -18290, -18305], "cost": 61}, {"constraints": [19926], "derived": [-18255], "cost": 100}, {"constraints": [19930], "derived": [-18251], "cost": 100}, {"constraints": [19923], "derived": [18269], "cost": 100}, {"constraints": [18269, 18391], "derived": [-18264, -18279, -18284, -18274], "cost": 61}, {"constraints": [18393, 18269], "derived": [-18271, -18270, -18268, -18267], "cost": 61}, {"constraints": [-18295, 18418, 18269], "derived": [-18375], "cost": 62}, {"constraints": [18393, 19925], "derived": [-18276, -18275], "cost": 160}, {"constraints": [19929, 18391], "derived": [-18272, -18282], "cost": 160}, {"constraints": [18417, -18282, 18310], "derived": [-18365], "cost": 62}, {"constraints": [-18272, 18394, -18276, -18275, -18274], "derived": [18273], "cost": 64}, {"constraints": [18273, 18391], "derived": [-18263, -18278, -18283], "cost": 61}, {"constraints": [18417, -18283, 18310], "derived": [-18370], "cost": 62}, {"constraints": [18273, 18411, -18251], "derived": [-18333], "cost": 62}], "OUS-time": [0, 8.96851921081543, 0, 17.09135675430298, 0, 10.463512182235718, 0, 77.74937677383423, 0, 56.34085655212402, 0, 37.79815053939819, 0, 18.36348843574524, 0, 12.998003721237183, 0, 93.61021375656128, 0, 947.0522141456604, 0, 2965.8356425762177, 0, 89.27424454689026, 0, 101.82423114776611, 0, 32.25166058540344, 0, 82.37067437171936, 0, 175.2817702293396, 0, 0], "timeout": true}}