{"config": {"preseeding": false, "sat-polarity": true, "sat-polarity-initial": false, "postpone_opt": true, "postpone_opt_incr": true, "postpone_opt_greedy": true, "grow": true, "grow_sat": false, "grow_subset_maximal": false, "grow_maxsat": true, "maxsat_polarities": true, "grow_maxsat_full_pos": false, "grow_maxsat_full_inv": false, "grow_maxsat_full_unif": false, "grow_maxsat_initial_pos": false, "grow_maxsat_initial_inv": false, "grow_maxsat_initial_unif": false, "grow_maxsat_actual_pos": false, "grow_maxsat_actual_unif": false, "grow_maxsat_actual_inv": true, "timeout": 7200, "instance": "p13", "output": "/data/brussel/101/vsc10143/OUSResults/experiment6_cous/2021011601/20210116013442950492.json"}, "results": {"HS": [0, 2, 0, 2, 0, 2, 0, 1], "HS_greedy": [0, 45, 0, 83, 0, 120, 0, 91], "HS_incr": [0, 1287, 0, 2591, 0, 3613, 0, 2707], "HS-opt-time": [0, 7.453605651855469, 0, 13.985023975372314, 0, 2.7497525215148926, 0, 0.0012450218200683594], "HS-postpone-time": [0, 1.0069284439086914, 0, 3.7930610179901123, 0, 7.167044401168823, 0, 4.123326539993286], "SAT-time": [0, 13.245686769485474, 0, 27.941033363342285, 0, 38.55746865272522, 0, 28.782254219055176], "grow-time": [0, 393.17854738235474, 0, 1161.5398938655853, 0, 2961.422111272812, 0, 2502.817021369934], "#expl": 3, "expl_seq": [{"constraints": [32449], "derived": [-30773, -30770], "cost": 100}, {"constraints": [32455], "derived": [30781], "cost": 100}, {"constraints": [30912, 30781], "derived": [-30784, -30783, -30782, -30780], "cost": 61}], "OUS-time": [0, 418.38269901275635, 0, 1214.175464630127, 0, 3019.2564487457275, 0, 0], "timeout": true}}