{"config": {"preseeding": false, "sat-polarity": true, "sat-polarity-initial": false, "postpone_opt": true, "postpone_opt_incr": true, "postpone_opt_greedy": true, "grow": true, "grow_sat": false, "grow_subset_maximal": false, "grow_maxsat": true, "maxsat_polarities": true, "grow_maxsat_full_pos": false, "grow_maxsat_full_inv": false, "grow_maxsat_full_unif": true, "grow_maxsat_initial_pos": false, "grow_maxsat_initial_inv": false, "grow_maxsat_initial_unif": false, "grow_maxsat_actual_pos": false, "grow_maxsat_actual_unif": false, "grow_maxsat_actual_inv": false, "timeout": 7200, "instance": "p13", "output": "/data/brussel/101/vsc10143/OUSResults/experiment6_cous/2021011601/20210116013442950528.json"}, "results": {"HS": [0, 24, 0, 27, 0, 24, 0, 21, 0, 214], "HS_greedy": [0, 37, 0, 37, 0, 36, 0, 34, 0, 263], "HS_incr": [0, 1106, 0, 1418, 0, 1264, 0, 1169, 0, 4991], "HS-opt-time": [0, 21.299549102783203, 0, 40.72562122344971, 0, 28.39156436920166, 0, 17.9715096950531, 0, 4215.2717270851135], "HS-postpone-time": [0, 0.8666360378265381, 0, 1.084977626800537, 0, 0.9225733280181885, 0, 0.7856338024139404, 0, 20.800809144973755], "SAT-time": [0, 8.534030675888062, 0, 11.170499324798584, 0, 10.001176118850708, 0, 9.229192972183228, 0, 39.02473187446594], "grow-time": [0, 173.9176630973816, 0, 224.23813700675964, 0, 200.87307572364807, 0, 189.73668599128723, 0, 1937.4852294921875], "#expl": 4, "expl_seq": [{"constraints": [32449], "derived": [-30773, -30770], "cost": 100}, {"constraints": [32455], "derived": [30781], "cost": 100}, {"constraints": [30781, 30910], "derived": [-30776, -30766, -30771, -30761], "cost": 61}, {"constraints": [30912, 30781], "derived": [-30784, -30783, -30782, -30780], "cost": 61}], "OUS-time": [0, 207.086740732193, 0, 280.4588816165924, 0, 243.06517839431763, 0, 220.38120532035828, 0, 0], "timeout": true}}