{"config": {"preseeding": false, "sat-polarity": true, "sat-polarity-initial": false, "postpone_opt": true, "postpone_opt_incr": true, "postpone_opt_greedy": false, "grow": true, "grow_sat": false, "grow_subset_maximal": false, "grow_maxsat": true, "maxsat_polarities": true, "grow_maxsat_full_pos": false, "grow_maxsat_full_inv": false, "grow_maxsat_full_unif": false, "grow_maxsat_initial_pos": false, "grow_maxsat_initial_inv": false, "grow_maxsat_initial_unif": false, "grow_maxsat_actual_pos": false, "grow_maxsat_actual_unif": false, "grow_maxsat_actual_inv": true, "timeout": 7200, "instance": "p13", "output": "/data/brussel/101/vsc10143/OUSResults/experiment6_cous/2021011601/20210116013442950309.json"}, "results": {"HS": [0, 11, 0, 12, 0, 8, 0, 13, 0, 17, 0, 18, 0, 15, 0, 20, 0, 28, 0, 11, 0, 22, 0, 15, 0, 28, 0, 23, 0, 25, 0, 26, 0, 30, 0, 23, 0, 13], "HS_greedy": [0, 0, 0, 0, 0, 0, 0, 0, 0, 0, 0, 0, 0, 0, 0, 0, 0, 0, 0, 0, 0, 0, 0, 0, 0, 0, 0, 0, 0, 0, 0, 0, 0, 0, 0, 0, 0, 0], "HS_incr": [0, 210, 0, 209, 0, 161, 0, 242, 0, 352, 0, 345, 0, 301, 0, 395, 0, 527, 0, 200, 0, 461, 0, 213, 0, 452, 0, 311, 0, 341, 0, 413, 0, 384, 0, 302, 0, 182], "HS-opt-time": [0, 0.8360004425048828, 0, 0.8038532733917236, 0, 0.29590344429016113, 0, 0.8890597820281982, 0, 8.93776798248291, 0, 9.005815029144287, 0, 6.225615501403809, 0, 12.583985090255737, 0, 27.182250022888184, 0, 0.5930399894714355, 0, 17.721953630447388, 0, 1.0341191291809082, 0, 41.7670156955719, 0, 15.73825478553772, 0, 23.57726240158081, 0, 25.710334062576294, 0, 35.99557185173035, 0, 15.190982580184937, 0, 1.602675437927246], "HS-postpone-time": [0, 0.00949406623840332, 0, 0.00952768325805664, 0, 0.007731914520263672, 0, 0.01182246208190918, 0, 0.017417192459106445, 0, 0.016747713088989258, 0, 0.01519012451171875, 0, 0.019532203674316406, 0, 0.026636362075805664, 0, 0.009596109390258789, 0, 0.02409219741821289, 0, 0.010319948196411133, 0, 0.022948026657104492, 0, 0.014158248901367188, 0, 0.016680479049682617, 0, 0.01952648162841797, 0, 0.018663883209228516, 0, 0.014181137084960938, 0, 0.008396625518798828], "SAT-time": [0, 0.8903729915618896, 0, 0.8854269981384277, 0, 0.6806964874267578, 0, 1.0270922183990479, 0, 1.5243408679962158, 0, 1.5275583267211914, 0, 1.3293495178222656, 0, 1.7237672805786133, 0, 2.344830274581909, 0, 0.9065182209014893, 0, 2.10612154006958, 0, 0.9810287952423096, 0, 2.0994794368743896, 0, 1.4795193672180176, 0, 1.5729100704193115, 0, 1.9369406700134277, 0, 1.8248651027679443, 0, 1.4662754535675049, 0, 0.8760025501251221], "grow-time": [0, 48.23885154724121, 0, 81.66925477981567, 0, 36.71878790855408, 0, 50.98267865180969, 0, 255.86867332458496, 0, 242.62302327156067, 0, 266.45859265327454, 0, 410.55860590934753, 0, 827.6314005851746, 0, 42.050204277038574, 0, 528.0531747341156, 0, 93.60061764717102, 0, 758.211748123169, 0, 629.6794707775116, 0, 546.9686238765717, 0, 722.2051303386688, 0, 688.9938657283783, 0, 425.9103696346283, 0, 244.79510807991028], "#expl": 18, "expl_seq": [{"constraints": [11943], "derived": [-10264, -10267], "cost": 100}, {"constraints": [11949], "derived": [10275], "cost": 100}, {"constraints": [10275, 10406], "derived": [-10278, -10277, -10276, -10274], "cost": 61}, {"constraints": [10275, 10404], "derived": [-10255, -10270, -10260, -10265], "cost": 61}, {"constraints": [11944, 10435], "derived": [-10381], "cost": 160}, {"constraints": [11941, 10406], "derived": [-10259], "cost": 160}, {"constraints": [11940, 10431], "derived": [-10339], "cost": 160}, {"constraints": [11947, 10412], "derived": [-10320], "cost": 160}, {"constraints": [-10270, -10265, 11946, -10260, -10255, 10431], "derived": [-10337], "cost": 164}, {"constraints": [10433, 10275, -10337], "derived": [-10327], "cost": 62}, {"constraints": [-10270, -10265, 10408, 11946, -10260, -10255], "derived": [-10301], "cost": 164}, {"constraints": [10275, 10429, -10301], "derived": [-10361], "cost": 62}, {"constraints": [10416, 10433, 11949], "derived": [-10333, -10348, -10353], "cost": 220}, {"constraints": [10420, 11949, 10430], "derived": [-10357, -10372, -10377], "cost": 220}, {"constraints": [10420, 11948, 10430], "derived": [-10356, -10378], "cost": 220}, {"constraints": [10434, 10412, 11949], "derived": [-10402], "cost": 220}, {"constraints": [10416, 10433, 11941], "derived": [-10310, -10350], "cost": 220}, {"constraints": [10408, -10310, 11947], "derived": [-10287], "cost": 161}], "OUS-time": [0, 50.338932514190674, 0, 83.7305338382721, 0, 37.98492479324341, 0, 53.325889348983765, 0, 266.9462101459503, 0, 253.75765943527222, 0, 274.5324203968048, 0, 425.54347705841064, 0, 858.0543370246887, 0, 43.894328355789185, 0, 548.6733376979828, 0, 95.97982215881348, 0, 802.8419802188873, 0, 647.4185297489166, 0, 572.688337802887, 0, 750.5371549129486, 0, 727.4468252658844, 0, 443.07891058921814, 0, 0], "timeout": true}}