{"config": {"preseeding": false, "sat-polarity": true, "sat-polarity-initial": true, "postpone_opt": true, "postpone_opt_incr": true, "postpone_opt_greedy": true, "grow": true, "grow_sat": false, "grow_subset_maximal": false, "grow_maxsat": true, "maxsat_polarities": true, "grow_maxsat_full_pos": false, "grow_maxsat_full_inv": false, "grow_maxsat_full_unif": false, "grow_maxsat_initial_pos": false, "grow_maxsat_initial_inv": false, "grow_maxsat_initial_unif": true, "grow_maxsat_actual_pos": false, "grow_maxsat_actual_unif": false, "grow_maxsat_actual_inv": false, "timeout": 7200, "instance": "p13", "output": "/data/brussel/101/vsc10143/OUSResults/experiment6_cous/2021011601/20210116013442950647.json"}, "results": {"HS": [0, 2, 0, 2, 0, 2, 0, 2, 0, 2, 0, 2, 0, 3, 0, 2, 0, 5, 0, 2, 0, 5, 0, 2, 0, 4, 0, 4, 0, 4, 0, 4, 0, 6, 0, 3, 0, 1], "HS_greedy": [0, 17, 0, 73, 0, 68, 0, 73, 0, 45, 0, 61, 0, 79, 0, 78, 0, 63, 0, 65, 0, 70, 0, 64, 0, 92, 0, 75, 0, 72, 0, 69, 0, 76, 0, 97, 0, 21], "HS_incr": [0, 429, 0, 2182, 0, 2014, 0, 2007, 0, 1204, 0, 1636, 0, 2067, 0, 2027, 0, 1564, 0, 1720, 0, 1750, 0, 1571, 0, 2300, 0, 1842, 0, 1636, 0, 1569, 0, 1623, 0, 2230, 0, 483], "HS-opt-time": [0, 0.8538730144500732, 0, 18.316134214401245, 0, 12.197006702423096, 0, 12.181725263595581, 0, 11.601873397827148, 0, 25.9161114692688, 0, 37.46941614151001, 0, 19.407933473587036, 0, 85.26521563529968, 0, 8.31657338142395, 0, 108.4452645778656, 0, 7.883634805679321, 0, 100.2530951499939, 0, 84.35092544555664, 0, 64.88670492172241, 0, 55.304518938064575, 0, 136.19044589996338, 0, 50.41839122772217, 0, 0.0011649131774902344], "HS-postpone-time": [0, 0.1395397186279297, 0, 3.099426031112671, 0, 2.6831719875335693, 0, 2.694903612136841, 0, 0.9088730812072754, 0, 1.7725145816802979, 0, 2.9399502277374268, 0, 2.7964301109313965, 0, 1.778630256652832, 0, 1.8719494342803955, 0, 2.0621588230133057, 0, 1.7214479446411133, 0, 3.5185513496398926, 0, 2.3573694229125977, 0, 2.0125575065612793, 0, 1.7023074626922607, 0, 1.9196667671203613, 0, 3.514101266860962, 0, 0.16069436073303223], "SAT-time": [0, 3.801987409591675, 0, 19.60147476196289, 0, 18.09560751914978, 0, 17.818646669387817, 0, 10.800561428070068, 0, 14.88660454750061, 0, 18.79595637321472, 0, 18.315871477127075, 0, 14.118212461471558, 0, 15.432231187820435, 0, 15.76029086112976, 0, 14.237212896347046, 0, 20.863704681396484, 0, 16.8106369972229, 0, 14.798240661621094, 0, 14.021662473678589, 0, 14.52564811706543, 0, 20.251635551452637, 0, 4.339902639389038], "grow-time": [0, 72.97483253479004, 0, 426.56797981262207, 0, 378.51924872398376, 0, 372.2595970630646, 0, 215.9892761707306, 0, 307.19882369041443, 0, 400.11243414878845, 0, 379.6112871170044, 0, 290.8480544090271, 0, 317.8578917980194, 0, 324.64095425605774, 0, 288.4776306152344, 0, 437.1822485923767, 0, 345.87009620666504, 0, 294.1620862483978, 0, 276.60830783843994, 0, 305.3599133491516, 0, 415.77039647102356, 0, 79.35730004310608], "#expl": 18, "expl_seq": [{"constraints": [22196], "derived": [-20520, -20517], "cost": 100}, {"constraints": [22202], "derived": [20528], "cost": 100}, {"constraints": [20528, 20657], "derived": [-20518, -20508, -20523, -20513], "cost": 61}, {"constraints": [20528, 20659], "derived": [-20527, -20531, -20530, -20529], "cost": 61}, {"constraints": [22194, 20659], "derived": [-20512], "cost": 160}, {"constraints": [20688, 22197], "derived": [-20634], "cost": 160}, {"constraints": [22200, 20665], "derived": [-20573], "cost": 160}, {"constraints": [22193, 20684], "derived": [-20592], "cost": 160}, {"constraints": [-20508, 20684, -20523, 22199, -20518, -20513], "derived": [-20590], "cost": 164}, {"constraints": [20528, -20590, 20686], "derived": [-20580], "cost": 62}, {"constraints": [-20508, 20681, -20523, 22199, -20518, -20513], "derived": [-20614], "cost": 164}, {"constraints": [20528, -20614, 20683], "derived": [-20554], "cost": 62}, {"constraints": [22202, 20659, 20684], "derived": [-20606, -20586, -20601], "cost": 220}, {"constraints": [20665, 22199, 20687], "derived": [-20649], "cost": 220}, {"constraints": [22201, 20659, 20681], "derived": [-20631, -20609], "cost": 220}, {"constraints": [20673, 22202, 20683], "derived": [-20630, -20610, -20625], "cost": 220}, {"constraints": [20688, 22202, 20661], "derived": [-20655], "cost": 220}, {"constraints": [22194, 20659, 20684], "derived": [-20603], "cost": 220}], "OUS-time": [0, 78.85241436958313, 0, 473.13559794425964, 0, 416.42570972442627, 0, 409.79066944122314, 0, 242.13983583450317, 0, 353.7889313697815, 0, 464.37928438186646, 0, 425.01987648010254, 0, 395.70261549949646, 0, 347.45817017555237, 0, 454.99689412117004, 0, 315.9259057044983, 0, 567.103931427002, 0, 453.6049907207489, 0, 379.64359641075134, 0, 351.205988407135, 0, 461.61462926864624, 0, 494.9758629798889, 0, 0], "timeout": true}}