{"config": {"preseeding": false, "sat-polarity": true, "sat-polarity-initial": false, "postpone_opt": false, "postpone_opt_incr": false, "postpone_opt_greedy": false, "grow": true, "grow_sat": false, "grow_subset_maximal": false, "grow_maxsat": true, "maxsat_polarities": true, "grow_maxsat_full_pos": false, "grow_maxsat_full_inv": true, "grow_maxsat_full_unif": false, "grow_maxsat_initial_pos": false, "grow_maxsat_initial_inv": false, "grow_maxsat_initial_unif": false, "grow_maxsat_actual_pos": false, "grow_maxsat_actual_unif": false, "grow_maxsat_actual_inv": false, "timeout": 7200, "instance": "p13", "output": "/data/brussel/101/vsc10143/OUSResults/experiment6_cous/2021011601/20210116013442949685.json"}, "results": {"HS": [0, 112, 0, 118, 0, 114, 0, 242, 0, 273], "HS_greedy": [0, 0, 0, 0, 0, 0, 0, 0, 0, 0], "HS_incr": [0, 0, 0, 0, 0, 0, 0, 0, 0, 0], "HS-opt-time": [0, 1.3866071701049805, 0, 1.5348989963531494, 0, 1.7967376708984375, 0, 22.62027859687805, 0, 43.236103773117065], "HS-postpone-time": [0, 0, 0, 0, 0, 0, 0, 0, 0, 0], "SAT-time": [0, 0.4579641819000244, 0, 0.4916727542877197, 0, 0.4821481704711914, 0, 1.017458438873291, 0, 1.24794602394104], "grow-time": [0, 15.42980146408081, 0, 16.866793155670166, 0, 16.59451675415039, 0, 40.35236382484436, 0, 3479.8309674263], "#expl": 4, "expl_seq": [{"constraints": [11949], "derived": [10275], "cost": 100}, {"constraints": [10275, 10406], "derived": [-10278, -10277, -10276, -10274], "cost": 61}, {"constraints": [10275, 10404], "derived": [-10255, -10270, -10260, -10265], "cost": 61}, {"constraints": [11943], "derived": [-10264, -10267], "cost": 100}], "OUS-time": [0, 17.44188404083252, 0, 19.074140787124634, 0, 19.04720401763916, 0, 64.36126446723938, 0, 0], "timeout": true}}