{"config": {"preseeding": false, "sat-polarity": true, "sat-polarity-initial": false, "postpone_opt": false, "postpone_opt_incr": false, "postpone_opt_greedy": false, "grow": true, "grow_sat": false, "grow_subset_maximal": false, "grow_maxsat": true, "maxsat_polarities": true, "grow_maxsat_full_pos": false, "grow_maxsat_full_inv": false, "grow_maxsat_full_unif": false, "grow_maxsat_initial_pos": false, "grow_maxsat_initial_inv": true, "grow_maxsat_initial_unif": false, "grow_maxsat_actual_pos": false, "grow_maxsat_actual_unif": false, "grow_maxsat_actual_inv": false, "timeout": 7200, "instance": "p13", "output": "/data/brussel/101/vsc10143/OUSResults/experiment6_cous/2021011601/20210116013442949721.json"}, "results": {"HS": [0, 51, 0, 48, 0, 39, 0, 35, 0, 82, 0, 75, 0, 52, 0, 80, 0, 104, 0, 30, 0, 90, 0, 30, 0, 83, 0, 85, 0, 97, 0, 103, 0, 110, 0, 127, 0, 134, 0, 173, 0, 202, 0, 190, 0, 187, 0, 177, 0, 48, 0, 38, 0, 33, 0, 31, 0, 25, 0, 28, 0, 149, 0, 149, 0, 101, 0, 143, 0, 149, 0, 79, 0, 98], "HS_greedy": [0, 0, 0, 0, 0, 0, 0, 0, 0, 0, 0, 0, 0, 0, 0, 0, 0, 0, 0, 0, 0, 0, 0, 0, 0, 0, 0, 0, 0, 0, 0, 0, 0, 0, 0, 0, 0, 0, 0, 0, 0, 0, 0, 0, 0, 0, 0, 0, 0, 0, 0, 0, 0, 0, 0, 0, 0, 0, 0, 0, 0, 0, 0, 0, 0, 0, 0, 0, 0, 0, 0, 0, 0, 0], "HS_incr": [0, 0, 0, 0, 0, 0, 0, 0, 0, 0, 0, 0, 0, 0, 0, 0, 0, 0, 0, 0, 0, 0, 0, 0, 0, 0, 0, 0, 0, 0, 0, 0, 0, 0, 0, 0, 0, 0, 0, 0, 0, 0, 0, 0, 0, 0, 0, 0, 0, 0, 0, 0, 0, 0, 0, 0, 0, 0, 0, 0, 0, 0, 0, 0, 0, 0, 0, 0, 0, 0, 0, 0, 0, 0], "HS-opt-time": [0, 0.3733487129211426, 0, 0.5748894214630127, 0, 0.0935523509979248, 0, 0.0750722885131836, 0, 5.727917432785034, 0, 5.873666763305664, 0, 0.9862520694732666, 0, 8.411192417144775, 0, 22.654893159866333, 0, 0.05972409248352051, 0, 13.31055736541748, 0, 0.05844306945800781, 0, 11.053369045257568, 0, 9.803301095962524, 0, 13.210841178894043, 0, 19.25843858718872, 0, 21.580796480178833, 0, 32.0754656791687, 0, 18.55274987220764, 0, 50.86382722854614, 0, 80.77633452415466, 0, 74.25828528404236, 0, 76.51795816421509, 0, 72.41861343383789, 0, 0.3520498275756836, 0, 0.13609004020690918, 0, 0.1375141143798828, 0, 0.10733222961425781, 0, 0.05356621742248535, 0, 0.06874918937683105, 0, 48.33872199058533, 0, 38.656023263931274, 0, 7.524642705917358, 0, 30.65749716758728, 0, 32.6912899017334, 0, 0.9918582439422607, 0, 1.8057870864868164], "HS-postpone-time": [0, 0, 0, 0, 0, 0, 0, 0, 0, 0, 0, 0, 0, 0, 0, 0, 0, 0, 0, 0, 0, 0, 0, 0, 0, 0, 0, 0, 0, 0, 0, 0, 0, 0, 0, 0, 0, 0, 0, 0, 0, 0, 0, 0, 0, 0, 0, 0, 0, 0, 0, 0, 0, 0, 0, 0, 0, 0, 0, 0, 0, 0, 0, 0, 0, 0, 0, 0, 0, 0, 0, 0, 0, 0], "SAT-time": [0, 0.2177731990814209, 0, 0.215101957321167, 0, 0.17192792892456055, 0, 0.1532573699951172, 0, 0.364840030670166, 0, 0.3395853042602539, 0, 0.2335186004638672, 0, 0.3642139434814453, 0, 0.4837203025817871, 0, 0.1366569995880127, 0, 0.41849422454833984, 0, 0.13592028617858887, 0, 0.37651538848876953, 0, 0.40332508087158203, 0, 0.45664453506469727, 0, 0.49045705795288086, 0, 0.5191047191619873, 0, 0.6158790588378906, 0, 0.6478970050811768, 0, 0.8325717449188232, 0, 0.9804751873016357, 0, 0.9500632286071777, 0, 1.2082712650299072, 0, 1.1226201057434082, 0, 0.3038301467895508, 0, 0.23653841018676758, 0, 0.20517277717590332, 0, 0.19330286979675293, 0, 0.1519005298614502, 0, 0.17182588577270508, 0, 0.956078290939331, 0, 0.9659609794616699, 0, 0.648496150970459, 0, 0.9181821346282959, 0, 0.9526863098144531, 0, 0.4950835704803467, 0, 0.6312782764434814], "grow-time": [0, 17.85312247276306, 0, 77.99413752555847, 0, 4.8901660442352295, 0, 4.291409254074097, 0, 207.77158665657043, 0, 180.5976951122284, 0, 118.93937039375305, 0, 217.77615928649902, 0, 275.035484790802, 0, 3.4046380519866943, 0, 207.91431999206543, 0, 3.341402053833008, 0, 268.2273964881897, 0, 348.83027505874634, 0, 310.4597156047821, 0, 100.63394236564636, 0, 693.9283804893494, 0, 351.626339673996, 0, 87.93462443351746, 0, 280.8999752998352, 0, 281.72898507118225, 0, 229.94189310073853, 0, 246.08041858673096, 0, 411.52246737480164, 0, 8.228438138961792, 0, 5.8970935344696045, 0, 7.794167518615723, 0, 6.9152655601501465, 0, 3.0554654598236084, 0, 4.183920383453369, 0, 251.61384105682373, 0, 258.14358496665955, 0, 34.67055416107178, 0, 266.64211416244507, 0, 134.00902771949768, 0, 135.79554343223572, 0, 386.171715259552], "#expl": 36, "expl_seq": [{"constraints": [11943], "derived": [-10264, -10267], "cost": 100}, {"constraints": [11949], "derived": [10275], "cost": 100}, {"constraints": [10275, 10404], "derived": [-10255, -10270, -10260, -10265], "cost": 61}, {"constraints": [10275, 10406], "derived": [-10278, -10277, -10276, -10274], "cost": 61}, {"constraints": [11941, 10406], "derived": [-10259], "cost": 160}, {"constraints": [11944, 10435], "derived": [-10381], "cost": 160}, {"constraints": [11940, 10431], "derived": [-10339], "cost": 160}, {"constraints": [11947, 10412], "derived": [-10320], "cost": 160}, {"constraints": [-10270, -10265, 11946, -10260, 10412, -10255], "derived": [-10327], "cost": 164}, {"constraints": [10432, -10327, 10275], "derived": [-10337], "cost": 62}, {"constraints": [-10270, -10265, 11946, -10260, -10255, 10428], "derived": [-10361], "cost": 164}, {"constraints": [10275, 10430, -10361], "derived": [-10301], "cost": 62}, {"constraints": [10416, 10433, 11949], "derived": [-10333, -10348, -10353], "cost": 220}, {"constraints": [10428, 11949, 10406], "derived": [-10357, -10372, -10377], "cost": 220}, {"constraints": [10420, 11948, 10430], "derived": [-10356, -10378], "cost": 220}, {"constraints": [10408, 10429, 11942], "derived": [-10355, -10370], "cost": 220}, {"constraints": [10408, 11946, 10435], "derived": [-10396], "cost": 220}, {"constraints": [10416, 10433, 11941], "derived": [-10310, -10350], "cost": 220}, {"constraints": [10408, -10310, 11947], "derived": [-10287], "cost": 161}, {"constraints": [10408, 10435, 11949], "derived": [-10402], "cost": 220}, {"constraints": [10410, 11947, -10355, 10430], "derived": [-10295], "cost": 221}, {"constraints": [10410, 11947, -10356, 10430], "derived": [-10296], "cost": 221}, {"constraints": [11947, 10430, 10406, -10377], "derived": [-10273], "cost": 221}, {"constraints": [10420, 11948, 10430, -10361], "derived": [-10358], "cost": 221}, {"constraints": [-10358, -10357, -10356, -10355, 10423], "derived": [10354], "cost": 64}, {"constraints": [10354, 10420], "derived": [-10359, -10374, -10364, -10369], "cost": 61}, {"constraints": [-10264, 10354, 10428], "derived": [-10289], "cost": 62}, {"constraints": [10354, 10428, -10274], "derived": [-10299], "cost": 62}, {"constraints": [10354, -10333, 10437], "derived": [-10399], "cost": 62}, {"constraints": [10354, 10428, -10259], "derived": [-10284], "cost": 62}, {"constraints": [11947, -10372, 10406, 10430], "derived": [-10272], "cost": 221}, {"constraints": [10410, 11947, 10430, -10358], "derived": [-10298], "cost": 221}, {"constraints": [-10399, 10436, -10298, -10296, -10295, 10411, -10402], "derived": [-10323], "cost": 125}, {"constraints": [-10320, 11945, 10434, 10414], "derived": [-10387], "cost": 221}, {"constraints": [11947, 10436, -10387], "derived": [10297], "cost": 161}, {"constraints": [10408, 10297], "derived": [-10302, -10292, -10282], "cost": 61}],