{"config": {"preseeding": false, "sat-polarity": true, "sat-polarity-initial": true, "postpone_opt": true, "postpone_opt_incr": false, "postpone_opt_greedy": true, "grow": true, "grow_sat": false, "grow_subset_maximal": false, "grow_maxsat": true, "maxsat_polarities": true, "grow_maxsat_full_pos": false, "grow_maxsat_full_inv": false, "grow_maxsat_full_unif": false, "grow_maxsat_initial_pos": false, "grow_maxsat_initial_inv": true, "grow_maxsat_initial_unif": false, "grow_maxsat_actual_pos": false, "grow_maxsat_actual_unif": false, "grow_maxsat_actual_inv": false, "timeout": 7200, "instance": "p16", "output": "/data/brussel/101/vsc10143/OUSResults/experiment6_cous/2021011607/20210116071026026989.json"}, "results": {"HS": [0, 2, 0, 7, 0, 2, 0, 2, 0, 6, 0, 3, 0, 4, 0, 11, 0, 12, 0, 8, 0, 5, 0, 2, 0, 4, 0, 10, 0, 15, 0, 4, 0, 31, 0, 4, 0, 34, 0, 3, 0, 2, 0, 16, 0, 11, 0, 9, 0, 1], "HS_greedy": [0, 369, 0, 351, 0, 404, 0, 335, 0, 274, 0, 274, 0, 370, 0, 280, 0, 313, 0, 403, 0, 225, 0, 300, 0, 157, 0, 278, 0, 285, 0, 218, 0, 356, 0, 332, 0, 358, 0, 315, 0, 331, 0, 198, 0, 408, 0, 403, 0, 318], "HS_incr": [0, 0, 0, 0, 0, 0, 0, 0, 0, 0, 0, 0, 0, 0, 0, 0, 0, 0, 0, 0, 0, 0, 0, 0, 0, 0, 0, 0, 0, 0, 0, 0, 0, 0, 0, 0, 0, 0, 0, 0, 0, 0, 0, 0, 0, 0, 0, 0, 0, 0], "HS-opt-time": [0, 0.5176763534545898, 0, 1.7444884777069092, 0, 0.4662919044494629, 0, 0.45819664001464844, 0, 0.8540530204772949, 0, 0.33289527893066406, 0, 1.0287978649139404, 0, 10.31814455986023, 0, 16.11853861808777, 0, 13.73284363746643, 0, 0.46535539627075195, 0, 0.2058875560760498, 0, 0.5718469619750977, 0, 8.377677917480469, 0, 12.251895666122437, 0, 0.5687298774719238, 0, 30.600618600845337, 0, 0.792109489440918, 0, 28.6124107837677, 0, 1.0884099006652832, 0, 1.0168137550354004, 0, 1.3940138816833496, 0, 3.069370985031128, 0, 2.6683380603790283, 0, 0.0011589527130126953], "HS-postpone-time": [0, 2.1933372020721436, 0, 1.9657816886901855, 0, 2.6171634197235107, 0, 1.6976492404937744, 0, 1.148475170135498, 0, 1.1350939273834229, 0, 2.0182533264160156, 0, 1.133573293685913, 0, 1.4112308025360107, 0, 2.371933698654175, 0, 0.7304329872131348, 0, 1.255727767944336, 0, 0.36092424392700195, 0, 1.0550494194030762, 0, 1.104337215423584, 0, 0.6504955291748047, 0, 1.6891014575958252, 0, 1.4718985557556152, 0, 1.7034871578216553, 0, 1.3097214698791504, 0, 1.4260404109954834, 0, 0.5292608737945557, 0, 2.172893524169922, 0, 2.0667076110839844, 0, 1.2539777755737305], "SAT-time": [0, 1.5019733905792236, 0, 1.4516937732696533, 0, 1.664717674255371, 0, 1.412201166152954, 0, 1.1399915218353271, 0, 1.1257104873657227, 0, 1.5646960735321045, 0, 1.207031488418579, 0, 1.3435509204864502, 0, 1.8118102550506592, 0, 0.9844870567321777, 0, 1.3430912494659424, 0, 0.707003116607666, 0, 1.2441554069519043, 0, 1.2957451343536377, 0, 0.9873275756835938, 0, 1.5941319465637207, 0, 1.5125012397766113, 0, 1.6433870792388916, 0, 1.4556872844696045, 0, 1.5442416667938232, 0, 0.8948109149932861, 0, 1.8925108909606934, 0, 1.8672592639923096, 0, 1.4394865036010742], "grow-time": [0, 51.093111991882324, 0, 49.52608585357666, 0, 103.23837494850159, 0, 80.15171813964844, 0, 62.681031942367554, 0, 91.02184772491455, 0, 332.2602729797363, 0, 154.08171439170837, 0, 232.60515236854553, 0, 315.479455947876, 0, 97.49221873283386, 0, 733.25505900383, 0, 269.07900500297546, 0, 334.2222514152527, 0, 406.04940271377563, 0, 221.23399114608765, 0, 605.5662062168121, 0, 376.7077956199646, 0, 536.4417953491211, 0, 379.70921659469604, 0, 416.8719515800476, 0, 104.33629536628723, 0, 522.8717122077942, 0, 227.6698272228241, 0, 257.42540884017944], "#expl": 24, "expl_seq": [{"constraints": [10970], "derived": [9319], "cost": 100}, {"constraints": [9437, 9319], "derived": [-9320, -9318, -9317, -9316], "cost": 61}, {"constraints": [9435, 9319], "derived": [-9309, -9324, -9314, -9329], "cost": 61}, {"constraints": [10976], "derived": [9305], "cost": 100}, {"constraints": [9305, 9431], "derived": [-9295, -9285, -9300, -9290], "cost": 61}, {"constraints": [9305, 9433], "derived": [-9304, -9303, -9302, -9301], "cost": 61}, {"constraints": [9456, 9305, -9329], "derived": [-9379], "cost": 62}, {"constraints": [9461, 10975], "derived": [-9427], "cost": 160}, {"constraints": [10969, 9441], "derived": [-9336], "cost": 160}, {"constraints": [9460, 10974], "derived": [9388], "cost": 160}, {"constraints": [9388, 9447], "derived": [-9383, -9398, -9403, -9393], "cost": 61}, {"constraints": [9449, 9388], "derived": [-9390, -9389, -9387, -9386], "cost": 61}, {"constraints": [9305, 9460, -9403], "derived": [-9353], "cost": 62}, {"constraints": [9435, 10972], "derived": [-9323], "cost": 160}, {"constraints": [10972, 9439], "derived": [-9348], "cost": 160}, {"constraints": [9388, 9459, -9348], "derived": [-9297], "cost": 62}, {"constraints": [10971, -9309, 9431], "derived": [-9282], "cost": 161}, {"constraints": [9458, 9388, -9282], "derived": [-9333], "cost": 62}, {"constraints": [9439, 10971, -9329], "derived": [-9352], "cost": 161}, {"constraints": [-9352, 9305, 9459], "derived": [-9402], "cost": 62}, {"constraints": [-9352, 10973], "derived": [9327], "cost": 101}, {"constraints": [9437, 9327], "derived": [-9328, -9326, -9330], "cost": 61}, {"constraints": [9435, 9327], "derived": [-9312, -9307, -9322], "cost": 61}, {"constraints": [-9304, 9327, 9455], "derived": [-9372], "cost": 62}], "OUS-time": [0, 55.89995551109314, 0, 55.25119924545288, 0, 108.62628054618835, 0, 84.24630093574524, 0, 66.25455856323242, 0, 94.03761196136475, 0, 337.43666553497314, 0, 167.16627073287964, 0, 251.9510543346405, 0, 334.00778222084045, 0, 100.00623869895935, 0, 736.5078284740448, 0, 270.94759798049927, 0, 345.3039400577545, 0, 421.11612462997437, 0, 223.755362033844, 0, 639.9644060134888, 0, 380.96260261535645, 0, 568.9164061546326, 0, 384.01831674575806, 0, 421.3343756198883, 0, 107.43887567520142, 0, 530.6142687797546, 0, 234.84285235404968, 0, 0], "timeout": true}}