{"config": {"preseeding": true, "sat-polarity": true, "sat-polarity-initial": false, "postpone_opt": false, "postpone_opt_incr": false, "postpone_opt_greedy": false, "grow": true, "grow_sat": false, "grow_subset_maximal": false, "grow_maxsat": true, "maxsat_polarities": true, "grow_maxsat_full_pos": false, "grow_maxsat_full_inv": false, "grow_maxsat_full_unif": false, "grow_maxsat_initial_pos": false, "grow_maxsat_initial_inv": false, "grow_maxsat_initial_unif": false, "grow_maxsat_actual_pos": true, "grow_maxsat_actual_unif": false, "grow_maxsat_actual_inv": false, "timeout": 7200, "instance": "p16", "output": "/data/brussel/101/vsc10143/OUSResults/experiment6_cous/2021011607/20210116071026027741.json"}, "results": {"HS": [0, 25, 0, 9, 0, 6, 0, 30, 0, 11, 0, 10, 0, 4, 0, 45, 0, 36, 0, 43, 0, 54, 0, 51], "HS_greedy": [0, 0, 0, 0, 0, 0, 0, 0, 0, 0, 0, 0, 0, 0, 0, 0, 0, 0, 0, 0, 0, 0, 0, 0], "HS_incr": [0, 0, 0, 0, 0, 0, 0, 0, 0, 0, 0, 0, 0, 0, 0, 0, 0, 0, 0, 0, 0, 0, 0, 0], "HS-opt-time": [0, 0.26683568954467773, 0, 0.04278206825256348, 0, 0.024009227752685547, 0, 0.4669041633605957, 0, 0.05971789360046387, 0, 0.04896211624145508, 0, 0.02065253257751465, 0, 2.1161532402038574, 0, 2.0885417461395264, 0, 2.6120128631591797, 0, 7.968061923980713, 0, 6.2699949741363525], "HS-postpone-time": [0, 0, 0, 0, 0, 0, 0, 0, 0, 0, 0, 0, 0, 0, 0, 0, 0, 0, 0, 0, 0, 0, 0, 0], "SAT-time": [0.179002046585083, 0.15838146209716797, 0.17975616455078125, 0.053865909576416016, 0.19640874862670898, 0.03543734550476074, 0.20914292335510254, 0.19820547103881836, 0.1666860580444336, 0.07018780708312988, 0.1654500961303711, 0.06305480003356934, 0.19627618789672852, 0.021990299224853516, 0.18685221672058105, 0.3151836395263672, 0.17313075065612793, 0.25371360778808594, 0.17266416549682617, 0.3055133819580078, 0.15845274925231934, 0.38352251052856445, 0.14250469207763672, 0.3752586841583252], "grow-time": [4.278931140899658, 7.353230714797974, 9.84286117553711, 1.7119739055633545, 10.150514364242554, 25.210771799087524, 10.807197332382202, 503.76375913619995, 4.7773377895355225, 30.745683670043945, 8.19787311553955, 644.623866558075, 9.419962406158447, 1.3604991436004639, 10.464655876159668, 792.4806711673737, 9.266713380813599, 529.2299389839172, 10.170528411865234, 1278.7628037929535, 10.80604362487793, 1699.5703732967377, 7.465967416763306, 942.6256124973297], "#expl": 11, "expl_seq": [{"constraints": [29530], "derived": [27879], "cost": 100}, {"constraints": [27997, 27879], "derived": [-27880, -27878, -27877, -27876], "cost": 61}, {"constraints": [27995, 27879], "derived": [-27869, -27884, -27874, -27889], "cost": 61}, {"constraints": [29536], "derived": [27865], "cost": 100}, {"constraints": [27993, 27865], "derived": [-27864, -27863, -27862, -27861], "cost": 61}, {"constraints": [27865, 27991], "derived": [-27855, -27845, -27860, -27850], "cost": 61}, {"constraints": [-27855, 28015, 27879], "derived": [-27939], "cost": 62}, {"constraints": [29529, 28001], "derived": [-27896], "cost": 160}, {"constraints": [28021, 29535], "derived": [-27987], "cost": 160}, {"constraints": [29532, 27999], "derived": [-27908], "cost": 160}, {"constraints": [27995, 29532], "derived": [-27883], "cost": 160}], "OUS-time": [0, 7.833463430404663, 0, 1.8276503086090088, 0, 25.282538175582886, 0, 504.49644565582275, 0, 30.899149179458618, 0, 644.7577395439148, 0, 1.4104373455047607, 0, 795.0132110118866, 0, 531.6532001495361, 0, 1281.7774469852448, 0, 1708.0434465408325, 0, 0], "timeout": true}}