{"config": {"preseeding": true, "sat-polarity": true, "sat-polarity-initial": true, "postpone_opt": true, "postpone_opt_incr": true, "postpone_opt_greedy": true, "grow": true, "grow_sat": false, "grow_subset_maximal": false, "grow_maxsat": true, "maxsat_polarities": true, "grow_maxsat_full_pos": false, "grow_maxsat_full_inv": false, "grow_maxsat_full_unif": false, "grow_maxsat_initial_pos": false, "grow_maxsat_initial_inv": false, "grow_maxsat_initial_unif": false, "grow_maxsat_actual_pos": false, "grow_maxsat_actual_unif": true, "grow_maxsat_actual_inv": false, "timeout": 7200, "instance": "p16", "output": "/data/brussel/101/vsc10143/OUSResults/experiment6_cous/2021011607/20210116071026028670.json"}, "results": {"HS": [0, 2, 0, 3, 0, 2, 0, 2, 0, 3, 0, 2, 0, 2, 0, 3, 0, 2, 0, 2, 0, 2, 0, 2, 0, 3, 0, 2, 0, 3, 0, 3, 0, 7, 0, 4, 0, 3, 0, 6, 0, 3, 0, 1], "HS_greedy": [0, 66, 0, 86, 0, 43, 0, 48, 0, 90, 0, 86, 0, 78, 0, 83, 0, 60, 0, 82, 0, 77, 0, 96, 0, 104, 0, 91, 0, 69, 0, 50, 0, 73, 0, 89, 0, 88, 0, 73, 0, 82, 0, 80], "HS_incr": [0, 1577, 0, 2076, 0, 1004, 0, 1171, 0, 1877, 0, 1792, 0, 1552, 0, 1733, 0, 1250, 0, 1753, 0, 1538, 0, 1796, 0, 1922, 0, 1765, 0, 1206, 0, 905, 0, 1171, 0, 1452, 0, 1482, 0, 1108, 0, 1461, 0, 1327], "HS-opt-time": [0, 13.613201141357422, 0, 14.24149203300476, 0, 3.2735328674316406, 0, 8.316596031188965, 0, 11.601843118667603, 0, 5.859801292419434, 0, 5.2363667488098145, 0, 33.95108723640442, 0, 11.13486647605896, 0, 17.15893530845642, 0, 4.411088705062866, 0, 4.790660858154297, 0, 9.83803915977478, 0, 5.002688884735107, 0, 13.228026866912842, 0, 9.44603967666626, 0, 42.376070737838745, 0, 27.028867721557617, 0, 8.618244409561157, 0, 31.666900873184204, 0, 12.098768949508667, 0, 0.004071712493896484], "HS-postpone-time": [0, 2.023956775665283, 0, 3.6022231578826904, 0, 0.8164103031158447, 0, 1.050274133682251, 0, 3.0938644409179688, 0, 2.8196864128112793, 0, 2.062941551208496, 0, 2.6211447715759277, 0, 1.233724594116211, 0, 2.442594051361084, 0, 1.864354133605957, 0, 2.819676637649536, 0, 3.1210708618164062, 0, 2.472105026245117, 0, 1.2207558155059814, 0, 0.6598753929138184, 0, 1.3037779331207275, 0, 1.9916355609893799, 0, 1.7943463325500488, 0, 1.1281676292419434, 0, 1.618042230606079, 0, 1.414339542388916], "SAT-time": [0.37402844429016113, 21.796671867370605, 0.4659268856048584, 28.961981773376465, 0.4681847095489502, 14.255773544311523, 0.4179039001464844, 16.332947492599487, 0.4428541660308838, 26.459952354431152, 0.4328773021697998, 25.322073221206665, 0.34799838066101074, 21.81572914123535, 0.3889634609222412, 24.07629156112671, 0.3591902256011963, 16.892219066619873, 0.31122255325317383, 23.952441930770874, 0.3694725036621094, 21.08471441268921, 0.3127748966217041, 24.756200075149536, 0.2681620121002197, 25.88031530380249, 0.2829310894012451, 23.46402645111084, 0.2723047733306885, 15.731333017349243, 0.22662043571472168, 11.610575675964355, 0.2654597759246826, 14.674408912658691, 0.22686338424682617, 18.003953218460083, 0.2456529140472412, 18.475959300994873, 0.25626277923583984, 13.850689888000488, 0.18581080436706543, 18.352340936660767, 0.27660298347473145, 16.668832778930664], "grow-time": [5.239101409912109, 305.03546595573425, 5.637099504470825, 397.1445951461792, 5.604928255081177, 197.44495487213135, 5.116970777511597, 224.90702748298645, 5.21656346321106, 363.7040765285492, 5.120636940002441, 349.5745499134064, 4.100443124771118, 300.9131977558136, 4.57493782043457, 336.41760754585266, 4.349144697189331, 236.7913475036621, 3.768946647644043, 335.44055008888245, 4.397478342056274, 291.92415857315063, 3.7602710723876953, 344.821248292923, 3.2155847549438477, 354.68467235565186, 3.356494903564453, 326.1014862060547, 3.3634421825408936, 215.3326473236084, 2.9004790782928467, 162.69112825393677, 3.3487234115600586, 208.94106364250183, 2.8080174922943115, 260.6416699886322, 3.0988078117370605, 266.078706741333, 3.126589775085449, 198.35127091407776, 2.3970947265625, 263.6561105251312, 3.437678098678589, 237.2091417312622], "#expl": 21, "expl_seq": [{"constraints": [38810], "derived": [37159], "cost": 100}, {"constraints": [37277, 37159], "derived": [-37160, -37158, -37157, -37156], "cost": 61}, {"constraints": [37275, 37159], "derived": [-37149, -37164, -37154, -37169], "cost": 61}, {"constraints": [38816], "derived": [37145], "cost": 100}, {"constraints": [37145, 37271], "derived": [-37135, -37125, -37140, -37130], "cost": 61}, {"constraints": [37145, 37273], "derived": [-37144, -37143, -37142, -37141], "cost": 61}, {"constraints": [-37135, 37159, 37295], "derived": [-37219], "cost": 62}, {"constraints": [37301, 38815], "derived": [-37267], "cost": 160}, {"constraints": [38812, 37279], "derived": [-37188], "cost": 160}, {"constraints": [37300, 38814], "derived": [37228], "cost": 160}, {"constraints": [37228, 37287], "derived": [-37223, -37238, -37243, -37233], "cost": 61}, {"constraints": [37289, 37228], "derived": [-37230, -37229, -37227, -37226], "cost": 61}, {"constraints": [37145, 37300, -37243], "derived": [-37193], "cost": 62}, {"constraints": [-37188, 37299, 37228], "derived": [-37137], "cost": 62}, {"constraints": [37275, 38812], "derived": [-37163], "cost": 160}, {"constraints": [38809, 37281], "derived": [-37176], "cost": 160}, {"constraints": [38811, -37164, 37279], "derived": [-37187], "cost": 161}, {"constraints": [-37149, 38811, 37271], "derived": [-37122], "cost": 161}, {"constraints": [37298, 37228, -37122], "derived": [-37173], "cost": 62}, {"constraints": [-37149, 38811, 37279], "derived": [-37172], "cost": 161}, {"constraints": [-37169, 38811, 37279], "derived": [-37192], "cost": 161}], "OUS-time": [0, 347.57380270957947, 0, 450.6555771827698, 0, 219.03159141540527, 0, 254.34814715385437, 0, 410.92502903938293, 0, 389.3128924369812, 0, 334.9526364803314, 0, 402.48190569877625, 0, 269.9342894554138, 0, 384.42284417152405, 0, 324.020370721817, 0, 382.5684130191803, 0, 399.15502858161926, 0, 362.1817696094513, 0, 248.9662675857544, 0, 186.96761631965637, 0, 270.569721698761, 0, 311.70968079566956, 0, 299.1001479625702, 0, 248.01074719429016, 0, 299.71498441696167, 0, 0], "timeout": true}}