{"config": {"preseeding": true, "sat-polarity": true, "sat-polarity-initial": false, "postpone_opt": true, "postpone_opt_incr": true, "postpone_opt_greedy": false, "grow": true, "grow_sat": false, "grow_subset_maximal": false, "grow_maxsat": true, "maxsat_polarities": true, "grow_maxsat_full_pos": false, "grow_maxsat_full_inv": false, "grow_maxsat_full_unif": true, "grow_maxsat_initial_pos": false, "grow_maxsat_initial_inv": false, "grow_maxsat_initial_unif": false, "grow_maxsat_actual_pos": false, "grow_maxsat_actual_unif": false, "grow_maxsat_actual_inv": false, "timeout": 7200, "instance": "p18", "output": "/data/brussel/101/vsc10143/OUSResults/experiment6_cous/2021011612/20210116124313539094.json"}, "results": {"HS": [0, 35, 0, 42, 0, 53, 0, 52, 0, 142, 0, 48, 0, 43, 0, 58, 0, 122, 0, 61, 0, 44, 0, 29], "HS_greedy": [0, 0, 0, 0, 0, 0, 0, 0, 0, 0, 0, 0, 0, 0, 0, 0, 0, 0, 0, 0, 0, 0, 0, 0], "HS_incr": [0, 1406, 0, 1660, 0, 1643, 0, 1826, 0, 3570, 0, 1779, 0, 1413, 0, 2107, 0, 4041, 0, 2103, 0, 1398, 0, 778], "HS-opt-time": [0, 36.13131833076477, 0, 68.8829619884491, 0, 96.75103306770325, 0, 70.75725221633911, 0, 900.6870424747467, 0, 63.16914653778076, 0, 31.64722228050232, 0, 110.56921291351318, 0, 605.1735746860504, 0, 117.83045601844788, 0, 39.31840252876282, 0, 8.116622924804688], "HS-postpone-time": [0, 0.10587739944458008, 0, 0.1329209804534912, 0, 0.12290382385253906, 0, 0.13878726959228516, 0, 0.2696077823638916, 0, 0.13497543334960938, 0, 0.10626721382141113, 0, 0.15618109703063965, 0, 0.30643391609191895, 0, 0.1465296745300293, 0, 0.09875965118408203, 0, 0.05926346778869629], "SAT-time": [0.024801254272460938, 19.93166184425354, 0.029491662979125977, 23.486607313156128, 0.020087480545043945, 22.602033376693726, 0.021070003509521484, 24.354092836380005, 0.019496679306030273, 46.31053709983826, 0.009296178817749023, 22.379781484603882, 0.011316061019897461, 17.498470544815063, 0.010007858276367188, 26.069852352142334, 0.009563922882080078, 50.56891703605652, 0.011920928955078125, 26.169427633285522, 0.018436908721923828, 17.446863412857056, 0.011693000793457031, 11.116145133972168], "grow-time": [0.5373570919036865, 271.2356517314911, 0.6060953140258789, 319.48091173171997, 0.37438440322875977, 307.8334882259369, 0.36832118034362793, 337.5872538089752, 0.36776137351989746, 696.4897553920746, 0.19730353355407715, 327.4073340892792, 0.15686845779418945, 258.98226714134216, 0.15419483184814453, 407.12946701049805, 0.15583562850952148, 773.4835939407349, 0.15520668029785156, 400.48862314224243, 0.3138294219970703, 275.3759799003601, 0.17208170890808105, 268.34671092033386], "#expl": 11, "expl_seq": [{"constraints": [52481], "derived": [-50803], "cost": 100}, {"constraints": [52483], "derived": [50856], "cost": 100}, {"constraints": [50856, 50951], "derived": [-50860, -50859, -50858, -50857], "cost": 61}, {"constraints": [50856, 50949], "derived": [-50846, -50861, -50851, -50841], "cost": 61}, {"constraints": [52477], "derived": [50797], "cost": 100}, {"constraints": [50797, 50941], "derived": [-50792, -50807, -50812, -50802], "cost": 61}, {"constraints": [50797, 50943], "derived": [-50800, -50799, -50798, -50796], "cost": 61}, {"constraints": [50969, -50846, 50797], "derived": [-50921], "cost": 62}, {"constraints": [-50846, 52486], "derived": [50849], "cost": 101}, {"constraints": [50849, 50951], "derived": [-50848, -50847, -50850], "cost": 61}, {"constraints": [50849, 50949], "derived": [-50864, -50854, -50844], "cost": 61}], "OUS-time": [0, 331.5936436653137, 0, 416.97087574005127, 0, 432.08809328079224, 0, 438.15281343460083, 0, 1654.0414588451385, 0, 418.0040211677551, 0, 312.1178734302521, 0, 549.6305680274963, 0, 1440.4281005859375, 0, 550.18830037117, 0, 335.99275040626526, 0, 0], "timeout": true}}