{"config": {"preseeding": true, "sat-polarity": true, "sat-polarity-initial": false, "postpone_opt": false, "postpone_opt_incr": false, "postpone_opt_greedy": false, "grow": true, "grow_sat": false, "grow_subset_maximal": false, "grow_maxsat": true, "maxsat_polarities": true, "grow_maxsat_full_pos": false, "grow_maxsat_full_inv": false, "grow_maxsat_full_unif": false, "grow_maxsat_initial_pos": false, "grow_maxsat_initial_inv": false, "grow_maxsat_initial_unif": false, "grow_maxsat_actual_pos": true, "grow_maxsat_actual_unif": false, "grow_maxsat_actual_inv": false, "timeout": 7200, "instance": "p19", "output": "/data/brussel/101/vsc10143/OUSResults/experiment6_cous/2021011817/20210118170636306397.json"}, "results": {"HS": [0, 1, 14], "HS_greedy": [0, 0, 0], "HS_incr": [0, 0, 0], "HS-opt-time": [0, 0.006409883499145508, 0.25112318992614746], "HS-postpone-time": [0, 0, 0], "SAT-time": [0.44003844261169434, 7.128715515136719e-05, 0.20147323608398438], "grow-time": [10.571835994720459, 0, 6374.379712104797], "#expl": 1, "expl_seq": [{"constraints": [44271], "derived": [-44032, -44030, -44029, -44028, 44037, -44027, -44026, -44024, -44023, -44022, 44043, -44021, -44020, -44035, 44031, 44019, -44042, -44041, -44040, 44025, -44038, -44036, -44039, -44034, -44033], "cost": 60}], "OUS-time": [0, 0.007971763610839844, 0], "timeout": true}}