{"config": {"preseeding": true, "sat-polarity": true, "sat-polarity-initial": false, "postpone_opt": true, "postpone_opt_incr": true, "postpone_opt_greedy": true, "grow": true, "grow_sat": false, "grow_subset_maximal": false, "grow_maxsat": true, "maxsat_polarities": true, "grow_maxsat_full_pos": false, "grow_maxsat_full_inv": false, "grow_maxsat_full_unif": false, "grow_maxsat_initial_pos": true, "grow_maxsat_initial_inv": false, "grow_maxsat_initial_unif": false, "grow_maxsat_actual_pos": false, "grow_maxsat_actual_unif": false, "grow_maxsat_actual_inv": false, "timeout": 7200, "instance": "p20", "output": "/data/brussel/101/vsc10143/OUSResults/experiment6_cous/2021011613/20210116135202580934.json"}, "results": {"HS": [0, 2, 0, 1], "HS_greedy": [0, 5, 0, 30], "HS_incr": [0, 108, 0, 949], "HS-opt-time": [0, 0.10243487358093262, 0, 0.003795146942138672], "HS-postpone-time": [0, 0.015082359313964844, 0, 0.5435676574707031], "SAT-time": [0.19976043701171875, 0.8930306434631348, 0.19329071044921875, 11.241880893707275], "grow-time": [4.163562059402466, 22.33508563041687, 4.53287410736084, 7148.301939964294], "#expl": 1, "expl_seq": [{"constraints": [39780], "derived": [-38100], "cost": 100}], "OUS-time": [0, 23.595792531967163, 0, 0], "timeout": true}}