{"config": {"preseeding": true, "sat-polarity": true, "sat-polarity-initial": false, "postpone_opt": true, "postpone_opt_incr": true, "postpone_opt_greedy": false, "grow": true, "grow_sat": false, "grow_subset_maximal": false, "grow_maxsat": true, "maxsat_polarities": true, "grow_maxsat_full_pos": false, "grow_maxsat_full_inv": false, "grow_maxsat_full_unif": false, "grow_maxsat_initial_pos": true, "grow_maxsat_initial_inv": false, "grow_maxsat_initial_unif": false, "grow_maxsat_actual_pos": false, "grow_maxsat_actual_unif": false, "grow_maxsat_actual_inv": false, "timeout": 7200, "instance": "p20", "output": "/data/brussel/101/vsc10143/OUSResults/experiment6_cous/2021011613/20210116135202580658.json"}, "results": {"HS": [0, 4, 0, 3, 0, 5, 0, 3, 0, 2, 0, 8, 0, 5, 0, 6, 0, 4, 0, 3], "HS_greedy": [0, 0, 0, 0, 0, 0, 0, 0, 0, 0, 0, 0, 0, 0, 0, 0, 0, 0, 0, 0], "HS_incr": [0, 54, 0, 43, 0, 76, 0, 34, 0, 33, 0, 123, 0, 70, 0, 73, 0, 39, 0, 37], "HS-opt-time": [0, 0.08334898948669434, 0, 0.031249284744262695, 0, 0.40859270095825195, 0, 0.023192644119262695, 0, 0.02121591567993164, 0, 0.7484195232391357, 0, 0.08178448677062988, 0, 0.14839553833007812, 0, 0.044881343841552734, 0, 0.013850688934326172], "HS-postpone-time": [0, 0.0026199817657470703, 0, 0.002240896224975586, 0, 0.004073619842529297, 0, 0.0018765926361083984, 0, 0.0018131732940673828, 0, 0.006163120269775391, 0, 0.0035097599029541016, 0, 0.0035352706909179688, 0, 0.0020270347595214844, 0, 0.0016608238220214844], "SAT-time": [0.20195770263671875, 0.44898390769958496, 0.19546270370483398, 0.362459659576416, 0.19821619987487793, 0.6517367362976074, 0.2134382724761963, 0.2990453243255615, 0.24530243873596191, 0.2918717861175537, 0.18075346946716309, 1.098273515701294, 0.22508931159973145, 0.6202816963195801, 0.2291860580444336, 0.6447224617004395, 0.2320547103881836, 0.3499577045440674, 0.1852400302886963, 0.34465575218200684], "grow-time": [4.421981573104858, 12.587834119796753, 4.754909038543701, 225.0039505958557, 5.330591917037964, 1408.136388540268, 4.690435886383057, 25.603351831436157, 5.666378021240234, 856.9210634231567, 4.69463586807251, 2334.4367752075195, 5.593281030654907, 161.73974990844727, 6.256986618041992, 772.5599572658539, 5.6410746574401855, 27.846309423446655, 3.861738920211792, 981.1803605556488], "#expl": 9, "expl_seq": [{"constraints": [39780], "derived": [-38100], "cost": 100}, {"constraints": [39787], "derived": [-38152], "cost": 100}, {"constraints": [39788], "derived": [38156], "cost": 100}, {"constraints": [38156, 38253], "derived": [-38157, -38155, -38154, -38153], "cost": 61}, {"constraints": [38251, 38156], "derived": [-38151, -38166, -38146, -38161], "cost": 61}, {"constraints": [39784, -38166], "derived": [38113], "cost": 101}, {"constraints": [38113, 38243], "derived": [-38103, -38093, -38108, -38098], "cost": 61}, {"constraints": [38113, 38245], "derived": [-38117, -38116, -38115, -38114], "cost": 61}, {"constraints": [38113, -38166, 38271], "derived": [-38196], "cost": 62}], "OUS-time": [0, 13.252084732055664, 0, 225.50536465644836, 0, 1409.3881769180298, 0, 26.011862993240356, 0, 857.3179037570953, 0, 2336.587286233902, 0, 162.6131374835968, 0, 773.5312650203705, 0, 28.335450887680054, 0, 0], "timeout": true}}