{"config": {"preseeding": false, "sat-polarity": true, "sat-polarity-initial": false, "postpone_opt": true, "postpone_opt_incr": true, "postpone_opt_greedy": true, "grow": true, "grow_sat": false, "grow_subset_maximal": false, "grow_maxsat": true, "maxsat_polarities": true, "grow_maxsat_full_pos": false, "grow_maxsat_full_inv": false, "grow_maxsat_full_unif": false, "grow_maxsat_initial_pos": false, "grow_maxsat_initial_inv": false, "grow_maxsat_initial_unif": true, "grow_maxsat_actual_pos": false, "grow_maxsat_actual_unif": false, "grow_maxsat_actual_inv": false, "timeout": 7200, "instance": "p20", "output": "/data/brussel/101/vsc10143/OUSResults/experiment6_cous/2021011613/20210116135202579849.json"}, "results": {"HS": [0, 3, 0, 2, 0, 2, 0, 2, 0, 3, 0, 2, 0, 2, 0, 2, 0, 2, 0, 3, 0, 2, 0, 3, 0, 3, 0, 4, 0, 3, 0, 2, 0, 2, 0, 2, 0, 2, 0, 2, 0, 3, 0, 2, 0, 3, 0, 2, 0, 5, 0, 4, 0, 3, 0, 3, 0, 3, 0, 2, 0, 1], "HS_greedy": [0, 12, 0, 19, 0, 68, 0, 59, 0, 47, 0, 83, 0, 76, 0, 99, 0, 95, 0, 60, 0, 75, 0, 80, 0, 89, 0, 101, 0, 66, 0, 70, 0, 48, 0, 73, 0, 88, 0, 88, 0, 57, 0, 76, 0, 67, 0, 56, 0, 37, 0, 62, 0, 61, 0, 78, 0, 57, 0, 70, 0, 59], "HS_incr": [0, 235, 0, 492, 0, 1695, 0, 1676, 0, 1123, 0, 1837, 0, 1871, 0, 2156, 0, 1878, 0, 1285, 0, 1503, 0, 1574, 0, 1726, 0, 1989, 0, 1260, 0, 1428, 0, 958, 0, 1518, 0, 1640, 0, 1896, 0, 1139, 0, 1420, 0, 1218, 0, 1027, 0, 754, 0, 1071, 0, 1058, 0, 1407, 0, 957, 0, 1195, 0, 1043], "HS-opt-time": [0, 0.440929651260376, 0, 1.0890614986419678, 0, 13.958978414535522, 0, 5.440992116928101, 0, 9.951842546463013, 0, 17.006757974624634, 0, 9.264195919036865, 0, 7.284096002578735, 0, 6.8527984619140625, 0, 21.380834102630615, 0, 5.704523086547852, 0, 11.577704906463623, 0, 11.485310792922974, 0, 16.958503246307373, 0, 7.644134521484375, 0, 3.7473185062408447, 0, 2.5916590690612793, 0, 3.7987592220306396, 0, 4.238238573074341, 0, 5.2320945262908936, 0, 7.6644275188446045, 0, 2.8082797527313232, 0, 15.056744813919067, 0, 4.993200302124023, 0, 7.977648973464966, 0, 17.165764570236206, 0, 12.745849132537842, 0, 15.803783893585205, 0, 4.822551012039185, 0, 3.814058542251587, 0, 0.001068115234375], "HS-postpone-time": [0, 0.06220364570617676, 0, 0.16832208633422852, 0, 1.9673080444335938, 0, 1.6919450759887695, 0, 0.9130542278289795, 0, 2.749565362930298, 0, 2.5795681476593018, 0, 3.6612942218780518, 0, 3.1019980907440186, 0, 1.206472635269165, 0, 1.7181963920593262, 0, 2.0024540424346924, 0, 2.236821174621582, 0, 3.1140754222869873, 0, 1.1530988216400146, 0, 1.4377992153167725, 0, 0.6313941478729248, 0, 1.5860669612884521, 0, 2.061986207962036, 0, 2.4942431449890137, 0, 0.9166586399078369, 0, 1.4223358631134033, 0, 1.0488433837890625, 0, 0.8084084987640381, 0, 0.4019894599914551, 0, 0.9411051273345947, 0, 0.8565316200256348, 0, 1.4515583515167236, 0, 0.7225534915924072, 0, 1.0754785537719727, 0, 0.7638697624206543], "SAT-time": [0, 1.4465527534484863, 0, 3.065904378890991, 0, 10.539082288742065, 0, 10.415743827819824, 0, 7.1037538051605225, 0, 11.73679518699646, 0, 12.780761003494263, 0, 15.180882453918457, 0, 13.040661334991455, 0, 8.974908590316772, 0, 10.654328346252441, 0, 11.232151508331299, 0, 12.35677456855774, 0, 14.339453220367432, 0, 9.130555391311646, 0, 10.205826997756958, 0, 6.864423036575317, 0, 10.952430725097656, 0, 11.665789365768433, 0, 13.683480501174927, 0, 8.230709314346313, 0, 10.158437013626099, 0, 8.819448947906494, 0, 7.472409963607788, 0, 5.531367063522339, 0, 7.843191146850586, 0, 7.735170364379883, 0, 10.447178602218628, 0, 7.031931161880493, 0, 8.717951536178589, 0, 7.659618139266968], "grow-time": [0, 35.46671986579895, 0, 73.68828058242798, 0, 278.45702505111694, 0, 269.7679080963135, 0, 174.2486789226532, 0, 300.5324318408966, 0, 297.88680720329285, 0, 333.2654387950897, 0, 284.78412675857544, 0, 191.79484367370605, 0, 223.1704182624817, 0, 235.66862273216248, 0, 255.78212475776672, 0, 300.3633117675781, 0, 193.5978877544403, 0, 218.3458685874939, 0, 145.06070256233215, 0, 232.79334330558777, 0, 250.77776861190796, 0, 290.3222801685333, 0, 164.78231120109558, 0, 214.69058537483215, 0, 193.4860715866089, 0, 160.14871525764465, 0, 114.48108649253845, 0, 166.37215781211853, 0, 170.9168040752411, 0, 224.43726563453674, 0, 146.03728199005127, 0, 185.6601996421814, 0, 153.50071573257446], "#expl": 30, "expl_seq": [{"constraints": [20734], "derived": [-19054], "cost": 100}, {"constraints": [20741], "derived": [-19106], "cost": 100}, {"constraints": [20742], "derived": [19110], "cost": 100}, {"constraints": [19110, 19207], "derived": [-19111, -19109, -19108, -19107], "cost": 61}, {"constraints": [19205, 19110], "derived": [-19120, -19100, -19115, -19105], "cost": 61}, {"constraints": [-19120, 20738], "derived": [19067], "cost": 101}, {"constraints": [19067, 19197], "derived": [-19047, -19062, -19052, -19057], "cost": 61}, {"constraints": [19067, 19199], "derived": [-19071, -19070, -19069, -19068], "cost": 61}, {"constraints": [19224, 19110, -19057], "derived": [-19150], "cost": 62}, {"constraints": [20738, -19100, -19120, -19115, -19105], "derived": [19084], "cost": 104}, {"constraints": [19203, 19084], "derived": [-19086, -19085, -19083, -19082], "cost": 61}, {"constraints": [19201, 19084], "derived": [-19079, -19094, -19074, -19089], "cost": 61}, {"constraints": [19227, 19110, -19082], "derived": [-19175], "cost": 62}, {"constraints": [19227, -19083, 19110], "derived": [-19180], "cost": 62}, {"constraints": [19228, 19084, -19107], "derived": [-19182], "cost": 62}, {"constraints": [-19111, 19084, 19228], "derived": [-19186], "cost": 62}, {"constraints": [19084, 19228, -19108], "derived": [-19183], "cost": 62}, {"constraints": [19227, -19085, 19110], "derived": [-19190], "cost": 62}, {"constraints": [19084, 19221, -19057], "derived": [-19124], "cost": 62}, {"constraints": [-19109, 19084, 19228], "derived": [-19184], "cost": 62}, {"constraints": [-19086, 19227, 19110], "derived": [-19195], "cost": 62}, {"constraints": [19084, 19229, 19110], "derived": [19185], "cost": 62}, {"constraints": [20740, 19222], "derived": [-19133], "cost": 160}, {"constraints": [19222, 20743], "derived": [-19146], "cost": 160}, {"constraints": [20736, 19207], "derived": [-19112, -19116], "cost": 160}, {"constraints": [20736, -19047, 19205], "derived": [-19099, -19098], "cost": 161}, {"constraints": [20736, -19052, 19205], "derived": [-19104, -19103], "cost": 161}, {"constraints": [-19104, -19103, 19208, -19106, -19105], "derived": [19102], "cost": 64}, {"constraints": [19205, 19102], "derived": [-19117, -19097], "cost": 61}, {"constraints": [19224, -19052, 19102], "derived": [-19147], "cost": 62}], "OUS-time": [0, 37.92113542556763, 0, 79.08358669281006, 0, 308.69881224632263, 0, 291.04297518730164, 0, 194.714035987854, 0, 336.13509821891785, 0, 326.6361927986145, 0, 363.99244379997253, 0, 311.71019101142883, 0, 226.08818078041077, 0, 244.4219069480896, 0, 263.7966675758362, 0, 285.4500699043274, 0, 338.88642859458923, 0, 214.1157341003418, 0, 236.6707468032837, 0, 157.11241269111633, 0, 252.24227333068848, 0, 272.0461542606354, 0, 315.4983947277069, 0, 183.85230016708374, 0, 231.89424633979797, 0, 220.85562109947205, 0, 175.48901438713074, 0, 129.90597248077393, 0, 194.45978355407715, 0, 194.34453916549683, 0, 254.90337657928467, 0, 160.49350428581238, 0, 201.56328654289246, 0, 0], "timeout": true}}