{"config": {"preseeding": true, "sat-polarity": true, "sat-polarity-initial": false, "postpone_opt": true, "postpone_opt_incr": true, "postpone_opt_greedy": true, "grow": true, "grow_sat": false, "grow_subset_maximal": false, "grow_maxsat": true, "maxsat_polarities": true, "grow_maxsat_full_pos": false, "grow_maxsat_full_inv": false, "grow_maxsat_full_unif": false, "grow_maxsat_initial_pos": false, "grow_maxsat_initial_inv": false, "grow_maxsat_initial_unif": false, "grow_maxsat_actual_pos": true, "grow_maxsat_actual_unif": false, "grow_maxsat_actual_inv": false, "timeout": 7200, "instance": "p20", "output": "/data/brussel/101/vsc10143/OUSResults/experiment6_cous/2021011613/20210116135202581052.json"}, "results": {"HS": [0, 2, 0, 3, 0, 2, 0, 1], "HS_greedy": [0, 21, 0, 6, 0, 63, 0, 8], "HS_incr": [0, 590, 0, 92, 0, 1424, 0, 142], "HS-opt-time": [0, 1.4948360919952393, 0, 0.2098093032836914, 0, 5.572136163711548, 0, 0.0036356449127197266], "HS-postpone-time": [0, 0.21590971946716309, 0, 0.01640152931213379, 0, 1.4727935791015625, 0, 0.02570343017578125], "SAT-time": [0.2510669231414795, 6.569443941116333, 0.28516674041748047, 0.9675967693328857, 0.2811915874481201, 14.860663414001465, 0.29915809631347656, 1.4259188175201416], "grow-time": [4.540990591049194, 144.94695496559143, 4.5936360359191895, 42.90497088432312, 4.89783501625061, 5754.311882972717, 5.040209770202637, 901.1150603294373], "#expl": 3, "expl_seq": [{"constraints": [49310], "derived": [-47675], "cost": 100}, {"constraints": [49303], "derived": [-47623], "cost": 100}, {"constraints": [49311], "derived": [47679], "cost": 100}], "OUS-time": [0, 154.84990453720093, 0, 44.34068036079407, 0, 5780.091053724289, 0, 0], "timeout": true}}