{"config": {"preseeding": false, "sat-polarity": true, "sat-polarity-initial": false, "postpone_opt": true, "postpone_opt_incr": true, "postpone_opt_greedy": true, "grow": true, "grow_sat": false, "grow_subset_maximal": true, "grow_maxsat": false, "maxsat_polarities": true, "grow_maxsat_full_pos": false, "grow_maxsat_full_inv": false, "grow_maxsat_full_unif": false, "grow_maxsat_initial_pos": false, "grow_maxsat_initial_inv": false, "grow_maxsat_initial_unif": false, "grow_maxsat_actual_pos": false, "grow_maxsat_actual_unif": false, "grow_maxsat_actual_inv": false, "timeout": 7200, "instance": "p25", "output": "/data/brussel/101/vsc10143/OUSResults/experiment6_cous/2021011613/20210116134048266111.json"}, "results": {"HS": [0, 8, 0, 15, 0, 14, 0, 32], "HS_greedy": [0, 60, 0, 590, 0, 608, 0, 371], "HS_incr": [0, 668, 0, 9303, 0, 9404, 0, 6194], "HS-opt-time": [0, 22.377120971679688, 0, 1628.0994243621826, 0, 1846.9722628593445, 0, 2818.4285929203033], "HS-postpone-time": [0, 0.701092004776001, 0, 105.10289573669434, 0, 101.45065307617188, 0, 41.53287720680237], "SAT-time": [0, 9.672098398208618, 0, 133.18876886367798, 0, 138.50698590278625, 0, 82.66670441627502], "grow-time": [0, 6.777951240539551, 0, 89.50529980659485, 0, 92.46565365791321, 0, 61.030516386032104], "#expl": 3, "expl_seq": [{"constraints": [19517], "derived": [-17881], "cost": 100}, {"constraints": [19514, 17975], "derived": [-17844, -17841], "cost": 160}, {"constraints": [17977, 19516], "derived": [-17848, -17849], "cost": 160}], "OUS-time": [0, 35.723012924194336, 0, 1906.748714208603, 0, 2127.92648601532, 0, 0], "timeout": true}}