{"config": {"preseeding": true, "sat-polarity": true, "sat-polarity-initial": false, "postpone_opt": true, "postpone_opt_incr": false, "postpone_opt_greedy": true, "grow": true, "grow_sat": false, "grow_subset_maximal": false, "grow_maxsat": true, "maxsat_polarities": true, "grow_maxsat_full_pos": true, "grow_maxsat_full_inv": false, "grow_maxsat_full_unif": false, "grow_maxsat_initial_pos": false, "grow_maxsat_initial_inv": false, "grow_maxsat_initial_unif": false, "grow_maxsat_actual_pos": false, "grow_maxsat_actual_unif": false, "grow_maxsat_actual_inv": false, "timeout": 7200, "instance": "p25", "output": "/data/brussel/101/vsc10143/OUSResults/experiment6_cous/2021011613/20210116134048266674.json"}, "results": {"HS": [0, 4, 0, 1], "HS_greedy": [0, 43, 0, 81], "HS_incr": [0, 0, 0, 0], "HS-opt-time": [0, 0.04749774932861328, 0, 0.005213260650634766], "HS-postpone-time": [0, 0.037697553634643555, 0, 0.11711502075195312], "SAT-time": [0.20458698272705078, 0.2913792133331299, 0.20606088638305664, 0.5549881458282471], "grow-time": [78.84671711921692, 2244.998736143112, 87.06785583496094, 4740.804856300354], "#expl": 1, "expl_seq": [{"constraints": [19517], "derived": [-17881], "cost": 100}], "OUS-time": [0, 2245.470147371292, 0, 0], "timeout": true}}