{"config": {"preseeding": true, "sat-polarity": true, "sat-polarity-initial": false, "postpone_opt": false, "postpone_opt_incr": false, "postpone_opt_greedy": false, "grow": true, "grow_sat": false, "grow_subset_maximal": false, "grow_maxsat": true, "maxsat_polarities": true, "grow_maxsat_full_pos": false, "grow_maxsat_full_inv": false, "grow_maxsat_full_unif": false, "grow_maxsat_initial_pos": false, "grow_maxsat_initial_inv": false, "grow_maxsat_initial_unif": false, "grow_maxsat_actual_pos": true, "grow_maxsat_actual_unif": false, "grow_maxsat_actual_inv": false, "timeout": 7200, "instance": "p93", "output": "/data/brussel/101/vsc10143/OUSResults/experiment6_cous/2021011615/20210116154530954652.json"}, "results": {"HS": [0, 23, 0, 21, 0, 29, 0, 6, 0, 6, 0, 6, 0, 37, 0, 44, 0, 12, 0, 38, 0, 25, 0, 34, 0, 28, 0, 27, 0, 25, 0, 71], "HS_greedy": [0, 0, 0, 0, 0, 0, 0, 0, 0, 0, 0, 0, 0, 0, 0, 0, 0, 0, 0, 0, 0, 0, 0, 0, 0, 0, 0, 0, 0, 0, 0, 0], "HS_incr": [0, 0, 0, 0, 0, 0, 0, 0, 0, 0, 0, 0, 0, 0, 0, 0, 0, 0, 0, 0, 0, 0, 0, 0, 0, 0, 0, 0, 0, 0, 0, 0], "HS-opt-time": [0, 0.41593313217163086, 0, 0.39202404022216797, 0, 0.7955036163330078, 0, 0.0335843563079834, 0, 0.037905216217041016, 0, 0.028553247451782227, 0, 1.4412434101104736, 0, 2.963548183441162, 0, 0.06875848770141602, 0, 1.900428056716919, 0, 0.28249359130859375, 0, 0.3436460494995117, 0, 0.2780771255493164, 0, 0.29334473609924316, 0, 0.2199103832244873, 0, 7.762155055999756], "HS-postpone-time": [0, 0, 0, 0, 0, 0, 0, 0, 0, 0, 0, 0, 0, 0, 0, 0, 0, 0, 0, 0, 0, 0, 0, 0, 0, 0, 0, 0, 0, 0, 0, 0], "SAT-time": [0.22413992881774902, 0.1542668342590332, 0.22307252883911133, 0.14426660537719727, 0.21857523918151855, 0.2023763656616211, 0.2179720401763916, 0.03745532035827637, 0.23938822746276855, 0.03691244125366211, 0.1911618709564209, 0.03847241401672363, 0.16728830337524414, 0.2721877098083496, 0.17168426513671875, 0.33840394020080566, 0.2503042221069336, 0.11259865760803223, 0.25654149055480957, 0.3762643337249756, 0.26931214332580566, 0.2420024871826172, 0.25658464431762695, 0.33486294746398926, 0.25123095512390137, 0.27568578720092773, 0.23852801322937012, 0.26362156867980957, 0.27245330810546875, 0.24489212036132812, 0.26696038246154785, 0.726935863494873], "grow-time": [5.476413249969482, 8.192914247512817, 14.300540447235107, 37.88207006454468, 14.22565770149231, 81.76120352745056, 11.648230791091919, 3.067892551422119, 16.854644775390625, 28.249510526657104, 13.620192050933838, 0.7407376766204834, 11.651461124420166, 977.4044644832611, 13.051154136657715, 1673.9259548187256, 11.611155033111572, 3.0607686042785645, 20.303020238876343, 747.1775164604187, 18.67686367034912, 125.53460001945496, 18.629804134368896, 189.40258312225342, 21.940101623535156, 94.8366003036499, 20.705361127853394, 86.87347888946533, 24.36609435081482, 98.2668662071228, 17.541810512542725, 2252.4520676136017], "#expl": 15, "expl_seq": [{"constraints": [30845], "derived": [-29180], "cost": 100}, {"constraints": [30842], "derived": [-29217], "cost": 100}, {"constraints": [30838], "derived": [29154], "cost": 100}, {"constraints": [29154, 29302], "derived": [-29159, -29174, -29164, -29169], "cost": 61}, {"constraints": [29304, 29154], "derived": [-29152, -29156, -29155, -29153], "cost": 61}, {"constraints": [29154, -29180, 29327], "derived": [-29240], "cost": 62}, {"constraints": [29308, 30846], "derived": [-29197], "cost": 160}, {"constraints": [30840, 29310], "derived": [-29205, -29220, -29225], "cost": 160}, {"constraints": [29330, -29205, 29154], "derived": [-29265], "cost": 62}, {"constraints": [30844, -29220], "derived": [29194], "cost": 101}, {"constraints": [29194, 29306], "derived": [-29184, -29199, -29189, -29179], "cost": 61}, {"constraints": [29194, 29308], "derived": [-29192, -29196, -29195, -29193], "cost": 61}, {"constraints": [29194, 29333, -29217], "derived": [-29287], "cost": 62}, {"constraints": [29194, 29326, -29169], "derived": [-29239], "cost": 62}, {"constraints": [29194, -29220, 29333], "derived": [-29290], "cost": 62}], "OUS-time": [0, 8.81117582321167, 0, 38.46286654472351, 0, 82.82245826721191, 0, 3.1507387161254883, 0, 28.33623242378235, 0, 0.8195626735687256, 0, 979.1990427970886, 0, 1677.326303243637, 0, 3.271677255630493, 0, 749.5519742965698, 0, 126.12287020683289, 0, 190.16932129859924, 0, 95.46113181114197, 0, 87.49830222129822, 0, 98.79455709457397, 0, 0], "timeout": true}}