{"config": {"preseeding": true, "sat-polarity": true, "sat-polarity-initial": false, "postpone_opt": true, "postpone_opt_incr": false, "postpone_opt_greedy": true, "grow": true, "grow_sat": false, "grow_subset_maximal": false, "grow_maxsat": true, "maxsat_polarities": true, "grow_maxsat_full_pos": false, "grow_maxsat_full_inv": false, "grow_maxsat_full_unif": true, "grow_maxsat_initial_pos": false, "grow_maxsat_initial_inv": false, "grow_maxsat_initial_unif": false, "grow_maxsat_actual_pos": false, "grow_maxsat_actual_unif": false, "grow_maxsat_actual_inv": false, "timeout": 7200, "instance": "pastaPuzzle", "output": "/data/brussel/101/vsc10143/OUSResults/experiment6_cous/2021011600/20210116004003046061.json"}, "results": {"HS": [0, 3, 0, 94, 0, 124, 0, 170, 0, 333], "HS_greedy": [0, 738, 0, 2909, 0, 4426, 0, 4392, 0, 3134], "HS_incr": [0, 0, 0, 0, 0, 0, 0, 0, 0, 0], "HS-opt-time": [0, 1.0673401355743408, 0, 294.8761703968048, 0, 514.5283102989197, 0, 988.1581172943115, 0, 1555.0868775844574], "HS-postpone-time": [0, 7.1146650314331055, 0, 117.07899975776672, 0, 230.63981652259827, 0, 225.09014749526978, 0, 116.71240019798279], "SAT-time": [0.005324602127075195, 4.390983819961548, 0.0047681331634521484, 17.79407501220703, 0.005175590515136719, 21.91350746154785, 0.005010128021240234, 20.512024879455566, 0.004385232925415039, 15.047603368759155], "grow-time": [0.08213090896606445, 104.13864827156067, 0.08717870712280273, 727.6882736682892, 0.08489489555358887, 782.2267770767212, 0.07569694519042969, 770.8889474868774, 0.11574006080627441, 654.1041524410248], "#expl": 4, "expl_seq": [{"constraints": [18087], "derived": [-17193], "cost": 100}, {"constraints": [18089, 17278], "derived": [-17191, -17187], "cost": 160}, {"constraints": [17284, 18085], "derived": [-17201], "cost": 160}, {"constraints": [18088, 17286], "derived": [-17214, -17226], "cost": 160}], "OUS-time": [0, 118.044753074646, 0, 1162.8513731956482, 0, 1555.9636311531067, 0, 2011.0084056854248, 0, 0], "timeout": true}}