{"config": {"preseeding": true, "sat-polarity": true, "sat-polarity-initial": false, "postpone_opt": false, "postpone_opt_incr": false, "postpone_opt_greedy": false, "grow": true, "grow_sat": false, "grow_subset_maximal": false, "grow_maxsat": true, "maxsat_polarities": true, "grow_maxsat_full_pos": false, "grow_maxsat_full_inv": false, "grow_maxsat_full_unif": false, "grow_maxsat_initial_pos": true, "grow_maxsat_initial_inv": false, "grow_maxsat_initial_unif": false, "grow_maxsat_actual_pos": false, "grow_maxsat_actual_unif": false, "grow_maxsat_actual_inv": false, "timeout": 7200, "instance": "pastaPuzzle", "output": "/data/brussel/101/vsc10143/OUSResults/experiment6_cous/2021011600/20210116004003045796.json"}, "results": {"HS": [0, 11, 0, 33, 0, 34, 0, 20, 0, 23, 0, 34, 0, 11, 0, 8, 0, 7, 0, 6, 0, 24, 0, 40, 0, 36, 0, 54, 0, 12, 0, 68, 0, 95, 0, 64, 0, 38], "HS_greedy": [0, 0, 0, 0, 0, 0, 0, 0, 0, 0, 0, 0, 0, 0, 0, 0, 0, 0, 0, 0, 0, 0, 0, 0, 0, 0, 0, 0, 0, 0, 0, 0, 0, 0, 0, 0, 0, 0], "HS_incr": [0, 0, 0, 0, 0, 0, 0, 0, 0, 0, 0, 0, 0, 0, 0, 0, 0, 0, 0, 0, 0, 0, 0, 0, 0, 0, 0, 0, 0, 0, 0, 0, 0, 0, 0, 0, 0, 0], "HS-opt-time": [0, 0.07997775077819824, 0, 1.6393446922302246, 0, 1.4445102214813232, 0, 0.29093050956726074, 0, 0.4827733039855957, 0, 0.8074848651885986, 0, 0.05112028121948242, 0, 0.028455257415771484, 0, 0.024807214736938477, 0, 0.020586013793945312, 0, 0.4668114185333252, 0, 1.3241896629333496, 0, 0.7292988300323486, 0, 2.438884973526001, 0, 0.03309202194213867, 0, 5.403780937194824, 0, 11.455247163772583, 0, 2.5221028327941895, 0, 0.4784097671508789], "HS-postpone-time": [0, 0, 0, 0, 0, 0, 0, 0, 0, 0, 0, 0, 0, 0, 0, 0, 0, 0, 0, 0, 0, 0, 0, 0, 0, 0, 0, 0, 0, 0, 0, 0, 0, 0, 0, 0, 0, 0], "SAT-time": [0.06908440589904785, 0.04028677940368652, 0.07047510147094727, 0.13610267639160156, 0.06055307388305664, 0.1431417465209961, 0.07389998435974121, 0.08088231086730957, 0.06434512138366699, 0.0937190055847168, 0.06348609924316406, 0.1435389518737793, 0.06675934791564941, 0.043480873107910156, 0.06275320053100586, 0.03044438362121582, 0.05335855484008789, 0.025970935821533203, 0.049257755279541016, 0.021753549575805664, 0.04813575744628906, 0.10047292709350586, 0.04249310493469238, 0.17227554321289062, 0.037481069564819336, 0.15621304512023926, 0.04698967933654785, 0.2406783103942871, 0.04346823692321777, 0.04971885681152344, 0.0475764274597168, 0.3011813163757324, 0.0478665828704834, 0.41804075241088867, 0.051346778869628906, 0.2786078453063965, 0.056038618087768555, 0.1682600975036621], "grow-time": [1.53305983543396, 1.3811466693878174, 1.5943515300750732, 196.68467926979065, 2.910498857498169, 543.0997576713562, 3.2049713134765625, 32.108450174331665, 1.347243070602417, 157.90688037872314, 1.2476849555969238, 340.45500802993774, 1.3839900493621826, 1.1187291145324707, 1.2915174961090088, 0.6564667224884033, 1.1738686561584473, 0.6139023303985596, 1.1136760711669922, 0.6146471500396729, 1.0480201244354248, 491.60868763923645, 0.9352643489837646, 684.2555792331696, 0.8564372062683105, 540.6674082279205, 1.045595645904541, 669.3549017906189, 0.9340035915374756, 1.7050235271453857, 1.174743890762329, 871.3326876163483, 1.2027738094329834, 2058.1593379974365, 1.2622475624084473, 443.8016200065613, 1.4355082511901855, 84.84171104431152], "#expl": 18, "expl_seq": [{"constraints": [12360], "derived": [-11466], "cost": 100}, {"constraints": [12361, 11559], "derived": [-11487, -11499], "cost": 160}, {"constraints": [12362, 11551], "derived": [-11464, -11460], "cost": 160}, {"constraints": [11552, -11487, -11499, -11464, 11579, -11460], "derived": [-11523], "cost": 124}, {"constraints": [11557, 12358], "derived": [-11474], "cost": 160}, {"constraints": [12356, 11580], "derived": [11524], "cost": 160}, {"constraints": [11524, 11567], "derived": [-11520, -11532, -11528], "cost": 61}, {"constraints": [11569, 11524], "derived": [-11526, -11525], "cost": 61}, {"constraints": [-11464, 11578, 11524], "derived": [-11496], "cost": 62}, {"constraints": [11578, 11524, -11460], "derived": [-11492], "cost": 62}, {"constraints": [12355, 11571, 11583], "derived": [-11547], "cost": 220}, {"constraints": [11577, 12357, 11565], "derived": [-11511], "cost": 220}, {"constraints": [11571, 12357, 11583], "derived": [-11549], "cost": 220}, {"constraints": [11576, 12355, 11557], "derived": [-11507], "cost": 220}, {"constraints": [11584, 11524, -11507], "derived": [-11536], "cost": 62}, {"constraints": [11571, 12358, 11583], "derived": [-11489, -11537], "cost": 220}, {"constraints": [11571, 12359, 11583], "derived": [-11494], "cost": 220}, {"constraints": [-11549, -11547, 11574, -11494, -11492, 11582], "derived": [-11478], "cost": 124}], "OUS-time": [0, 1.5147764682769775, 0, 198.50474762916565, 0, 544.7344033718109, 0, 32.50682234764099, 0, 158.51515102386475, 0, 341.4523832798004, 0, 1.2276592254638672, 0, 0.7251052856445312, 0, 0.6730515956878662, 0, 0.6639878749847412, 0, 492.2076213359833, 0, 685.805746793747, 0, 541.6006231307983, 0, 672.1057326793671, 0, 1.8031282424926758, 0, 877.1284708976746, 0, 2070.1567821502686, 0, 446.69115567207336, 0, 0], "timeout": true}}