{"config": {"preseeding": true, "sat-polarity": true, "sat-polarity-initial": false, "postpone_opt": false, "postpone_opt_incr": false, "postpone_opt_greedy": false, "grow": true, "grow_sat": false, "grow_subset_maximal": false, "grow_maxsat": true, "maxsat_polarities": true, "grow_maxsat_full_pos": false, "grow_maxsat_full_inv": false, "grow_maxsat_full_unif": false, "grow_maxsat_initial_pos": false, "grow_maxsat_initial_inv": false, "grow_maxsat_initial_unif": false, "grow_maxsat_actual_pos": false, "grow_maxsat_actual_unif": true, "grow_maxsat_actual_inv": false, "timeout": 7200, "instance": "origin-problem", "output": "/data/brussel/101/vsc10143/OUSResults/experiment4/2021011308/20210113081929879150.json"}, "results": {"HS": [0, 6, 20, 2, 3, 2, 2, 4, 2, 1, 5, 8, 4, 1, 38, 11, 9, 8, 4, 2, 2, 2, 25, 4, 9, 4, 17, 8, 5, 20, 5, 1, 1, 3, 3, 5, 14, 5, 12, 35, 10, 3, 10, 1, 1, 1, 6, 1, 6, 1, 1, 18, 1, 4, 9, 3, 3, 3, 4, 2, 22, 12, 19, 2, 1, 2, 4, 1, 1, 6, 4, 2, 2, 1, 2, 1, 3, 2, 2, 2, 2, 3, 1, 6, 10, 13, 13, 2, 1, 5, 1, 1, 2, 5, 6, 1, 1, 2, 1, 4, 1, 5, 2, 1, 7, 4, 4, 1, 1, 1, 1, 3, 10, 1, 1, 1], "HS_greedy": [0, 0, 0, 0, 0, 0, 0, 0, 0, 0, 0, 0, 0, 0, 0, 0, 0, 0, 0, 0, 0, 0, 0, 0, 0, 0, 0, 0, 0, 0, 0, 0, 0, 0, 0, 0, 0, 0, 0, 0, 0, 0, 0, 0, 0, 0, 0, 0, 0, 0, 0, 0, 0, 0, 0, 0, 0, 0, 0, 0, 0, 0, 0, 0, 0, 0, 0, 0, 0, 0, 0, 0, 0, 0, 0, 0, 0, 0, 0, 0, 0, 0, 0, 0, 0, 0, 0, 0, 0, 0, 0, 0, 0, 0, 0, 0, 0, 0, 0, 0, 0, 0, 0, 0, 0, 0, 0, 0, 0, 0, 0, 0, 0, 0, 0, 0], "HS_incr": [0, 0, 0, 0, 0, 0, 0, 0, 0, 0, 0, 0, 0, 0, 0, 0, 0, 0, 0, 0, 0, 0, 0, 0, 0, 0, 0, 0, 0, 0, 0, 0, 0, 0, 0, 0, 0, 0, 0, 0, 0, 0, 0, 0, 0, 0, 0, 0, 0, 0, 0, 0, 0, 0, 0, 0, 0, 0, 0, 0, 0, 0, 0, 0, 0, 0, 0, 0, 0, 0, 0, 0, 0, 0, 0, 0, 0, 0, 0, 0, 0, 0, 0, 0, 0, 0, 0, 0, 0, 0, 0, 0, 0, 0, 0, 0, 0, 0, 0, 0, 0, 0, 0, 0, 0, 0, 0, 0, 0, 0, 0, 0, 0, 0, 0, 0], "HS-opt-time": [0, 0.03555798530578613, 0.34584784507751465, 0.05929422378540039, 0.09055399894714355, 0.08930659294128418, 0.05093860626220703, 0.0953824520111084, 0.0625448226928711, 0.04432106018066406, 0.2991018295288086, 0.5244832038879395, 0.16155695915222168, 0.07500123977661133, 10.813363075256348, 4.383671998977661, 6.695194721221924, 6.595940589904785, 3.703158140182495, 2.2193100452423096, 0.1222689151763916, 0.22905945777893066, 22.51515293121338, 1.2558887004852295, 5.983069181442261, 3.092931032180786, 18.233782052993774, 8.64225435256958, 1.9392192363739014, 22.908491134643555, 0.7611880302429199, 0.13700056076049805, 0.2676680088043213, 1.2194442749023438, 0.7421793937683105, 0.6857142448425293, 2.732309341430664, 0.6220211982727051, 3.9825401306152344, 6.559953212738037, 2.098616123199463, 1.0836095809936523, 2.08662486076355, 0.28215479850769043, 0.409578800201416, 0.41854143142700195, 1.325979232788086, 0.4064159393310547, 1.5601251125335693, 0.4248631000518799, 0.452847957611084, 9.360956192016602, 0.22101998329162598, 1.0148775577545166, 2.0112569332122803, 1.2224397659301758, 1.0428645610809326, 1.233893632888794, 1.0662922859191895, 0.7507953643798828, 19.90609908103943, 2.9702765941619873, 8.633544921875, 0.9912126064300537, 0.2664523124694824, 0.71051025390625, 1.8349778652191162, 0.36288881301879883, 0.26715683937072754, 3.4037058353424072, 0.8949010372161865, 0.4657554626464844, 0.5832509994506836, 0.3020951747894287, 0.5770955085754395, 0.27582287788391113, 0.8658604621887207, 0.4503598213195801, 0.43247008323669434, 0.47414541244506836, 0.45714402198791504, 0.7569880485534668, 0.2582259178161621, 1.2865042686462402, 2.2986669540405273, 3.120502471923828, 5.401750802993774, 0.5864439010620117, 0.308530330657959, 1.547252893447876, 0.32294535636901855, 0.338306188583374, 0.6296031475067139, 1.3869643211364746, 1.903526782989502, 0.2781369686126709, 0.2577793598175049, 0.5185303688049316, 0.25192713737487793, 1.0510973930358887, 0.23919153213500977, 1.265615701675415, 0.5450904369354248, 0.25931501388549805, 1.944838047027588, 1.0987107753753662, 1.0568578243255615, 0.2736551761627197, 0.3038911819458008, 0.31990718841552734, 0.2554965019226074, 0.786792516708374, 3.94299578666687, 0.24550867080688477, 0.24308133125305176, 0.2362205982208252], "HS-postpone-time": [0, 0, 0, 0, 0, 0, 0, 0, 0, 0, 0, 0, 0, 0, 0, 0, 0, 0, 0, 0, 0, 0, 0, 0, 0, 0, 0, 0, 0, 0, 0, 0, 0, 0, 0, 0, 0, 0, 0, 0, 0, 0, 0, 0, 0, 0, 0, 0, 0, 0, 0, 0, 0, 0, 0, 0, 0, 0, 0, 0, 0, 0, 0, 0, 0, 0, 0, 0, 0, 0, 0, 0, 0, 0, 0, 0, 0, 0, 0, 0, 0, 0, 0, 0, 0, 0, 0, 0, 0, 0, 0, 0, 0, 0, 0, 0, 0, 0, 0, 0, 0, 0, 0, 0, 0, 0, 0, 0, 0, 0, 0, 0, 0, 0, 0, 0], "SAT-time": [0.1693401336669922, 0.03329634666442871, 0.1039421558380127, 0.007264614105224609, 0.00974726676940918, 0.007143974304199219, 0.006108283996582031, 0.017054080963134766, 0.006979227066040039, 0.0020890235900878906, 0.020922422409057617, 0.039267778396606445, 0.016347169876098633, 0.0020904541015625, 0.22410368919372559, 0.058689117431640625, 0.04658174514770508, 0.04148077964782715, 0.016530990600585938, 0.007290840148925781, 0.006653547286987305, 0.0075969696044921875, 0.15161657333374023, 0.018253803253173828, 0.04972648620605469, 0.018452882766723633, 0.10008668899536133, 0.045761823654174805, 0.02452850341796875, 0.12350773811340332, 0.02418971061706543, 0.002257108688354492, 0.0009226799011230469, 0.012389659881591797, 0.011515378952026367, 0.024953126907348633, 0.0819864273071289, 0.024445056915283203, 0.06986546516418457, 0.2266542911529541, 0.05667233467102051, 0.012773752212524414, 0.057038307189941406, 0.002323627471923828, 0.0009894371032714844, 0.002294301986694336, 0.0312960147857666, 0.0023658275604248047, 0.029831409454345703, 0.002366304397583008, 0.001007080078125, 0.11171984672546387, 0.0009853839874267578, 0.018747329711914062, 0.04853057861328125, 0.012261152267456055, 0.011577844619750977, 0.01238560676574707, 0.01627826690673828, 0.007033109664916992, 0.13282179832458496, 0.06922507286071777, 0.11528444290161133, 0.007205963134765625, 0.00096893310546875, 0.007034778594970703, 0.018043994903564453, 0.0023658275604248047, 0.0009338855743408203, 0.030867338180541992, 0.01728057861328125, 0.007113933563232422, 0.005898952484130859, 0.0022923946380615234, 0.006280660629272461, 0.002424001693725586, 0.011466264724731445, 0.007231950759887695, 0.005990743637084961, 0.007305145263671875, 0.005899190902709961, 0.012871742248535156, 0.0009915828704833984, 0.03248786926269531, 0.05654716491699219, 0.07558274269104004, 0.0760202407836914, 0.0073130130767822266, 0.0010085105895996094, 0.024976491928100586, 0.0009996891021728516, 0.0023107528686523438, 0.006033420562744141, 0.025622844696044922, 0.03188920021057129, 0.0023832321166992188, 0.001013040542602539, 0.007791042327880859, 0.0010516643524169922, 0.019238948822021484, 0.001016378402709961, 0.02564692497253418, 0.006460428237915039, 0.002351045608520508, 0.03628206253051758, 0.0196530818939209, 0.01724720001220703, 0.002447366714477539, 0.0010066032409667969, 0.0024166107177734375, 0.001020669937133789, 0.013190984725952148, 0.05696439743041992, 0.0024466514587402344, 0.0010023117065429688, 0.002412557601928711],