{"config": {"preseeding": true, "sat-polarity": true, "sat-polarity-initial": false, "postpone_opt": true, "postpone_opt_incr": false, "postpone_opt_greedy": true, "grow": true, "grow_sat": false, "grow_subset_maximal": false, "grow_maxsat": true, "maxsat_polarities": true, "grow_maxsat_full_pos": false, "grow_maxsat_full_inv": false, "grow_maxsat_full_unif": false, "grow_maxsat_initial_pos": false, "grow_maxsat_initial_inv": false, "grow_maxsat_initial_unif": false, "grow_maxsat_actual_pos": true, "grow_maxsat_actual_unif": false, "grow_maxsat_actual_inv": false, "timeout": 7200, "instance": "origin-problem", "output": "/data/brussel/101/vsc10143/OUSResults/experiment4/2021011308/20210113081929879475.json"}, "results": {"HS": [0, 6, 2, 4, 5, 2, 2, 1, 1, 2, 1, 1, 2, 2, 4, 1, 2, 1], "HS_greedy": [0, 42, 35, 39, 39, 38, 38, 0, 0, 485, 0, 0, 462, 417, 455, 0, 414, 333], "HS_incr": [0, 0, 0, 0, 0, 0, 0, 0, 0, 0, 0, 0, 0, 0, 0, 0, 0, 0], "HS-opt-time": [0, 0.07506918907165527, 0.0313410758972168, 0.11543750762939453, 0.2919135093688965, 0.14702367782592773, 0.16113829612731934, 0.09730839729309082, 0.10313916206359863, 0.8973660469055176, 1.0475177764892578, 0.9950172901153564, 3.745588541030884, 8.969329118728638, 45.98036861419678, 5.585656404495239, 12.25416088104248, 17.110936403274536], "HS-postpone-time": [0, 0.03434348106384277, 0.024588823318481445, 0.02887725830078125, 0.02844858169555664, 0.027037858963012695, 0.026782989501953125, 0, 0, 3.3941845893859863, 0, 0, 3.0393264293670654, 2.4233181476593018, 2.910982608795166, 0, 2.3577699661254883, 1.4334676265716553], "SAT-time": [0.12715458869934082, 0.22681689262390137, 0.18359375, 0.20989656448364258, 0.21212029457092285, 0.2071828842163086, 0.20924639701843262, 0.0019614696502685547, 0.0007913112640380859, 2.783367395401001, 0.0007855892181396484, 0.0019681453704833984, 2.660003185272217, 2.4464008808135986, 2.668281316757202, 0.002002716064453125, 2.4237377643585205, 1.9646389484405518], "grow-time": [2.930939197540283, 5.401091814041138, 4.243305921554565, 9.935621500015259, 10.39016604423523, 4.995391607284546, 6.233205795288086, 0, 0, 717.592045545578, 0, 0, 1482.9095180034637, 884.0685389041901, 1093.4202699661255, 0, 2020.8709218502045, 787.1859509944916], "#expl": 16, "expl_seq": [{"constraints": [27076], "derived": [25394]}, {"constraints": [25394, 25542], "derived": [-25392, -25391, -25390, -25393]}, {"constraints": [25394, 25540], "derived": [-25399, -25414, -25404, -25409]}, {"constraints": [27079], "derived": [-25403]}, {"constraints": [27083], "derived": [-25489]}, {"constraints": [25569, 25394, -25489], "derived": [-25419]}, {"constraints": [27078], "derived": [-25493]}, {"constraints": [27085], "derived": [-25416]}, {"constraints": [-25416, 25568, 25394], "derived": [-25486]}, {"constraints": [27083, -25403], "derived": [-25479]}, {"constraints": [-25416, 27082], "derived": [-25441]}, {"constraints": [25394, 25565, -25441], "derived": [-25511]}, {"constraints": [27083, -25404], "derived": [-25484]}, {"constraints": [25545, 27085, 25550], "derived": [-25440, -25443]}, {"constraints": [-25440, 25394, 25565], "derived": [-25510]}, {"constraints": [25394, 25565, -25443], "derived": [-25513]}], "OUS-time": [0, 5.818675994873047, 4.551548957824707, 10.366406202316284, 10.999197959899902, 5.451271057128906, 6.704474687576294, 0.10020947456359863, 0.10482072830200195, 725.6264035701752, 1.0492055416107178, 0.9979853630065918, 1493.2669179439545, 898.7285923957825, 1145.8789722919464, 5.5892791748046875, 2038.7231743335724, 0], "timeout": true}}