{"config": {"preseeding": false, "sat-polarity": true, "sat-polarity-initial": false, "postpone_opt": false, "postpone_opt_incr": false, "postpone_opt_greedy": false, "grow": true, "grow_sat": false, "grow_subset_maximal": false, "grow_maxsat": true, "maxsat_polarities": true, "grow_maxsat_full_pos": false, "grow_maxsat_full_inv": false, "grow_maxsat_full_unif": false, "grow_maxsat_initial_pos": false, "grow_maxsat_initial_inv": false, "grow_maxsat_initial_unif": false, "grow_maxsat_actual_pos": false, "grow_maxsat_actual_unif": false, "grow_maxsat_actual_inv": true, "timeout": 7200, "instance": "origin-problem", "output": "/data/brussel/101/vsc10143/OUSResults/experiment4/2021011308/20210113081929877820.json"}, "results": {"HS": [0, 39, 4, 10, 6, 4, 4, 7, 1, 1, 13, 2, 3, 2, 52, 4, 2, 14, 5, 3, 8, 7, 3, 9, 7, 4, 13, 8, 10, 18, 7, 2, 2, 2, 6, 3, 7, 5, 6, 22, 12, 4, 8, 4, 1, 2, 2, 1, 4, 1, 4, 1, 2, 4, 1, 17, 5, 1, 2, 1, 1, 1, 1, 7, 3, 7, 1, 3, 1, 3, 1, 10, 1, 1, 14, 2, 1, 9, 5, 8, 5, 3, 6, 2, 3, 1, 3, 1, 1, 1, 3, 14, 1, 11, 5, 9, 3, 1, 1, 8, 2, 8, 4, 1, 3, 2, 7, 1, 3, 6, 1, 3, 5, 6, 2, 1, 1, 1, 1, 16, 1, 1, 1], "HS_greedy": [0, 0, 0, 0, 0, 0, 0, 0, 0, 0, 0, 0, 0, 0, 0, 0, 0, 0, 0, 0, 0, 0, 0, 0, 0, 0, 0, 0, 0, 0, 0, 0, 0, 0, 0, 0, 0, 0, 0, 0, 0, 0, 0, 0, 0, 0, 0, 0, 0, 0, 0, 0, 0, 0, 0, 0, 0, 0, 0, 0, 0, 0, 0, 0, 0, 0, 0, 0, 0, 0, 0, 0, 0, 0, 0, 0, 0, 0, 0, 0, 0, 0, 0, 0, 0, 0, 0, 0, 0, 0, 0, 0, 0, 0, 0, 0, 0, 0, 0, 0, 0, 0, 0, 0, 0, 0, 0, 0, 0, 0, 0, 0, 0, 0, 0, 0, 0, 0, 0, 0, 0, 0, 0], "HS_incr": [0, 0, 0, 0, 0, 0, 0, 0, 0, 0, 0, 0, 0, 0, 0, 0, 0, 0, 0, 0, 0, 0, 0, 0, 0, 0, 0, 0, 0, 0, 0, 0, 0, 0, 0, 0, 0, 0, 0, 0, 0, 0, 0, 0, 0, 0, 0, 0, 0, 0, 0, 0, 0, 0, 0, 0, 0, 0, 0, 0, 0, 0, 0, 0, 0, 0, 0, 0, 0, 0, 0, 0, 0, 0, 0, 0, 0, 0, 0, 0, 0, 0, 0, 0, 0, 0, 0, 0, 0, 0, 0, 0, 0, 0, 0, 0, 0, 0, 0, 0, 0, 0, 0, 0, 0, 0, 0, 0, 0, 0, 0, 0, 0, 0, 0, 0, 0, 0, 0, 0, 0, 0, 0], "HS-opt-time": [0, 0.1008920669555664, 0.0419774055480957, 0.17884516716003418, 0.11586546897888184, 0.12744665145874023, 0.10741257667541504, 0.18037080764770508, 0.03383469581604004, 0.03841686248779297, 0.9662778377532959, 0.16968154907226562, 0.13724279403686523, 0.17915892601013184, 18.654592514038086, 0.314833402633667, 0.2200608253479004, 8.207053661346436, 2.7051522731781006, 2.25072979927063, 3.726715326309204, 1.208270788192749, 2.3912642002105713, 7.876553535461426, 6.221094131469727, 3.70918607711792, 12.56868290901184, 11.287356853485107, 4.212475299835205, 25.54189395904541, 1.2285990715026855, 0.2980802059173584, 0.7402548789978027, 0.9349186420440674, 1.471111536026001, 0.47731447219848633, 1.3919222354888916, 0.7927486896514893, 3.1684210300445557, 4.708524703979492, 3.5648131370544434, 1.361243724822998, 2.466134548187256, 2.0020203590393066, 0.6501452922821045, 1.0669424533843994, 0.7812507152557373, 0.4287881851196289, 1.1121611595153809, 0.44079041481018066, 1.8673481941223145, 0.556121826171875, 0.6751656532287598, 1.302894115447998, 0.6117537021636963, 12.175336360931396, 1.2969660758972168, 0.3123900890350342, 0.6149287223815918, 0.3090076446533203, 0.3480947017669678, 0.33971095085144043, 0.34932756423950195, 3.508439779281616, 0.8896903991699219, 2.513413190841675, 0.3727726936340332, 1.018998622894287, 0.33453941345214844, 0.8575007915496826, 0.36924195289611816, 3.332732915878296, 0.42039060592651367, 0.354691743850708, 5.73400092124939, 0.6478869915008545, 0.3567647933959961, 3.4831738471984863, 1.6202976703643799, 3.155141830444336, 2.0092246532440186, 0.9737482070922852, 2.0816426277160645, 0.8055515289306641, 1.119518756866455, 0.37387585639953613, 1.1258158683776855, 0.33716344833374023, 0.3647499084472656, 0.3229093551635742, 1.0620088577270508, 5.1791462898254395, 0.4255659580230713, 5.090669631958008, 1.921562671661377, 3.7881112098693848, 1.2505779266357422, 0.36710238456726074, 0.38187265396118164, 3.333285331726074, 0.7771239280700684, 3.3277502059936523, 1.589367151260376, 0.3577239513397217, 1.0728113651275635, 0.7054800987243652, 2.5854339599609375, 0.3611476421356201, 1.0312237739562988, 2.283402442932129, 0.37674403190612793, 1.1678838729858398, 1.9700477123260498, 2.5400333404541016, 0.7629098892211914, 0.378218412399292, 0.37996482849121094, 0.4440302848815918, 0.37318873405456543, 6.626429796218872, 0.32837820053100586, 0.32396936416625977, 0.3408937454223633], "HS-postpone-time": [0, 0, 0, 0, 0, 0, 0, 0, 0, 0, 0, 0, 0, 0, 0, 0, 0, 0, 0, 0, 0, 0, 0, 0, 0, 0, 0, 0, 0, 0, 0, 0, 0, 0, 0, 0, 0, 0, 0, 0, 0, 0, 0, 0, 0, 0, 0, 0, 0, 0, 0, 0, 0, 0, 0, 0, 0, 0, 0, 0, 0, 0, 0, 0, 0, 0, 0, 0, 0, 0, 0, 0, 0, 0, 0, 0, 0, 0, 0, 0, 0, 0, 0, 0, 0, 0, 0, 0, 0, 0, 0, 0, 0, 0, 0, 0, 0, 0, 0, 0, 0, 0, 0, 0, 0, 0, 0, 0, 0, 0, 0, 0, 0, 0, 0, 0, 0, 0, 0, 0, 0, 0, 0], "SAT-time": [0, 0.12195825576782227, 0.00950479507446289, 0.02938055992126465, 0.014533042907714844, 0.01035761833190918, 0.009743213653564453, 0.01987171173095703, 0.0006480216979980469, 0.0017282962799072266, 0.03953361511230469, 0.004941463470458984, 0.006869077682495117, 0.0048062801361083984, 0.16670775413513184, 0.010984420776367188, 0.003608226776123047, 0.0478053092956543, 0.014199972152709961, 0.008045434951782227, 0.025130271911621094, 0.024014711380004883, 0.007719516754150391, 0.028969526290893555, 0.0224611759185791, 0.0127410888671875, 0.04085564613342285, 0.03175044059753418, 0.03959083557128906, 0.0747067928314209, 0.025727033615112305, 0.005678892135620117, 0.004682064056396484, 0.0059757232666015625, 0.022240161895751953, 0.010157585144042969, 0.025712966918945312, 0.018558740615844727, 0.022089719772338867, 0.0934607982635498, 0.048134565353393555, 0.014341592788696289, 0.030570030212402344, 0.014078378677368164, 0.0008447170257568359, 0.005678415298461914, 0.004724979400634766, 0.002096891403198242, 0.012814044952392578, 0.0020585060119628906, 0.012922048568725586, 0.0021059513092041016, 0.004674673080444336, 0.01392817497253418, 0.0007872581481933594, 0.06905317306518555, 0.01730632781982422, 0.002107858657836914, 0.004724979400634766, 0.002095937728881836, 0.0008039474487304688, 0.0021104812622070312, 0.0008306503295898438, 0.0264585018157959, 0.008664131164550781, 0.028662681579589844, 0.0008766651153564453, 0.009648561477661133, 0.0008494853973388672, 0.010278701782226562, 0.0008273124694824219, 0.040120840072631836, 0.0008332729339599609, 0.0021016597747802734, 0.05689072608947754, 0.005795717239379883, 0.0008137226104736328, 0.035771846771240234, 0.01770806312561035, 0.03304338455200195, 0.01767897605895996, 0.009849071502685547, 0.0225832462310791, 0.005843639373779297, 0.008810043334960938, 0.002162933349609375, 0.008650779724121094, 0.0021905899047851562, 0.0008141994476318359, 0.002197742462158203, 0.009267091751098633, 0.05964255332946777, 0.0008609294891357422, 0.04537057876586914, 0.017844438552856445, 0.036801815032958984, 0.009018898010253906, 0.002185344696044922, 0.0008687973022460938, 0.03207659721374512, 0.004792690277099609, 0.03273153305053711, 0.013436317443847656, 0.0022497177124023438, 0.009204626083374023, 0.0060427188873291016, 0.026909589767456055, 0.0021820068359375, 0.008866548538208008, 0.02353358268737793, 0.0008788108825683594, 0.01021265983581543, 0.018268585205078125, 0.02397918701171875, 0.005070209503173828, 0.002219676971435547, 0.0008563995361328125, 0.0022034645080566406, 0.0008821487426757812, 0.06741833686828613, 0.0008699893951416016, 0.002248525619506836, 0.0008711814880371094],