{"config": {"preseeding": false, "sat-polarity": true, "sat-polarity-initial": false, "postpone_opt": true, "postpone_opt_incr": true, "postpone_opt_greedy": false, "grow": true, "grow_sat": false, "grow_subset_maximal": false, "grow_maxsat": true, "maxsat_polarities": true, "grow_maxsat_full_pos": false, "grow_maxsat_full_inv": false, "grow_maxsat_full_unif": false, "grow_maxsat_initial_pos": false, "grow_maxsat_initial_inv": false, "grow_maxsat_initial_unif": true, "grow_maxsat_actual_pos": false, "grow_maxsat_actual_unif": false, "grow_maxsat_actual_inv": false, "timeout": 7200, "instance": "origin-problem", "output": "/data/brussel/101/vsc10143/OUSResults/experiment4/2021011308/20210113081929878568.json"}, "results": {"HS": [0, 15, 2, 1, 5, 2, 2, 1, 1, 2, 3, 3, 3, 1, 23, 3, 5, 5, 2, 3, 3, 6, 1, 1, 19, 3, 8, 5, 4, 19, 1, 2, 2, 3, 1, 2, 2, 4, 20, 1, 2, 2, 1, 1, 1, 2, 1, 1, 1, 1, 1, 1, 1, 1, 2, 3, 2, 2, 1, 1, 1, 1, 1, 2, 1, 2, 1, 3, 2, 1, 7, 1, 1, 2, 2, 2, 1, 1, 1, 1, 8, 4, 3, 1, 2, 1, 1, 1, 1, 1, 3, 1, 5, 1, 2, 11, 4, 1, 2, 1, 1, 2, 1, 11, 3, 1, 1, 1, 2, 1, 1, 2, 3, 2, 3, 4, 1, 1, 2, 1, 1, 1, 2, 1, 1, 1], "HS_greedy": [0, 0, 0, 0, 0, 0, 0, 0, 0, 0, 0, 0, 0, 0, 0, 0, 0, 0, 0, 0, 0, 0, 0, 0, 0, 0, 0, 0, 0, 0, 0, 0, 0, 0, 0, 0, 0, 0, 0, 0, 0, 0, 0, 0, 0, 0, 0, 0, 0, 0, 0, 0, 0, 0, 0, 0, 0, 0, 0, 0, 0, 0, 0, 0, 0, 0, 0, 0, 0, 0, 0, 0, 0, 0, 0, 0, 0, 0, 0, 0, 0, 0, 0, 0, 0, 0, 0, 0, 0, 0, 0, 0, 0, 0, 0, 0, 0, 0, 0, 0, 0, 0, 0, 0, 0, 0, 0, 0, 0, 0, 0, 0, 0, 0, 0, 0, 0, 0, 0, 0, 0, 0, 0, 0, 0, 0], "HS_incr": [0, 182, 9, 0, 59, 14, 16, 0, 0, 12, 39, 15, 33, 0, 232, 15, 35, 16, 11, 31, 36, 55, 0, 0, 71, 41, 49, 25, 13, 120, 0, 14, 12, 13, 0, 12, 7, 40, 116, 0, 11, 9, 0, 0, 0, 7, 0, 0, 0, 0, 0, 0, 0, 0, 11, 10, 11, 4, 0, 0, 0, 0, 0, 9, 0, 12, 0, 22, 10, 0, 22, 0, 0, 6, 5, 10, 0, 0, 0, 0, 22, 10, 2, 0, 9, 0, 0, 0, 0, 0, 6, 0, 26, 0, 1, 51, 27, 0, 14, 0, 0, 9, 0, 91, 17, 0, 0, 0, 5, 0, 0, 14, 8, 14, 16, 20, 0, 0, 14, 0, 0, 0, 12, 0, 0, 0], "HS-opt-time": [0, 0.5863003730773926, 0.23636460304260254, 0.1533815860748291, 0.6950995922088623, 0.31492066383361816, 0.32088470458984375, 0.1958637237548828, 0.2933838367462158, 0.4744682312011719, 1.1267821788787842, 1.3071353435516357, 0.8615157604217529, 0.4147312641143799, 38.51986789703369, 6.897509813308716, 13.870850563049316, 15.11405634880066, 10.824068546295166, 8.87998652458191, 5.896962404251099, 27.002100229263306, 1.6096196174621582, 1.558685064315796, 93.19259333610535, 21.779977083206177, 52.08235216140747, 34.80989646911621, 15.739750146865845, 203.22601556777954, 2.582803964614868, 4.721333026885986, 9.40543246269226, 11.523693799972534, 3.545567035675049, 10.183961391448975, 7.204771995544434, 9.845888376235962, 81.01919150352478, 6.5768280029296875, 6.5063347816467285, 12.323043823242188, 4.6782755851745605, 5.0420660972595215, 4.505245923995972, 7.165468454360962, 4.04902195930481, 3.722043752670288, 4.179253578186035, 3.8744704723358154, 3.756737470626831, 2.7601330280303955, 4.956961154937744, 4.033560037612915, 8.81137204170227, 17.750255823135376, 6.766706705093384, 11.084620952606201, 4.9014928340911865, 5.051177740097046, 3.827986717224121, 3.3418641090393066, 3.8398571014404297, 6.496673583984375, 3.1873857975006104, 8.379194498062134, 3.1222786903381348, 11.119351625442505, 9.606191635131836, 3.193892240524292, 34.391974210739136, 3.6058778762817383, 3.787360191345215, 7.062565803527832, 7.062837600708008, 6.837000131607056, 3.9738991260528564, 3.6463656425476074, 3.0187196731567383, 3.933216094970703, 33.95924472808838, 12.78079628944397, 10.94583249092102, 3.6090400218963623, 6.80656623840332, 3.4460911750793457, 3.331679105758667, 3.4078900814056396, 2.9722187519073486, 3.658949136734009, 9.593023777008057, 3.6448988914489746, 16.20629048347473, 3.37691593170166, 7.169341564178467, 51.0651376247406, 13.332165956497192, 3.5486555099487305, 6.956204891204834, 4.218904495239258, 3.568082094192505, 7.603307008743286, 3.1789650917053223, 47.09429168701172, 10.93062162399292, 3.4550187587738037, 3.2942161560058594, 3.155366897583008, 6.454470634460449, 3.188241720199585, 3.220155715942383, 6.710541248321533, 10.893038272857666, 6.48368763923645, 9.951803922653198, 14.392534971237183, 3.853940486907959, 3.769813060760498, 6.732313871383667, 3.5748984813690186, 3.1711583137512207, 3.0266849994659424, 6.47173285484314, 3.046721935272217, 2.9478142261505127, 2.938591957092285], "HS-postpone-time": [0, 0.006829977035522461, 0.00033092498779296875, 0, 0.0024123191833496094, 0.0005846023559570312, 0.0006055831909179688, 0, 0, 0.00048089027404785156, 0.001760244369506836, 0.0006916522979736328, 0.001378774642944336, 0, 0.01001286506652832, 0.0006768703460693359, 0.0015985965728759766, 0.0007596015930175781, 0.00044155120849609375, 0.0013918876647949219, 0.0016314983367919922, 0.0024254322052001953, 0, 0, 0.003154754638671875, 0.0018961429595947266, 0.002145528793334961, 0.00113677978515625, 0.0006060600280761719, 0.005402565002441406, 0, 0.0005795955657958984, 0.0005574226379394531, 0.0005624294281005859, 0, 0.0005438327789306641, 0.000278472900390625, 0.0016481876373291016, 0.005014181137084961, 0, 0.0004146099090576172, 0.0003743171691894531, 0, 0, 0, 0.0002548694610595703, 0, 0, 0, 0, 0, 0, 0, 0, 0.00046324729919433594, 0.00041484832763671875, 0.0004208087921142578, 0.0001342296600341797, 0, 0, 0, 0, 0, 0.00035691261291503906, 0, 0.0004973411560058594, 0, 0.0009303092956542969, 0.00045180320739746094, 0, 0.0009548664093017578, 0, 0, 0.00021576881408691406, 0.00019288063049316406, 0.00035834312438964844, 0, 0, 0, 0, 0.0007989406585693359, 0.00031185150146484375, 5.602836608886719e-05, 0, 0.0002961158752441406, 0, 0, 0, 0, 0, 0.00020051002502441406, 0, 0.0008840560913085938, 0, 3.314018249511719e-05, 0.0018460750579833984, 0.0010569095611572266, 0, 0.0004994869232177734, 0, 0, 0.00035452842712402344, 0, 0.003327608108520508, 0.0006563663482666016, 0, 0, 0, 0.00015807151794433594, 0, 0, 0.00041556358337402344, 0.00023818016052246094, 0.00048041343688964844, 0.0005004405975341797, 0.0005714893341064453, 0, 0, 0.0004253387451171875, 0, 0, 0, 0.0003795623779296875, 0, 0, 0],