{"config": {"preseeding": false, "sat-polarity": true, "sat-polarity-initial": false, "postpone_opt": false, "postpone_opt_incr": false, "postpone_opt_greedy": false, "grow": true, "grow_sat": false, "grow_subset_maximal": false, "grow_maxsat": true, "maxsat_polarities": true, "grow_maxsat_full_pos": false, "grow_maxsat_full_inv": false, "grow_maxsat_full_unif": false, "grow_maxsat_initial_pos": false, "grow_maxsat_initial_inv": false, "grow_maxsat_initial_unif": false, "grow_maxsat_actual_pos": false, "grow_maxsat_actual_unif": false, "grow_maxsat_actual_inv": true, "timeout": 7200, "instance": "p12", "output": "/data/brussel/101/vsc10143/OUSResults/experiment4/2021011308/20210113081930573261.json"}, "results": {"HS": [0, 43, 4, 7, 5, 6, 2, 9, 7, 3, 18, 9, 3, 10, 7, 9, 8, 1, 1, 1, 25, 2, 19, 3, 9, 12, 3, 2, 2, 2, 5, 7, 4, 1, 3, 1, 4, 1, 16, 4, 28, 1, 2, 5, 11, 7, 82, 19, 14, 2, 3, 14, 2, 26, 2, 2, 1, 2, 1, 1, 1, 6, 9, 3, 4, 1, 2, 1, 1, 1, 5, 1, 3, 2, 3, 1, 7, 1, 1, 1, 7, 8, 4, 4, 3, 2, 6, 1, 8, 1, 4, 1, 1, 1, 1, 3, 3, 17, 1, 6, 2, 2, 1, 2, 1, 7, 2, 5, 4, 3, 2, 1, 3, 2, 2, 22, 2, 1, 1], "HS_greedy": [0, 0, 0, 0, 0, 0, 0, 0, 0, 0, 0, 0, 0, 0, 0, 0, 0, 0, 0, 0, 0, 0, 0, 0, 0, 0, 0, 0, 0, 0, 0, 0, 0, 0, 0, 0, 0, 0, 0, 0, 0, 0, 0, 0, 0, 0, 0, 0, 0, 0, 0, 0, 0, 0, 0, 0, 0, 0, 0, 0, 0, 0, 0, 0, 0, 0, 0, 0, 0, 0, 0, 0, 0, 0, 0, 0, 0, 0, 0, 0, 0, 0, 0, 0, 0, 0, 0, 0, 0, 0, 0, 0, 0, 0, 0, 0, 0, 0, 0, 0, 0, 0, 0, 0, 0, 0, 0, 0, 0, 0, 0, 0, 0, 0, 0, 0, 0, 0, 0], "HS_incr": [0, 0, 0, 0, 0, 0, 0, 0, 0, 0, 0, 0, 0, 0, 0, 0, 0, 0, 0, 0, 0, 0, 0, 0, 0, 0, 0, 0, 0, 0, 0, 0, 0, 0, 0, 0, 0, 0, 0, 0, 0, 0, 0, 0, 0, 0, 0, 0, 0, 0, 0, 0, 0, 0, 0, 0, 0, 0, 0, 0, 0, 0, 0, 0, 0, 0, 0, 0, 0, 0, 0, 0, 0, 0, 0, 0, 0, 0, 0, 0, 0, 0, 0, 0, 0, 0, 0, 0, 0, 0, 0, 0, 0, 0, 0, 0, 0, 0, 0, 0, 0, 0, 0, 0, 0, 0, 0, 0, 0, 0, 0, 0, 0, 0, 0, 0, 0, 0, 0], "HS-opt-time": [0, 0.25679826736450195, 0.17192339897155762, 0.536487340927124, 0.123748779296875, 0.15476489067077637, 0.14664030075073242, 0.37244081497192383, 0.24789690971374512, 0.16167640686035156, 3.20509672164917, 2.2632510662078857, 0.19327116012573242, 3.6003239154815674, 0.5328915119171143, 0.9968640804290771, 0.7458996772766113, 0.10734415054321289, 0.187150239944458, 0.2230062484741211, 13.014652967453003, 0.4409480094909668, 15.559213638305664, 0.5744640827178955, 6.203369140625, 1.6220126152038574, 0.4266021251678467, 0.2939159870147705, 0.34708523750305176, 0.29886436462402344, 1.5235843658447266, 1.2557971477508545, 0.8091254234313965, 0.20131301879882812, 0.6041426658630371, 0.2647233009338379, 0.6104598045349121, 0.14316368103027344, 8.506778717041016, 1.5899298191070557, 30.009413480758667, 1.1187548637390137, 0.6229393482208252, 3.705876588821411, 9.582125902175903, 5.832312822341919, 117.62097716331482, 35.47169899940491, 17.76452112197876, 3.0422515869140625, 1.262979507446289, 27.96876072883606, 0.7081358432769775, 54.63410830497742, 0.665546178817749, 0.7279527187347412, 0.350100040435791, 0.794100284576416, 0.3479142189025879, 0.3431284427642822, 0.3988945484161377, 2.0988426208496094, 3.358612060546875, 1.3171114921569824, 1.8425877094268799, 0.555121660232544, 0.7900276184082031, 0.3745126724243164, 0.412442684173584, 0.43219757080078125, 2.60726261138916, 0.36237311363220215, 1.0960915088653564, 0.7470114231109619, 1.1706488132476807, 0.3805708885192871, 3.354257583618164, 0.3697652816772461, 0.394289493560791, 0.5182929039001465, 2.687516927719116, 3.5021800994873047, 1.8405773639678955, 1.7020225524902344, 1.327002763748169, 0.8872454166412354, 3.0118424892425537, 0.517512321472168, 6.335132598876953, 0.5457668304443359, 2.0077295303344727, 0.49563050270080566, 0.5255734920501709, 0.5073339939117432, 0.4240539073944092, 1.3298218250274658, 1.1802146434783936, 9.687891006469727, 0.4441695213317871, 2.9816954135894775, 0.8892097473144531, 0.8166756629943848, 0.3973679542541504, 0.786731481552124, 0.3724365234375, 2.912447690963745, 0.9177095890045166, 1.9498276710510254, 1.6637308597564697, 1.3563203811645508, 0.7881357669830322, 0.4108095169067383, 1.3909471035003662, 0.7910807132720947, 0.9128389358520508, 8.511802196502686, 0.7173373699188232, 0.3520376682281494, 0.33374857902526855], "HS-postpone-time": [0, 0, 0, 0, 0, 0, 0, 0, 0, 0, 0, 0, 0, 0, 0, 0, 0, 0, 0, 0, 0, 0, 0, 0, 0, 0, 0, 0, 0, 0, 0, 0, 0, 0, 0, 0, 0, 0, 0, 0, 0, 0, 0, 0, 0, 0, 0, 0, 0, 0, 0, 0, 0, 0, 0, 0, 0, 0, 0, 0, 0, 0, 0, 0, 0, 0, 0, 0, 0, 0, 0, 0, 0, 0, 0, 0, 0, 0, 0, 0, 0, 0, 0, 0, 0, 0, 0, 0, 0, 0, 0, 0, 0, 0, 0, 0, 0, 0, 0, 0, 0, 0, 0, 0, 0, 0, 0, 0, 0, 0, 0, 0, 0, 0, 0, 0, 0, 0, 0], "SAT-time": [0, 0.13950467109680176, 0.01031947135925293, 0.021044254302978516, 0.015642642974853516, 0.017251968383789062, 0.005124092102050781, 0.029287338256835938, 0.02255392074584961, 0.007616519927978516, 0.06390857696533203, 0.0296785831451416, 0.00908207893371582, 0.03427839279174805, 0.02423834800720215, 0.0296938419342041, 0.027523517608642578, 0.0007259845733642578, 0.0019516944885253906, 0.0007605552673339844, 0.09003257751464844, 0.00433802604675293, 0.06936812400817871, 0.007791996002197266, 0.033011436462402344, 0.04346919059753418, 0.009199380874633789, 0.004202127456665039, 0.0056378841400146484, 0.004717111587524414, 0.017081260681152344, 0.02349543571472168, 0.013054370880126953, 0.0007834434509277344, 0.009344100952148438, 0.0008044242858886719, 0.0124969482421875, 0.0008242130279541016, 0.05957961082458496, 0.011897087097167969, 0.10562729835510254, 0.0008022785186767578, 0.0057811737060546875, 0.016340017318725586, 0.04145216941833496, 0.024175405502319336, 0.3249633312225342, 0.07285022735595703, 0.05521273612976074, 0.004373311996459961, 0.009466171264648438, 0.053441762924194336, 0.005615234375, 0.10004734992980957, 0.0058634281158447266, 0.004389286041259766, 0.0021009445190429688, 0.004324674606323242, 0.0021991729736328125, 0.0008242130279541016, 0.002110004425048828, 0.01984715461730957, 0.032273292541503906, 0.008144140243530273, 0.013560056686401367, 0.0008494853973388672, 0.0056836605072021484, 0.0008652210235595703, 0.002165555953979492, 0.0008268356323242188, 0.016376256942749023, 0.0007746219635009766, 0.009567499160766602, 0.004448890686035156, 0.009879112243652344, 0.0008556842803955078, 0.025393962860107422, 0.0008127689361572266, 0.002186298370361328, 0.0008139610290527344, 0.02462148666381836, 0.02695322036743164, 0.013234615325927734, 0.01189279556274414, 0.009037494659423828, 0.004554271697998047, 0.021599769592285156, 0.0007970333099365234, 0.028218984603881836, 0.0007908344268798828, 0.01362299919128418, 0.0008268356323242188, 0.0021615028381347656, 0.0008060932159423828, 0.0021715164184570312, 0.008654117584228516, 0.009706735610961914, 0.06303000450134277, 0.0021855831146240234, 0.019857406616210938, 0.005742549896240234, 0.004629850387573242, 0.0022017955780029297, 0.004571676254272461, 0.0021588802337646484, 0.02435302734375, 0.005652666091918945, 0.016115427017211914, 0.013442516326904297, 0.008634805679321289, 0.005699634552001953, 0.0008537769317626953, 0.009812593460083008, 0.004201650619506836, 0.005728960037231445, 0.08260488510131836, 0.005631923675537109, 0.0008070468902587891, 0.002178668975830078],