{"config": {"preseeding": false, "sat-polarity": true, "sat-polarity-initial": false, "postpone_opt": false, "postpone_opt_incr": false, "postpone_opt_greedy": false, "grow": true, "grow_sat": false, "grow_subset_maximal": false, "grow_maxsat": true, "maxsat_polarities": true, "grow_maxsat_full_pos": false, "grow_maxsat_full_inv": true, "grow_maxsat_full_unif": false, "grow_maxsat_initial_pos": false, "grow_maxsat_initial_inv": false, "grow_maxsat_initial_unif": false, "grow_maxsat_actual_pos": false, "grow_maxsat_actual_unif": false, "grow_maxsat_actual_inv": false, "timeout": 7200, "instance": "p12", "output": "/data/brussel/101/vsc10143/OUSResults/experiment4/2021011308/20210113081930573153.json"}, "results": {"HS": [0, 115, 103, 24, 10, 29], "HS_greedy": [0, 0, 0, 0, 0, 0], "HS_incr": [0, 0, 0, 0, 0, 0], "HS-opt-time": [0, 1.7725603580474854, 21.206496238708496, 5.726028680801392, 1.7899754047393799, 5.542021989822388], "HS-postpone-time": [0, 0, 0, 0, 0, 0], "SAT-time": [0, 0.46510791778564453, 0.38176488876342773, 0.08809804916381836, 0.03604936599731445, 0.11438679695129395], "grow-time": [0, 3011.9407699108124, 2177.986387014389, 21.764092922210693, 51.31219410896301, 1587.2922146320343], "#expl": 4, "expl_seq": [{"constraints": [10808], "derived": [-9137]}, {"constraints": [10805], "derived": [9151]}, {"constraints": [9275, 9151], "derived": [-9152, -9150, -9149, -9153]}, {"constraints": [9273, 9151], "derived": [-9166, -9156, -9146, -9161]}], "OUS-time": [0, 3014.3554134368896, 2199.736599445343, 27.615355730056763, 53.15323233604431, 0], "timeout": true}}