{"config": {"preseeding": true, "sat-polarity": true, "sat-polarity-initial": true, "postpone_opt": true, "postpone_opt_incr": false, "postpone_opt_greedy": true, "grow": true, "grow_sat": false, "grow_subset_maximal": false, "grow_maxsat": true, "maxsat_polarities": true, "grow_maxsat_full_pos": false, "grow_maxsat_full_inv": false, "grow_maxsat_full_unif": true, "grow_maxsat_initial_pos": false, "grow_maxsat_initial_inv": false, "grow_maxsat_initial_unif": false, "grow_maxsat_actual_pos": false, "grow_maxsat_actual_unif": false, "grow_maxsat_actual_inv": false, "timeout": 7200, "instance": "p12", "output": "/data/brussel/101/vsc10143/OUSResults/experiment4/2021011308/20210113081930575142.json"}, "results": {"HS": [0, 4, 2, 2, 1], "HS_greedy": [0, 2290, 1100, 7267, 3359], "HS_incr": [0, 0, 0, 0, 0], "HS-opt-time": [0, 20.231727361679077, 23.08694577217102, 25.256401300430298, 11.419969320297241], "HS-postpone-time": [0, 90.51705551147461, 19.38099956512451, 991.3083829879761, 182.1466670036316], "SAT-time": [0.01359868049621582, 23.17694926261902, 11.32987642288208, 78.3219702243805, 37.33323359489441], "grow-time": [0.2797970771789551, 623.5873243808746, 242.21573185920715, 2750.1115453243256, 2029.3297879695892], "#expl": 3, "expl_seq": [{"constraints": [47277], "derived": [45623]}, {"constraints": [45747, 45623], "derived": [-45624, -45622, -45621, -45625]}, {"constraints": [45745, 45623], "derived": [-45638, -45628, -45618, -45633]}], "OUS-time": [0, 763.2460765838623, 298.7703902721405, 3863.723611354828, 0], "timeout": true}}