{"config": {"preseeding": false, "sat-polarity": true, "sat-polarity-initial": true, "postpone_opt": true, "postpone_opt_incr": false, "postpone_opt_greedy": true, "grow": true, "grow_sat": false, "grow_subset_maximal": false, "grow_maxsat": true, "maxsat_polarities": true, "grow_maxsat_full_pos": false, "grow_maxsat_full_inv": false, "grow_maxsat_full_unif": false, "grow_maxsat_initial_pos": false, "grow_maxsat_initial_inv": false, "grow_maxsat_initial_unif": false, "grow_maxsat_actual_pos": false, "grow_maxsat_actual_unif": true, "grow_maxsat_actual_inv": false, "timeout": 7200, "instance": "p12", "output": "/data/brussel/101/vsc10143/OUSResults/experiment4/2021011308/20210113081930573829.json"}, "results": {"HS": [0, 12, 4, 2, 3, 1, 1, 1, 1, 2, 4, 1, 3, 2, 1, 1, 2, 2, 1, 1, 1, 1, 3, 4, 1, 3, 1, 1, 1, 1, 4, 3, 2, 1, 1, 2, 3, 11, 2, 1, 2, 1, 9, 3, 2, 49, 6, 8, 2, 1, 21, 1, 24, 1, 1, 1, 1, 1, 1, 3, 2, 2, 1, 1, 1, 1, 2, 1, 1, 1, 1, 1, 1, 1, 1, 1, 1, 1, 1, 2, 2, 1, 2, 1, 1, 1, 1, 1, 1, 2, 2, 1, 1, 1, 1, 1, 1, 2, 2, 1, 1, 1, 1, 1, 1, 1, 2, 1, 1, 1, 1, 1, 1, 1, 1, 1, 2, 1, 1, 1], "HS_greedy": [0, 38, 30, 351, 300, 0, 0, 0, 0, 310, 220, 0, 256, 335, 0, 0, 331, 304, 0, 0, 0, 0, 232, 235, 0, 325, 0, 0, 0, 0, 228, 198, 169, 0, 0, 168, 156, 171, 177, 0, 203, 0, 190, 96, 202, 217, 116, 232, 157, 0, 136, 0, 165, 0, 0, 0, 0, 0, 0, 127, 91, 155, 0, 0, 0, 0, 106, 0, 0, 0, 0, 0, 0, 0, 0, 0, 0, 0, 0, 70, 43, 0, 77, 0, 0, 0, 0, 0, 0, 89, 82, 0, 0, 0, 0, 0, 0, 41, 112, 0, 0, 0, 0, 0, 0, 0, 34, 0, 0, 0, 0, 0, 0, 0, 0, 0, 48, 0, 0, 0], "HS_incr": [0, 0, 0, 0, 0, 0, 0, 0, 0, 0, 0, 0, 0, 0, 0, 0, 0, 0, 0, 0, 0, 0, 0, 0, 0, 0, 0, 0, 0, 0, 0, 0, 0, 0, 0, 0, 0, 0, 0, 0, 0, 0, 0, 0, 0, 0, 0, 0, 0, 0, 0, 0, 0, 0, 0, 0, 0, 0, 0, 0, 0, 0, 0, 0, 0, 0, 0, 0, 0, 0, 0, 0, 0, 0, 0, 0, 0, 0, 0, 0, 0, 0, 0, 0, 0, 0, 0, 0, 0, 0, 0, 0, 0, 0, 0, 0, 0, 0, 0, 0, 0, 0, 0, 0, 0, 0, 0, 0, 0, 0, 0, 0, 0, 0, 0, 0, 0, 0, 0, 0], "HS-opt-time": [0, 0.09952759742736816, 0.08280634880065918, 1.173887014389038, 2.9022574424743652, 1.1231439113616943, 1.9122567176818848, 1.120685338973999, 1.0345540046691895, 3.7030797004699707, 29.99806809425354, 3.2636630535125732, 30.494062900543213, 23.75948452949524, 14.787002325057983, 5.681799650192261, 11.046997308731079, 12.7753427028656, 7.432673692703247, 6.881061553955078, 6.830984830856323, 6.960688352584839, 63.02062630653381, 104.65995049476624, 26.896063566207886, 23.685729265213013, 8.581522226333618, 8.210231304168701, 8.064080953598022, 8.087618350982666, 34.38318657875061, 26.41021990776062, 18.779078006744385, 9.88867712020874, 9.998179197311401, 20.11986994743347, 57.20788598060608, 182.41064620018005, 51.19031286239624, 11.199651956558228, 23.31259560585022, 23.317627429962158, 127.4602620601654, 63.0050106048584, 15.936498165130615, 926.3659191131592, 120.24903130531311, 106.47430086135864, 27.159996271133423, 5.36936354637146, 438.61898851394653, 4.463083028793335, 514.5047564506531, 4.752738952636719, 4.64059853553772, 4.6453752517700195, 4.763698577880859, 4.789559364318848, 4.306354522705078, 15.969821214675903, 10.463007926940918, 9.972087860107422, 5.5183634757995605, 5.725321531295776, 5.33266806602478, 5.226105213165283, 9.494296073913574, 5.182188987731934, 4.684417486190796, 5.279842853546143, 5.150725364685059, 5.062345027923584, 4.955990314483643, 4.99912428855896, 4.591454267501831, 6.001927137374878, 4.890869140625, 5.126288652420044, 4.633673906326294, 8.571468353271484, 8.42000699043274, 4.9063193798065186, 9.221028804779053, 5.301187992095947, 5.4461047649383545, 5.028724431991577, 4.9140465259552, 7.205155372619629, 4.85155725479126, 8.81401515007019, 9.996756792068481, 4.8296356201171875, 4.8019843101501465, 4.627437591552734, 4.738839149475098, 3.97595477104187, 4.4948036670684814, 8.01986312866211, 6.893941640853882, 3.3494303226470947, 3.3174774646759033, 3.3548316955566406, 3.3570427894592285, 3.337993621826172, 3.3465750217437744, 3.333698034286499, 6.779918193817139, 3.6297836303710938, 3.5988757610321045, 3.577554941177368, 3.500962018966675, 3.5578761100769043, 3.5011043548583984, 3.6412532329559326, 3.459113597869873, 3.296377182006836, 6.8112640380859375, 2.9934465885162354, 2.9837167263031006, 2.993591070175171], "HS-postpone-time": [0, 0.02994370460510254, 0.020618200302124023, 1.8179707527160645, 1.3119735717773438, 0, 0, 0, 0, 1.2904517650604248, 0.6663296222686768, 0, 0.8754076957702637, 1.4482905864715576, 0, 0, 1.413586139678955, 1.1829288005828857, 0, 0, 0, 0, 0.663428544998169, 0.674980640411377, 0, 1.2899348735809326, 0, 0, 0, 0, 0.6097736358642578, 0.459209680557251, 0.33576226234436035, 0, 0, 0.3236958980560303, 0.2652597427368164, 0.32273197174072266, 0.32629847526550293, 0, 0.4331364631652832, 0, 0.3772571086883545, 0.10093259811401367, 0.42072248458862305, 0.4726529121398926, 0.14049410820007324, 0.5276029109954834, 0.2440485954284668, 0, 0.18680334091186523, 0, 0.26282358169555664, 0, 0, 0, 0, 0, 0, 0.14653921127319336, 0.0773313045501709, 0.2084488868713379, 0, 0, 0, 0, 0.0976259708404541, 0, 0, 0, 0, 0, 0, 0, 0, 0, 0, 0, 0, 0.03785228729248047, 0.016868114471435547, 0, 0.04336094856262207, 0, 0, 0, 0, 0, 0, 0.04782724380493164, 0.04172396659851074, 0, 0, 0, 0, 0, 0, 0.011811017990112305, 0.06391716003417969, 0, 0, 0, 0, 0, 0, 0, 0.006845951080322266, 0, 0, 0, 0, 0, 0, 0, 0, 0, 0.012171268463134766, 0, 0, 0], "SAT-time": [0, 0.09854006767272949, 0.0699312686920166, 0.904827356338501, 0.7570469379425049, 0.0017392635345458984, 0.0005643367767333984, 0.0017817020416259766, 0.0005879402160644531, 0.8678221702575684, 0.6175038814544678, 0.0018999576568603516, 0.7258107662200928, 0.9525024890899658, 0.0006012916564941406, 0.001917123794555664, 0.9685039520263672, 0.8774294853210449, 0.0006859302520751953, 0.002032041549682617, 0.0007188320159912109, 0.0019779205322265625, 0.6824800968170166, 0.7013235092163086, 0.00119781494140625, 0.9893734455108643, 0.0006728172302246094, 0.0022051334381103516, 0.0007741451263427734, 0.0020751953125, 0.7146108150482178, 0.6056993007659912, 0.5153193473815918, 0.0007219314575195312, 0.002130746841430664, 0.5120904445648193, 0.4819607734680176, 0.5117874145507812, 0.5434942245483398, 0.002245664596557617, 0.6251084804534912, 0.002234220504760742, 0.5761916637420654, 0.2811765670776367, 0.6071383953094482, 0.660118579864502, 0.357715368270874, 0.7258102893829346, 0.46402430534362793, 0.0008535385131835938, 0.4223496913909912, 0.0007982254028320312, 0.5170979499816895, 0.0008015632629394531, 0.0008132457733154297, 0.002343893051147461, 0.000850677490234375, 0.0007994174957275391, 0.0023949146270751953, 0.38328051567077637, 0.2832822799682617, 0.4832417964935303, 0.0023691654205322266, 0.0008206367492675781, 0.0008008480072021484, 0.0024149417877197266, 0.3274381160736084, 0.0008306503295898438, 0.0024285316467285156, 0.0008387565612792969, 0.0007882118225097656, 0.0024216175079345703, 0.0008308887481689453, 0.0008556842803955078, 0.0024261474609375, 0.0008563995361328125, 0.0008630752563476562, 0.0024459362030029297, 0.0008435249328613281, 0.20434832572937012, 0.1382002830505371, 0.0008568763732910156, 0.24126815795898438, 0.002565622329711914, 0.0009143352508544922, 0.0009074211120605469, 0.002527952194213867, 0.0008668899536132812, 0.0008919239044189453, 0.28151798248291016, 0.2487475872039795, 0.000919342041015625, 0.002487659454345703, 0.0008699893951416016, 0.0009081363677978516, 0.002531290054321289, 0.0008840560913085938, 0.12411952018737793, 0.34178662300109863, 0.002553224563598633, 0.0009636878967285156, 0.0009307861328125, 0.002666473388671875, 0.0009646415710449219, 0.0009274482727050781, 0.0025637149810791016, 0.10333132743835449, 0.0009982585906982422, 0.002593994140625, 0.0009133815765380859, 0.0009644031524658203, 0.0025818347930908203, 0.0009391307830810547, 0.0009417533874511719, 0.0026454925537109375, 0.0009431838989257812, 0.14813590049743652, 0.0009520053863525391, 0.0026197433471679688, 0.0009598731994628906],