{"config": {"preseeding": false, "sat-polarity": true, "sat-polarity-initial": false, "postpone_opt": true, "postpone_opt_incr": true, "postpone_opt_greedy": true, "grow": true, "grow_sat": false, "grow_subset_maximal": false, "grow_maxsat": true, "maxsat_polarities": true, "grow_maxsat_full_pos": false, "grow_maxsat_full_inv": false, "grow_maxsat_full_unif": false, "grow_maxsat_initial_pos": false, "grow_maxsat_initial_inv": false, "grow_maxsat_initial_unif": false, "grow_maxsat_actual_pos": true, "grow_maxsat_actual_unif": false, "grow_maxsat_actual_inv": false, "timeout": 7200, "instance": "p13", "output": "/data/brussel/101/vsc10143/OUSResults/experiment4/2021011308/20210113081933869294.json"}, "results": {"HS": [0, 2, 1, 1], "HS_greedy": [0, 55, 0, 20], "HS_incr": [0, 1485, 0, 498], "HS-opt-time": [0, 5.600810527801514, 6.494167804718018, 5.200143337249756], "HS-postpone-time": [0, 1.463292121887207, 0, 0.15903162956237793], "SAT-time": [0, 15.476584196090698, 0.0011093616485595703, 5.0212061405181885], "grow-time": [0, 617.4732184410095, 0, 6532.834377288818], "#expl": 2, "expl_seq": [{"constraints": [32449], "derived": [-30773, -30770]}, {"constraints": [32455], "derived": [30781]}], "OUS-time": [0, 644.0130829811096, 6.496395587921143, 0], "timeout": true}}