{"config": {"preseeding": false, "sat-polarity": true, "sat-polarity-initial": false, "postpone_opt": false, "postpone_opt_incr": false, "postpone_opt_greedy": false, "grow": true, "grow_sat": false, "grow_subset_maximal": false, "grow_maxsat": true, "maxsat_polarities": true, "grow_maxsat_full_pos": false, "grow_maxsat_full_inv": false, "grow_maxsat_full_unif": false, "grow_maxsat_initial_pos": false, "grow_maxsat_initial_inv": false, "grow_maxsat_initial_unif": true, "grow_maxsat_actual_pos": false, "grow_maxsat_actual_unif": false, "grow_maxsat_actual_inv": false, "timeout": 7200, "instance": "p13", "output": "/data/brussel/101/vsc10143/OUSResults/experiment4/2021011308/20210113081933868361.json"}, "results": {"HS": [0, 45, 5, 2, 16, 25, 8, 6, 5, 117, 4, 2, 1, 43, 46, 44, 1, 19, 122, 107, 62, 67, 46, 65, 4, 70, 52, 30, 7, 1, 1, 1, 55, 81, 3, 2, 34, 1, 1, 21, 1, 1, 7, 33, 56, 14, 2, 1, 1, 1, 26, 1, 6, 27, 1, 15, 18, 1, 26, 135, 1, 1, 9, 1, 1, 5, 53, 1, 1, 18, 1, 1, 76, 38, 1, 19, 48, 1, 1, 1, 1, 1, 1, 1, 11], "HS_greedy": [0, 0, 0, 0, 0, 0, 0, 0, 0, 0, 0, 0, 0, 0, 0, 0, 0, 0, 0, 0, 0, 0, 0, 0, 0, 0, 0, 0, 0, 0, 0, 0, 0, 0, 0, 0, 0, 0, 0, 0, 0, 0, 0, 0, 0, 0, 0, 0, 0, 0, 0, 0, 0, 0, 0, 0, 0, 0, 0, 0, 0, 0, 0, 0, 0, 0, 0, 0, 0, 0, 0, 0, 0, 0, 0, 0, 0, 0, 0, 0, 0, 0, 0, 0, 0], "HS_incr": [0, 0, 0, 0, 0, 0, 0, 0, 0, 0, 0, 0, 0, 0, 0, 0, 0, 0, 0, 0, 0, 0, 0, 0, 0, 0, 0, 0, 0, 0, 0, 0, 0, 0, 0, 0, 0, 0, 0, 0, 0, 0, 0, 0, 0, 0, 0, 0, 0, 0, 0, 0, 0, 0, 0, 0, 0, 0, 0, 0, 0, 0, 0, 0, 0, 0, 0, 0, 0, 0, 0, 0, 0, 0, 0, 0, 0, 0, 0, 0, 0, 0, 0, 0, 0], "HS-opt-time": [0, 0.45215892791748047, 0.17819571495056152, 0.03595709800720215, 0.3124125003814697, 4.506974458694458, 2.9121625423431396, 2.2247540950775146, 1.539621353149414, 113.64085793495178, 0.6928730010986328, 2.7159812450408936, 0.1606309413909912, 76.10416722297668, 109.57531094551086, 126.33945965766907, 2.3284213542938232, 56.523950815200806, 375.5072646141052, 421.9267942905426, 351.5064194202423, 427.9622883796692, 376.6601052284241, 496.8864014148712, 37.00776386260986, 658.1337523460388, 432.8830122947693, 67.94687056541443, 16.22505283355713, 3.44293212890625, 5.080152750015259, 3.9655520915985107, 141.18957662582397, 186.31049752235413, 9.585525751113892, 7.4708123207092285, 106.49799013137817, 4.207980394363403, 3.243173122406006, 50.5179705619812, 3.619035482406616, 4.46794867515564, 44.21725630760193, 86.02381825447083, 151.16768884658813, 40.624263763427734, 8.29396939277649, 3.1654388904571533, 3.1616923809051514, 3.0382776260375977, 66.5347592830658, 3.5126729011535645, 26.771008729934692, 73.04685974121094, 2.935457944869995, 41.64964270591736, 53.59860301017761, 3.3675458431243896, 75.10846471786499, 407.488805770874, 3.3863399028778076, 3.89030385017395, 27.91840362548828, 3.5714197158813477, 3.5781638622283936, 14.908494472503662, 159.74535036087036, 3.0887391567230225, 3.807039737701416, 60.832905769348145, 3.8329341411590576, 3.9126482009887695, 265.8773968219757, 128.39806604385376, 3.52809739112854, 63.336554288864136, 165.4797682762146, 3.932049512863159, 3.674555540084839, 3.530254364013672, 4.007457494735718, 3.750119686126709, 3.5028204917907715, 3.3973276615142822, 78.21898674964905], "HS-postpone-time": [0, 0, 0, 0, 0, 0, 0, 0, 0, 0, 0, 0, 0, 0, 0, 0, 0, 0, 0, 0, 0, 0, 0, 0, 0, 0, 0, 0, 0, 0, 0, 0, 0, 0, 0, 0, 0, 0, 0, 0, 0, 0, 0, 0, 0, 0, 0, 0, 0, 0, 0, 0, 0, 0, 0, 0, 0, 0, 0, 0, 0, 0, 0, 0, 0, 0, 0, 0, 0, 0, 0, 0, 0, 0, 0, 0, 0, 0, 0, 0, 0, 0, 0, 0, 0], "SAT-time": [0, 0.11271476745605469, 0.010932683944702148, 0.0036203861236572266, 0.04005002975463867, 0.06537389755249023, 0.021246671676635742, 0.01471090316772461, 0.013916730880737305, 0.3338336944580078, 0.010021209716796875, 0.004010915756225586, 0.002125263214111328, 0.13045215606689453, 0.12599897384643555, 0.11861968040466309, 0.0007951259613037109, 0.05340576171875, 0.32548999786376953, 0.28532886505126953, 0.1667783260345459, 0.1809847354888916, 0.12584972381591797, 0.17308688163757324, 0.009763956069946289, 0.19080686569213867, 0.138014554977417, 0.07625555992126465, 0.016816139221191406, 0.002364635467529297, 0.0008697509765625, 0.000881195068359375, 0.14358806610107422, 0.21551299095153809, 0.006498813629150391, 0.005119800567626953, 0.08844637870788574, 0.0009295940399169922, 0.0024230480194091797, 0.05397748947143555, 0.0008318424224853516, 0.0023462772369384766, 0.017374515533447266, 0.08747720718383789, 0.15594840049743652, 0.03741121292114258, 0.003854990005493164, 0.0023696422576904297, 0.0008747577667236328, 0.0008993148803710938, 0.07073664665222168, 0.0008945465087890625, 0.01405787467956543, 0.07097339630126953, 0.0008826255798339844, 0.03777289390563965, 0.0465245246887207, 0.0008869171142578125, 0.06658387184143066, 0.3603544235229492, 0.000865936279296875, 0.0008912086486816406, 0.02520465850830078, 0.0008444786071777344, 0.0009205341339111328, 0.011463165283203125, 0.14193081855773926, 0.0008418560028076172, 0.0008640289306640625, 0.047080039978027344, 0.002418994903564453, 0.0008780956268310547, 0.21372365951538086, 0.10632753372192383, 0.0024690628051757812, 0.05372357368469238, 0.13479971885681152, 0.0023882389068603516, 0.0009059906005859375, 0.0008833408355712891, 0.0023741722106933594, 0.0009284019470214844, 0.0009291172027587891, 0.002424955368041992, 0.03231048583984375], "grow-time": [0, 4.996842622756958, 1.1702754497528076, 0.08050084114074707, 3.4385855197906494, 5.6706016063690186, 1.9031972885131836, 3.2432680130004883, 0.5861210823059082, 27.629352807998657, 0.3023509979248047, 0.1879105567932129, 0, 11.581803560256958, 10.92728853225708, 9.347557544708252, 0, 2.4546775817871094, 24.21624755859375, 17.425720930099487, 17.57541036605835, 15.484405040740967, 7.38512921333313, 19.59460425376892, 0.6735169887542725, 15.36647629737854, 7.487760066986084, 4.01236367225647, 0.9932935237884521, 0, 0, 0, 8.095507144927979, 11.85867691040039, 0.38077211380004883, 0.13182902336120605, 3.688525915145874, 0, 0, 2.9363420009613037, 0, 0, 1.3726873397827148, 3.757890224456787, 6.586827754974365, 1.993224859237671, 0.22160053253173828, 0, 0, 0, 2.733583450317383, 0, 1.9131660461425781, 6.005404233932495, 0, 1.794579029083252, 4.519711256027222, 0, 3.736544132232666, 22.189903736114502, 0, 0, 0.9488170146942139, 0, 0, 0.5796456336975098, 9.160452842712402, 0, 0, 5.823155641555786, 0, 0, 12.17689299583435, 4.910636901855469, 0, 3.016714572906494, 5.894245862960815, 0, 0, 0, 0, 0, 0, 0, 2.8397037982940674], "#expl": 83, "expl_seq": [{"constraints": [1690], "derived": [-14, -11]}, {"constraints": [1696], "derived": [22]}, {"constraints": [153, 22], "derived": [-24, -23, -21, -25]}, {"constraints": [22, 151], "derived": [-7, -12, -2, -17]}, {"constraints": [1691, 182], "derived": [-128]}, {"constraints": [178, 1687], "derived": [-86]}, {"constraints": [1688, 153], "derived": [-6]}, {"constraints": [1694, 159], "derived": [-67]}, {"constraints": [-17, -12, -7, 1693, -2, 159], "derived": [-74]}, {"constraints": [179, -74, 22], "derived": [-84]}, {"constraints": [175, -17, -12, -7, 1693, -2], "derived": [-108]}, {"constraints": [177, -108, 22], "derived": [-48]}, {"constraints": [1696, 163, 180], "derived": [-80, -95, -100]}, {"constraints": [177, 167, 1695], "derived": [-103, -125]}, {"constraints": [1688, 163, 180], "derived": [-97, -57]}, {"constraints": [155, 1694, -57], "derived": [-34]}, {"constraints": [1696, 153, 175], "derived": [-104, -119, -124]}, {"constraints": [155, 1693, 182], "derived": [-143]}, {"constraints": [151, 1689, 175], "derived": [-102, -117]}, {"constraints": [1696, 155, 182], "derived": [-149]}, {"constraints": [177, -102, 157, 1694], "derived": [-42]}, {"constraints": [-119, 153, 177, 1694], "derived": [-19]}, {"constraints": [177, 153, -124, 1694], "derived": [-20]}, {"constraints": [177, -103, 157, 1694], "derived": [-43]}, {"constraints": [161, 1692, 181, -67], "derived": [-134]}, {"constraints": [-134, 1694, 183], "derived": [44]}, {"constraints": [155, 44],