{"config": {"preseeding": true, "sat-polarity": true, "sat-polarity-initial": true, "postpone_opt": true, "postpone_opt_incr": false, "postpone_opt_greedy": true, "grow": true, "grow_sat": false, "grow_subset_maximal": false, "grow_maxsat": true, "maxsat_polarities": true, "grow_maxsat_full_pos": false, "grow_maxsat_full_inv": false, "grow_maxsat_full_unif": false, "grow_maxsat_initial_pos": false, "grow_maxsat_initial_inv": false, "grow_maxsat_initial_unif": true, "grow_maxsat_actual_pos": false, "grow_maxsat_actual_unif": false, "grow_maxsat_actual_inv": false, "timeout": 7200, "instance": "p13", "output": "/data/brussel/101/vsc10143/OUSResults/experiment4/2021011308/20210113081933869990.json"}, "results": {"HS": [0, 15, 2, 3, 2, 2, 2, 1, 1, 34, 1, 1, 1, 10, 10, 32, 10, 30, 1, 53, 42], "HS_greedy": [0, 45, 279, 313, 413, 386, 307, 0, 0, 300, 0, 0, 0, 408, 410, 319, 315, 384, 0, 296, 283], "HS_incr": [0, 0, 0, 0, 0, 0, 0, 0, 0, 0, 0, 0, 0, 0, 0, 0, 0, 0, 0, 0, 0], "HS-opt-time": [0, 0.24802899360656738, 0.5979373455047607, 1.617652416229248, 2.713735580444336, 7.6309263706207275, 12.380399942398071, 7.363155126571655, 8.164054155349731, 368.6054940223694, 6.5427234172821045, 13.734169006347656, 6.559902906417847, 143.35840129852295, 224.6197395324707, 789.7039358615875, 275.1098427772522, 809.844094991684, 29.68905782699585, 1711.911477804184, 1698.8417265415192], "HS-postpone-time": [0, 0.03946280479431152, 1.1970367431640625, 1.493455410003662, 2.666276693344116, 2.261794090270996, 1.3816518783569336, 0, 0, 1.2967824935913086, 0, 0, 0, 2.4430956840515137, 2.4089081287384033, 1.3937175273895264, 1.3835673332214355, 2.055323600769043, 0, 1.2050385475158691, 1.1373202800750732], "SAT-time": [0.3073539733886719, 0.5047268867492676, 2.9806196689605713, 3.424462080001831, 4.6775453090667725, 4.4044029712677, 3.487990140914917, 0.0013957023620605469, 0.0032262802124023438, 3.4295568466186523, 0.0031740665435791016, 0.0014519691467285156, 0.0031685829162597656, 4.784925937652588, 4.6889660358428955, 3.627706527709961, 3.751879930496216, 4.550228118896484, 0.001508474349975586, 3.6489877700805664, 4.0249342918396], "grow-time": [4.970456123352051, 8.546767234802246, 49.429563999176025, 57.41503047943115, 83.46308851242065, 77.26777148246765, 59.90109658241272, 0, 0, 62.71282911300659, 0, 0, 0, 88.30196857452393, 90.74542236328125, 70.2120110988617, 68.7591941356659, 83.41253876686096, 0, 61.17486214637756, 57.43307900428772], "#expl": 19, "expl_seq": [{"constraints": [42702], "derived": [-41023, -41026]}, {"constraints": [42708], "derived": [41034]}, {"constraints": [41034, 41165], "derived": [-41037, -41036, -41035, -41033]}, {"constraints": [41034, 41163], "derived": [-41024, -41014, -41029, -41019]}, {"constraints": [42699, 41190], "derived": [-41098]}, {"constraints": [42706, 41171], "derived": [-41079]}, {"constraints": [42700, 41165], "derived": [-41018]}, {"constraints": [41194, 42703], "derived": [-41140]}, {"constraints": [-41024, 41187, -41019, -41014, 42705, -41029], "derived": [-41120]}, {"constraints": [-41120, 41034, 41189], "derived": [-41060]}, {"constraints": [-41024, -41019, -41014, 42705, 41171, -41029], "derived": [-41086]}, {"constraints": [41034, 41191, -41086], "derived": [-41096]}, {"constraints": [41179, 42708, 41189], "derived": [-41136, -41116, -41131]}, {"constraints": [42708, 41165, 41190], "derived": [-41112, -41092, -41107]}, {"constraints": [41194, 42708, 41167], "derived": [-41161]}, {"constraints": [42707, 41165, 41187], "derived": [-41115, -41137]}, {"constraints": [41192, 42700, 41175], "derived": [-41109, -41069]}, {"constraints": [42706, -41069, 41167], "derived": [-41046]}, {"constraints": [42705, 41171, 41193], "derived": [-41155]}], "OUS-time": [0, 9.462739706039429, 54.96058464050293, 64.82519245147705, 94.70195627212524, 92.67945599555969, 78.03586411476135, 7.366105556488037, 8.169158458709717, 436.9169805049896, 6.548667669296265, 13.736623764038086, 6.565678596496582, 240.08824801445007, 323.64211916923523, 865.8705470561981, 349.9365429878235, 900.9793808460236, 29.694140434265137, 1778.804573059082, 0], "timeout": true}}