{"config": {"preseeding": false, "sat-polarity": true, "sat-polarity-initial": false, "postpone_opt": true, "postpone_opt_incr": false, "postpone_opt_greedy": true, "grow": true, "grow_sat": false, "grow_subset_maximal": false, "grow_maxsat": true, "maxsat_polarities": true, "grow_maxsat_full_pos": false, "grow_maxsat_full_inv": false, "grow_maxsat_full_unif": false, "grow_maxsat_initial_pos": false, "grow_maxsat_initial_inv": false, "grow_maxsat_initial_unif": true, "grow_maxsat_actual_pos": false, "grow_maxsat_actual_unif": false, "grow_maxsat_actual_inv": false, "timeout": 7200, "instance": "p13", "output": "/data/brussel/101/vsc10143/OUSResults/experiment4/2021011308/20210113081933868729.json"}, "results": {"HS": [0, 20, 2, 1, 5, 1, 1, 1, 2, 52, 1, 1, 1, 31, 9, 19, 17, 37, 12, 1, 95, 48], "HS_greedy": [0, 52, 392, 0, 285, 0, 0, 0, 336, 467, 0, 0, 0, 389, 288, 342, 336, 385, 250, 0, 393, 308], "HS_incr": [0, 0, 0, 0, 0, 0, 0, 0, 0, 0, 0, 0, 0, 0, 0, 0, 0, 0, 0, 0, 0, 0], "HS-opt-time": [0, 0.5610020160675049, 1.0415785312652588, 0.5871052742004395, 4.180962085723877, 2.2528510093688965, 2.0406241416931152, 2.4604551792144775, 5.702080726623535, 398.8797335624695, 4.092381000518799, 7.683797121047974, 4.18489408493042, 406.2345161437988, 149.28575992584229, 287.8961441516876, 323.62882018089294, 850.1985538005829, 314.5758419036865, 24.515366554260254, 2424.002976179123, 1273.7354805469513], "HS-postpone-time": [0, 0.050405263900756836, 2.3110570907592773, 0, 1.1921534538269043, 0, 0, 0, 1.5794742107391357, 3.2503654956817627, 0, 0, 0, 2.158999443054199, 1.1421668529510498, 1.5758087635040283, 1.527566909790039, 2.0195369720458984, 0.8573412895202637, 0, 2.1315953731536865, 1.2773675918579102], "SAT-time": [0, 0.14386701583862305, 1.1115243434906006, 0.002034425735473633, 0.8047690391540527, 0.0023102760314941406, 0.0011751651763916016, 0.0020987987518310547, 1.0253825187683105, 1.4861643314361572, 0.0022389888763427734, 0.0008521080017089844, 0.002325296401977539, 1.242783784866333, 0.91937255859375, 1.1180334091186523, 1.1168227195739746, 1.2713263034820557, 0.8653867244720459, 0.0009539127349853516, 1.3426225185394287, 1.062326192855835], "grow-time": [0, 6.839158773422241, 49.48434257507324, 0, 35.55829906463623, 0, 0, 0, 46.48402714729309, 76.31307744979858, 0, 0, 0, 63.44955492019653, 40.87007403373718, 56.342888593673706, 56.34972167015076, 66.99006485939026, 34.594101905822754, 0, 59.91395330429077, 60.742249965667725], "#expl": 20, "expl_seq": [{"constraints": [1690], "derived": [-14, -11]}, {"constraints": [1696], "derived": [22]}, {"constraints": [153, 22], "derived": [-24, -23, -21, -25]}, {"constraints": [22, 151], "derived": [-7, -12, -2, -17]}, {"constraints": [1691, 182], "derived": [-128]}, {"constraints": [178, 1687], "derived": [-86]}, {"constraints": [1688, 153], "derived": [-6]}, {"constraints": [1694, 159], "derived": [-67]}, {"constraints": [-17, 178, -12, -7, 1693, -2], "derived": [-84]}, {"constraints": [180, -84, 22], "derived": [-74]}, {"constraints": [175, -17, -12, -7, 1693, -2], "derived": [-108]}, {"constraints": [177, -108, 22], "derived": [-48]}, {"constraints": [1696, 163, 180], "derived": [-80, -95, -100]}, {"constraints": [1696, 153, 175], "derived": [-104, -119, -124]}, {"constraints": [177, 167, 1695], "derived": [-103, -125]}, {"constraints": [151, 1689, 175], "derived": [-102, -117]}, {"constraints": [155, 1693, 182], "derived": [-143]}, {"constraints": [1688, 163, 180], "derived": [-97, -57]}, {"constraints": [155, 1694, -57], "derived": [-34]}, {"constraints": [1696, 155, 182], "derived": [-149]}], "OUS-time": [0, 7.666360378265381, 54.474374771118164, 0.5902915000915527, 42.11567974090576, 2.25612211227417, 2.0431437492370605, 2.463815927505493, 55.23432374000549, 480.5579078197479, 4.096862077713013, 7.68560266494751, 4.189328670501709, 473.6101005077362, 192.61015033721924, 347.3913085460663, 383.06660509109497, 920.9899427890778, 351.21790862083435, 24.519471406936646, 2487.8997406959534, 0], "timeout": true}}