{"config": {"preseeding": false, "sat-polarity": true, "sat-polarity-initial": false, "postpone_opt": true, "postpone_opt_incr": true, "postpone_opt_greedy": false, "grow": true, "grow_sat": false, "grow_subset_maximal": false, "grow_maxsat": true, "maxsat_polarities": true, "grow_maxsat_full_pos": false, "grow_maxsat_full_inv": false, "grow_maxsat_full_unif": true, "grow_maxsat_initial_pos": false, "grow_maxsat_initial_inv": false, "grow_maxsat_initial_unif": false, "grow_maxsat_actual_pos": false, "grow_maxsat_actual_unif": false, "grow_maxsat_actual_inv": false, "timeout": 7200, "instance": "p13", "output": "/data/brussel/101/vsc10143/OUSResults/experiment4/2021011308/20210113081933868889.json"}, "results": {"HS": [0, 40, 31, 2, 24, 218], "HS_greedy": [0, 0, 0, 0, 0, 0], "HS_incr": [0, 1584, 1155, 1, 1090, 3759], "HS-opt-time": [0, 58.40856862068176, 294.961865901947, 25.61042022705078, 232.46065855026245, 4608.797255039215], "HS-postpone-time": [0, 0.12051987648010254, 0.08666539192199707, 7.772445678710938e-05, 0.08286690711975098, 0.29366588592529297], "SAT-time": [0, 6.656935214996338, 4.807350397109985, 0.00470733642578125, 4.418800592422485, 18.78801727294922], "grow-time": [0, 202.44982624053955, 147.34706211090088, 0.10775971412658691, 141.33999371528625, 1433.0470967292786], "#expl": 4, "expl_seq": [{"constraints": [11943], "derived": [-10264, -10267]}, {"constraints": [11949], "derived": [10275]}, {"constraints": [10275, 10406], "derived": [-10278, -10277, -10276, -10274]}, {"constraints": [10275, 10404], "derived": [-10255, -10270, -10260, -10265]}], "OUS-time": [0, 270.4467806816101, 449.2179455757141, 25.725506067276, 380.16850876808167, 0], "timeout": true}}