{"config": {"preseeding": true, "sat-polarity": true, "sat-polarity-initial": false, "postpone_opt": true, "postpone_opt_incr": false, "postpone_opt_greedy": true, "grow": true, "grow_sat": false, "grow_subset_maximal": false, "grow_maxsat": true, "maxsat_polarities": true, "grow_maxsat_full_pos": false, "grow_maxsat_full_inv": false, "grow_maxsat_full_unif": false, "grow_maxsat_initial_pos": false, "grow_maxsat_initial_inv": false, "grow_maxsat_initial_unif": false, "grow_maxsat_actual_pos": true, "grow_maxsat_actual_unif": false, "grow_maxsat_actual_inv": false, "timeout": 7200, "instance": "p13", "output": "/data/brussel/101/vsc10143/OUSResults/experiment4/2021011308/20210113081933869858.json"}, "results": {"HS": [0, 1, 2, 2, 1, 1], "HS_greedy": [0, 0, 498, 264, 0, 0], "HS_incr": [0, 0, 0, 0, 0, 0], "HS-opt-time": [0, 0.0036399364471435547, 1.9862747192382812, 5.254362106323242, 4.0661444664001465, 6.472184181213379], "HS-postpone-time": [0, 0, 3.9508347511291504, 1.1648375988006592, 0, 0], "SAT-time": [0.2557032108306885, 6.580352783203125e-05, 5.8055033683776855, 4.588618993759155, 0.001588582992553711, 0.014836788177490234], "grow-time": [5.072575569152832, 0, 5150.07777428627, 1949.133725643158, 0, 0], "#expl": 4, "expl_seq": [{"constraints": [52955], "derived": [-51279, -51276]}, {"constraints": [52961], "derived": [51287]}, {"constraints": [51416, 51287], "derived": [-51272, -51277, -51267, -51282]}, {"constraints": [51418, 51287], "derived": [-51288, -51286, -51290, -51289]}], "OUS-time": [0, 0.0046808719635009766, 5163.169154882431, 1961.0098383426666, 4.068767309188843, 0], "timeout": true}}