{"config": {"preseeding": false, "sat-polarity": true, "sat-polarity-initial": false, "postpone_opt": true, "postpone_opt_incr": true, "postpone_opt_greedy": false, "grow": true, "grow_sat": false, "grow_subset_maximal": false, "grow_maxsat": true, "maxsat_polarities": true, "grow_maxsat_full_pos": false, "grow_maxsat_full_inv": false, "grow_maxsat_full_unif": false, "grow_maxsat_initial_pos": true, "grow_maxsat_initial_inv": false, "grow_maxsat_initial_unif": false, "grow_maxsat_actual_pos": false, "grow_maxsat_actual_unif": false, "grow_maxsat_actual_inv": false, "timeout": 7200, "instance": "p13", "output": "/data/brussel/101/vsc10143/OUSResults/experiment4/2021011308/20210113081933868990.json"}, "results": {"HS": [0, 16, 1, 1, 2, 10, 1, 3, 2, 14, 2, 1, 1, 11, 7, 14, 8, 19, 16, 25, 19, 1, 38, 1, 1, 2, 1, 1, 1, 62, 9, 3, 3, 2, 13, 52, 2, 3, 1, 1, 3, 1, 1, 1, 1, 1, 1, 1, 1, 1, 1, 1, 1, 3], "HS_greedy": [0, 0, 0, 0, 0, 0, 0, 0, 0, 0, 0, 0, 0, 0, 0, 0, 0, 0, 0, 0, 0, 0, 0, 0, 0, 0, 0, 0, 0, 0, 0, 0, 0, 0, 0, 0, 0, 0, 0, 0, 0, 0, 0, 0, 0, 0, 0, 0, 0, 0, 0, 0, 0, 0], "HS_incr": [0, 236, 0, 0, 1, 122, 0, 25, 17, 270, 18, 0, 0, 147, 88, 135, 48, 175, 122, 121, 94, 0, 120, 0, 0, 15, 0, 0, 0, 511, 143, 12, 20, 17, 125, 194, 11, 29, 0, 0, 9, 0, 0, 0, 0, 0, 0, 0, 0, 0, 0, 0, 0, 23], "HS-opt-time": [0, 1.6403071880340576, 0.6554172039031982, 0.21451568603515625, 0.3606910705566406, 9.23827838897705, 1.92832350730896, 4.5184831619262695, 2.416964292526245, 56.51389026641846, 3.6262190341949463, 4.824319362640381, 1.7341597080230713, 99.31127285957336, 63.41806721687317, 149.50579524040222, 89.32423853874207, 277.2635164260864, 284.4761161804199, 412.36996245384216, 444.85298681259155, 22.405500888824463, 959.0865552425385, 10.249209880828857, 4.920922040939331, 8.975375175476074, 4.272557735443115, 4.350623607635498, 4.610732078552246, 1414.2340941429138, 181.09686660766602, 62.70680260658264, 49.686582803726196, 33.759963274002075, 277.9428243637085, 1044.240335226059, 21.53952169418335, 20.689200401306152, 17.577871322631836, 11.041568756103516, 59.33644080162048, 9.027510404586792, 13.248562097549438, 10.74190878868103, 9.447552680969238, 9.690315008163452, 8.84269118309021, 15.452131986618042, 8.896970748901367, 15.30221152305603, 9.166917085647583, 8.819759130477905, 18.063956022262573, 19.22495937347412], "HS-postpone-time": [0, 0.009683847427368164, 0, 0, 4.839897155761719e-05, 0.005497932434082031, 0, 0.0010805130004882812, 0.0007777214050292969, 0.013437986373901367, 0.0008394718170166016, 0, 0, 0.007147073745727539, 0.004082918167114258, 0.006321907043457031, 0.0023174285888671875, 0.008719921112060547, 0.0058634281158447266, 0.005841970443725586, 0.004937887191772461, 0, 0.006476163864135742, 0, 0, 0.0007646083831787109, 0, 0, 0, 0.027865886688232422, 0.008616209030151367, 0.0006365776062011719, 0.0010323524475097656, 0.0009274482727050781, 0.0068171024322509766, 0.010284662246704102, 0.0005445480346679688, 0.0014503002166748047, 0, 0, 0.0004410743713378906, 0, 0, 0, 0, 0, 0, 0, 0, 0, 0, 0, 0, 0.0011484622955322266], "SAT-time": [0, 0.497967004776001, 0.0005769729614257812, 0.0005528926849365234, 0.004306793212890625, 0.2699244022369385, 0.0018770694732666016, 0.05481886863708496, 0.03809523582458496, 0.6395933628082275, 0.0450892448425293, 0.0007679462432861328, 0.002009868621826172, 0.35369205474853516, 0.22336220741271973, 0.3471639156341553, 0.12888407707214355, 0.45328426361083984, 0.3214132785797119, 0.32642626762390137, 0.3036775588989258, 0.0027396678924560547, 0.4129316806793213, 0.0009665489196777344, 0.0028676986694335938, 0.05334639549255371, 0.001032114028930664, 0.0028450489044189453, 0.0010395050048828125, 1.7884149551391602, 0.4923062324523926, 0.04413104057312012, 0.06876540184020996, 0.060863494873046875, 0.443450927734375, 0.6788914203643799, 0.04112410545349121, 0.10442566871643066, 0.0010237693786621094, 0.0029382705688476562, 0.032816171646118164, 0.0010769367218017578, 0.0029799938201904297, 0.0010612010955810547, 0.0010478496551513672, 0.002949237823486328, 0.001066446304321289, 0.0010786056518554688, 0.002833127975463867, 0.0010805130004882812, 0.0011925697326660156, 0.002869129180908203, 0.0010461807250976562, 0.08916139602661133], "grow-time": [0, 46.39581871032715, 0, 0, 0.24910211563110352, 33.93874526023865, 0, 4.106621026992798, 5.853433609008789, 77.60157871246338, 4.187758445739746, 0, 0, 45.85902810096741, 16.99302625656128, 47.39019322395325, 6.211498022079468, 61.64090442657471, 37.70515847206116, 99.00656819343567, 40.171541929244995, 0, 25.96774172782898, 0, 0, 3.5669283866882324, 0, 0, 0, 117.5317451953888, 38.41776514053345, 7.996462345123291, 8.429911613464355, 6.930925130844116, 48.49421763420105, 70.41163516044617, 3.107785940170288, 6.525845050811768, 0, 0, 8.672330617904663, 0, 0, 0, 0, 0, 0, 0, 0, 0, 0, 0, 0, 8.58831000328064], "#expl": 52, "expl_seq": [{"constraints": [1690], "derived": [-14, -11]}, {"constraints": [1696], "derived": [22]}, {"constraints": [22, 151], "derived": [-7, -12, -2, -17]}, {"constraints": [153, 22], "derived": [-24, -23, -21, -25]}, {"constraints": [178, 1687], "derived": [-86]}, {"constraints": [1694, 159], "derived": [-67]}, {"constraints": [1691, 182], "derived": [-128]}, {"constraints": [1688, 153], "derived": [-6]}, {"constraints": [-17, -12, -7, 1693, -2, 159], "derived": [-74]}, {"constraints": [179, -74, 22], "derived": [-84]}, {"constraints": [175, -17, -12, -7, 1693, -2], "derived": [-108]}, {"constraints": [177, -108, 22], "derived": [-48]}, {"constraints": [1696, 153, 175], "derived": [-104, -119, -124]}, {"constraints": [1696, 153, 178], "derived": [-80, -95, -100]}, {"constraints": [177, 167, 1695], "derived": [-103, -125]}, {"constraints": [176, 1689, 155], "derived": [-102, -117]}, {"constraints": [1696, 181, 159], "derived": [-149]}, {"constraints": [1688, 153, 178], "derived": [-97]}, {"constraints": [181, 1693, 159], "derived": [-143]}, {"constraints": [1688, 153, 159], "derived": [-57]}, {"constraints": [155, 1694, -57], "derived": [-34]}, {"constraints": [1695, 177, -108, 167], "derived": [-105]}, {"constraints": [170, -105, -104, -103, -102], "derived": [101]}, {"constraints": [101, 167], "derived": [-111, -116, -106, -121]}, {"constraints": [101, -11, 175], "derived": [-36]}, {"constraints": [184, 101, -80], "derived": [-146]}, {"constraints": [-6, 101, 175], "derived": [-31]}, {"constraints": [-21, 101, 175], "derived": [-46]}, {"constraints": [177, 157, 1694, -105], "derived": [-45]}, {"constraints": [-119, 153, 177, 1694], "derived": [-19]}, {"constraints": [176, 1694, 101, 157], "derived": [-43, -42]}, {"constraints": [-149, 174, -146, -45, -43, 182, -42], "derived": [-70]}, {"constraints": [-124, -121, 177, -45, -43, -42, 158], "derived": [-20]}, {"constraints": [161, 1692, 181, -67], "derived": [-134]}, {"constraints": [-134, 1694, 183], "derived": [44]}, {"constraints": [155, 44], "derived": [-39, -29, -49]}, {"constraints": [44, 157], "derived": [-41]}, {"constraints": [175, 44, -17], "derived": [-109]}, {"constraints": [176, 101, -41], "derived": [-16]}, {"constraints": [-21, -16, -11, 152, -6], "derived": [1]}, {"constraints": [1, 153], "derived": [-5, -4, -3]}, {"constraints": [1, 177, -105], "derived": [-30]}, {"constraints": [-80, 1, 180], "derived": [-55]}, {"constraints": [1, -102, 177], "derived": [-27]}, {"constraints": [176, 1, 101], "derived": [26]}, {"constraints": [26, 157], "derived": [-28]}, {"constraints": [-24, -19, -14, 152, -4], "derived": [9]}, {"constraints": [9, 153], "derived": [-8, -10]}, {"constraints": [9, 179, -57], "derived": [-92]}, {"constraints": [9, 177, -117], "derived": [-32]}, {"constraints": [9, -95, 180], "derived": [-60]}, {"constraints": [-124, 168, -119, -109, -104], "derived": [114]}],