{"config": {"preseeding": false, "sat-polarity": true, "sat-polarity-initial": true, "postpone_opt": true, "postpone_opt_incr": true, "postpone_opt_greedy": false, "grow": true, "grow_sat": false, "grow_subset_maximal": false, "grow_maxsat": true, "maxsat_polarities": true, "grow_maxsat_full_pos": false, "grow_maxsat_full_inv": false, "grow_maxsat_full_unif": false, "grow_maxsat_initial_pos": false, "grow_maxsat_initial_inv": false, "grow_maxsat_initial_unif": false, "grow_maxsat_actual_pos": false, "grow_maxsat_actual_unif": true, "grow_maxsat_actual_inv": false, "timeout": 7200, "instance": "p13", "output": "/data/brussel/101/vsc10143/OUSResults/experiment4/2021011308/20210113081933869121.json"}, "results": {"HS": [0, 13, 1, 3, 3, 6, 5, 1, 2, 16, 2, 2, 1, 4, 8, 4, 17, 1, 2, 5, 4, 4, 16, 3, 3, 1, 10, 1, 2, 1, 3, 1, 1, 5, 4, 1, 1, 2, 1, 1, 1, 1, 4, 1, 1, 1, 1, 1, 1, 1, 1, 1, 1, 1, 1, 2, 2, 5, 1, 1, 1, 1, 3, 1, 2, 1, 1, 1, 1, 1, 3, 3, 2, 1, 3, 2, 3, 1, 2, 1, 1, 1, 8, 2, 2, 1, 1, 1, 5, 2, 1, 1, 1, 2, 1, 4, 2, 1, 2, 1, 3, 1, 2, 1, 1, 4, 4, 2, 1, 2, 2, 1, 3, 1, 1, 1, 1], "HS_greedy": [0, 0, 0, 0, 0, 0, 0, 0, 0, 0, 0, 0, 0, 0, 0, 0, 0, 0, 0, 0, 0, 0, 0, 0, 0, 0, 0, 0, 0, 0, 0, 0, 0, 0, 0, 0, 0, 0, 0, 0, 0, 0, 0, 0, 0, 0, 0, 0, 0, 0, 0, 0, 0, 0, 0, 0, 0, 0, 0, 0, 0, 0, 0, 0, 0, 0, 0, 0, 0, 0, 0, 0, 0, 0, 0, 0, 0, 0, 0, 0, 0, 0, 0, 0, 0, 0, 0, 0, 0, 0, 0, 0, 0, 0, 0, 0, 0, 0, 0, 0, 0, 0, 0, 0, 0, 0, 0, 0, 0, 0, 0, 0, 0, 0, 0, 0, 0], "HS_incr": [0, 216, 0, 31, 34, 97, 88, 0, 4, 280, 12, 18, 0, 102, 64, 26, 190, 0, 10, 37, 38, 27, 137, 14, 32, 0, 83, 0, 15, 0, 23, 0, 0, 20, 31, 0, 0, 2, 0, 0, 0, 0, 19, 0, 0, 0, 0, 0, 0, 0, 0, 0, 0, 0, 0, 5, 1, 40, 0, 0, 0, 0, 8, 0, 5, 0, 0, 0, 0, 0, 5, 15, 11, 0, 6, 5, 3, 0, 3, 0, 0, 0, 41, 4, 8, 0, 0, 0, 20, 6, 0, 0, 0, 4, 0, 6, 6, 0, 2, 0, 7, 0, 2, 0, 0, 20, 10, 1, 0, 5, 2, 0, 6, 0, 0, 0, 0], "HS-opt-time": [0, 1.2746806144714355, 0.32088184356689453, 0.5797867774963379, 0.5495905876159668, 5.255779027938843, 11.853472709655762, 3.828536033630371, 6.554380416870117, 60.578338384628296, 4.408406019210815, 10.446983814239502, 2.5212364196777344, 40.871883153915405, 94.70996904373169, 43.910752058029175, 204.4660189151764, 17.11661982536316, 23.78840446472168, 75.9303286075592, 70.70878434181213, 58.288471937179565, 301.97420954704285, 47.950650453567505, 50.189587354660034, 14.961798667907715, 161.18409061431885, 7.276276350021362, 10.191008567810059, 7.939254522323608, 15.390279769897461, 5.562750339508057, 7.505523920059204, 43.033982038497925, 19.959630489349365, 9.413638353347778, 9.467504978179932, 18.001213550567627, 9.960090637207031, 8.012747049331665, 7.734894514083862, 8.111419677734375, 21.199284315109253, 8.685746669769287, 6.871480464935303, 11.031963586807251, 10.142515897750854, 9.544162511825562, 5.948357582092285, 6.347693681716919, 6.483946800231934, 10.870009660720825, 5.902995824813843, 6.265357255935669, 5.033525705337524, 15.156939029693604, 10.144707202911377, 24.185421466827393, 5.588001251220703, 5.338928937911987, 6.62687611579895, 5.3630547523498535, 21.38038921356201, 5.135430812835693, 9.4835844039917, 5.344572067260742, 5.1501171588897705, 5.309370040893555, 5.579326152801514, 5.493361711502075, 19.680777549743652, 14.220665693283081, 9.546499967575073, 4.718332767486572, 16.058770656585693, 9.696075916290283, 14.989044189453125, 5.206561803817749, 10.080328464508057, 4.7270567417144775, 5.0831298828125, 5.0880796909332275, 53.882362604141235, 9.537686109542847, 9.499536991119385, 4.899079084396362, 5.578722715377808, 5.103404998779297, 25.367510557174683, 10.555291414260864, 5.4280900955200195, 5.400349378585815, 4.871026515960693, 10.140112161636353, 4.79958963394165, 25.542534828186035, 9.947496175765991, 5.4869225025177, 12.854852437973022, 5.027525186538696, 15.106395244598389, 5.040367603302002, 9.840455055236816, 4.580191373825073, 4.567530632019043, 19.256468296051025, 18.922096014022827, 9.85610032081604, 4.975285291671753, 9.764238834381104, 9.975864171981812, 4.89180850982666, 14.070369005203247, 4.723879098892212, 4.602010488510132, 4.57366943359375, 4.606966018676758], "HS-postpone-time": [0, 0.011319398880004883, 0, 0.0017023086547851562, 0.0019135475158691406, 0.00525975227355957, 0.005318164825439453, 0, 0.0001862049102783203, 0.016017675399780273, 0.0006990432739257812, 0.001085519790649414, 0, 0.0069348812103271484, 0.0037560462951660156, 0.0014433860778808594, 0.011300325393676758, 0, 0.0005316734313964844, 0.0020253658294677734, 0.002226114273071289, 0.0014920234680175781, 0.00814962387084961, 0.0008380413055419922, 0.0018124580383300781, 0, 0.004812479019165039, 0, 0.0007450580596923828, 0, 0.0011949539184570312, 0, 0, 0.0010266304016113281, 0.0014958381652832031, 0, 0, 8.726119995117188e-05, 0, 0, 0, 0, 0.0009143352508544922, 0, 0, 0, 0, 0, 0, 0, 0, 0, 0, 0, 0, 0.00019812583923339844, 3.7670135498046875e-05, 0.0018515586853027344, 0, 0, 0, 0, 0.00033283233642578125, 0, 0.00021719932556152344, 0, 0, 0, 0, 0, 0.00019359588623046875, 0.0005991458892822266, 0.00045990943908691406, 0, 0.0002541542053222656, 0.0001990795135498047, 9.870529174804688e-05, 0, 0.00011777877807617188, 0, 0, 0, 0.0017170906066894531, 0.0001583099365234375, 0.0003268718719482422, 0, 0, 0, 0.0007903575897216797, 0.00022912025451660156, 0, 0, 0, 0.00016045570373535156, 0, 0.0002276897430419922, 0.00021648406982421875, 0, 6.961822509765625e-05, 0, 0.00025343894958496094, 0, 6.4849853515625e-05, 0, 0, 0.0007796287536621094, 0.0003364086151123047, 3.123283386230469e-05, 0, 0.00015854835510253906, 6.079673767089844e-05, 0, 0.00019621849060058594, 0, 0, 0, 0],