{"config": {"preseeding": false, "sat-polarity": true, "sat-polarity-initial": true, "postpone_opt": true, "postpone_opt_incr": true, "postpone_opt_greedy": false, "grow": true, "grow_sat": false, "grow_subset_maximal": false, "grow_maxsat": true, "maxsat_polarities": true, "grow_maxsat_full_pos": false, "grow_maxsat_full_inv": false, "grow_maxsat_full_unif": false, "grow_maxsat_initial_pos": false, "grow_maxsat_initial_inv": false, "grow_maxsat_initial_unif": true, "grow_maxsat_actual_pos": false, "grow_maxsat_actual_unif": false, "grow_maxsat_actual_inv": false, "timeout": 7200, "instance": "p13", "output": "/data/brussel/101/vsc10143/OUSResults/experiment4/2021011308/20210113081933869103.json"}, "results": {"HS": [0, 13, 1, 3, 4, 7, 4, 1, 2, 23, 1, 2, 1, 14, 2, 3, 7, 8, 31, 6, 5, 3, 13, 9, 3, 22, 9, 1, 1, 1, 1, 1, 1, 51, 1, 1, 17, 1, 4, 2, 1, 6, 1, 2, 1, 1, 1, 1, 3, 1, 1, 1, 1, 1, 1, 1, 1, 1, 1, 1, 1, 1, 4, 1, 1, 5, 2, 1, 1, 2, 1, 1, 1, 2, 2, 2, 1, 1, 1, 1, 3, 1, 2, 1, 2, 1, 1, 1, 2, 2, 2, 1, 1, 1, 1, 1, 2, 15, 3, 1, 2, 1, 2, 4, 1, 1, 2, 1, 1, 1, 1, 1, 5, 1, 1, 1, 1, 1, 2, 1, 1], "HS_greedy": [0, 0, 0, 0, 0, 0, 0, 0, 0, 0, 0, 0, 0, 0, 0, 0, 0, 0, 0, 0, 0, 0, 0, 0, 0, 0, 0, 0, 0, 0, 0, 0, 0, 0, 0, 0, 0, 0, 0, 0, 0, 0, 0, 0, 0, 0, 0, 0, 0, 0, 0, 0, 0, 0, 0, 0, 0, 0, 0, 0, 0, 0, 0, 0, 0, 0, 0, 0, 0, 0, 0, 0, 0, 0, 0, 0, 0, 0, 0, 0, 0, 0, 0, 0, 0, 0, 0, 0, 0, 0, 0, 0, 0, 0, 0, 0, 0, 0, 0, 0, 0, 0, 0, 0, 0, 0, 0, 0, 0, 0, 0, 0, 0, 0, 0, 0, 0, 0, 0, 0, 0], "HS_incr": [0, 216, 0, 32, 53, 106, 49, 0, 27, 500, 0, 18, 0, 263, 1, 46, 75, 77, 269, 40, 59, 45, 114, 19, 48, 100, 160, 0, 0, 0, 0, 0, 0, 376, 0, 0, 130, 0, 54, 7, 0, 36, 0, 14, 0, 0, 0, 0, 17, 0, 0, 0, 0, 0, 0, 0, 0, 0, 0, 0, 0, 0, 31, 0, 0, 7, 19, 0, 0, 1, 0, 0, 0, 14, 14, 5, 0, 0, 0, 0, 17, 0, 8, 0, 16, 0, 0, 0, 17, 13, 33, 0, 0, 0, 0, 0, 8, 278, 23, 0, 13, 0, 6, 22, 0, 0, 13, 0, 0, 0, 0, 0, 52, 0, 0, 0, 0, 0, 15, 0, 0], "HS-opt-time": [0, 1.202307939529419, 0.28871583938598633, 0.5280842781066895, 0.7635378837585449, 9.15032148361206, 11.164425134658813, 3.1233561038970947, 5.679570436477661, 147.97467279434204, 2.8624765872955322, 16.659322261810303, 5.367962837219238, 208.53584003448486, 27.907596111297607, 43.39469337463379, 117.8392117023468, 131.8464868068695, 629.9151349067688, 160.6899836063385, 132.16699147224426, 68.71792650222778, 311.85316252708435, 207.46892642974854, 79.61266922950745, 464.43263840675354, 210.25172090530396, 8.424535036087036, 6.339849233627319, 5.8853254318237305, 5.803969144821167, 5.597541332244873, 5.758035182952881, 1099.6458218097687, 25.19416308403015, 22.848649978637695, 483.1357548236847, 9.991827964782715, 45.618083477020264, 15.872636556625366, 20.95979070663452, 173.2576858997345, 9.487890005111694, 17.040117025375366, 12.641350746154785, 30.501472234725952, 11.237925291061401, 28.742298364639282, 38.5074999332428, 10.848573684692383, 10.490298986434937, 10.440480709075928, 10.449823141098022, 11.490833044052124, 23.947601556777954, 8.21588921546936, 22.502119064331055, 9.838395118713379, 11.348443508148193, 9.743436574935913, 9.374615907669067, 10.953304767608643, 31.864944458007812, 13.00195050239563, 9.724396228790283, 71.53132724761963, 16.271958112716675, 12.074239492416382, 10.303311586380005, 27.970714807510376, 9.660568237304688, 9.304226160049438, 14.630477666854858, 17.44277024269104, 19.976134300231934, 17.372905254364014, 9.418673276901245, 9.480493307113647, 9.68487548828125, 9.325065612792969, 24.69179654121399, 9.267011165618896, 17.39501404762268, 9.86040186882019, 16.420222282409668, 11.845381736755371, 9.005744934082031, 9.437982559204102, 16.95723295211792, 22.035523891448975, 16.523107051849365, 8.68520474433899, 8.476375579833984, 7.635444164276123, 7.628710985183716, 7.594180583953857, 15.631348371505737, 151.5801146030426, 22.082093477249146, 8.668095350265503, 16.368517875671387, 8.383181810379028, 17.315879106521606, 33.3638813495636, 7.741109371185303, 7.803289175033569, 19.78918719291687, 8.341805696487427, 7.62409234046936, 7.717990398406982, 8.868671178817749, 10.641357421875, 38.600223541259766, 7.467395305633545, 13.10570478439331, 8.272263526916504, 7.090429782867432, 7.122098922729492, 14.850779294967651, 7.014743089675903, 6.995799541473389], "HS-postpone-time": [0, 0.010955333709716797, 0, 0.0018510818481445312, 0.002964496612548828, 0.0058596134185791016, 0.0026383399963378906, 0, 0.0014424324035644531, 0.029309749603271484, 0, 0.0009424686431884766, 0, 0.016931533813476562, 5.53131103515625e-05, 0.0026679039001464844, 0.0041196346282958984, 0.004226207733154297, 0.015610694885253906, 0.002223968505859375, 0.0032291412353515625, 0.002573251724243164, 0.006608486175537109, 0.0010590553283691406, 0.0029027462005615234, 0.0057299137115478516, 0.009596586227416992, 0, 0, 0, 0, 0, 0, 0.022467851638793945, 0, 0, 0.00746464729309082, 0, 0.0028488636016845703, 0.0003402233123779297, 0, 0.0019137859344482422, 0, 0.0007488727569580078, 0, 0, 0, 0, 0.0008749961853027344, 0, 0, 0, 0, 0, 0, 0, 0, 0, 0, 0, 0, 0, 0.001543283462524414, 0, 0, 0.00033354759216308594, 0.0009305477142333984, 0, 0, 4.6253204345703125e-05, 0, 0, 0, 0.0006806850433349609, 0.0006496906280517578, 0.00019502639770507812, 0, 0, 0, 0, 0.0008006095886230469, 0, 0.00032401084899902344, 0, 0.0007331371307373047, 0, 0, 0, 0.0007791519165039062, 0.0005183219909667969, 0.0016248226165771484, 0, 0, 0, 0, 0, 0.00029969215393066406, 0.013563394546508789, 0.001055002212524414, 0, 0.0006291866302490234, 0, 0.0002372264862060547, 0.0009200572967529297, 0, 0, 0.0005466938018798828, 0, 0, 0, 0, 0, 0.002164125442504883, 0, 0, 0, 0, 0, 0.0006489753723144531, 0, 0],