{"config": {"preseeding": false, "sat-polarity": true, "sat-polarity-initial": false, "postpone_opt": false, "postpone_opt_incr": false, "postpone_opt_greedy": false, "grow": true, "grow_sat": false, "grow_subset_maximal": false, "grow_maxsat": true, "maxsat_polarities": true, "grow_maxsat_full_pos": false, "grow_maxsat_full_inv": false, "grow_maxsat_full_unif": false, "grow_maxsat_initial_pos": false, "grow_maxsat_initial_inv": false, "grow_maxsat_initial_unif": true, "grow_maxsat_actual_pos": false, "grow_maxsat_actual_unif": false, "grow_maxsat_actual_inv": false, "timeout": 7200, "instance": "p16", "output": "/data/brussel/101/vsc10143/OUSResults/experiment4/2021011320/20210113202141250041.json"}, "results": {"HS": [0, 69, 3, 11, 1, 3, 16, 3, 20, 6, 5, 3, 1, 8, 3, 2, 3, 56, 7, 4, 3, 28, 19, 1, 1, 3, 5, 1, 3, 2, 2, 1, 1, 22, 47, 2, 138, 1, 1, 13, 14, 17, 76, 1, 3, 2, 17, 2, 3, 1, 1, 4, 6, 1, 1, 2, 1, 5, 7, 1, 1, 1, 44, 44, 16, 1, 1, 1, 10, 1, 1, 1, 35, 7, 1, 1, 2, 16, 29, 17, 1, 6, 1, 34, 1, 1, 1, 71, 21, 1, 1, 4, 1, 1, 1, 86, 4, 36, 12, 1, 3, 17, 5, 11, 1, 1, 1, 1, 23, 9, 20, 1, 25, 1, 1, 1, 2, 1, 1, 1], "HS_greedy": [0, 0, 0, 0, 0, 0, 0, 0, 0, 0, 0, 0, 0, 0, 0, 0, 0, 0, 0, 0, 0, 0, 0, 0, 0, 0, 0, 0, 0, 0, 0, 0, 0, 0, 0, 0, 0, 0, 0, 0, 0, 0, 0, 0, 0, 0, 0, 0, 0, 0, 0, 0, 0, 0, 0, 0, 0, 0, 0, 0, 0, 0, 0, 0, 0, 0, 0, 0, 0, 0, 0, 0, 0, 0, 0, 0, 0, 0, 0, 0, 0, 0, 0, 0, 0, 0, 0, 0, 0, 0, 0, 0, 0, 0, 0, 0, 0, 0, 0, 0, 0, 0, 0, 0, 0, 0, 0, 0, 0, 0, 0, 0, 0, 0, 0, 0, 0, 0, 0, 0], "HS_incr": [0, 0, 0, 0, 0, 0, 0, 0, 0, 0, 0, 0, 0, 0, 0, 0, 0, 0, 0, 0, 0, 0, 0, 0, 0, 0, 0, 0, 0, 0, 0, 0, 0, 0, 0, 0, 0, 0, 0, 0, 0, 0, 0, 0, 0, 0, 0, 0, 0, 0, 0, 0, 0, 0, 0, 0, 0, 0, 0, 0, 0, 0, 0, 0, 0, 0, 0, 0, 0, 0, 0, 0, 0, 0, 0, 0, 0, 0, 0, 0, 0, 0, 0, 0, 0, 0, 0, 0, 0, 0, 0, 0, 0, 0, 0, 0, 0, 0, 0, 0, 0, 0, 0, 0, 0, 0, 0, 0, 0, 0, 0, 0, 0, 0, 0, 0, 0, 0, 0, 0], "HS-opt-time": [0, 1.1645331382751465, 0.07798385620117188, 0.28213977813720703, 0.0944061279296875, 0.12256217002868652, 0.6200976371765137, 0.26183319091796875, 7.275086879730225, 3.5259666442871094, 2.974472999572754, 1.3810515403747559, 0.8487536907196045, 0.476665735244751, 0.23661422729492188, 0.24901151657104492, 0.2224433422088623, 26.0342538356781, 4.408461809158325, 0.47996044158935547, 0.8440217971801758, 4.4728171825408936, 3.050017833709717, 0.23707270622253418, 0.23109984397888184, 0.6781558990478516, 0.9602518081665039, 0.20159554481506348, 0.6034877300262451, 0.38391876220703125, 0.5073356628417969, 0.22074127197265625, 0.21026349067687988, 16.200176239013672, 36.32595348358154, 0.5929114818572998, 141.94603276252747, 0.692328929901123, 0.6867759227752686, 5.699472427368164, 24.00331974029541, 8.805310010910034, 56.66362142562866, 0.7861828804016113, 2.310427665710449, 1.4492461681365967, 18.5279598236084, 1.610163927078247, 2.212883710861206, 0.7106325626373291, 0.8303303718566895, 2.5642127990722656, 3.5839383602142334, 0.8479428291320801, 0.8531725406646729, 1.6708674430847168, 0.819185733795166, 3.5619096755981445, 4.709329605102539, 0.7070765495300293, 0.8200864791870117, 0.7789866924285889, 118.24175310134888, 44.34593677520752, 14.566797018051147, 0.9259383678436279, 1.0117676258087158, 0.9487910270690918, 8.647133827209473, 0.868241548538208, 0.8740231990814209, 1.1015136241912842, 36.03503632545471, 6.875155687332153, 0.9879226684570312, 1.02244234085083, 1.8544113636016846, 41.41343307495117, 30.097532510757446, 17.07944393157959, 1.004150629043579, 8.051046133041382, 0.9152781963348389, 38.44981551170349, 0.9831528663635254, 1.2587335109710693, 1.545431137084961, 163.7866599559784, 26.07526969909668, 0.9531033039093018, 1.0845766067504883, 4.3579936027526855, 0.9602193832397461, 1.2660703659057617, 1.0173931121826172, 203.71950364112854, 5.390664577484131, 54.86663365364075, 17.52320384979248, 1.5779774188995361, 4.837780952453613, 25.900633335113525, 7.927217483520508, 17.853166341781616, 1.8090064525604248, 1.2698452472686768, 1.5269145965576172, 1.183521032333374, 40.861080169677734, 13.348921298980713, 30.951979637145996, 1.458482027053833, 38.583709955215454, 1.6935844421386719, 1.68532395362854, 1.6509602069854736, 2.6906635761260986, 1.6014039516448975, 1.6097378730773926, 1.1353263854980469], "HS-postpone-time": [0, 0, 0, 0, 0, 0, 0, 0, 0, 0, 0, 0, 0, 0, 0, 0, 0, 0, 0, 0, 0, 0, 0, 0, 0, 0, 0, 0, 0, 0, 0, 0, 0, 0, 0, 0, 0, 0, 0, 0, 0, 0, 0, 0, 0, 0, 0, 0, 0, 0, 0, 0, 0, 0, 0, 0, 0, 0, 0, 0, 0, 0, 0, 0, 0, 0, 0, 0, 0, 0, 0, 0, 0, 0, 0, 0, 0, 0, 0, 0, 0, 0, 0, 0, 0, 0, 0, 0, 0, 0, 0, 0, 0, 0, 0, 0, 0, 0, 0, 0, 0, 0, 0, 0, 0, 0, 0, 0, 0, 0, 0, 0, 0, 0, 0, 0, 0, 0, 0, 0], "SAT-time": [0, 0.12681055068969727, 0.004252433776855469, 0.02069568634033203, 0.0005288124084472656, 0.0057659149169921875, 0.030609846115112305, 0.005462646484375, 0.03901958465576172, 0.011086463928222656, 0.010413169860839844, 0.005692481994628906, 0.0007243156433105469, 0.01565694808959961, 0.004677295684814453, 0.003633260726928711, 0.0046749114990234375, 0.11531591415405273, 0.012661218643188477, 0.008203983306884766, 0.0049817562103271484, 0.0580751895904541, 0.036783695220947266, 0.0017037391662597656, 0.0006406307220458984, 0.005846738815307617, 0.00909733772277832, 0.001697540283203125, 0.005129575729370117, 0.0036954879760742188, 0.002766132354736328, 0.0017189979553222656, 0.0006177425384521484, 0.0453948974609375, 0.09920310974121094, 0.0037779808044433594, 0.2893788814544678, 0.0017442703247070312, 0.0006537437438964844, 0.02703547477722168, 0.02840280532836914, 0.035004615783691406, 0.15892744064331055, 0.0006020069122314453, 0.005869150161743164, 0.0027594566345214844, 0.03456282615661621, 0.0038988590240478516, 0.0048503875732421875, 0.001695394515991211, 0.0006401538848876953, 0.00806736946105957, 0.011101722717285156, 0.0017142295837402344, 0.0006208419799804688, 0.0029144287109375, 0.0017566680908203125, 0.009090900421142578, 0.014237642288208008, 0.0006208419799804688, 0.0016820430755615234, 0.0006196498870849609, 0.0892791748046875, 0.09149980545043945, 0.032082557678222656, 0.0016596317291259766, 0.0006303787231445312, 0.0017108917236328125, 0.0199277400970459, 0.0016968250274658203, 0.0006029605865478516, 0.0016841888427734375, 0.07262587547302246, 0.014560937881469727, 0.000614166259765625, 0.0017075538635253906, 0.002982616424560547, 0.03361392021179199, 0.05957150459289551, 0.03507661819458008, 0.0006842613220214844, 0.012546062469482422, 0.0006265640258789062, 0.07287979125976562, 0.0006506443023681641, 0.001739501953125, 0.0007038116455078125, 0.1619553565979004, 0.044617652893066406, 0.0017430782318115234, 0.000652313232421875, 0.00810861587524414, 0.0006339550018310547, 0.0017440319061279297, 0.0006361007690429688, 0.20162558555603027, 0.0073282718658447266, 0.08024024963378906, 0.02506399154663086, 0.0017199516296386719, 0.005072832107543945, 0.037627458572387695, 0.00927591323852539, 0.022713184356689453, 0.001753091812133789, 0.0006449222564697266, 0.0006704330444335938, 0.0017743110656738281, 0.04839920997619629, 0.01922321319580078, 0.04423260688781738, 0.0017604827880859375, 0.05492091178894043, 0.0017762184143066406, 0.0006673336029052734, 0.0017642974853515625, 0.002987384796142578, 0.0017938613891601562, 0.0006811618804931641, 0.0018284320831298828],