{"config": {"preseeding": false, "sat-polarity": true, "sat-polarity-initial": false, "postpone_opt": true, "postpone_opt_incr": true, "postpone_opt_greedy": false, "grow": true, "grow_sat": false, "grow_subset_maximal": false, "grow_maxsat": true, "maxsat_polarities": true, "grow_maxsat_full_pos": false, "grow_maxsat_full_inv": false, "grow_maxsat_full_unif": false, "grow_maxsat_initial_pos": false, "grow_maxsat_initial_inv": false, "grow_maxsat_initial_unif": true, "grow_maxsat_actual_pos": false, "grow_maxsat_actual_unif": false, "grow_maxsat_actual_inv": false, "timeout": 7200, "instance": "p16", "output": "/data/brussel/101/vsc10143/OUSResults/experiment4/2021011320/20210113202141250601.json"}, "results": {"HS": [0, 12, 2, 5, 1, 3, 4, 2, 5, 7, 2, 1, 2, 6, 1, 2, 1, 11, 2, 2, 3, 8, 5, 1, 1, 1, 1, 4, 1, 1, 1, 1, 2, 2, 18, 1, 23, 1, 1, 1, 1, 5, 4, 1, 1, 2, 2, 1, 2, 1, 1, 1, 2, 1, 1, 1, 1, 1, 1, 1, 3, 5, 1, 2, 3, 1, 1, 1, 1, 1, 2, 1, 1, 1, 2, 2, 3, 3, 1, 4, 2, 2, 1, 2, 1, 2, 3, 1, 2, 2, 2, 1, 1, 8, 3, 4, 1, 2, 1, 1, 1, 1, 1, 2, 1, 1, 2, 2, 2, 1, 3, 3, 2, 2, 1, 1, 1, 1], "HS_greedy": [0, 0, 0, 0, 0, 0, 0, 0, 0, 0, 0, 0, 0, 0, 0, 0, 0, 0, 0, 0, 0, 0, 0, 0, 0, 0, 0, 0, 0, 0, 0, 0, 0, 0, 0, 0, 0, 0, 0, 0, 0, 0, 0, 0, 0, 0, 0, 0, 0, 0, 0, 0, 0, 0, 0, 0, 0, 0, 0, 0, 0, 0, 0, 0, 0, 0, 0, 0, 0, 0, 0, 0, 0, 0, 0, 0, 0, 0, 0, 0, 0, 0, 0, 0, 0, 0, 0, 0, 0, 0, 0, 0, 0, 0, 0, 0, 0, 0, 0, 0, 0, 0, 0, 0, 0, 0, 0, 0, 0, 0, 0, 0, 0, 0, 0, 0, 0, 0], "HS_incr": [0, 186, 18, 74, 0, 32, 48, 16, 54, 35, 16, 0, 7, 52, 0, 14, 0, 160, 15, 10, 21, 95, 44, 0, 0, 0, 0, 28, 0, 0, 0, 0, 3, 18, 141, 0, 181, 0, 0, 0, 0, 58, 25, 0, 0, 12, 3, 0, 20, 0, 0, 0, 14, 0, 0, 0, 0, 0, 0, 0, 23, 43, 0, 8, 20, 0, 0, 0, 0, 0, 7, 0, 0, 0, 6, 29, 10, 32, 0, 15, 15, 4, 0, 5, 0, 33, 12, 0, 15, 5, 5, 0, 0, 187, 13, 35, 0, 8, 0, 0, 0, 0, 0, 3, 0, 0, 26, 9, 18, 0, 15, 15, 8, 3, 0, 0, 0, 0], "HS-opt-time": [0, 1.254779577255249, 0.2931864261627197, 0.7150874137878418, 0.48825693130493164, 0.6718828678131104, 1.2799654006958008, 1.0901515483856201, 4.044105768203735, 10.999635219573975, 3.8403429985046387, 1.8359601497650146, 3.6569788455963135, 3.3677780628204346, 0.6891536712646484, 1.3908133506774902, 0.7553961277008057, 34.73769021034241, 9.885160207748413, 7.785825252532959, 3.5330405235290527, 18.483293056488037, 9.972289323806763, 2.028639078140259, 2.067328929901123, 2.0854480266571045, 1.9294664859771729, 7.998809337615967, 2.12164568901062, 2.0798561573028564, 2.1472785472869873, 2.1699886322021484, 3.7590157985687256, 3.9439218044281006, 75.24526739120483, 2.207169771194458, 107.8026864528656, 2.8594493865966797, 3.750382661819458, 6.529476881027222, 5.277049779891968, 12.87302541732788, 10.311648845672607, 3.1819286346435547, 2.911268711090088, 6.110737323760986, 7.297618627548218, 2.7510385513305664, 5.771008014678955, 2.790233850479126, 2.892458438873291, 2.9556663036346436, 4.996954441070557, 2.8963429927825928, 3.373490571975708, 2.693303108215332, 3.165113925933838, 2.592212438583374, 2.5711190700531006, 3.7263317108154297, 13.419230461120605, 13.85348129272461, 2.6645030975341797, 5.743468523025513, 8.655755758285522, 2.7845232486724854, 2.81809139251709, 2.8191046714782715, 2.7385120391845703, 2.548290729522705, 5.345074653625488, 2.5782501697540283, 3.0250234603881836, 3.291269540786743, 6.809252023696899, 9.221351385116577, 8.045361042022705, 7.923106670379639, 2.680839776992798, 11.475772142410278, 5.577637195587158, 6.307574987411499, 2.9662084579467773, 5.5118091106414795, 3.3921449184417725, 6.698959589004517, 7.6987080574035645, 3.3595645427703857, 6.381807804107666, 6.146892309188843, 6.669830799102783, 2.7640066146850586, 3.2779700756073, 30.378966093063354, 9.633328437805176, 13.216333150863647, 3.377323627471924, 6.333065032958984, 3.1523120403289795, 3.194915533065796, 3.2729129791259766, 3.076678991317749, 2.9991819858551025, 5.515772104263306, 2.7470643520355225, 2.788534164428711, 6.097524642944336, 6.3346898555755615, 6.066340923309326, 3.0416033267974854, 8.504610300064087, 9.546753644943237, 6.168808460235596, 5.25488805770874, 2.8478477001190186, 2.7136683464050293, 2.6942620277404785, 2.638010263442993], "HS-postpone-time": [0, 0.008321285247802734, 0.0008318424224853516, 0.0032117366790771484, 0, 0.0014913082122802734, 0.002171039581298828, 0.000789642333984375, 0.002463817596435547, 0.0015954971313476562, 0.0007808208465576172, 0, 0.0003082752227783203, 0.0025305747985839844, 0, 0.0006346702575683594, 0, 0.007934808731079102, 0.0007190704345703125, 0.0005352497100830078, 0.0009043216705322266, 0.004674673080444336, 0.0019927024841308594, 0, 0, 0, 0, 0.0012722015380859375, 0, 0, 0, 0, 0.00010561943054199219, 0.0008485317230224609, 0.006741523742675781, 0, 0.009131431579589844, 0, 0, 0, 0, 0.002779722213745117, 0.0010983943939208984, 0, 0, 0.0005581378936767578, 0.0001327991485595703, 0, 0.0009272098541259766, 0, 0, 0, 0.0006167888641357422, 0, 0, 0, 0, 0, 0, 0, 0.0010128021240234375, 0.0018820762634277344, 0, 0.0003590583801269531, 0.0008029937744140625, 0, 0, 0, 0, 0, 0.00025534629821777344, 0, 0, 0, 0.00020956993103027344, 0.0014917850494384766, 0.00039458274841308594, 0.0013971328735351562, 0, 0.0006642341613769531, 0.0006513595581054688, 0.00012803077697753906, 0, 0.00016951560974121094, 0, 0.0015969276428222656, 0.0005033016204833984, 0, 0.0006396770477294922, 0.00016641616821289062, 0.00017642974853515625, 0, 0, 0.008208274841308594, 0.0004703998565673828, 0.0012502670288085938, 0, 0.0002524852752685547, 0, 0, 0, 0, 0, 9.250640869140625e-05, 0, 0, 0.0012006759643554688, 0.0003077983856201172, 0.0007138252258300781, 0, 0.0005326271057128906, 0.0005502700805664062, 0.00024509429931640625, 8.082389831542969e-05, 0, 0, 0, 0],