{"config": {"preseeding": true, "sat-polarity": true, "sat-polarity-initial": false, "postpone_opt": true, "postpone_opt_incr": true, "postpone_opt_greedy": false, "grow": true, "grow_sat": false, "grow_subset_maximal": false, "grow_maxsat": true, "maxsat_polarities": true, "grow_maxsat_full_pos": false, "grow_maxsat_full_inv": false, "grow_maxsat_full_unif": false, "grow_maxsat_initial_pos": false, "grow_maxsat_initial_inv": false, "grow_maxsat_initial_unif": true, "grow_maxsat_actual_pos": false, "grow_maxsat_actual_unif": false, "grow_maxsat_actual_inv": false, "timeout": 7200, "instance": "p16", "output": "/data/brussel/101/vsc10143/OUSResults/experiment4/2021011320/20210113202141251684.json"}, "results": {"HS": [0, 9, 5, 2, 3, 3, 3, 2, 5, 2, 2, 2, 3, 5, 1, 2, 2, 11, 2, 6, 2, 12, 3, 1, 1, 1, 1, 1, 2, 1, 2, 1, 2, 7, 1, 24, 1, 1, 1, 5, 4, 6, 1, 1, 1, 6, 1, 2, 1, 1, 1, 1, 1, 1, 1, 1, 1, 3, 2, 3, 7, 1, 1, 1, 2, 1, 4, 2, 1, 1, 2, 1, 3, 1, 1, 3, 3, 1, 1, 2, 4, 3, 1, 2, 3, 2, 1, 1, 8, 1, 3, 1, 1, 1, 1, 1, 5, 1, 2, 1, 1, 4, 1, 1, 3, 3, 2, 1, 1, 1, 2, 1, 1], "HS_greedy": [0, 0, 0, 0, 0, 0, 0, 0, 0, 0, 0, 0, 0, 0, 0, 0, 0, 0, 0, 0, 0, 0, 0, 0, 0, 0, 0, 0, 0, 0, 0, 0, 0, 0, 0, 0, 0, 0, 0, 0, 0, 0, 0, 0, 0, 0, 0, 0, 0, 0, 0, 0, 0, 0, 0, 0, 0, 0, 0, 0, 0, 0, 0, 0, 0, 0, 0, 0, 0, 0, 0, 0, 0, 0, 0, 0, 0, 0, 0, 0, 0, 0, 0, 0, 0, 0, 0, 0, 0, 0, 0, 0, 0, 0, 0, 0, 0, 0, 0, 0, 0, 0, 0, 0, 0, 0, 0, 0, 0, 0, 0, 0, 0], "HS_incr": [0, 102, 17, 25, 31, 33, 36, 18, 65, 12, 10, 16, 26, 46, 0, 11, 16, 116, 6, 84, 17, 122, 25, 0, 0, 0, 0, 0, 9, 0, 6, 0, 15, 71, 0, 214, 0, 0, 0, 44, 45, 54, 0, 0, 0, 42, 0, 11, 0, 0, 0, 0, 0, 0, 0, 0, 0, 14, 3, 39, 48, 0, 0, 0, 3, 0, 14, 1, 0, 0, 4, 0, 22, 0, 0, 18, 9, 0, 0, 4, 62, 17, 0, 8, 10, 5, 0, 0, 167, 0, 18, 0, 0, 0, 0, 0, 24, 0, 6, 0, 0, 68, 0, 0, 30, 13, 4, 0, 0, 0, 2, 0, 0], "HS-opt-time": [0, 0.5384852886199951, 0.42059326171875, 0.20528101921081543, 0.647679328918457, 0.3289797306060791, 0.47460484504699707, 0.7698073387145996, 4.038532257080078, 2.7181286811828613, 3.3853814601898193, 2.5497658252716064, 3.707944631576538, 1.9404940605163574, 0.4591653347015381, 0.9519319534301758, 1.1348786354064941, 22.788318634033203, 3.182194232940674, 13.532650709152222, 2.2011938095092773, 21.799565076828003, 4.5881757736206055, 1.7221906185150146, 1.7419977188110352, 1.7093777656555176, 1.7849013805389404, 1.772596836090088, 3.355691432952881, 1.7664265632629395, 3.5315372943878174, 1.7347187995910645, 3.3097751140594482, 29.279294729232788, 1.9769458770751953, 102.2700035572052, 2.3414411544799805, 2.261568307876587, 2.1615467071533203, 24.962412118911743, 8.74330186843872, 14.335785150527954, 2.7305381298065186, 2.8861260414123535, 2.9181411266326904, 22.304671049118042, 2.9727039337158203, 5.618775844573975, 2.856458902359009, 2.7634897232055664, 2.883985757827759, 2.6984453201293945, 2.6084461212158203, 2.6319873332977295, 2.7428975105285645, 2.4791388511657715, 3.0769295692443848, 8.057072639465332, 6.68730092048645, 14.626329898834229, 19.20631456375122, 2.892900228500366, 2.8658385276794434, 3.0375325679779053, 5.56286883354187, 2.837036371231079, 11.792579650878906, 5.62137508392334, 2.878262996673584, 2.8637688159942627, 6.139459848403931, 4.896051406860352, 8.176501274108887, 2.7259960174560547, 2.6659042835235596, 10.667389392852783, 8.169738292694092, 2.9112534523010254, 2.8819825649261475, 6.2000412940979, 19.773451328277588, 8.268091440200806, 2.692819356918335, 5.253917455673218, 7.8605194091796875, 5.4341161251068115, 2.639183759689331, 2.7287654876708984, 35.03896188735962, 2.9501168727874756, 8.98205018043518, 3.198394536972046, 3.2280144691467285, 3.1221840381622314, 2.862213134765625, 2.7532846927642822, 14.350374460220337, 2.7406036853790283, 5.611272096633911, 2.686375617980957, 2.764798641204834, 11.444952964782715, 2.8586061000823975, 2.8469722270965576, 8.71683144569397, 8.849969148635864, 6.000809192657471, 3.003896474838257, 2.7425899505615234, 2.5197019577026367, 5.464370965957642, 2.695737600326538, 2.786393642425537], "HS-postpone-time": [0, 0.004667043685913086, 0.0008020401000976562, 0.0011425018310546875, 0.0015163421630859375, 0.0015347003936767578, 0.0017940998077392578, 0.0009396076202392578, 0.0032567977905273438, 0.0005555152893066406, 0.0005061626434326172, 0.0007579326629638672, 0.0013813972473144531, 0.0021283626556396484, 0, 0.0004811286926269531, 0.0006871223449707031, 0.006037473678588867, 0.0003094673156738281, 0.0039882659912109375, 0.0007855892181396484, 0.00602412223815918, 0.0011563301086425781, 0, 0, 0, 0, 0, 0.0003409385681152344, 0, 0.0002856254577636719, 0, 0.0007214546203613281, 0.003423452377319336, 0, 0.010834693908691406, 0, 0, 0, 0.002048492431640625, 0.0021467208862304688, 0.0025513172149658203, 0, 0, 0, 0.0020246505737304688, 0, 0.000484466552734375, 0, 0, 0, 0, 0, 0, 0, 0, 0, 0.0005648136138916016, 9.942054748535156e-05, 0.0017132759094238281, 0.001990795135498047, 0, 0, 0, 9.393692016601562e-05, 0, 0.0005238056182861328, 2.7179718017578125e-05, 0, 0, 0.0001304149627685547, 0, 0.0008764266967773438, 0, 0, 0.000736236572265625, 0.0003407001495361328, 0, 0, 0.00012373924255371094, 0.0026705265045166016, 0.0006759166717529297, 0, 0.0003077983856201172, 0.00034999847412109375, 0.0001475811004638672, 0, 0, 0.007071971893310547, 0, 0.0005974769592285156, 0, 0, 0, 0, 0, 0.000789642333984375, 0, 0.00021266937255859375, 0, 0, 0.002729654312133789, 0, 0, 0.0011014938354492188, 0.00041961669921875, 0.00011181831359863281, 0, 0, 0, 6.604194641113281e-05, 0, 0], "SAT-time": [0.2375631332397461, 0.8020353317260742, 0.12582874298095703, 0.18791437149047852, 0.23333358764648438, 0.25266599655151367, 0.27523159980773926, 0.13269329071044922, 0.5176811218261719, 0.0887913703918457, 0.07314610481262207, 0.12232351303100586, 0.20749306678771973, 0.37895750999450684, 0.0010776519775390625, 0.08136677742004395, 0.12304019927978516, 0.9662783145904541, 0.0420684814453125, 0.703361988067627, 0.13534259796142578, 1.0473580360412598, 0.20725059509277344, 0.0023965835571289062, 0.001081228256225586, 0.002409219741821289, 0.0011115074157714844, 0.002386808395385742, 0.06858348846435547, 0.0024361610412597656, 0.04356694221496582, 0.0024080276489257812, 0.11817812919616699, 0.5981645584106445, 0.0010578632354736328, 1.8384954929351807, 0.001142740249633789, 0.0025017261505126953, 0.0010883808135986328, 0.3660259246826172, 0.37377476692199707, 0.46455860137939453, 0.0010993480682373047, 0.0024688243865966797, 0.0011222362518310547, 0.3550229072570801, 0.0010998249053955078, 0.0874624252319336, 0.0010519027709960938, 0.002465963363647461, 0.0011379718780517578, 0.002417325973510742, 0.0011353492736816406, 0.002508878707885742, 0.0011255741119384766, 0.0023756027221679688, 0.0011093616485595703, 0.11691474914550781, 0.021681785583496094, 0.3354015350341797, 0.42061758041381836, 0.0024416446685791016, 0.0011074542999267578, 0.0024871826171875, 0.022453784942626953, 0.0024170875549316406, 0.11498856544494629, 0.009498834609985352, 0.001119375228881836, 0.002467632293701172, 0.029750585556030273, 0.0025179386138916016, 0.18215203285217285, 0.0024521350860595703, 0.0011074542999267578, 0.15064311027526855, 0.07146525382995605, 0.0026068687438964844, 0.0011124610900878906, 0.03086113929748535, 0.5445435047149658, 0.1447007656097412, 0.0010945796966552734, 0.06396126747131348, 0.07877707481384277, 0.038381338119506836, 0.00109100341796875, 0.0024857521057128906, 1.5009737014770508, 0.0025222301483154297, 0.1509082317352295, 0.002507925033569336, 0.001132965087890625, 0.002523183822631836, 0.00110626220703125, 0.002534627914428711, 0.20151615142822266, 0.002463102340698242, 0.04607439041137695, 0.002506732940673828, 0.0011134147644042969, 0.5928347110748291, 0.0011005401611328125, 0.0025131702423095703, 0.25714874267578125, 0.10745739936828613, 0.029895782470703125, 0.0025191307067871094, 0.001177072525024414, 0.0025162696838378906, 0.014510631561279297, 0.0025064945220947266, 0.001131296157836914],