{"config": {"preseeding": false, "sat-polarity": true, "sat-polarity-initial": true, "postpone_opt": true, "postpone_opt_incr": false, "postpone_opt_greedy": true, "grow": true, "grow_sat": false, "grow_subset_maximal": false, "grow_maxsat": true, "maxsat_polarities": true, "grow_maxsat_full_pos": false, "grow_maxsat_full_inv": false, "grow_maxsat_full_unif": false, "grow_maxsat_initial_pos": false, "grow_maxsat_initial_inv": true, "grow_maxsat_initial_unif": false, "grow_maxsat_actual_pos": false, "grow_maxsat_actual_unif": false, "grow_maxsat_actual_inv": false, "timeout": 7200, "instance": "p16", "output": "/data/brussel/101/vsc10143/OUSResults/experiment4/2021011320/20210113202141250408.json"}, "results": {"HS": [0, 2, 3, 6, 1, 1, 2, 1, 3, 1, 1, 4, 1, 1, 2, 1, 2, 17, 9, 1, 2, 2, 1, 11, 26, 1, 1, 2, 1, 1, 1, 1, 1, 2, 34, 80, 1, 1, 1, 3, 39, 8, 1, 2, 1, 7, 1, 1, 1, 11, 1, 12, 5, 1, 5, 1, 1, 1], "HS_greedy": [0, 369, 339, 468, 0, 0, 395, 0, 422, 0, 0, 382, 0, 0, 200, 0, 232, 352, 250, 0, 254, 221, 0, 284, 258, 0, 0, 300, 0, 0, 0, 0, 0, 256, 257, 304, 0, 0, 0, 141, 244, 183, 0, 170, 0, 174, 0, 0, 0, 165, 0, 172, 171, 0, 158, 0, 0, 31], "HS_incr": [0, 0, 0, 0, 0, 0, 0, 0, 0, 0, 0, 0, 0, 0, 0, 0, 0, 0, 0, 0, 0, 0, 0, 0, 0, 0, 0, 0, 0, 0, 0, 0, 0, 0, 0, 0, 0, 0, 0, 0, 0, 0, 0, 0, 0, 0, 0, 0, 0, 0, 0, 0, 0, 0, 0, 0, 0, 0], "HS-opt-time": [0, 0.47943997383117676, 1.361583948135376, 8.300187110900879, 2.410299777984619, 1.7750849723815918, 4.461494445800781, 2.725245952606201, 18.521646738052368, 8.349241018295288, 9.499865770339966, 21.60204005241394, 6.177173376083374, 6.1373610496521, 20.760072231292725, 11.998563051223755, 13.520165920257568, 213.17179703712463, 112.83818244934082, 10.409343719482422, 31.60293674468994, 18.405816316604614, 10.250540256500244, 99.7157096862793, 257.05340933799744, 10.353637218475342, 10.130573272705078, 20.39561700820923, 10.742821455001831, 10.760650634765625, 10.726928949356079, 10.58129334449768, 10.4240140914917, 20.587257862091064, 531.4010031223297, 1266.5991995334625, 13.857125759124756, 13.712723970413208, 13.538574934005737, 47.14234137535095, 488.5997714996338, 106.78052139282227, 13.72588586807251, 26.352562427520752, 12.12670111656189, 107.03819465637207, 14.12297773361206, 13.736956596374512, 14.189886808395386, 125.22291612625122, 11.472591400146484, 134.5784683227539, 57.78445911407471, 11.715915441513062, 54.891308307647705, 10.262763261795044, 10.217734813690186, 13.441923379898071], "HS-postpone-time": [0, 2.195765495300293, 1.795844554901123, 3.5123379230499268, 0, 0, 2.333435297012329, 0, 2.6238625049591064, 0, 0, 2.11171555519104, 0, 0, 0.550443172454834, 0, 0.7429955005645752, 1.6484827995300293, 0.8422892093658447, 0, 0.8494167327880859, 0.6595773696899414, 0, 1.0570652484893799, 0.8561372756958008, 0, 0, 1.1238024234771729, 0, 0, 0, 0, 0, 0.8027572631835938, 0.7875666618347168, 1.091867446899414, 0, 0, 0, 0.23735857009887695, 0.6824460029602051, 0.3914754390716553, 0, 0.3381192684173584, 0, 0.3455219268798828, 0, 0, 0, 0.2993793487548828, 0, 0.3257873058319092, 0.3256721496582031, 0, 0.2670609951019287, 0, 0, 0.013580799102783203], "SAT-time": [0, 1.4531607627868652, 1.310920000076294, 1.8001625537872314, 0.0007658004760742188, 0.002096891403198242, 1.6155188083648682, 0.0022249221801757812, 1.6886181831359863, 0.0024042129516601562, 0.0011894702911376953, 1.6229565143585205, 0.0007977485656738281, 0.002202272415161133, 0.8541789054870605, 0.0023131370544433594, 0.9952778816223145, 1.5040981769561768, 1.0611045360565186, 0.0022640228271484375, 1.1115820407867432, 0.9648702144622803, 0.0008571147918701172, 1.2415499687194824, 1.1107139587402344, 0.0024139881134033203, 0.0008668899536132812, 1.332531452178955, 0.0008599758148193359, 0.0023670196533203125, 0.0008709430694580078, 0.0024008750915527344, 0.0008742809295654297, 1.1304192543029785, 1.1408262252807617, 1.3550631999969482, 0.0009005069732666016, 0.0024042129516601562, 0.0009362697601318359, 0.6238937377929688, 1.0899429321289062, 0.7998545169830322, 0.0008554458618164062, 0.7378127574920654, 0.0009064674377441406, 0.7599871158599854, 0.0009591579437255859, 0.0009088516235351562, 0.0024716854095458984, 0.7264225482940674, 0.0024535655975341797, 0.758326530456543, 0.7390697002410889, 0.0025167465209960938, 0.6967341899871826, 0.002437591552734375, 0.0009655952453613281, 0.14316940307617188], "grow-time": [0, 51.65966820716858, 52.5453405380249, 106.6259286403656, 0, 0, 81.27814269065857, 0, 130.5914170742035, 0, 0, 75.87290453910828, 0, 0, 47.381022453308105, 0, 66.94091844558716, 209.534441947937, 67.68786811828613, 0, 85.76658463478088, 74.45085000991821, 0, 125.64978742599487, 81.41107177734375, 0, 0, 156.09979677200317, 0, 0, 0, 0, 0, 118.17257905006409, 201.40232253074646, 178.32687211036682, 0, 0, 0, 108.41327738761902, 162.91736817359924, 71.83134293556213, 0, 96.60150194168091, 0, 88.00806760787964, 0, 0, 0, 78.59895777702332, 0, 64.24535942077637, 183.98102355003357, 0, 179.069002866745, 0, 0, 23.272876262664795], "#expl": 56, "expl_seq": [{"constraints": [10970], "derived": [9319]}, {"constraints": [9437, 9319], "derived": [-9320, -9318, -9317, -9316]}, {"constraints": [9435, 9319], "derived": [-9309, -9324, -9314, -9329]}, {"constraints": [10976], "derived": [9305]}, {"constraints": [9305, 9431], "derived": [-9295, -9285, -9300, -9290]}, {"constraints": [9305, 9433], "derived": [-9304, -9303, -9302, -9301]}, {"constraints": [9456, 9305, -9329], "derived": [-9379]}, {"constraints": [10969, 9441], "derived": [-9336]}, {"constraints": [9461, 10975], "derived": [-9427]}, {"constraints": [9460, 10974], "derived": [9388]}, {"constraints": [9449, 9388], "derived": [-9390, -9389, -9387, -9386]}, {"constraints": [9388, 9447], "derived": [-9383, -9398, -9403, -9393]}, {"constraints": [-9302, 9458, 9388], "derived": [-9353]}, {"constraints": [9435, 10972], "derived": [-9323]}, {"constraints": [10972, 9439], "derived": [-9348]}, {"constraints": [9388, 9459, -9348], "derived": [-9297]}, {"constraints": [10971, -9324, 9439], "derived": [-9347]}, {"constraints": [10971, -9309, 9431], "derived": [-9282]}, {"constraints": [9458, 9388, -9282], "derived": [-9333]}, {"constraints": [9439, 10971, -9329], "derived": [-9352]}, {"constraints": [-9352, 9305, 9459], "derived": [-9402]}, {"constraints": [-9352, 10973], "derived": [9327]}, {"constraints": [9437, 9327], "derived": [-9328, -9326, -9330]}, {"constraints": [9435, 9327], "derived": [-9312, -9307, -9322]}, {"constraints": [-9303, 9327, 9455], "derived": [-9367]}, {"constraints": [9327, 9462, -9353], "derived": [-9413]}, {"constraints": [-9302, 9327, 9455], "derived": [-9362]}, {"constraints": [-9328, 9305, 9456], "derived": [-9378]}, {"constraints": [-9301, 9327, 9455], "derived": [-9357]}, {"constraints": [9305, 9457, 9327], "derived": [9377]}, {"constraints": [9377, 9445], "derived": [-9376, -9380]}, {"constraints": [9377, 9443], "derived": [-9372]}, {"constraints": [9377, 9465, -9402], "derived": [-9412]}, {"constraints": [10971, -9309, 9439], "derived": [-9332]}, {"constraints": [9440, 9441, -9333, -9332, -9353, -9352, -9348, -9347], "derived": [-9344, -9341, -9340, -9339, -9345]}, {"constraints": [-9341, 9462, 9319], "derived": [-9421]}, {"constraints": [9319, 9462, -9345], "derived": [-9425]}, {"constraints": [-9344, 9462, 9319], "derived": [-9424]}, {"constraints": [-9340, -9339, -9332, -9328, -9323, 10969, -9318], "derived": [9337]}, {"constraints": [9337, 9439], "derived": [-9342]}, {"constraints": [9337, 9441], "derived": [-9338]}, {"constraints": [9337, -9427, 9463], "derived": [-9315]}, {"constraints": [-9342, 9462, 9319], "derived": [-9422]}, {"constraints": [9337, 9460, -9387], "derived": [-9287]}, {"constraints": [-9344, 9442, -9341, -9342, -9345], "derived": [9343]}, {"constraints": [9458, 9388, 9343], "derived": [9292]}, {"constraints": [9433, 9292], "derived": [-9294, -9293, -9291]}, {"constraints": [9319, -9291, 9455], "derived": [-9359]}, {"constraints": [-9316, 9461, 9343],