{"config": {"preseeding": true, "sat-polarity": true, "sat-polarity-initial": false, "postpone_opt": true, "postpone_opt_incr": true, "postpone_opt_greedy": true, "grow": true, "grow_sat": false, "grow_subset_maximal": false, "grow_maxsat": true, "maxsat_polarities": true, "grow_maxsat_full_pos": false, "grow_maxsat_full_inv": true, "grow_maxsat_full_unif": false, "grow_maxsat_initial_pos": false, "grow_maxsat_initial_inv": false, "grow_maxsat_initial_unif": false, "grow_maxsat_actual_pos": false, "grow_maxsat_actual_unif": false, "grow_maxsat_actual_inv": false, "timeout": 7200, "instance": "p16", "output": "/data/brussel/101/vsc10143/OUSResults/experiment4/2021011320/20210113202141252014.json"}, "results": {"HS": [0, 6, 2, 6, 8, 1], "HS_greedy": [0, 44, 55, 50, 36, 37], "HS_incr": [0, 6065, 7251, 6625, 4250, 4667], "HS-opt-time": [0, 21.98740005493164, 15.008403062820435, 102.09223461151123, 174.75756120681763, 17.810019493103027], "HS-postpone-time": [0, 4.90118932723999, 7.096130132675171, 5.82323431968689, 2.5036282539367676, 2.9809861183166504], "SAT-time": [0.00707244873046875, 59.95502543449402, 71.37573719024658, 66.52818298339844, 40.96403622627258, 48.9362907409668], "grow-time": [0.18048691749572754, 1058.842162847519, 1277.7661654949188, 1186.1476542949677, 1980.170910835266, 972.0299324989319], "#expl": 4, "expl_seq": [{"constraints": [48090], "derived": [46439]}, {"constraints": [46555, 46439], "derived": [-46429, -46444, -46434, -46449]}, {"constraints": [46557, 46439], "derived": [-46440, -46438, -46437, -46436]}, {"constraints": [48096], "derived": [46425]}], "OUS-time": [0, 1162.0828671455383, 1390.5791113376617, 1377.8779497146606, 2209.073281288147, 0], "timeout": true}}