{"config": {"preseeding": true, "sat-polarity": true, "sat-polarity-initial": false, "postpone_opt": true, "postpone_opt_incr": false, "postpone_opt_greedy": true, "grow": true, "grow_sat": false, "grow_subset_maximal": false, "grow_maxsat": true, "maxsat_polarities": true, "grow_maxsat_full_pos": false, "grow_maxsat_full_inv": false, "grow_maxsat_full_unif": false, "grow_maxsat_initial_pos": false, "grow_maxsat_initial_inv": false, "grow_maxsat_initial_unif": false, "grow_maxsat_actual_pos": false, "grow_maxsat_actual_unif": true, "grow_maxsat_actual_inv": false, "timeout": 7200, "instance": "p18", "output": "/data/brussel/101/vsc10143/OUSResults/experiment4/2021011320/20210113205452264105.json"}, "results": {"HS": [0, 14, 2, 2, 2, 1, 1, 1, 2, 1, 2, 1, 1, 1, 1, 1, 2, 1, 1, 1, 1, 1, 2, 1, 1, 1, 1, 1, 2, 1, 2, 1, 1, 1, 1, 2, 1, 2, 5, 1, 2, 1, 1, 4, 5, 1, 1, 1, 1, 1, 1, 1, 2, 1, 5, 2, 1, 1, 1, 1, 3, 1, 1, 3, 1, 1, 1, 1, 1, 1, 1, 1, 1, 1, 2, 1, 2, 1, 1, 1, 1, 2, 1, 1, 1, 1, 2, 1, 1, 1, 1, 1, 1, 1, 1, 1, 2, 1, 1, 1, 1, 3, 1, 1, 1, 1, 1, 1, 2, 1, 1, 1, 1, 1, 1, 1], "HS_greedy": [0, 47, 465, 460, 352, 0, 0, 0, 241, 0, 406, 0, 0, 0, 0, 0, 444, 0, 0, 0, 0, 0, 304, 0, 0, 0, 0, 0, 302, 0, 286, 0, 0, 0, 0, 198, 0, 217, 210, 0, 231, 0, 0, 178, 224, 0, 0, 0, 0, 0, 0, 0, 207, 0, 170, 197, 0, 0, 0, 0, 145, 0, 0, 158, 0, 0, 0, 0, 0, 0, 0, 0, 0, 0, 83, 0, 129, 0, 0, 0, 0, 86, 0, 0, 0, 0, 100, 0, 0, 0, 0, 0, 0, 0, 0, 0, 101, 0, 0, 0, 0, 26, 0, 0, 0, 0, 0, 0, 33, 0, 0, 0, 0, 0, 0, 0], "HS_incr": [0, 0, 0, 0, 0, 0, 0, 0, 0, 0, 0, 0, 0, 0, 0, 0, 0, 0, 0, 0, 0, 0, 0, 0, 0, 0, 0, 0, 0, 0, 0, 0, 0, 0, 0, 0, 0, 0, 0, 0, 0, 0, 0, 0, 0, 0, 0, 0, 0, 0, 0, 0, 0, 0, 0, 0, 0, 0, 0, 0, 0, 0, 0, 0, 0, 0, 0, 0, 0, 0, 0, 0, 0, 0, 0, 0, 0, 0, 0, 0, 0, 0, 0, 0, 0, 0, 0, 0, 0, 0, 0, 0, 0, 0, 0, 0, 0, 0, 0, 0, 0, 0, 0, 0, 0, 0, 0, 0, 0, 0, 0, 0, 0, 0, 0, 0], "HS-opt-time": [0, 0.1494157314300537, 1.0852718353271484, 4.016003847122192, 7.9425272941589355, 5.930791139602661, 5.165160894393921, 4.938234329223633, 11.123425006866455, 6.632504463195801, 13.659120321273804, 7.293853759765625, 7.801952600479126, 7.322242021560669, 7.4061970710754395, 7.235856533050537, 16.234917402267456, 10.024455547332764, 8.532044172286987, 8.516101598739624, 11.493496894836426, 8.782157182693481, 17.939900398254395, 8.970955610275269, 9.601215362548828, 8.432263612747192, 9.134083032608032, 8.398861408233643, 17.877875566482544, 9.795236587524414, 19.28531837463379, 10.35802435874939, 8.8955717086792, 11.730810403823853, 9.991691827774048, 18.382018566131592, 9.194490671157837, 18.482974529266357, 57.91689205169678, 11.122808694839478, 21.542994260787964, 10.959415435791016, 10.77880311012268, 57.186662912368774, 57.163976430892944, 12.213690996170044, 11.715165376663208, 12.305493354797363, 11.815946578979492, 11.659197092056274, 11.852552652359009, 10.89838719367981, 27.87234592437744, 12.927711486816406, 74.56416416168213, 26.294992923736572, 14.162715673446655, 13.707863807678223, 13.574832439422607, 13.88139295578003, 22.49348258972168, 4.616346836090088, 4.192135334014893, 12.58046293258667, 4.079416751861572, 4.15921688079834, 4.154978036880493, 4.157625913619995, 3.5713579654693604, 4.33005428314209, 3.623947858810425, 3.2899725437164307, 5.060685396194458, 4.7663774490356445, 8.012593984603882, 3.849914312362671, 7.473302364349365, 4.087423801422119, 3.92272686958313, 4.113069534301758, 3.9441893100738525, 7.165348052978516, 3.7413296699523926, 3.665463447570801, 3.162884473800659, 3.1776347160339355, 5.891904592514038, 2.6295807361602783, 2.7943193912506104, 2.737388849258423, 3.4658849239349365, 2.6315500736236572, 2.69008731842041, 3.049363136291504, 2.716759443283081, 2.6586103439331055, 5.698849201202393, 2.913398265838623, 3.1435723304748535, 3.370577573776245, 3.5381767749786377, 10.774969339370728, 3.4257209300994873, 3.417102336883545, 2.7992336750030518, 3.223602294921875, 2.9714293479919434, 3.5489063262939453, 5.852251052856445, 2.849108934402466, 2.7929296493530273, 2.707974910736084, 2.734219551086426, 3.036459445953369, 2.5945982933044434, 2.5110087394714355], "HS-postpone-time": [0, 0.04302835464477539, 3.498997449874878, 3.3860087394714355, 1.8819537162780762, 0, 0, 0, 0.8294944763183594, 0, 2.3668859004974365, 0, 0, 0, 0, 0, 2.698078155517578, 0, 0, 0, 0, 0, 1.1317880153656006, 0, 0, 0, 0, 0, 1.0647428035736084, 0, 0.9383716583251953, 0, 0, 0, 0, 0.43143296241760254, 0, 0.5023090839385986, 0.46111035346984863, 0, 0.5440549850463867, 0, 0, 0.3218355178833008, 0.49719858169555664, 0, 0, 0, 0, 0, 0, 0, 0.37402868270874023, 0, 0.2528567314147949, 0.3223254680633545, 0, 0, 0, 0, 0.16924738883972168, 0, 0, 0.19311094284057617, 0, 0, 0, 0, 0, 0, 0, 0, 0, 0, 0.051592111587524414, 0, 0.11409401893615723, 0, 0, 0, 0, 0.05047154426574707, 0, 0, 0, 0, 0.059677839279174805, 0, 0, 0, 0, 0, 0, 0, 0, 0, 0.04980969429016113, 0, 0, 0, 0, 0.0047779083251953125, 0, 0, 0, 0, 0, 0, 0.00584721565246582, 0, 0, 0, 0, 0, 0, 0], "SAT-time": [0.16930890083312988, 0.29601478576660156, 2.9322283267974854, 2.8977675437927246, 2.24945068359375, 0.0009009838104248047, 0.002537250518798828, 0.0009429454803466797, 1.5445268154144287, 0.0009295940399169922, 2.557359218597412, 0.0024728775024414062, 0.0009589195251464844, 0.002446413040161133, 0.0009903907775878906, 0.002445220947265625, 2.841484785079956, 0.0025446414947509766, 0.001043558120727539, 0.0010004043579101562, 0.0025119781494140625, 0.0010340213775634766, 1.943476676940918, 0.0010411739349365234, 0.0009953975677490234, 0.002791166305541992, 0.0010135173797607422, 0.001005411148071289, 1.9404034614562988, 0.0010371208190917969, 1.8401057720184326, 0.002552509307861328, 0.0010325908660888672, 0.001013040542602539, 0.0025818347930908203, 1.2890520095825195, 0.001039743423461914, 1.3978960514068604, 1.3160691261291504, 0.001039743423461914, 1.485994577407837, 0.0010459423065185547, 0.0010747909545898438, 1.1628620624542236, 1.450845718383789, 0.001024007797241211, 0.0026395320892333984, 0.0010657310485839844, 0.0010671615600585938, 0.0026092529296875, 0.0010333061218261719, 0.0010535717010498047, 1.3423700332641602, 0.0010728836059570312, 1.1142194271087646, 1.2770044803619385, 0.0010440349578857422, 0.001132965087890625, 0.0026476383209228516, 0.0010845661163330078, 0.9435713291168213, 0.0028200149536132812, 0.0011217594146728516, 1.0257692337036133, 0.0010623931884765625, 0.0010747909545898438, 0.002630472183227539, 0.0010840892791748047, 0.0010750293731689453, 0.0028600692749023438, 0.0011365413665771484, 0.0010862350463867188, 0.002863645553588867, 0.0010449886322021484, 0.5614392757415771, 0.0028760433197021484, 0.8381361961364746, 0.001066446304321289, 0.002865314483642578, 0.0010955333709716797, 0.001134634017944336, 0.560706377029419, 0.0011124610900878906, 0.0010657310485839844, 0.002683401107788086, 0.0010793209075927734, 0.6488535404205322, 0.0026416778564453125, 0.0010821819305419922, 0.001112222671508789, 0.0026891231536865234, 0.0011072158813476562, 0.0010745525360107422, 0.0026879310607910156, 0.0010712146759033203, 0.0011286735534667969, 0.6559555530548096, 0.0010762214660644531, 0.0010800361633300781, 0.002763509750366211, 0.0010919570922851562, 0.17311882972717285, 0.0027124881744384766, 0.0010554790496826172, 0.0011036396026611328, 0.0026466846466064453, 0.0010983943939208984, 0.0010609626770019531, 0.21947336196899414, 0.0011241436004638672, 0.001161813735961914, 0.0027763843536376953, 0.0011565685272216797, 0.001110076904296875, 0.0029327869415283203, 0.0011839866638183594],