{"config": {"preseeding": false, "sat-polarity": true, "sat-polarity-initial": false, "postpone_opt": true, "postpone_opt_incr": false, "postpone_opt_greedy": true, "grow": true, "grow_sat": false, "grow_subset_maximal": false, "grow_maxsat": true, "maxsat_polarities": true, "grow_maxsat_full_pos": false, "grow_maxsat_full_inv": false, "grow_maxsat_full_unif": false, "grow_maxsat_initial_pos": false, "grow_maxsat_initial_inv": false, "grow_maxsat_initial_unif": false, "grow_maxsat_actual_pos": false, "grow_maxsat_actual_unif": false, "grow_maxsat_actual_inv": true, "timeout": 7200, "instance": "p18", "output": "/data/brussel/101/vsc10143/OUSResults/experiment4/2021011320/20210113205452262864.json"}, "results": {"HS": [0, 18, 2, 2, 1, 1, 1, 3, 1, 1, 4, 1, 1, 1, 1, 1, 1, 1, 2, 1, 1, 2, 2, 1, 1, 1, 1, 1, 1, 1, 1, 1, 1, 1, 2, 2, 1, 2, 4, 1, 2, 1, 1, 2, 2, 2, 1, 1, 1, 1, 1, 1, 1, 1, 5, 6, 1, 1, 2, 1, 1, 1, 1, 1, 1, 1, 1, 1, 2, 1, 2, 2, 2, 1, 1, 1, 1, 1, 1, 1, 1, 2, 1, 1, 1, 1, 2, 1, 1, 1, 1, 1, 2, 1, 1, 1, 2, 2, 1, 1, 1, 1, 1, 1, 1, 2, 1, 1, 1, 1, 1, 1, 1], "HS_greedy": [0, 60, 348, 430, 0, 0, 0, 309, 0, 0, 348, 0, 0, 0, 0, 0, 0, 0, 344, 0, 0, 296, 348, 0, 0, 0, 0, 0, 0, 0, 0, 0, 0, 0, 209, 226, 0, 259, 212, 0, 204, 0, 0, 229, 158, 250, 0, 0, 0, 0, 0, 0, 0, 0, 90, 100, 0, 0, 178, 0, 0, 0, 0, 0, 0, 0, 0, 0, 88, 0, 75, 68, 89, 0, 0, 0, 0, 0, 0, 0, 0, 135, 0, 0, 0, 0, 114, 0, 0, 0, 0, 0, 52, 0, 0, 0, 42, 50, 0, 0, 0, 0, 0, 0, 0, 58, 0, 0, 0, 0, 0, 0, 78], "HS_incr": [0, 0, 0, 0, 0, 0, 0, 0, 0, 0, 0, 0, 0, 0, 0, 0, 0, 0, 0, 0, 0, 0, 0, 0, 0, 0, 0, 0, 0, 0, 0, 0, 0, 0, 0, 0, 0, 0, 0, 0, 0, 0, 0, 0, 0, 0, 0, 0, 0, 0, 0, 0, 0, 0, 0, 0, 0, 0, 0, 0, 0, 0, 0, 0, 0, 0, 0, 0, 0, 0, 0, 0, 0, 0, 0, 0, 0, 0, 0, 0, 0, 0, 0, 0, 0, 0, 0, 0, 0, 0, 0, 0, 0, 0, 0, 0, 0, 0, 0, 0, 0, 0, 0, 0, 0, 0, 0, 0, 0, 0, 0, 0, 0], "HS-opt-time": [0, 0.5259199142456055, 0.6843569278717041, 1.9792327880859375, 1.5980830192565918, 2.5972373485565186, 1.481933832168579, 9.621888160705566, 4.027524709701538, 4.844517230987549, 21.003343105316162, 5.513792991638184, 5.689263343811035, 5.511122226715088, 5.685264825820923, 5.701977491378784, 5.5716552734375, 5.622278690338135, 12.02591061592102, 11.094640016555786, 11.033547401428223, 13.867729187011719, 14.449204921722412, 7.314939498901367, 7.571812629699707, 6.993912935256958, 7.0525758266448975, 7.05561637878418, 7.0063652992248535, 7.155824422836304, 7.1242430210113525, 6.692257642745972, 6.359731197357178, 8.231597185134888, 14.537091255187988, 15.146205186843872, 7.5543532371521, 15.340924739837646, 38.794567823410034, 8.127705335617065, 16.712939500808716, 9.783170938491821, 10.256073474884033, 25.2402081489563, 21.495851039886475, 20.033966779708862, 9.958546876907349, 10.421078205108643, 10.449734449386597, 10.213181495666504, 9.851086854934692, 9.799686908721924, 12.129057168960571, 9.568751096725464, 35.45567202568054, 23.67888879776001, 4.1741180419921875, 4.107181549072266, 8.247716665267944, 3.9280900955200195, 4.230319261550903, 3.928706407546997, 3.92156720161438, 3.8976590633392334, 3.6872212886810303, 4.073986291885376, 3.734837055206299, 3.8949968814849854, 6.804534673690796, 3.4823827743530273, 9.506887674331665, 7.207485914230347, 6.4590113162994385, 3.6142895221710205, 3.5660181045532227, 3.834813356399536, 3.824270725250244, 3.299689531326294, 3.299288272857666, 3.1728837490081787, 3.068654775619507, 5.383117198944092, 2.546555995941162, 2.5754988193511963, 3.05440354347229, 3.024425983428955, 5.329526662826538, 2.6133933067321777, 2.5979835987091064, 3.356966257095337, 2.5940163135528564, 2.674746513366699, 5.4955480098724365, 2.951801061630249, 2.8048479557037354, 3.1553966999053955, 6.007744550704956, 5.393813133239746, 2.7674715518951416, 2.501197338104248, 2.4813621044158936, 2.501986026763916, 2.4950597286224365, 2.4978768825531006, 2.4541544914245605, 5.226081371307373, 2.5807790756225586, 2.790120840072632, 2.6957554817199707, 2.627007007598877, 2.695112466812134, 2.546308755874634, 3.06927490234375], "HS-postpone-time": [0, 0.06998491287231445, 2.0038137435913086, 3.1107044219970703, 0, 0, 0, 1.4657182693481445, 0, 0, 1.7525832653045654, 0, 0, 0, 0, 0, 0, 0, 1.6123356819152832, 0, 0, 1.1819868087768555, 1.574965238571167, 0, 0, 0, 0, 0, 0, 0, 0, 0, 0, 0, 0.509577751159668, 0.5926418304443359, 0, 0.7373850345611572, 0.4992103576660156, 0, 0.4616701602935791, 0, 0, 0.5457510948181152, 0.2670004367828369, 0.6252996921539307, 0, 0, 0, 0, 0, 0, 0, 0, 0.07723093032836914, 0.0941460132598877, 0, 0, 0.2608029842376709, 0, 0, 0, 0, 0, 0, 0, 0, 0, 0.062432050704956055, 0, 0.04588127136230469, 0.03780794143676758, 0.05908966064453125, 0, 0, 0, 0, 0, 0, 0, 0, 0.11525154113769531, 0, 0, 0, 0, 0.07787322998046875, 0, 0, 0, 0, 0, 0.01665496826171875, 0, 0, 0, 0.011321783065795898, 0.014635562896728516, 0, 0, 0, 0, 0, 0, 0, 0.015560626983642578, 0, 0, 0, 0, 0, 0, 0.0225827693939209], "SAT-time": [0, 0.2681565284729004, 1.5553972721099854, 1.9345757961273193, 0.0008206367492675781, 0.002203226089477539, 0.00079345703125, 1.422727108001709, 0.0008831024169921875, 0.002221345901489258, 1.5958034992218018, 0.002342700958251953, 0.0009400844573974609, 0.0023119449615478516, 0.0008978843688964844, 0.0024132728576660156, 0.0008692741394042969, 0.0024383068084716797, 1.6175718307495117, 0.0009112358093261719, 0.002403736114501953, 1.385338544845581, 1.6788737773895264, 0.0009052753448486328, 0.0008878707885742188, 0.0023653507232666016, 0.000919342041015625, 0.0024662017822265625, 0.0009343624114990234, 0.0009081363677978516, 0.0023686885833740234, 0.000865936279296875, 0.0008993148803710938, 0.002393007278442383, 0.9678235054016113, 1.0716187953948975, 0.0024755001068115234, 1.2183444499969482, 0.9983289241790771, 0.0025110244750976562, 0.9763014316558838, 0.0009129047393798828, 0.0025391578674316406, 1.092628002166748, 0.7494316101074219, 1.175114631652832, 0.0009744167327880859, 0.0010001659393310547, 0.002577066421508789, 0.000978708267211914, 0.0009813308715820312, 0.002583026885986328, 0.0009586811065673828, 0.0009853839874267578, 0.42029404640197754, 0.4661672115325928, 0.0009560585021972656, 0.002523183822631836, 0.8424036502838135, 0.0009391307830810547, 0.0025403499603271484, 0.0009768009185791016, 0.0010380744934082031, 0.002569437026977539, 0.0009658336639404297, 0.0009829998016357422, 0.0025260448455810547, 0.0009856224060058594, 0.4232954978942871, 0.002500295639038086, 0.35549426078796387, 0.3278381824493408, 0.43300461769104004, 0.0009653568267822266, 0.0010409355163574219, 0.002611398696899414, 0.0009613037109375, 0.0010139942169189453, 0.0025534629821777344, 0.0009953975677490234, 0.000986337661743164, 0.6557023525238037, 0.0010223388671875, 0.0009818077087402344, 0.0026595592498779297, 0.0010242462158203125, 0.5498504638671875, 0.002623319625854492, 0.0010454654693603516, 0.0010113716125488281, 0.002674579620361328, 0.0010089874267578125, 0.2575228214263916, 0.002646207809448242, 0.0010228157043457031, 0.001077413558959961, 0.20717334747314453, 0.2454531192779541, 0.0010325908660888672, 0.002657175064086914, 0.0009925365447998047, 0.000988006591796875, 0.0026471614837646484, 0.0009963512420654297, 0.0010144710540771484, 0.2828207015991211, 0.0010988712310791016, 0.001001596450805664, 0.0027785301208496094, 0.0009760856628417969, 0.001012563705444336, 0.002691507339477539, 0.38184142112731934],