{"config": {"preseeding": true, "sat-polarity": true, "sat-polarity-initial": false, "postpone_opt": false, "postpone_opt_incr": false, "postpone_opt_greedy": false, "grow": true, "grow_sat": false, "grow_subset_maximal": false, "grow_maxsat": true, "maxsat_polarities": true, "grow_maxsat_full_pos": false, "grow_maxsat_full_inv": false, "grow_maxsat_full_unif": false, "grow_maxsat_initial_pos": false, "grow_maxsat_initial_inv": false, "grow_maxsat_initial_unif": false, "grow_maxsat_actual_pos": false, "grow_maxsat_actual_unif": false, "grow_maxsat_actual_inv": true, "timeout": 7200, "instance": "p18", "output": "/data/brussel/101/vsc10143/OUSResults/experiment4/2021011320/20210113205452263732.json"}, "results": {"HS": [0, 22, 1, 10, 2, 5, 3, 4, 1, 9, 12, 5, 3, 2, 1, 4, 2, 1, 4, 1, 13, 4, 12, 5, 4, 5, 2, 2, 3, 1, 1, 2, 2, 10, 4, 5, 3, 8, 10, 3, 7, 1, 1, 18, 4, 2, 6, 1, 5, 1, 2, 2, 6, 1, 4, 1, 13, 4, 4, 8, 1, 4, 2, 3, 8, 1, 1, 3, 1, 4, 1, 1, 10, 5, 4, 3, 1, 7, 1, 2, 2, 2, 1, 1, 1, 4, 3, 1, 1, 7, 1, 2, 2, 3, 6, 4, 6, 3, 2, 6, 4, 2, 1, 2, 1, 1, 2, 4, 4, 1, 5, 1, 1, 1, 11, 1, 1], "HS_greedy": [0, 0, 0, 0, 0, 0, 0, 0, 0, 0, 0, 0, 0, 0, 0, 0, 0, 0, 0, 0, 0, 0, 0, 0, 0, 0, 0, 0, 0, 0, 0, 0, 0, 0, 0, 0, 0, 0, 0, 0, 0, 0, 0, 0, 0, 0, 0, 0, 0, 0, 0, 0, 0, 0, 0, 0, 0, 0, 0, 0, 0, 0, 0, 0, 0, 0, 0, 0, 0, 0, 0, 0, 0, 0, 0, 0, 0, 0, 0, 0, 0, 0, 0, 0, 0, 0, 0, 0, 0, 0, 0, 0, 0, 0, 0, 0, 0, 0, 0, 0, 0, 0, 0, 0, 0, 0, 0, 0, 0, 0, 0, 0, 0, 0, 0, 0, 0], "HS_incr": [0, 0, 0, 0, 0, 0, 0, 0, 0, 0, 0, 0, 0, 0, 0, 0, 0, 0, 0, 0, 0, 0, 0, 0, 0, 0, 0, 0, 0, 0, 0, 0, 0, 0, 0, 0, 0, 0, 0, 0, 0, 0, 0, 0, 0, 0, 0, 0, 0, 0, 0, 0, 0, 0, 0, 0, 0, 0, 0, 0, 0, 0, 0, 0, 0, 0, 0, 0, 0, 0, 0, 0, 0, 0, 0, 0, 0, 0, 0, 0, 0, 0, 0, 0, 0, 0, 0, 0, 0, 0, 0, 0, 0, 0, 0, 0, 0, 0, 0, 0, 0, 0, 0, 0, 0, 0, 0, 0, 0, 0, 0, 0, 0, 0, 0, 0, 0], "HS-opt-time": [0, 0.49610447883605957, 0.021146774291992188, 0.23663568496704102, 0.11846613883972168, 0.19405579566955566, 0.1296393871307373, 0.2798144817352295, 0.10467648506164551, 0.8867979049682617, 0.6941001415252686, 0.2946019172668457, 0.21425414085388184, 0.15423345565795898, 0.06796002388000488, 0.2559237480163574, 0.13868308067321777, 0.08471393585205078, 0.26549839973449707, 0.11405396461486816, 1.669708013534546, 0.37198615074157715, 1.0229055881500244, 0.5109078884124756, 0.448775053024292, 0.5617902278900146, 0.18216395378112793, 0.1745748519897461, 0.26255059242248535, 0.08139204978942871, 0.08694100379943848, 0.1880779266357422, 0.1755223274230957, 1.6695640087127686, 0.4527707099914551, 0.43355631828308105, 0.30837273597717285, 1.2420463562011719, 1.9054841995239258, 0.3461582660675049, 0.8195030689239502, 0.16683316230773926, 0.12364983558654785, 3.9868574142456055, 0.48972439765930176, 0.3819084167480469, 0.9655241966247559, 0.14193415641784668, 0.6268868446350098, 0.1380453109741211, 0.22093701362609863, 0.32154250144958496, 1.4098501205444336, 0.2252025604248047, 0.9735519886016846, 0.12042832374572754, 1.9939889907836914, 0.8813786506652832, 0.7799727916717529, 1.664839744567871, 0.16779732704162598, 0.6706428527832031, 0.36919379234313965, 0.5018689632415771, 1.4364302158355713, 0.1831979751586914, 0.18345856666564941, 0.5411851406097412, 0.18275713920593262, 0.6593208312988281, 0.15679311752319336, 0.16542577743530273, 2.2576472759246826, 0.7599267959594727, 0.7189021110534668, 0.6780796051025391, 0.1980113983154297, 1.4819519519805908, 0.22953176498413086, 0.41106605529785156, 0.34270691871643066, 0.35063791275024414, 0.1981067657470703, 0.1567366123199463, 0.14712977409362793, 0.5659294128417969, 0.4527575969696045, 0.16849470138549805, 0.19907259941101074, 1.0588932037353516, 0.14699029922485352, 0.3747107982635498, 0.2959775924682617, 0.4529871940612793, 1.0640041828155518, 0.713555097579956, 1.0655279159545898, 0.6334033012390137, 0.38211584091186523, 1.1137199401855469, 0.6251156330108643, 0.350679874420166, 0.1719498634338379, 0.30089569091796875, 0.1597752571105957, 0.1581132411956787, 0.2932705879211426, 0.6305890083312988, 0.662513256072998, 0.19648146629333496, 0.953244686126709, 0.19160079956054688, 0.18016624450683594, 0.17288875579833984, 2.103504180908203, 0.15293240547180176, 0.1466531753540039], "HS-postpone-time": [0, 0, 0, 0, 0, 0, 0, 0, 0, 0, 0, 0, 0, 0, 0, 0, 0, 0, 0, 0, 0, 0, 0, 0, 0, 0, 0, 0, 0, 0, 0, 0, 0, 0, 0, 0, 0, 0, 0, 0, 0, 0, 0, 0, 0, 0, 0, 0, 0, 0, 0, 0, 0, 0, 0, 0, 0, 0, 0, 0, 0, 0, 0, 0, 0, 0, 0, 0, 0, 0, 0, 0, 0, 0, 0, 0, 0, 0, 0, 0, 0, 0, 0, 0, 0, 0, 0, 0, 0, 0, 0, 0, 0, 0, 0, 0, 0, 0, 0, 0, 0, 0, 0, 0, 0, 0, 0, 0, 0, 0, 0, 0, 0, 0, 0, 0, 0], "SAT-time": [0.3287343978881836, 0.2337808609008789, 0.0012869834899902344, 0.0794527530670166, 0.009904146194458008, 0.03336977958679199, 0.015879392623901367, 0.02660059928894043, 0.0012311935424804688, 0.07091379165649414, 0.10226631164550781, 0.034224748611450195, 0.01618647575378418, 0.01190185546875, 0.001287698745727539, 0.026924848556518555, 0.009996652603149414, 0.0029997825622558594, 0.025986671447753906, 0.0029871463775634766, 0.11482572555541992, 0.02734661102294922, 0.10283207893371582, 0.03460049629211426, 0.02516484260559082, 0.03489828109741211, 0.010267257690429688, 0.012052536010742188, 0.016869783401489258, 0.003102540969848633, 0.0013470649719238281, 0.011621952056884766, 0.010433197021484375, 0.086761474609375, 0.025977134704589844, 0.03647971153259277, 0.01671743392944336, 0.0667572021484375, 0.08629465103149414, 0.018547534942626953, 0.055678606033325195, 0.0030634403228759766, 0.0012853145599365234, 0.17967462539672852, 0.02745985984802246, 0.012117147445678711, 0.04613351821899414, 0.0032129287719726562, 0.03515768051147461, 0.003017902374267578, 0.010347127914428711, 0.011663675308227539, 0.046073198318481445, 0.0031604766845703125, 0.028003692626953125, 0.0030243396759033203, 0.12370657920837402, 0.02952885627746582, 0.027269601821899414, 0.0693962574005127, 0.001384735107421875, 0.029080867767333984, 0.009747743606567383, 0.018760204315185547, 0.06464004516601562, 0.003187894821166992, 0.001287698745727539, 0.018856525421142578, 0.0013186931610107422, 0.029164552688598633, 0.0013248920440673828, 0.003235340118408203, 0.08723974227905273, 0.036244869232177734, 0.03041362762451172, 0.01775383949279785, 0.0032269954681396484, 0.05747723579406738, 0.0032465457916259766, 0.010392189025878906, 0.011651992797851562, 0.010385513305664062, 0.00322723388671875, 0.0013165473937988281, 0.0032987594604492188, 0.02711963653564453, 0.018054962158203125, 0.003360271453857422, 0.0013904571533203125, 0.062230825424194336, 0.0015325546264648438, 0.010420799255371094, 0.012100934982299805, 0.018838167190551758, 0.04997396469116211, 0.030827045440673828, 0.049530982971191406, 0.01930069923400879, 0.012115240097045898, 0.05001997947692871, 0.028702259063720703, 0.012417078018188477, 0.0013570785522460938, 0.0103912353515625, 0.003464937210083008, 0.0013682842254638672, 0.010402202606201172, 0.030263662338256836, 0.027776479721069336, 0.0014691352844238281, 0.039334774017333984, 0.0013790130615234375, 0.0013899803161621094, 0.0033075809478759766, 0.10209870338439941, 0.0014181137084960938, 0.003284454345703125],