{"config": {"preseeding": true, "sat-polarity": true, "sat-polarity-initial": false, "postpone_opt": true, "postpone_opt_incr": false, "postpone_opt_greedy": true, "grow": true, "grow_sat": false, "grow_subset_maximal": false, "grow_maxsat": true, "maxsat_polarities": true, "grow_maxsat_full_pos": false, "grow_maxsat_full_inv": false, "grow_maxsat_full_unif": false, "grow_maxsat_initial_pos": false, "grow_maxsat_initial_inv": false, "grow_maxsat_initial_unif": true, "grow_maxsat_actual_pos": false, "grow_maxsat_actual_unif": false, "grow_maxsat_actual_inv": false, "timeout": 7200, "instance": "p18", "output": "/data/brussel/101/vsc10143/OUSResults/experiment4/2021011320/20210113205452264086.json"}, "results": {"HS": [0, 14, 2, 2, 3, 1, 1, 5, 1, 1, 16, 11, 1, 1, 2, 1, 1, 1, 1, 1, 1, 1, 2, 1, 1, 1, 1, 1, 1, 2, 2, 2, 1, 2, 1, 9, 2, 1, 9, 20, 51, 1, 2, 7, 47, 2, 1, 1, 6, 1, 1, 1, 4, 1, 22, 4, 5, 15, 1, 3, 2, 4, 7, 1, 2, 1, 1, 1, 1, 1, 1, 1, 6, 7, 8], "HS_greedy": [0, 47, 482, 407, 352, 0, 0, 514, 0, 0, 362, 390, 0, 0, 382, 0, 0, 0, 0, 0, 0, 0, 345, 0, 0, 0, 0, 0, 0, 312, 275, 220, 0, 204, 0, 211, 244, 0, 266, 253, 222, 0, 225, 229, 315, 162, 0, 0, 227, 0, 0, 0, 239, 0, 208, 138, 145, 136, 0, 124, 198, 195, 122, 0, 176, 0, 0, 0, 0, 0, 0, 0, 75, 103, 83], "HS_incr": [0, 0, 0, 0, 0, 0, 0, 0, 0, 0, 0, 0, 0, 0, 0, 0, 0, 0, 0, 0, 0, 0, 0, 0, 0, 0, 0, 0, 0, 0, 0, 0, 0, 0, 0, 0, 0, 0, 0, 0, 0, 0, 0, 0, 0, 0, 0, 0, 0, 0, 0, 0, 0, 0, 0, 0, 0, 0, 0, 0, 0, 0, 0, 0, 0, 0, 0, 0, 0, 0, 0, 0, 0, 0, 0], "HS-opt-time": [0, 0.1475839614868164, 1.455369234085083, 2.3614501953125, 5.954000473022461, 2.4702746868133545, 2.1340129375457764, 19.331177711486816, 4.602823495864868, 5.19390344619751, 85.69714832305908, 75.89919567108154, 6.996087551116943, 7.410324573516846, 15.26977252960205, 8.3321213722229, 8.379051685333252, 8.38977861404419, 8.42162013053894, 8.414391279220581, 9.684948444366455, 8.27414059638977, 16.23267912864685, 9.141422748565674, 8.727099418640137, 8.889524459838867, 8.731343984603882, 8.888088703155518, 8.900480031967163, 18.777808904647827, 26.784648418426514, 33.16041541099548, 17.639390468597412, 35.276472091674805, 17.497567415237427, 155.66074466705322, 36.4454402923584, 18.666797161102295, 168.409982919693, 397.72976779937744, 1052.678936958313, 27.772054195404053, 40.99459171295166, 125.70279216766357, 805.2422049045563, 34.87717056274414, 13.313222169876099, 13.736900806427002, 99.26013493537903, 19.994153022766113, 20.773080825805664, 20.903022050857544, 69.63761806488037, 12.275227308273315, 448.2652668952942, 82.62437677383423, 98.82201886177063, 290.55889892578125, 19.957400798797607, 57.00427770614624, 39.91361904144287, 76.85134673118591, 134.48822259902954, 20.162313222885132, 39.99295663833618, 20.925703763961792, 21.13821029663086, 20.595579147338867, 20.710291862487793, 20.29790949821472, 20.52373242378235, 20.413368225097656, 44.19376873970032, 104.2179365158081, 145.5903251171112], "HS-postpone-time": [0, 0.043944358825683594, 3.8621737957000732, 2.6746020317077637, 1.8946020603179932, 0, 0, 4.0779852867126465, 0, 0, 1.8857715129852295, 2.2157421112060547, 0, 0, 2.0500810146331787, 0, 0, 0, 0, 0, 0, 0, 1.518364667892456, 0, 0, 0, 0, 0, 0, 1.1995487213134766, 0.9702274799346924, 0.6295030117034912, 0, 0.5302653312683105, 0, 0.5661780834197998, 0.7355411052703857, 0, 0.8511598110198975, 0.7757792472839355, 0.5928370952606201, 0, 0.594308614730835, 0.6021478176116943, 1.1313972473144531, 0.31099700927734375, 0, 0, 0.5776379108428955, 0, 0, 0, 0.614511251449585, 0, 0.45913028717041016, 0.214691162109375, 0.22806954383850098, 0.1965034008026123, 0, 0.16049575805664062, 0.3885469436645508, 0.37090277671813965, 0.14822816848754883, 0, 0.3037378787994385, 0, 0, 0, 0, 0, 0, 0, 0.056560516357421875, 0.1002800464630127, 0.06531882286071777], "SAT-time": [0.15941786766052246, 0.2755265235900879, 2.8994598388671875, 2.437930107116699, 2.109152317047119, 0.0009045600891113281, 0.0024356842041015625, 3.0597896575927734, 0.0010156631469726562, 0.002434968948364258, 2.1708149909973145, 2.3877527713775635, 0.002460002899169922, 0.001050710678100586, 2.4470386505126953, 0.0025451183319091797, 0.0010714530944824219, 0.0010647773742675781, 0.002603292465209961, 0.0010197162628173828, 0.001046895980834961, 0.0025305747985839844, 2.1814486980438232, 0.0010564327239990234, 0.0025370121002197266, 0.001093149185180664, 0.0011115074157714844, 0.0025358200073242188, 0.001039743423461914, 2.0012705326080322, 2.038562059402466, 1.9330682754516602, 0.001238107681274414, 1.7558281421661377, 0.0012202262878417969, 1.8424005508422852, 2.149932622909546, 0.001262664794921875, 2.319622039794922, 2.241424322128296, 1.9597446918487549, 0.0031671524047851562, 1.9782521724700928, 1.9965341091156006, 2.7927427291870117, 1.4343652725219727, 0.0013089179992675781, 0.003204345703125, 1.97868013381958, 0.001344919204711914, 0.0032601356506347656, 0.0013573169708251953, 2.065375328063965, 0.0033233165740966797, 1.8033359050750732, 1.198063850402832, 1.2864065170288086, 1.2034616470336914, 0.0013508796691894531, 1.0777287483215332, 1.7217645645141602, 1.6933846473693848, 1.0613818168640137, 0.0012907981872558594, 1.5463478565216064, 0.0034143924713134766, 0.0013165473937988281, 0.001332998275756836, 0.0034275054931640625, 0.0013992786407470703, 0.001325368881225586, 0.0034508705139160156, 0.6684856414794922, 0.9275307655334473, 0.7449953556060791], "grow-time": [3.8984646797180176, 6.912735939025879, 74.48429131507874, 59.84245443344116, 49.76820945739746, 0, 0, 88.74004602432251, 0, 0, 59.438594579696655, 64.33458805084229, 0, 0, 70.87146878242493, 0, 0, 0, 0, 0, 0, 0, 59.27578020095825, 0, 0, 0, 0, 0, 0, 55.76273441314697, 50.877227783203125, 38.95561385154724, 0, 36.195505142211914, 0, 38.759116411209106, 47.914520502090454, 0, 53.83875226974487, 47.88858437538147, 42.130038022994995, 0, 46.286094427108765, 43.68408465385437, 62.65051627159119, 29.13162899017334, 0, 0, 47.06715536117554, 0, 0, 0, 48.724164724349976, 0, 40.433873891830444, 25.438054084777832, 26.34993815422058, 26.213850498199463, 0, 22.82413077354431, 42.199230432510376, 46.80161905288696, 23.383055925369263, 0, 41.43577766418457, 0, 0, 0, 0, 0, 0, 0, 14.604560375213623, 23.076295614242554, 18.857808113098145], "#expl": 73, "expl_seq": [{"constraints": [22007], "derived": [-20329]}, {"constraints": [22009], "derived": [20382]}, {"constraints": [20477, 20382], "derived": [-20384, -20383, -20386, -20385]}, {"constraints": [20475, 20382], "derived": [-20367, -20372, -20387, -20377]}, {"constraints": [22003], "derived": [20323]}, {"constraints": [20323, 20469], "derived": [-20326, -20325, -20324, -20322]}, {"constraints": [20323, 20467], "derived": [-20328, -20318, -20333, -20338]}, {"constraints": [-20333, 20382, 20494], "derived": [-20447]}, {"constraints": [-20372, 22012], "derived": [20375]}, {"constraints": [20475, 20375], "derived": [-20390, -20380, -20370]}, {"constraints": [20477, 20375], "derived": [-20376, -20374, -20373]}, {"constraints": [20375, -20322, 20494], "derived": [-20445]}, {"constraints": [-20376, 20323, 20495], "derived": [-20451]}, {"constraints": [-20324, 20494, 20375], "derived": [-20455]}, {"constraints": [20323, -20373, 20495], "derived": [-20448]}, {"constraints": [-20326, 20494, 20375], "derived": [-20465]}, {"constraints": [-20325, 20494, 20375], "derived": [-20460]}, {"constraints": [20496, 20323, 20375], "derived": [20450]}, {"constraints": [20489, 20450], "derived": [-20449]}, {"constraints": [-20377, -20372, -20367, 22012, -20387], "derived": [20358]}, {"constraints": [20473, 20358], "derived": [-20360, -20359, -20357, -20361]}, {"constraints": [20358, 20471], "derived": [-20343, -20348, -20363, -20353]}, {"constraints": [20497, -20359, 20382], "derived": [-20402]}, {"constraints": [20497, 20382, -20361], "derived": [-20412]}, {"constraints": [-20386, 20498, 20358], "derived": [-20401]}, {"constraints": [20497, -20357, 20382],