{"config": {"preseeding": true, "sat-polarity": true, "sat-polarity-initial": false, "postpone_opt": true, "postpone_opt_incr": false, "postpone_opt_greedy": true, "grow": true, "grow_sat": false, "grow_subset_maximal": true, "grow_maxsat": false, "maxsat_polarities": true, "grow_maxsat_full_pos": false, "grow_maxsat_full_inv": false, "grow_maxsat_full_unif": false, "grow_maxsat_initial_pos": false, "grow_maxsat_initial_inv": false, "grow_maxsat_initial_unif": false, "grow_maxsat_actual_pos": false, "grow_maxsat_actual_unif": false, "grow_maxsat_actual_inv": false, "timeout": 7200, "instance": "p18", "output": "/data/brussel/101/vsc10143/OUSResults/experiment4/2021011320/20210113205452264028.json"}, "results": {"HS": [0, 14, 2, 1, 1, 8, 1, 1, 3, 3, 1, 1, 2, 1, 1, 1, 1, 2, 1, 2, 4, 1, 1, 1, 1, 1, 1, 1, 2, 1, 23, 2, 1, 2, 1, 31, 1, 1, 1, 1, 1, 1, 1, 2, 1, 1, 1, 1, 3, 1, 2, 1, 1, 1, 1, 1, 1, 1, 1, 1, 1, 1, 1, 1, 1, 2, 2, 1, 1, 1, 1, 1, 1, 1, 1, 1, 1, 1, 1, 1, 1, 1, 1, 1, 1, 1, 1, 10, 3, 1, 1, 1, 1, 1, 2, 1, 1, 3, 4, 1, 2, 2, 1, 1, 1, 1, 2], "HS_greedy": [0, 312, 217, 0, 0, 868, 0, 0, 771, 1502, 0, 0, 738, 0, 0, 0, 0, 1398, 0, 1382, 903, 0, 0, 0, 0, 0, 0, 0, 877, 0, 685, 575, 0, 554, 0, 621, 0, 0, 0, 0, 0, 0, 0, 1086, 0, 0, 0, 0, 400, 0, 720, 0, 0, 0, 0, 0, 0, 0, 0, 0, 0, 0, 0, 0, 0, 354, 331, 0, 0, 0, 0, 0, 0, 0, 0, 0, 0, 0, 0, 0, 0, 0, 0, 0, 0, 0, 0, 116, 233, 0, 0, 0, 0, 0, 158, 0, 0, 129, 116, 0, 74, 113, 0, 0, 0, 0, 50], "HS_incr": [0, 0, 0, 0, 0, 0, 0, 0, 0, 0, 0, 0, 0, 0, 0, 0, 0, 0, 0, 0, 0, 0, 0, 0, 0, 0, 0, 0, 0, 0, 0, 0, 0, 0, 0, 0, 0, 0, 0, 0, 0, 0, 0, 0, 0, 0, 0, 0, 0, 0, 0, 0, 0, 0, 0, 0, 0, 0, 0, 0, 0, 0, 0, 0, 0, 0, 0, 0, 0, 0, 0, 0, 0, 0, 0, 0, 0, 0, 0, 0, 0, 0, 0, 0, 0, 0, 0, 0, 0, 0, 0, 0, 0, 0, 0, 0, 0, 0, 0, 0, 0, 0, 0, 0, 0, 0, 0], "HS-opt-time": [0, 6.190979480743408, 4.808899641036987, 2.3929357528686523, 1.6115124225616455, 115.42873668670654, 13.749022006988525, 15.889947891235352, 55.99095129966736, 165.4402265548706, 12.247221946716309, 14.04574179649353, 51.90118098258972, 18.499025344848633, 19.898263216018677, 12.43580675125122, 12.322340965270996, 71.73776292800903, 17.038058042526245, 37.35052132606506, 65.8791081905365, 36.94885277748108, 20.739712476730347, 19.813510417938232, 39.15081238746643, 66.30151605606079, 26.933898448944092, 19.306042671203613, 43.9290726184845, 27.2681405544281, 1035.9003031253815, 29.254111766815186, 19.17155909538269, 32.05420970916748, 29.313926219940186, 2421.665146589279, 16.14588189125061, 17.060522317886353, 20.783310413360596, 18.762562036514282, 19.14990758895874, 17.225165367126465, 20.65978479385376, 53.54771566390991, 103.18064069747925, 22.58053755760193, 95.04430150985718, 20.437432050704956, 51.268269538879395, 33.017295598983765, 61.896074533462524, 30.681238889694214, 22.316126346588135, 21.47222900390625, 23.589937925338745, 20.773022413253784, 20.039828300476074, 19.81241774559021, 20.289438009262085, 21.69683003425598, 20.31643772125244, 15.802350282669067, 40.83669853210449, 14.021591901779175, 19.609544277191162, 29.673754692077637, 30.042497158050537, 34.10071873664856, 20.894105672836304, 17.843899726867676, 19.064416885375977, 19.671899557113647, 16.762779474258423, 19.030714511871338, 12.800655364990234, 11.118129014968872, 13.330185651779175, 15.810229301452637, 12.039579391479492, 11.766908407211304, 10.859357118606567, 13.097912311553955, 10.266309976577759, 13.236680269241333, 13.610564947128296, 13.512776613235474, 14.572354078292847, 132.35424852371216, 38.89159440994263, 14.73783802986145, 13.235150575637817, 13.835421562194824, 11.27372694015503, 9.645486116409302, 20.98974370956421, 9.379185914993286, 10.572865009307861, 34.14776849746704, 50.36035966873169, 13.693872690200806, 24.89263653755188, 21.527770519256592, 11.901412963867188, 11.731876373291016, 11.03263545036316, 11.213734865188599, 12.797182083129883], "HS-postpone-time": [0, 1.495621919631958, 0.7414569854736328, 0, 0, 12.129570007324219, 0, 0, 9.118170738220215, 34.9446337223053, 0, 0, 7.958764553070068, 0, 0, 0, 0, 27.409193754196167, 0, 25.876296043395996, 11.117810726165771, 0, 0, 0, 0, 0, 0, 0, 8.859931468963623, 0, 5.896023988723755, 3.855395793914795, 0, 3.5659396648406982, 0, 4.591829299926758, 0, 0, 0, 0, 0, 0, 0, 11.520657300949097, 0, 0, 0, 0, 1.4390878677368164, 0, 4.777721405029297, 0, 0, 0, 0, 0, 0, 0, 0, 0, 0, 0, 0, 0, 0, 0.911705493927002, 0.8308000564575195, 0, 0, 0, 0, 0, 0, 0, 0, 0, 0, 0, 0, 0, 0, 0, 0, 0, 0, 0, 0, 0.08198308944702148, 0.2911338806152344, 0, 0, 0, 0, 0, 0.1449744701385498, 0, 0, 0.09728407859802246, 0.0695180892944336, 0, 0.03309941291809082, 0.07261252403259277, 0, 0, 0, 0, 0.012284278869628906], "SAT-time": [0.7728390693664551, 6.188247919082642, 4.4248504638671875, 0.0011267662048339844, 0.0025870800018310547, 18.510436534881592, 0.0012161731719970703, 0.0028328895568847656, 16.219170570373535, 33.611494302749634, 0.0013380050659179688, 0.0031549930572509766, 15.14242148399353, 0.0013706684112548828, 0.0014278888702392578, 0.0033686161041259766, 0.0014429092407226562, 30.36120581626892, 0.0014224052429199219, 30.698886394500732, 19.638584852218628, 0.0015304088592529297, 0.0015697479248046875, 0.0015571117401123047, 0.003812551498413086, 0.0017185211181640625, 0.0016562938690185547, 0.0016467571258544922, 20.111732959747314, 0.0016934871673583984, 15.117206573486328, 12.472912549972534, 0.0018417835235595703, 12.046651601791382, 0.0017821788787841797, 13.962074279785156, 0.0017745494842529297, 0.0042803287506103516, 0.0019137859344482422, 0.0018665790557861328, 0.0018608570098876953, 0.001865386962890625, 0.00186920166015625, 23.48663067817688, 0.0019125938415527344, 0.001981496810913086, 0.002012014389038086, 0.0019419193267822266, 8.429744005203247, 0.0043714046478271484, 15.605534076690674, 0.0018985271453857422, 0.0018763542175292969, 0.0019488334655761719, 0.001984119415283203, 0.0019099712371826172, 0.004306316375732422, 0.0019698143005371094, 0.0019235610961914062, 0.0019261837005615234, 0.0020453929901123047, 0.001954317092895508, 0.0021202564239501953, 0.004212856292724609, 0.0019211769104003906, 7.49409294128418, 7.119370937347412, 0.0020568370819091797, 0.001951456069946289, 0.0019402503967285156, 0.004233360290527344, 0.001955747604370117, 0.0019876956939697266, 0.002046823501586914, 0.0019779205322265625, 0.0019795894622802734, 0.001956462860107422, 0.004267215728759766, 0.0020313262939453125, 0.0019614696502685547, 0.001985311508178711, 0.001978158950805664, 0.0020444393157958984, 0.002057790756225586, 0.004374027252197266, 0.001989603042602539, 0.0020341873168945312, 2.551971197128296, 4.917076826095581, 0.00200653076171875, 0.0020761489868164062, 0.004555463790893555, 0.0020148754119873047, 0.0019783973693847656, 3.3286097049713135, 0.001954317092895508, 0.0019288063049316406, 2.8249237537384033, 2.523383378982544, 0.002079486846923828, 1.6740801334381104, 2.6079444885253906, 0.002001523971557617, 0.0021839141845703125, 0.004491567611694336, 0.002094268798828125, 1.0571434497833252], "grow-time": [0.6397514343261719, 4.530020475387573, 3.2499217987060547, 0, 0, 13.441234111785889, 0, 0, 11.598628520965576, 24.904627084732056, 0, 0, 10.297796487808228, 0, 0, 0, 0, 21.148821592330933, 0, 21.54472851753235, 13.67537522315979, 0, 0, 0, 0, 0, 0, 0, 14.212567329406738, 0, 10.526931524276733, 8.661830425262451, 0, 8.335283756256104, 0, 10.22319746017456, 0, 0, 0, 0, 0, 0, 0, 16.02898859977722, 0, 0, 0, 0, 5.691650390625, 0, 11.208231210708618, 0, 0, 0, 0, 0, 0, 0, 0, 0, 0, 0, 0, 0, 0, 5.0892555713653564, 4.888319969177246, 0, 0, 0, 0, 0, 0, 0, 0, 0, 0, 0, 0, 0, 0, 0, 0, 0, 0, 0, 0, 1.7832818031311035, 3.3161613941192627, 0, 0, 0, 0, 0, 2.265380859375, 0, 0, 1.9727509021759033, 1.7490341663360596, 0, 1.1847772598266602, 1.8802993297576904, 0, 0, 0, 0, 0.7265229225158691], "#expl": 106, "expl_seq": [{"constraints": [42323], "derived": [-40645]}, {"constraints": [42325], "derived": [40698]}, {"constraints": [40793, 40698],