{"config": {"preseeding": false, "sat-polarity": true, "sat-polarity-initial": false, "postpone_opt": true, "postpone_opt_incr": true, "postpone_opt_greedy": true, "grow": true, "grow_sat": false, "grow_subset_maximal": false, "grow_maxsat": true, "maxsat_polarities": true, "grow_maxsat_full_pos": false, "grow_maxsat_full_inv": false, "grow_maxsat_full_unif": false, "grow_maxsat_initial_pos": false, "grow_maxsat_initial_inv": false, "grow_maxsat_initial_unif": false, "grow_maxsat_actual_pos": false, "grow_maxsat_actual_unif": true, "grow_maxsat_actual_inv": false, "timeout": 7200, "instance": "p18", "output": "/data/brussel/101/vsc10143/OUSResults/experiment4/2021011320/20210113205452263530.json"}, "results": {"HS": [0, 3, 3, 1, 1, 1, 2, 1, 3, 1, 1, 1, 1, 1, 1, 1, 1, 1, 1, 1, 2, 1, 1, 1, 1, 1, 1, 1, 1, 1, 1, 2, 1, 1, 1, 1, 1, 1, 2, 1, 1, 1, 1, 2, 2, 1, 1, 1, 1, 1, 1, 1, 1, 1, 2, 1, 1, 1, 1, 1, 1, 1, 1, 1, 1, 1, 1, 1, 1, 1, 1, 1, 3, 1, 1, 1, 1, 1, 1, 1, 1, 1, 1, 1, 1, 1, 1, 1, 1, 1, 1, 1, 1, 1, 2, 1, 1, 1, 2, 1, 1, 1, 2, 1, 1, 1, 1, 2, 1, 1, 1, 1, 1, 1], "HS_greedy": [0, 9, 8, 0, 0, 0, 43, 0, 101, 0, 0, 0, 0, 0, 0, 0, 0, 0, 0, 0, 95, 0, 0, 0, 0, 0, 0, 0, 0, 0, 0, 62, 0, 0, 0, 0, 0, 0, 48, 0, 0, 0, 0, 78, 139, 0, 0, 0, 0, 0, 0, 0, 0, 0, 112, 0, 0, 0, 0, 0, 0, 0, 0, 0, 0, 0, 0, 0, 0, 0, 0, 0, 48, 0, 0, 0, 0, 0, 0, 0, 0, 0, 0, 0, 0, 0, 0, 0, 0, 0, 0, 0, 0, 0, 17, 0, 0, 0, 21, 0, 0, 0, 17, 0, 0, 0, 0, 29, 0, 0, 0, 0, 0, 0], "HS_incr": [0, 189, 156, 0, 0, 0, 1246, 0, 2419, 0, 0, 0, 0, 0, 0, 0, 0, 0, 0, 0, 2149, 0, 0, 0, 0, 0, 0, 0, 0, 0, 0, 1195, 0, 0, 0, 0, 0, 0, 882, 0, 0, 0, 0, 1366, 2419, 0, 0, 0, 0, 0, 0, 0, 0, 0, 1747, 0, 0, 0, 0, 0, 0, 0, 0, 0, 0, 0, 0, 0, 0, 0, 0, 0, 512, 0, 0, 0, 0, 0, 0, 0, 0, 0, 0, 0, 0, 0, 0, 0, 0, 0, 0, 0, 0, 0, 103, 0, 0, 0, 116, 0, 0, 0, 88, 0, 0, 0, 0, 122, 0, 0, 0, 0, 0, 0], "HS-opt-time": [0, 0.39212918281555176, 0.6677794456481934, 0.25333428382873535, 0.48142099380493164, 0.6310741901397705, 5.664573431015015, 5.810941457748413, 21.641232013702393, 10.53136658668518, 5.404310941696167, 5.831890821456909, 7.655620336532593, 5.622264385223389, 5.7595977783203125, 5.64657998085022, 5.08365273475647, 4.859646797180176, 4.590075731277466, 4.578131198883057, 27.310583353042603, 7.435575723648071, 7.295706272125244, 7.731874704360962, 6.604477405548096, 6.673293828964233, 8.113150596618652, 7.5316994190216064, 6.798709869384766, 7.686426401138306, 5.662049293518066, 9.741261005401611, 5.774803400039673, 11.259578466415405, 9.468316316604614, 7.342938661575317, 5.516082525253296, 5.702397584915161, 24.58302116394043, 9.116722822189331, 8.388353109359741, 10.804104566574097, 10.283466339111328, 37.94455051422119, 17.14812684059143, 12.262475728988647, 11.564934492111206, 11.462072849273682, 10.516138792037964, 17.640843868255615, 10.122270822525024, 15.120362281799316, 22.92268133163452, 8.819156646728516, 46.406360387802124, 15.138679027557373, 14.705756664276123, 14.152575254440308, 14.084080696105957, 14.136631965637207, 12.860363721847534, 13.327278852462769, 13.250522375106812, 14.031389474868774, 13.068946123123169, 12.79921841621399, 12.140018463134766, 13.131722927093506, 12.386730432510376, 9.52509069442749, 10.192516565322876, 8.91655707359314, 47.54756712913513, 15.597679376602173, 14.520056009292603, 16.022590160369873, 17.366465091705322, 15.437321901321411, 14.578433513641357, 14.363130807876587, 14.384332418441772, 12.514100551605225, 12.501323223114014, 13.811788320541382, 13.18438172340393, 13.796272993087769, 12.766504287719727, 12.453486442565918, 12.790329456329346, 11.804138898849487, 11.799623250961304, 12.777158975601196, 11.477842330932617, 11.164071559906006, 20.31605076789856, 10.608667373657227, 14.160756826400757, 13.710972785949707, 27.451191425323486, 15.07361125946045, 15.50823450088501, 15.989257335662842, 24.128857374191284, 12.604222774505615, 9.766351461410522, 9.603500366210938, 17.013999223709106, 20.073235273361206, 11.410698175430298, 9.191886901855469, 8.494861125946045, 8.059447526931763, 7.663197040557861, 8.013710021972656], "HS-postpone-time": [0, 0.03801918029785156, 0.027654409408569336, 0, 0, 0, 0.8186142444610596, 0, 3.942443609237671, 0, 0, 0, 0, 0, 0, 0, 0, 0, 0, 0, 2.9886326789855957, 0, 0, 0, 0, 0, 0, 0, 0, 0, 0, 0.9253749847412109, 0, 0, 0, 0, 0, 0, 0.4839353561401367, 0, 0, 0, 0, 1.0430362224578857, 3.256070613861084, 0, 0, 0, 0, 0, 0, 0, 0, 0, 1.7666125297546387, 0, 0, 0, 0, 0, 0, 0, 0, 0, 0, 0, 0, 0, 0, 0, 0, 0, 0.17513251304626465, 0, 0, 0, 0, 0, 0, 0, 0, 0, 0, 0, 0, 0, 0, 0, 0, 0, 0, 0, 0, 0, 0.011226654052734375, 0, 0, 0, 0.014427900314331055, 0, 0, 0, 0.00953531265258789, 0, 0, 0, 0, 0.01725172996520996, 0, 0, 0, 0, 0, 0], "SAT-time": [0, 1.0967333316802979, 0.9128732681274414, 0.0020749568939208984, 0.0008423328399658203, 0.0022058486938476562, 7.346172094345093, 0.0008740425109863281, 14.60886287689209, 0.0009698867797851562, 0.0009429454803466797, 0.002385377883911133, 0.0009684562683105469, 0.0023584365844726562, 0.0010085105895996094, 0.0023987293243408203, 0.0010192394256591797, 0.0024366378784179688, 0.0009853839874267578, 0.002360820770263672, 13.212340593338013, 0.0023717880249023438, 0.0010459423065185547, 0.002492666244506836, 0.001004934310913086, 0.0025358200073242188, 0.0010340213775634766, 0.0024077892303466797, 0.0010075569152832031, 0.0024433135986328125, 0.0010144710540771484, 7.375114679336548, 0.001001119613647461, 0.002461671829223633, 0.0010144710540771484, 0.0024580955505371094, 0.0009894371032714844, 0.0024170875549316406, 5.434895753860474, 0.0024411678314208984, 0.0010371208190917969, 0.002494335174560547, 0.001035451889038086, 8.387620687484741, 14.998563289642334, 0.0010294914245605469, 0.002514362335205078, 0.0010328292846679688, 0.001058340072631836, 0.0024628639221191406, 0.0010328292846679688, 0.0010259151458740234, 0.002480745315551758, 0.0011000633239746094, 10.596685886383057, 0.00269317626953125, 0.0010597705841064453, 0.0010619163513183594, 0.0024809837341308594, 0.0010480880737304688, 0.0010232925415039062, 0.0025343894958496094, 0.0011343955993652344, 0.001056671142578125, 0.002571582794189453, 0.0010995864868164062, 0.0010445117950439453, 0.002577066421508789, 0.0010426044464111328, 0.0011036396026611328, 0.002599477767944336, 0.0010993480682373047, 3.076063871383667, 0.0025930404663085938, 0.001088857650756836, 0.0010831356048583984, 0.002546072006225586, 0.0010690689086914062, 0.001138448715209961, 0.00272369384765625, 0.0011124610900878906, 0.0010929107666015625, 0.0026693344116210938, 0.0011096000671386719, 0.001110076904296875, 0.0027000904083251953, 0.0011026859283447266, 0.0011065006256103516, 0.0027523040771484375, 0.0010843276977539062, 0.0011320114135742188, 0.0026721954345703125, 0.0010557174682617188, 0.001079559326171875, 0.6249735355377197, 0.0011248588562011719, 0.001093149185180664, 0.0027031898498535156, 0.702298641204834, 0.0010654926300048828, 0.0026988983154296875, 0.0011248588562011719, 0.5304365158081055, 0.0027070045471191406, 0.0011668205261230469, 0.0010991096496582031, 0.0026051998138427734, 0.7415711879730225, 0.001135110855102539, 0.002738475799560547, 0.0011069774627685547, 0.0010852813720703125, 0.0026445388793945312, 0.0011382102966308594], "grow-time": [0, 30.4444100856781, 23.45788073539734, 0, 0, 0, 195.88954091072083, 0, 403.50144362449646, 0, 0, 0, 0, 0, 0, 0, 0, 0, 0, 0, 359.58906984329224, 0, 0, 0, 0, 0, 0, 0, 0, 0, 0, 206.743328332901, 0, 0, 0, 0, 0, 0, 156.66051363945007, 0, 0, 0, 0, 239.73761248588562, 434.8630816936493, 0, 0, 0, 0, 0, 0, 0, 0, 0, 285.9905333518982, 0, 0, 0, 0, 0, 0, 0, 0, 0, 0, 0, 0, 0, 0, 0, 0, 0, 79.62625312805176, 0, 0, 0, 0, 0, 0, 0, 0, 0, 0, 0, 0, 0, 0, 0, 0, 0, 0, 0, 0, 0, 14.671400547027588, 0, 0, 0, 16.395258903503418, 0, 0, 0, 12.929120302200317, 0, 0, 0, 0, 18.256431818008423, 0, 0, 0, 0, 0, 0], "#expl": 113, "expl_seq": [{"constraints": [22009], "derived": [20382]}, {"constraints": [20477, 20382],