{"config": {"preseeding": true, "sat-polarity": true, "sat-polarity-initial": true, "postpone_opt": true, "postpone_opt_incr": true, "postpone_opt_greedy": false, "grow": true, "grow_sat": false, "grow_subset_maximal": false, "grow_maxsat": true, "maxsat_polarities": true, "grow_maxsat_full_pos": false, "grow_maxsat_full_inv": false, "grow_maxsat_full_unif": false, "grow_maxsat_initial_pos": false, "grow_maxsat_initial_inv": false, "grow_maxsat_initial_unif": false, "grow_maxsat_actual_pos": true, "grow_maxsat_actual_unif": false, "grow_maxsat_actual_inv": false, "timeout": 7200, "instance": "p19", "output": "/data/brussel/101/vsc10143/OUSResults/experiment4/2021011901/20210119014750539525.json"}, "results": {"HS": [0, 2, 2, 2], "HS_greedy": [0, 0, 0, 0], "HS_incr": [0, 15, 13, 34], "HS-opt-time": [0, 0.020856380462646484, 0.04262876510620117, 0.08147287368774414], "HS-postpone-time": [0, 0.0011730194091796875, 0.0008623600006103516, 0.00229644775390625], "SAT-time": [0.7263479232788086, 0.44856953620910645, 0.3212764263153076, 1.0125892162322998], "grow-time": [15.674477100372314, 49.2339985370636, 22.5632541179657, 6778.376339435577], "#expl": 2, "expl_seq": [{"constraints": [110364], "derived": [110052, 110058, 110064, 110070, 110046], "cost": 60}, {"constraints": [110296], "derived": [-110069, -110068, -110067, -110066, -110065, -110063, -110062, -110061, -110060, -110059, -110057, -110056, -110055, -110054, -110053, -110051, -110050, -110049, -110048, -110047], "cost": 60}], "OUS-time": [0, 49.80537533760071, 23.015843152999878, 0], "timeout": true}}