{"config": {"preseeding": true, "sat-polarity": true, "sat-polarity-initial": false, "postpone_opt": true, "postpone_opt_incr": true, "postpone_opt_greedy": true, "grow": true, "grow_sat": false, "grow_subset_maximal": false, "grow_maxsat": true, "maxsat_polarities": true, "grow_maxsat_full_pos": false, "grow_maxsat_full_inv": false, "grow_maxsat_full_unif": false, "grow_maxsat_initial_pos": false, "grow_maxsat_initial_inv": false, "grow_maxsat_initial_unif": false, "grow_maxsat_actual_pos": false, "grow_maxsat_actual_unif": false, "grow_maxsat_actual_inv": true, "timeout": 7200, "instance": "p19", "output": "/data/brussel/101/vsc10143/OUSResults/experiment4/2021011901/20210119014750539726.json"}, "results": {"HS": [0, 2, 2, 2, 1], "HS_greedy": [0, 2, 11, 7, 12], "HS_incr": [0, 47, 227, 148, 283], "HS-opt-time": [0, 0.05367255210876465, 0.38451695442199707, 2.1499664783477783, 3.005404472351074], "HS-postpone-time": [0, 0.006957292556762695, 0.08639812469482422, 0.03933215141296387, 0.09299325942993164], "SAT-time": [0.851595401763916, 1.6149957180023193, 8.613784313201904, 5.312737703323364, 10.395403385162354], "grow-time": [15.302065134048462, 50.340824365615845, 159.52877569198608, 1996.6570084095001, 4801.824702978134], "#expl": 3, "expl_seq": [{"constraints": [110300], "derived": [110052, 110058, 110064, 110070, 110046], "cost": 60}, {"constraints": [110298], "derived": [-110069, -110068, -110067, -110066, -110065, -110063, -110062, -110061, -110060, -110059, -110057, -110056, -110055, -110054, -110053, -110051, -110050, -110049, -110048, -110047], "cost": 60}, {"constraints": [114122], "derived": [-110143], "cost": 100}], "OUS-time": [0, 52.30686378479004, 170.08772444725037, 2005.092918395996, 0], "timeout": true}}