{"config": {"preseeding": true, "sat-polarity": true, "sat-polarity-initial": false, "postpone_opt": true, "postpone_opt_incr": true, "postpone_opt_greedy": true, "grow": true, "grow_sat": false, "grow_subset_maximal": false, "grow_maxsat": true, "maxsat_polarities": true, "grow_maxsat_full_pos": false, "grow_maxsat_full_inv": false, "grow_maxsat_full_unif": false, "grow_maxsat_initial_pos": false, "grow_maxsat_initial_inv": false, "grow_maxsat_initial_unif": false, "grow_maxsat_actual_pos": false, "grow_maxsat_actual_unif": true, "grow_maxsat_actual_inv": false, "timeout": 7200, "instance": "p19", "output": "/data/brussel/101/vsc10143/OUSResults/experiment4/2021011901/20210119014750539717.json"}, "results": {"HS": [0, 1, 5, 2, 3, 1, 1, 1, 1, 1, 1, 1, 1, 1, 1, 1, 1, 1, 2, 1, 1, 0], "HS_greedy": [0, 0, 19, 30, 122, 0, 0, 0, 0, 0, 0, 0, 0, 0, 0, 0, 0, 0, 116, 0, 0, 0], "HS_incr": [0, 0, 431, 772, 3233, 0, 0, 0, 0, 0, 0, 0, 0, 0, 0, 0, 0, 0, 2814, 0, 0, 0], "HS-opt-time": [0, 0.00751185417175293, 3.605969190597534, 18.670721530914307, 116.77156329154968, 25.301989555358887, 61.32578420639038, 64.89078402519226, 26.885955810546875, 59.629618883132935, 26.85064721107483, 58.96354269981384, 75.6189820766449, 65.63436198234558, 32.453399419784546, 31.850741147994995, 31.553478479385376, 27.193086862564087, 48.19400358200073, 21.9230854511261, 24.4725124835968, 0], "HS-postpone-time": [0, 0, 0.24138331413269043, 0.5757222175598145, 10.763345003128052, 0, 0, 0, 0, 0, 0, 0, 0, 0, 0, 0, 0, 0, 8.247147798538208, 0, 0, 0], "SAT-time": [0.8477413654327393, 6.842613220214844e-05, 13.73525857925415, 26.01254916191101, 111.17716312408447, 0.007565975189208984, 0.0028192996978759766, 0.0074121952056884766, 0.0028667449951171875, 0.0073070526123046875, 0.002593994140625, 0.006806135177612305, 0.0027480125427246094, 0.00703120231628418, 0.0026671886444091797, 0.006606340408325195, 0.003023386001586914, 0.006969451904296875, 97.58247089385986, 0.00753331184387207, 0.0030519962310791016, 0], "grow-time": [14.021300792694092, 0, 320.59883880615234, 498.7389645576477, 2491.2520508766174, 0, 0, 0, 0, 0, 0, 0, 0, 0, 0, 0, 0, 0, 2516.635760307312, 0, 0, 0], "#expl": 20, "expl_seq": [{"constraints": [88356], "derived": [88037, 88043, 88049, 88055, 88061], "cost": 60}, {"constraints": [88289], "derived": [-88060, -88059, -88058, -88057, -88056, -88054, -88053, -88052, -88051, -88050, -88048, -88047, -88046, -88045, -88044, -88042, -88041, -88040, -88039, -88038], "cost": 60}, {"constraints": [92113], "derived": [-88134], "cost": 100}, {"constraints": [88336, 92116], "derived": [-88255], "cost": 160}, {"constraints": [-88255, 88331], "derived": [-88205], "cost": 61}, {"constraints": [92108, 88301], "derived": [-88117], "cost": 160}, {"constraints": [92107, 88333], "derived": [-88218], "cost": 160}, {"constraints": [88328, -88218], "derived": [-88168], "cost": 61}, {"constraints": [88336, 92111], "derived": [-88239], "cost": 160}, {"constraints": [-88239, 88331], "derived": [-88189], "cost": 61}, {"constraints": [92112, 88295], "derived": [-88104], "cost": 160}, {"constraints": [92112, 88299], "derived": [-88130], "cost": 160}, {"constraints": [92114, 88341], "derived": [88269], "cost": 160}, {"constraints": [88269, 88325], "derived": [-88271, -88270, -88268, -88267], "cost": 61}, {"constraints": [88323, 88269], "derived": [-88264, -88279, -88284, -88274], "cost": 61}, {"constraints": [88269, -88189, 88349], "derived": [-88163], "cost": 62}, {"constraints": [88329, -88163], "derived": [-88213], "cost": 61}, {"constraints": [-88168, 88348, 88269], "derived": [-88194], "cost": 62}, {"constraints": [88332, -88194], "derived": [-88244], "cost": 61}, {"constraints": [-88134, 88340, 88269], "derived": [-88108], "cost": 62}], "OUS-time": [0, 0.009243965148925781, 340.70430278778076, 548.6994314193726, 2749.6750304698944, 25.315174341201782, 61.33015441894531, 64.90433073043823, 26.894288539886475, 59.63844156265259, 26.85886526107788, 58.9718964099884, 75.62924337387085, 65.6475601196289, 32.46401381492615, 31.85917043685913, 31.558080673217773, 27.201679706573486, 2686.635043859482, 21.932695150375366, 24.478319883346558, 0], "timeout": true}}