{"config": {"preseeding": true, "sat-polarity": true, "sat-polarity-initial": false, "postpone_opt": true, "postpone_opt_incr": false, "postpone_opt_greedy": true, "grow": true, "grow_sat": false, "grow_subset_maximal": false, "grow_maxsat": true, "maxsat_polarities": true, "grow_maxsat_full_pos": false, "grow_maxsat_full_inv": false, "grow_maxsat_full_unif": false, "grow_maxsat_initial_pos": false, "grow_maxsat_initial_inv": false, "grow_maxsat_initial_unif": true, "grow_maxsat_actual_pos": false, "grow_maxsat_actual_unif": false, "grow_maxsat_actual_inv": false, "timeout": 7200, "instance": "p19", "output": "/data/brussel/101/vsc10143/OUSResults/experiment4/2021011901/20210119014750539061.json"}, "results": {"HS": [0, 1, 10, 6, 2, 1, 2, 1, 3, 1, 1, 1, 1, 2, 2, 1, 2, 1, 1, 1, 1, 35, 6, 1, 1, 18, 1, 24, 1, 69], "HS_greedy": [0, 0, 44, 361, 541, 0, 378, 0, 423, 0, 0, 0, 0, 256, 255, 0, 402, 0, 0, 0, 0, 423, 310, 0, 0, 250, 0, 270, 0, 451], "HS_incr": [0, 0, 0, 0, 0, 0, 0, 0, 0, 0, 0, 0, 0, 0, 0, 0, 0, 0, 0, 0, 0, 0, 0, 0, 0, 0, 0, 0, 0, 0], "HS-opt-time": [0, 0.004969596862792969, 0.3397340774536133, 11.712515115737915, 4.599737644195557, 7.62622332572937, 8.5134437084198, 4.794533729553223, 18.100895881652832, 6.735910415649414, 7.084661245346069, 13.540919303894043, 10.409103870391846, 14.90137267112732, 16.6043643951416, 8.8885018825531, 29.838383436203003, 19.305211544036865, 10.981199264526367, 20.064754247665405, 18.49160146713257, 854.189994096756, 77.32429242134094, 13.837413549423218, 13.050065279006958, 461.54115533828735, 14.008836269378662, 349.77601313591003, 15.066888093948364, 2750.375495195389], "HS-postpone-time": [0, 0, 0.055468082427978516, 3.010416269302368, 7.11108136177063, 0, 3.279101610183716, 0, 4.173017263412476, 0, 0, 0, 0, 1.471771240234375, 1.464345932006836, 0, 3.6791439056396484, 0, 0, 0, 0, 3.9952940940856934, 2.1232006549835205, 0, 0, 1.3578102588653564, 0, 1.5997953414916992, 0, 4.427106618881226], "SAT-time": [0.39708709716796875, 7.605552673339844e-05, 0.5970301628112793, 5.126049757003784, 7.884073734283447, 0.005330801010131836, 5.507136583328247, 0.005037069320678711, 6.290198802947998, 0.0050470829010009766, 0.0019440650939941406, 0.005143404006958008, 0.0030813217163085938, 3.839963912963867, 3.8181653022766113, 0.005158424377441406, 6.034141540527344, 0.0054247379302978516, 0.0021109580993652344, 0.005177021026611328, 0.0021271705627441406, 6.371701955795288, 4.638677597045898, 0.005488395690917969, 0.0021293163299560547, 3.7325048446655273, 0.0021424293518066406, 4.079195976257324, 0.002179861068725586, 6.716369152069092], "grow-time": [10.461783409118652, 0, 23.082491874694824, 154.54506540298462, 283.1241719722748, 0, 167.53642582893372, 0, 232.83601546287537, 0, 0, 0, 0, 98.99906849861145, 103.39447593688965, 0, 195.00692343711853, 0, 0, 0, 0, 228.24805116653442, 154.23092651367188, 0, 0, 123.52830529212952, 0, 122.66346597671509, 0, 271.4512791633606], "#expl": 28, "expl_seq": [{"constraints": [44269], "derived": [-44032, -44030, -44029, -44028, 44037, -44027, -44026, -44024, -44023, -44022, 44043, -44021, -44020, 44025, 44031, 44019, -44042, -44041, -44040, -44039, -44038, -44036, -44035, -44034, -44033], "cost": 60}, {"constraints": [48095], "derived": [-44116], "cost": 100}, {"constraints": [48089, 44315], "derived": [-44200], "cost": 160}, {"constraints": [-44200, 44310], "derived": [-44150], "cost": 61}, {"constraints": [48096, 44323], "derived": [44251], "cost": 160}, {"constraints": [44307, 44251], "derived": [-44253, -44252, -44250, -44249], "cost": 61}, {"constraints": [44305, 44251], "derived": [-44256, -44246, -44261, -44266], "cost": 61}, {"constraints": [44322, 44251, -44116], "derived": [-44090], "cost": 62}, {"constraints": [-44150, 44251, 44330], "derived": [-44176], "cost": 62}, {"constraints": [-44176, 44314], "derived": [-44226], "cost": 61}, {"constraints": [48090, 44283], "derived": [-44099], "cost": 160}, {"constraints": [48093, 44318], "derived": [-44221], "cost": 160}, {"constraints": [44313, -44221], "derived": [-44171], "cost": 61}, {"constraints": [44251, -44221, 44334], "derived": [-44195], "cost": 62}, {"constraints": [-44195, 44310], "derived": [-44145], "cost": 61}, {"constraints": [44277, 48094], "derived": [-44086], "cost": 160}, {"constraints": [48098, 44318], "derived": [-44237], "cost": 160}, {"constraints": [44313, -44237], "derived": [-44187], "cost": 61}, {"constraints": [44281, 48094], "derived": [-44112], "cost": 160}, {"constraints": [44281, 48091], "derived": [-44105], "cost": 160}, {"constraints": [48097, -44253, -44252, 44323, -44250], "derived": [44265], "cost": 163}, {"constraints": [44265, 44307], "derived": [-44264, -44268, -44267], "cost": 61}, {"constraints": [44265, 44305], "derived": [-44255, -44245, -44260], "cost": 61}, {"constraints": [44265, 44322, -44105], "derived": [-44083], "cost": 62}, {"constraints": [44323, -44260, 48091], "derived": [44082], "cost": 161}, {"constraints": [44082, 44279], "derived": [-44080, -44079, -44081], "cost": 61}, {"constraints": [44082, 44277], "derived": [-44072, -44087, -44077, -44092], "cost": 61}, {"constraints": [-44080, 44321, 44251], "derived": [-44106], "cost": 62}], "OUS-time": [0, 0.00648045539855957, 24.250850915908813, 175.87497186660767, 304.96744179725647, 7.632890462875366, 186.41591906547546, 4.800957918167114, 263.15306210517883, 6.742413759231567, 7.087976694107056, 13.547537088394165, 10.414896249771118, 120.2547516822815, 126.32590746879578, 8.895066738128662, 236.20133256912231, 19.31321406364441, 10.986043453216553, 20.07131314277649, 18.496476411819458, 1094.5265939235687, 239.59536623954773, 13.84438943862915, 13.053677797317505, 591.163293838501, 14.015936613082886, 479.19763922691345, 15.070535659790039, 0], "timeout": true}}