{"config": {"preseeding": false, "sat-polarity": true, "sat-polarity-initial": true, "postpone_opt": false, "postpone_opt_incr": false, "postpone_opt_greedy": false, "grow": true, "grow_sat": false, "grow_subset_maximal": false, "grow_maxsat": true, "maxsat_polarities": true, "grow_maxsat_full_pos": false, "grow_maxsat_full_inv": false, "grow_maxsat_full_unif": false, "grow_maxsat_initial_pos": false, "grow_maxsat_initial_inv": false, "grow_maxsat_initial_unif": false, "grow_maxsat_actual_pos": false, "grow_maxsat_actual_unif": false, "grow_maxsat_actual_inv": true, "timeout": 7200, "instance": "p19", "output": "/data/brussel/101/vsc10143/OUSResults/experiment4/2021011901/20210119014750537904.json"}, "results": {"HS": [0, 35, 3, 19, 21, 2, 6, 3, 8, 3, 2, 2, 4, 4, 1, 7, 2, 3, 1, 2, 1, 2, 19], "HS_greedy": [0, 0, 0, 0, 0, 0, 0, 0, 0, 0, 0, 0, 0, 0, 0, 0, 0, 0, 0, 0, 0, 0, 0], "HS_incr": [0, 0, 0, 0, 0, 0, 0, 0, 0, 0, 0, 0, 0, 0, 0, 0, 0, 0, 0, 0, 0, 0, 0], "HS-opt-time": [0, 0.08760499954223633, 0.013977527618408203, 0.626901388168335, 5.974547863006592, 0.16104555130004883, 1.7465195655822754, 0.2420055866241455, 2.2923402786254883, 0.7987210750579834, 0.7282557487487793, 0.17141246795654297, 1.0330541133880615, 1.1278212070465088, 0.31080031394958496, 0.36267638206481934, 0.1449284553527832, 0.2618391513824463, 0.08722376823425293, 0.1733388900756836, 0.0866091251373291, 0.15684175491333008, 7.707708835601807], "HS-postpone-time": [0, 0, 0, 0, 0, 0, 0, 0, 0, 0, 0, 0, 0, 0, 0, 0, 0, 0, 0, 0, 0, 0, 0], "SAT-time": [0, 0.33835411071777344, 0.01995110511779785, 0.1878674030303955, 0.2043757438659668, 0.014237165451049805, 0.051461219787597656, 0.02397441864013672, 0.07081031799316406, 0.025167226791381836, 0.010902881622314453, 0.014818429946899414, 0.03187060356140137, 0.03532981872558594, 0.0018794536590576172, 0.06529951095581055, 0.011230230331420898, 0.025241851806640625, 0.001661062240600586, 0.014678001403808594, 0.0017833709716796875, 0.015048027038574219, 0.20645952224731445], "grow-time": [0, 8.81673812866211, 1.2911574840545654, 184.80132460594177, 406.01688051223755, 0.27691221237182617, 22.31275701522827, 0.8017799854278564, 10.5502769947052, 0.5155248641967773, 8.367952585220337, 0.21217966079711914, 25.449078798294067, 3.8891727924346924, 0, 1.6708829402923584, 0.3629944324493408, 0.6175224781036377, 0, 0.3494129180908203, 0, 0.2933478355407715, 2914.08349442482], "#expl": 21, "expl_seq": [{"constraints": [], "derived": [22016, 22022, 22028, 22034, 22010], "cost": 0}, {"constraints": [22262], "derived": [-22015, -22014, -22013, -22012, -22011, -22033, -22032, -22031, -22030, -22029, -22027, -22026, -22025, -22024, -22023, -22021, -22020, -22019, -22018, -22017], "cost": 60}, {"constraints": [26086], "derived": [-22107], "cost": 100}, {"constraints": [26089, 22309], "derived": [-22228], "cost": 160}, {"constraints": [22304, -22228], "derived": [-22178], "cost": 61}, {"constraints": [26080, 22306], "derived": [-22191], "cost": 160}, {"constraints": [-22191, 22301], "derived": [-22141], "cost": 61}, {"constraints": [22272, 26085], "derived": [-22103], "cost": 160}, {"constraints": [26081, 22274], "derived": [-22090], "cost": 160}, {"constraints": [26084, 22309], "derived": [-22212], "cost": 160}, {"constraints": [22304, -22212], "derived": [-22162], "cost": 61}, {"constraints": [22268, 26085], "derived": [-22077], "cost": 160}, {"constraints": [22272, 26082], "derived": [-22096], "cost": 160}, {"constraints": [22314, 26087], "derived": [22242], "cost": 160}, {"constraints": [22242, 22298], "derived": [-22240, -22244, -22243, -22241], "cost": 61}, {"constraints": [22296, 22242], "derived": [-22247, -22237, -22252, -22257], "cost": 61}, {"constraints": [22313, 22242, -22107], "derived": [-22081], "cost": 62}, {"constraints": [-22191, 22242, 22324], "derived": [-22217], "cost": 62}, {"constraints": [22304, -22217], "derived": [-22167], "cost": 61}, {"constraints": [22242, 22322, -22162], "derived": [-22136], "cost": 62}, {"constraints": [-22136, 22302], "derived": [-22186], "cost": 61}], "OUS-time": [0, 9.385431289672852, 1.3330135345458984, 185.68411111831665, 412.2679274082184, 0.45690321922302246, 24.128973960876465, 1.0759024620056152, 12.939095973968506, 1.3471763134002686, 9.111697912216187, 0.4030876159667969, 26.525663375854492, 5.063497304916382, 0.31439685821533203, 2.1214993000030518, 0.5233595371246338, 0.9122562408447266, 0.09031820297241211, 0.5418069362640381, 0.08983802795410156, 0.46950674057006836, 0], "timeout": true}}