{"config": {"preseeding": false, "sat-polarity": true, "sat-polarity-initial": false, "postpone_opt": true, "postpone_opt_incr": true, "postpone_opt_greedy": false, "grow": true, "grow_sat": false, "grow_subset_maximal": false, "grow_maxsat": true, "maxsat_polarities": true, "grow_maxsat_full_pos": false, "grow_maxsat_full_inv": false, "grow_maxsat_full_unif": false, "grow_maxsat_initial_pos": false, "grow_maxsat_initial_inv": false, "grow_maxsat_initial_unif": false, "grow_maxsat_actual_pos": true, "grow_maxsat_actual_unif": false, "grow_maxsat_actual_inv": false, "timeout": 7200, "instance": "p19", "output": "/data/brussel/101/vsc10143/OUSResults/experiment4/2021011901/20210119014750538248.json"}, "results": {"HS": [0, 7, 4, 6], "HS_greedy": [0, 0, 0, 0], "HS_incr": [0, 106, 30, 101], "HS-opt-time": [0, 0.03407406806945801, 0.30571436882019043, 0.9463467597961426], "HS-postpone-time": [0, 0.0058176517486572266, 0.0017025470733642578, 0.006224870681762695], "SAT-time": [0, 0.8907384872436523, 0.2532179355621338, 0.940885066986084], "grow-time": [0, 47.36814475059509, 33.722686529159546, 5056.830765008926], "#expl": 2, "expl_seq": [{"constraints": [], "derived": [22016, 22022, 22028, 22034, 22010], "cost": 0}, {"constraints": [22260], "derived": [-22015, -22014, -22013, -22012, -22011, -22033, -22032, -22031, -22030, -22029, -22027, -22026, -22025, -22024, -22023, -22021, -22020, -22019, -22018, -22017], "cost": 60}], "OUS-time": [0, 48.66611123085022, 34.389647245407104, 0], "timeout": true}}