{"config": {"preseeding": true, "sat-polarity": true, "sat-polarity-initial": false, "postpone_opt": true, "postpone_opt_incr": true, "postpone_opt_greedy": false, "grow": true, "grow_sat": false, "grow_subset_maximal": false, "grow_maxsat": true, "maxsat_polarities": true, "grow_maxsat_full_pos": false, "grow_maxsat_full_inv": false, "grow_maxsat_full_unif": true, "grow_maxsat_initial_pos": false, "grow_maxsat_initial_inv": false, "grow_maxsat_initial_unif": false, "grow_maxsat_actual_pos": false, "grow_maxsat_actual_unif": false, "grow_maxsat_actual_inv": false, "timeout": 7200, "instance": "p19", "output": "/data/brussel/101/vsc10143/OUSResults/experiment4/2021011901/20210119014750539307.json"}, "results": {"HS": [0, 1, 66, 71], "HS_greedy": [0, 0, 0, 0], "HS_incr": [0, 0, 4785, 4017], "HS-opt-time": [0, 0.0023190975189208984, 1052.1959629058838, 1800.1427476406097], "HS-postpone-time": [0, 0, 0.5301330089569092, 0.4575331211090088], "SAT-time": [0.03819775581359863, 0.0001556873321533203, 197.4068717956543, 153.94180464744568], "grow-time": [1.915010690689087, 0, 2128.0968329906464, 1783.994449853897], "#expl": 2, "expl_seq": [{"constraints": [110296], "derived": [-110069, -110068, -110067, -110066, -110065, -110063, -110062, -110061, -110060, -110059, -110057, -110056, -110055, -110054, -110053, -110051, -110050, -110049, -110048, -110047, 110046, 110052, 110058, 110064, 110070], "cost": 60}, {"constraints": [114122], "derived": [-110143], "cost": 100}], "OUS-time": [0, 0.00394892692565918, 3412.3626029491425, 0], "timeout": true}}