{"config": {"preseeding": false, "sat-polarity": true, "sat-polarity-initial": false, "postpone_opt": true, "postpone_opt_incr": true, "postpone_opt_greedy": true, "grow": true, "grow_sat": false, "grow_subset_maximal": false, "grow_maxsat": true, "maxsat_polarities": true, "grow_maxsat_full_pos": false, "grow_maxsat_full_inv": false, "grow_maxsat_full_unif": false, "grow_maxsat_initial_pos": false, "grow_maxsat_initial_inv": true, "grow_maxsat_initial_unif": false, "grow_maxsat_actual_pos": false, "grow_maxsat_actual_unif": false, "grow_maxsat_actual_inv": false, "timeout": 7200, "instance": "p19", "output": "/data/brussel/101/vsc10143/OUSResults/experiment4/2021011901/20210119014750538592.json"}, "results": {"HS": [0, 4, 2, 2, 1], "HS_greedy": [0, 4, 24, 31, 44], "HS_incr": [0, 39, 549, 787, 1211], "HS-opt-time": [0, 0.010638713836669922, 2.002497911453247, 16.18765640258789, 17.33755874633789], "HS-postpone-time": [0, 0.00739288330078125, 0.36121463775634766, 0.5051374435424805, 1.278986930847168], "SAT-time": [0, 0.6030082702636719, 11.079210996627808, 15.477996587753296, 31.301026821136475], "grow-time": [0, 38.38236212730408, 731.9506103992462, 1818.3989474773407, 4065.9914593696594], "#expl": 3, "expl_seq": [{"constraints": [], "derived": [66052, 66028, 66034, 66040, 66046], "cost": 0}, {"constraints": [66278], "derived": [-66048, -66047, -66045, -66044, -66043, -66042, -66041, -66039, -66038, -66037, -66036, -66035, -66033, -66032, -66031, -66030, -66029, -66051, -66050, -66049], "cost": 60}, {"constraints": [70104], "derived": [-66125], "cost": 100}], "OUS-time": [0, 39.184950828552246, 748.1589591503143, 1854.436497926712, 0], "timeout": true}}