{"config": {"preseeding": false, "sat-polarity": true, "sat-polarity-initial": true, "postpone_opt": false, "postpone_opt_incr": false, "postpone_opt_greedy": false, "grow": true, "grow_sat": false, "grow_subset_maximal": false, "grow_maxsat": true, "maxsat_polarities": true, "grow_maxsat_full_pos": false, "grow_maxsat_full_inv": false, "grow_maxsat_full_unif": false, "grow_maxsat_initial_pos": false, "grow_maxsat_initial_inv": false, "grow_maxsat_initial_unif": false, "grow_maxsat_actual_pos": false, "grow_maxsat_actual_unif": false, "grow_maxsat_actual_inv": true, "timeout": 7200, "instance": "p20", "output": "/data/brussel/101/vsc10143/OUSResults/experiment4/2021011320/20210113205709642663.json"}, "results": {"HS": [0, 45, 8, 10, 6, 6, 9, 7, 6, 3, 21, 9, 2, 2, 3, 2, 2, 1, 1, 4, 5, 1, 4, 5, 3, 7, 9, 16, 5, 4, 4, 2, 2, 5, 2, 14, 9, 3, 7, 17, 1, 3, 14, 6, 10, 5, 2, 1, 2, 3, 1, 2, 1, 15, 5, 9, 14, 5, 2, 1, 2, 3, 1, 3, 1, 1, 14, 2, 1, 1, 1, 2, 6, 1, 2, 1, 7, 4, 8, 6, 1, 3, 6, 4, 1, 3, 2, 2, 2, 4, 1, 3, 1, 6, 4, 7, 2, 1, 1, 6, 1, 1, 1, 1, 2, 4, 5, 1, 1, 3, 3, 1, 2], "HS_greedy": [0, 0, 0, 0, 0, 0, 0, 0, 0, 0, 0, 0, 0, 0, 0, 0, 0, 0, 0, 0, 0, 0, 0, 0, 0, 0, 0, 0, 0, 0, 0, 0, 0, 0, 0, 0, 0, 0, 0, 0, 0, 0, 0, 0, 0, 0, 0, 0, 0, 0, 0, 0, 0, 0, 0, 0, 0, 0, 0, 0, 0, 0, 0, 0, 0, 0, 0, 0, 0, 0, 0, 0, 0, 0, 0, 0, 0, 0, 0, 0, 0, 0, 0, 0, 0, 0, 0, 0, 0, 0, 0, 0, 0, 0, 0, 0, 0, 0, 0, 0, 0, 0, 0, 0, 0, 0, 0, 0, 0, 0, 0, 0, 0], "HS_incr": [0, 0, 0, 0, 0, 0, 0, 0, 0, 0, 0, 0, 0, 0, 0, 0, 0, 0, 0, 0, 0, 0, 0, 0, 0, 0, 0, 0, 0, 0, 0, 0, 0, 0, 0, 0, 0, 0, 0, 0, 0, 0, 0, 0, 0, 0, 0, 0, 0, 0, 0, 0, 0, 0, 0, 0, 0, 0, 0, 0, 0, 0, 0, 0, 0, 0, 0, 0, 0, 0, 0, 0, 0, 0, 0, 0, 0, 0, 0, 0, 0, 0, 0, 0, 0, 0, 0, 0, 0, 0, 0, 0, 0, 0, 0, 0, 0, 0, 0, 0, 0, 0, 0, 0, 0, 0, 0, 0, 0, 0, 0, 0, 0], "HS-opt-time": [0, 0.16739892959594727, 0.21557307243347168, 0.649977445602417, 0.18237733840942383, 0.15549325942993164, 0.6881203651428223, 0.253079891204834, 0.2273879051208496, 0.24681663513183594, 4.48172664642334, 0.6140451431274414, 0.12218999862670898, 0.18958067893981934, 0.20554423332214355, 0.12138605117797852, 0.14741921424865723, 0.07155895233154297, 0.08182930946350098, 0.3761732578277588, 0.29326391220092773, 0.08138513565063477, 0.522031307220459, 1.010486364364624, 0.5990805625915527, 1.7581582069396973, 2.5777578353881836, 5.706275224685669, 0.7050933837890625, 0.3352773189544678, 0.45648932456970215, 0.23334956169128418, 0.2660191059112549, 0.49796485900878906, 0.3118317127227783, 2.6957788467407227, 1.0043184757232666, 0.3369922637939453, 0.8747882843017578, 3.269562005996704, 0.12921905517578125, 0.4067690372467041, 3.120574951171875, 0.9076180458068848, 1.3126842975616455, 0.8585214614868164, 0.33481264114379883, 0.17014169692993164, 0.4670395851135254, 0.4622163772583008, 0.15846037864685059, 0.25889158248901367, 0.2336416244506836, 5.36469841003418, 0.8110270500183105, 1.6456234455108643, 3.811206817626953, 1.6172611713409424, 0.510779619216919, 0.2659766674041748, 0.4939084053039551, 0.7228775024414062, 0.2392871379852295, 0.7397997379302979, 0.25809526443481445, 0.24029850959777832, 4.3329176902771, 0.38700366020202637, 0.25957274436950684, 0.24213600158691406, 0.22433185577392578, 0.46051788330078125, 1.6686627864837646, 0.23005914688110352, 0.44907522201538086, 0.24716711044311523, 2.063204765319824, 1.0103199481964111, 1.8977611064910889, 1.7729623317718506, 0.34730005264282227, 0.9405217170715332, 1.923891544342041, 1.1764206886291504, 0.30889225006103516, 0.8418745994567871, 0.4718155860900879, 0.48868322372436523, 0.5236647129058838, 0.850252628326416, 0.2198941707611084, 0.7668890953063965, 0.22155380249023438, 1.3746485710144043, 0.8429653644561768, 1.5128679275512695, 0.4300258159637451, 0.23987174034118652, 0.25005674362182617, 1.295821189880371, 0.26346683502197266, 0.2813084125518799, 0.28296494483947754, 0.2238903045654297, 0.5656259059906006, 0.809809684753418, 1.1605374813079834, 0.2321023941040039, 0.21636033058166504, 0.712496280670166, 0.57621169090271, 0.1931464672088623, 0.3868563175201416], "HS-postpone-time": [0, 0, 0, 0, 0, 0, 0, 0, 0, 0, 0, 0, 0, 0, 0, 0, 0, 0, 0, 0, 0, 0, 0, 0, 0, 0, 0, 0, 0, 0, 0, 0, 0, 0, 0, 0, 0, 0, 0, 0, 0, 0, 0, 0, 0, 0, 0, 0, 0, 0, 0, 0, 0, 0, 0, 0, 0, 0, 0, 0, 0, 0, 0, 0, 0, 0, 0, 0, 0, 0, 0, 0, 0, 0, 0, 0, 0, 0, 0, 0, 0, 0, 0, 0, 0, 0, 0, 0, 0, 0, 0, 0, 0, 0, 0, 0, 0, 0, 0, 0, 0, 0, 0, 0, 0, 0, 0, 0, 0, 0, 0, 0, 0], "SAT-time": [0, 0.16251015663146973, 0.0266568660736084, 0.03587961196899414, 0.018843412399291992, 0.0208132266998291, 0.03167533874511719, 0.024394989013671875, 0.019988536834716797, 0.009203433990478516, 0.08034276962280273, 0.0328519344329834, 0.0048065185546875, 0.005414009094238281, 0.008034706115722656, 0.006011962890625, 0.004490852355957031, 0.002063274383544922, 0.0007779598236083984, 0.014265060424804688, 0.01670050621032715, 0.002158641815185547, 0.013713359832763672, 0.017800092697143555, 0.008979082107543945, 0.02690291404724121, 0.03472495079040527, 0.06515240669250488, 0.017154455184936523, 0.014497041702270508, 0.012820959091186523, 0.006022930145263672, 0.00461268424987793, 0.018689393997192383, 0.005060672760009766, 0.055090904235839844, 0.034683942794799805, 0.009932279586791992, 0.026508092880249023, 0.06876873970031738, 0.000865936279296875, 0.01009821891784668, 0.05734443664550781, 0.022873878479003906, 0.039266109466552734, 0.01865077018737793, 0.0048143863677978516, 0.0021991729736328125, 0.004839420318603516, 0.010069847106933594, 0.00086212158203125, 0.005728960037231445, 0.0008747577667236328, 0.062188148498535156, 0.018283367156982422, 0.03611254692077637, 0.0561823844909668, 0.018957138061523438, 0.004787921905517578, 0.0022382736206054688, 0.004671573638916016, 0.010414838790893555, 0.0009102821350097656, 0.010591983795166016, 0.0008590221405029297, 0.002312898635864258, 0.05710554122924805, 0.004925727844238281, 0.0023260116577148438, 0.0008771419525146484, 0.0023221969604492188, 0.004909992218017578, 0.024394512176513672, 0.0009343624114990234, 0.006729841232299805, 0.0009274482727050781, 0.028814077377319336, 0.013738870620727539, 0.03298544883728027, 0.022121429443359375, 0.0023109912872314453, 0.009214162826538086, 0.0230712890625, 0.013910770416259766, 0.0023789405822753906, 0.009799957275390625, 0.006352663040161133, 0.005015373229980469, 0.0065228939056396484, 0.013730287551879883, 0.0023767948150634766, 0.009479284286499023, 0.0023806095123291016, 0.023167848587036133, 0.015453100204467773, 0.027308225631713867, 0.006510496139526367, 0.0009548664093017578, 0.0023508071899414062, 0.022760629653930664, 0.0024433135986328125, 0.0009458065032958984, 0.0024132728576660156, 0.0009417533874511719, 0.006324291229248047, 0.01410675048828125, 0.0204164981842041, 0.0009362697601318359, 0.002458810806274414, 0.009165763854980469, 0.010614156723022461, 0.0009746551513671875, 0.0063135623931884766],