{"config": {"preseeding": true, "sat-polarity": true, "sat-polarity-initial": true, "postpone_opt": true, "postpone_opt_incr": false, "postpone_opt_greedy": true, "grow": true, "grow_sat": false, "grow_subset_maximal": false, "grow_maxsat": true, "maxsat_polarities": true, "grow_maxsat_full_pos": false, "grow_maxsat_full_inv": false, "grow_maxsat_full_unif": false, "grow_maxsat_initial_pos": false, "grow_maxsat_initial_inv": true, "grow_maxsat_initial_unif": false, "grow_maxsat_actual_pos": false, "grow_maxsat_actual_unif": false, "grow_maxsat_actual_inv": false, "timeout": 7200, "instance": "p20", "output": "/data/brussel/101/vsc10143/OUSResults/experiment4/2021011320/20210113205709644316.json"}, "results": {"HS": [0, 12, 3, 2, 1, 4, 1, 2, 2, 1, 13, 1, 6, 1, 4, 1, 2, 15, 1, 1, 4, 21, 4, 56, 1, 1, 1, 32, 1, 3, 42, 1, 1, 1, 1, 1, 1, 1, 1, 28, 12, 1, 4, 1, 4, 1, 2, 1, 10, 32, 102, 1, 1, 1, 2, 2, 1, 1, 1, 1, 3, 1, 1, 3, 51], "HS_greedy": [0, 48, 43, 364, 0, 299, 0, 293, 271, 0, 386, 0, 313, 0, 342, 0, 265, 292, 0, 0, 279, 312, 273, 323, 0, 0, 0, 276, 0, 163, 308, 0, 0, 0, 0, 0, 0, 0, 0, 233, 194, 0, 226, 0, 126, 0, 187, 0, 197, 191, 280, 0, 0, 0, 131, 134, 0, 0, 0, 0, 113, 0, 0, 113, 143], "HS_incr": [0, 0, 0, 0, 0, 0, 0, 0, 0, 0, 0, 0, 0, 0, 0, 0, 0, 0, 0, 0, 0, 0, 0, 0, 0, 0, 0, 0, 0, 0, 0, 0, 0, 0, 0, 0, 0, 0, 0, 0, 0, 0, 0, 0, 0, 0, 0, 0, 0, 0, 0, 0, 0, 0, 0, 0, 0, 0, 0, 0, 0, 0, 0, 0, 0], "HS-opt-time": [0, 0.2468266487121582, 0.11518120765686035, 1.1472432613372803, 0.4196152687072754, 3.753819704055786, 1.2909109592437744, 2.474311351776123, 2.8041093349456787, 2.0574560165405273, 48.650899171829224, 2.7756643295288086, 19.88462734222412, 3.664674758911133, 15.059284925460815, 4.274721384048462, 8.603341341018677, 69.91644167900085, 6.836841821670532, 5.555284738540649, 27.494966506958008, 193.44858837127686, 40.05499458312988, 654.8502721786499, 12.77299952507019, 12.490040063858032, 12.255039930343628, 378.3317503929138, 12.329304456710815, 43.66797661781311, 442.99785685539246, 8.132019996643066, 8.686269998550415, 9.097492456436157, 8.936858892440796, 8.894434213638306, 8.83668041229248, 8.84492301940918, 8.846116542816162, 290.99277114868164, 97.77515459060669, 8.20660662651062, 32.464025020599365, 8.001102447509766, 30.572367668151855, 7.706868648529053, 15.364758491516113, 7.577960729598999, 108.90913534164429, 261.51017355918884, 825.7857303619385, 8.721265077590942, 9.243451595306396, 9.065506219863892, 18.04637837409973, 17.029654502868652, 7.471830129623413, 7.336809873580933, 8.061124086380005, 8.245985269546509, 22.582451820373535, 10.316157817840576, 10.938309669494629, 28.15040397644043, 451.8633089065552], "HS-postpone-time": [0, 0.04678511619567871, 0.03850531578063965, 2.2561516761779785, 0, 1.4674696922302246, 0, 1.3891053199768066, 1.158442735671997, 0, 2.3097691535949707, 0, 1.4523651599884033, 0, 1.6865453720092773, 0, 0.9831321239471436, 1.1605548858642578, 0, 0, 1.0460867881774902, 1.3059756755828857, 0.9927706718444824, 1.3878700733184814, 0, 0, 0, 0.9870936870574951, 0, 0.344632625579834, 1.2071082592010498, 0, 0, 0, 0, 0, 0, 0, 0, 0.6586577892303467, 0.4585378170013428, 0, 0.5905594825744629, 0, 0.18869304656982422, 0, 0.39682579040527344, 0, 0.4224238395690918, 0.3992905616760254, 0.8001217842102051, 0, 0, 0, 0.17878484725952148, 0.1837761402130127, 0, 0, 0, 0, 0.12594366073608398, 0, 0, 0.12458515167236328, 0.19613933563232422], "SAT-time": [0.2022092342376709, 0.374403715133667, 0.3201301097869873, 2.8960328102111816, 0.0010533332824707031, 2.483936309814453, 0.0010533332824707031, 2.424621105194092, 2.2410292625427246, 0.0028870105743408203, 3.216444492340088, 0.002797365188598633, 2.620793581008911, 0.0030307769775390625, 2.8655712604522705, 0.0029380321502685547, 2.2643179893493652, 2.419929027557373, 0.0011394023895263672, 0.002980470657348633, 2.3568387031555176, 2.605515718460083, 2.3280141353607178, 2.774747848510742, 0.0011799335479736328, 0.0031571388244628906, 0.001161336898803711, 2.3608932495117188, 0.001216888427734375, 1.3987600803375244, 2.664419651031494, 0.003284931182861328, 0.001161813735961914, 0.003256559371948242, 0.001169443130493164, 0.0032584667205810547, 0.0012173652648925781, 0.0031495094299316406, 0.0012962818145751953, 2.022707462310791, 1.6562731266021729, 0.003444671630859375, 1.9606237411499023, 0.00327301025390625, 1.0975732803344727, 0.0030198097229003906, 1.6010162830352783, 0.003206968307495117, 1.6878578662872314, 1.6521282196044922, 2.3592541217803955, 0.003114461898803711, 0.0012421607971191406, 0.0011916160583496094, 1.097947597503662, 1.1378467082977295, 0.0030934810638427734, 0.0012547969818115234, 0.0032265186309814453, 0.0012192726135253906, 0.9477024078369141, 0.0031507015228271484, 0.0012009143829345703, 0.940819263458252, 1.207826852798462], "grow-time": [3.973947048187256, 16.87302875518799, 18.68865418434143, 102.62099957466125, 0, 67.54483985900879, 0, 78.43972539901733, 74.63357973098755, 0, 95.38958621025085, 0, 70.17548894882202, 0, 83.25581097602844, 0, 84.40649795532227, 80.33020281791687, 0, 0, 129.08236122131348, 192.7246503829956, 134.29203963279724, 146.1043450832367, 0, 0, 0, 127.81042265892029, 0, 50.98599696159363, 195.90535950660706, 0, 0, 0, 0, 0, 0, 0, 0, 155.41670751571655, 65.31836891174316, 0, 109.84982776641846, 0, 34.45606231689453, 0, 68.6249725818634, 0, 63.625569105148315, 47.49909520149231, 64.2388756275177, 0, 0, 0, 35.21393370628357, 35.86616492271423, 0, 0, 0, 0, 64.20924806594849, 0, 0, 41.983949422836304, 40.92199778556824], "#expl": 63, "expl_seq": [{"constraints": [30257], "derived": [-28577]}, {"constraints": [30264], "derived": [-28629]}, {"constraints": [30265], "derived": [28633]}, {"constraints": [28633, 28730], "derived": [-28632, -28631, -28630, -28634]}, {"constraints": [28728, 28633], "derived": [-28623, -28638, -28628, -28643]}, {"constraints": [-28643, 30261], "derived": [28590]}, {"constraints": [28720, 28590], "derived": [-28575, -28580, -28570, -28585]}, {"constraints": [28722, 28590], "derived": [-28592, -28591, -28594, -28593]}, {"constraints": [28748, -28643, 28590], "derived": [-28673]}, {"constraints": [-28638, -28628, -28623, 30261, -28643], "derived": [28607]}, {"constraints": [28726, 28607], "derived": [-28608, -28606, -28605, -28609]}, {"constraints": [28724, 28607], "derived": [-28597, -28612, -28602, -28617]}, {"constraints": [28752, 28633, 28607], "derived": [28708]}, {"constraints": [28708, 28742], "derived": [-28709, -28707, -28706, -28705]}, {"constraints": [28708, 28740], "derived": [-28703, -28718, -28698, -28713]}, {"constraints": [28745, 28590, -28617], "derived": [-28647]}, {"constraints": [28730, 30259], "derived": [-28639, -28635]}, {"constraints": [28745, 30266], "derived": [-28669]}, {"constraints": [28745, 30263], "derived": [-28656]}, {"constraints": [28728, 30259, -28570], "derived": [-28622, -28621]}, {"constraints": [28728, -28575, 30259], "derived": [-28627, -28626]}, {"constraints": [-28629, -28628, -28627, -28626, 28731], "derived": [28625]}, {"constraints": [28728, 28625], "derived": [-28640, -28620]}, {"constraints": [-28640, 28748, 28590], "derived": [-28670]}, {"constraints": [28625, 28747, -28577], "derived": [-28680]}, {"constraints": [-28623, -28622, -28621, -28620, 28731], "derived": [28624]}, {"constraints": [28728, 28624], "derived": [-28644]}, {"constraints": [-28644, 28590, 28748], "derived": [-28674]}, {"constraints": [-28631, -28594, -28593, -28592, -28591, -28626, -28621, 30260], "derived": [28636]}, {"constraints": [28730, 28636], "derived": [-28637]}, {"constraints": [28728, 28636], "derived": [-28641]}, {"constraints": [28748, 28590, -28641], "derived": [-28671]}, {"constraints": [-28640, 28731, -28644, -28643, -28641], "derived": [28642]}, {"constraints": [-28592, 28642, 28747], "derived": [-28682]}, {"constraints": [-28591, 28642, 28747], "derived": [-28677]}, {"constraints": [28642, 28747, -28593], "derived": [-28687]}, {"constraints": [28642, 28747, -28594],