{"config": {"preseeding": true, "sat-polarity": true, "sat-polarity-initial": false, "postpone_opt": true, "postpone_opt_incr": true, "postpone_opt_greedy": true, "grow": true, "grow_sat": false, "grow_subset_maximal": false, "grow_maxsat": true, "maxsat_polarities": true, "grow_maxsat_full_pos": false, "grow_maxsat_full_inv": false, "grow_maxsat_full_unif": false, "grow_maxsat_initial_pos": false, "grow_maxsat_initial_inv": true, "grow_maxsat_initial_unif": false, "grow_maxsat_actual_pos": false, "grow_maxsat_actual_unif": false, "grow_maxsat_actual_inv": false, "timeout": 7200, "instance": "p20", "output": "/data/brussel/101/vsc10143/OUSResults/experiment4/2021011320/20210113205709644758.json"}, "results": {"HS": [0, 2, 1, 1, 2, 1, 1, 1, 2, 1, 1, 2, 1, 1, 1, 1, 1, 1, 1, 1, 1, 1, 1, 1, 2, 1, 2, 2, 1, 1, 1, 1, 1, 2, 1, 1, 3, 1, 1, 1, 1, 1, 3, 3, 1, 1, 1, 1, 1, 1, 1, 1, 1, 2, 2, 1, 1, 1, 1, 1, 1, 1, 1, 1, 1, 1, 2, 2, 2, 1, 1, 1, 1, 1, 1, 1, 1, 1, 1, 1, 1, 1, 1, 1, 1, 1, 1, 1, 1, 1, 2, 0], "HS_greedy": [0, 38, 0, 0, 45, 0, 0, 0, 52, 0, 0, 69, 0, 0, 0, 0, 0, 0, 0, 0, 0, 0, 0, 0, 30, 0, 53, 41, 0, 0, 0, 0, 0, 66, 0, 0, 48, 0, 0, 0, 0, 0, 39, 37, 0, 0, 0, 0, 0, 0, 0, 0, 0, 44, 28, 0, 0, 0, 0, 0, 0, 0, 0, 0, 0, 0, 30, 23, 34, 0, 0, 0, 0, 0, 0, 0, 0, 0, 0, 0, 0, 0, 0, 0, 0, 0, 0, 0, 0, 0, 12, 0], "HS_incr": [0, 995, 0, 0, 1150, 0, 0, 0, 1201, 0, 0, 1819, 0, 0, 0, 0, 0, 0, 0, 0, 0, 0, 0, 0, 871, 0, 1303, 860, 0, 0, 0, 0, 0, 1628, 0, 0, 1045, 0, 0, 0, 0, 0, 1202, 899, 0, 0, 0, 0, 0, 0, 0, 0, 0, 1127, 679, 0, 0, 0, 0, 0, 0, 0, 0, 0, 0, 0, 720, 398, 609, 0, 0, 0, 0, 0, 0, 0, 0, 0, 0, 0, 0, 0, 0, 0, 0, 0, 0, 0, 0, 0, 270, 0], "HS-opt-time": [0, 6.062644958496094, 6.354444742202759, 2.9996142387390137, 15.420270442962646, 15.787368059158325, 18.08018684387207, 12.144750118255615, 23.71240234375, 15.202628374099731, 24.145734548568726, 17.297967433929443, 7.869385480880737, 6.243600130081177, 5.239385604858398, 4.710334062576294, 4.7123496532440186, 4.7245423793792725, 4.6876606941223145, 4.9106810092926025, 4.555975914001465, 4.738650798797607, 3.9932332038879395, 14.758792638778687, 28.262675285339355, 28.532440900802612, 49.5596284866333, 78.45421767234802, 14.149412631988525, 7.686393976211548, 7.148339748382568, 6.417571306228638, 10.885499715805054, 14.21253228187561, 9.094634294509888, 18.895122051239014, 29.142049312591553, 12.218971967697144, 11.2970130443573, 11.99424409866333, 11.926750183105469, 8.936564207077026, 59.57992672920227, 41.019718408584595, 19.239395141601562, 12.239669561386108, 12.034103393554688, 11.748479127883911, 11.308823108673096, 23.070824146270752, 18.302372455596924, 19.89784836769104, 11.436063289642334, 48.91962027549744, 38.87325358390808, 15.702778577804565, 17.663963556289673, 17.238622665405273, 15.62464189529419, 22.337361812591553, 15.816221475601196, 14.260136365890503, 15.614386320114136, 19.293495416641235, 13.731569766998291, 14.686171770095825, 32.37810730934143, 23.077579736709595, 22.025595903396606, 14.271649837493896, 16.59933042526245, 13.711904287338257, 21.14094614982605, 12.703133583068848, 16.953436374664307, 17.399773597717285, 20.83200454711914, 15.68168020248413, 19.989532709121704, 16.902278184890747, 15.561962604522705, 14.420480966567993, 14.945433139801025, 14.176769256591797, 13.525527477264404, 13.49682068824768, 10.545944452285767, 9.598901510238647, 9.570215940475464, 8.181400299072266, 23.30393695831299, 0], "HS-postpone-time": [0, 0.7251186370849609, 0, 0, 0.9705007076263428, 0, 0, 0, 1.0579817295074463, 0, 0, 2.187356472015381, 0, 0, 0, 0, 0, 0, 0, 0, 0, 0, 0, 0, 0.3661971092224121, 0, 0.904163122177124, 0.4844663143157959, 0, 0, 0, 0, 0, 1.4025554656982422, 0, 0, 0.6761791706085205, 0, 0, 0, 0, 0, 0.5781910419464111, 0.41924571990966797, 0, 0, 0, 0, 0, 0, 0, 0, 0, 0.49882984161376953, 0.22330117225646973, 0, 0, 0, 0, 0, 0, 0, 0, 0, 0, 0, 0.20596003532409668, 0.09191656112670898, 0.1639695167541504, 0, 0, 0, 0, 0, 0, 0, 0, 0, 0, 0, 0, 0, 0, 0, 0, 0, 0, 0, 0, 0, 0.030834436416625977, 0], "SAT-time": [0.3091614246368408, 14.121871948242188, 0.0013189315795898438, 0.0013325214385986328, 16.417022705078125, 0.0013573169708251953, 0.00323486328125, 0.0014088153839111328, 17.42550230026245, 0.0013971328735351562, 0.0032808780670166016, 25.514500856399536, 0.003119945526123047, 0.0014650821685791016, 0.0032329559326171875, 0.0013976097106933594, 0.003208160400390625, 0.0014729499816894531, 0.003134489059448242, 0.0013725757598876953, 0.0031380653381347656, 0.0014126300811767578, 0.0031592845916748047, 0.001331329345703125, 10.210280418395996, 0.0017082691192626953, 15.490741968154907, 11.573287010192871, 0.0032644271850585938, 0.001516580581665039, 0.0033447742462158203, 0.0015065670013427734, 0.003235340118408203, 21.920453786849976, 0.0033447742462158203, 0.0015475749969482422, 13.889842510223389, 0.001459360122680664, 0.003313779830932617, 0.001453399658203125, 0.0033736228942871094, 0.0015115737915039062, 15.758471012115479, 11.454320192337036, 0.0031774044036865234, 0.0015230178833007812, 0.003263235092163086, 0.001514434814453125, 0.003199338912963867, 0.0014050006866455078, 0.003168344497680664, 0.0014760494232177734, 0.0032689571380615234, 14.125797986984253, 8.58828616142273, 0.0014660358428955078, 0.0033011436462402344, 0.0014920234680175781, 0.003239870071411133, 0.0014824867248535156, 0.003223419189453125, 0.0014672279357910156, 0.0033490657806396484, 0.0014472007751464844, 0.0033309459686279297, 0.001447439193725586, 9.027945041656494, 4.9225921630859375, 7.485118389129639, 0.0014977455139160156, 0.00151824951171875, 0.003354310989379883, 0.0014736652374267578, 0.0015377998352050781, 0.0033299922943115234, 0.0015211105346679688, 0.0015261173248291016, 0.0034437179565429688, 0.0014967918395996094, 0.0032792091369628906, 0.0015571117401123047, 0.0034270286560058594, 0.001470804214477539, 0.0032501220703125, 0.001527547836303711, 0.003380298614501953, 0.001524209976196289, 0.0033278465270996094, 0.0015099048614501953, 0.00153350830078125, 3.2463295459747314, 0], "grow-time": [4.726625680923462, 305.92954754829407, 0, 0, 364.633421421051, 0, 0, 0, 470.34482192993164, 0, 0, 631.4845213890076, 0, 0, 0, 0, 0, 0, 0, 0, 0, 0, 0, 0, 236.80437994003296, 0, 407.3084132671356, 245.92000341415405, 0, 0, 0, 0, 0, 454.1735489368439, 0, 0, 298.5971715450287, 0, 0, 0, 0, 0, 470.2684690952301, 265.8780953884125, 0, 0, 0, 0, 0, 0, 0, 0, 0, 317.44877219200134, 176.2406439781189, 0, 0, 0, 0, 0, 0, 0, 0, 0, 0, 0, 262.21508145332336, 107.47514271736145, 159.87861704826355, 0, 0, 0, 0, 0, 0, 0, 0, 0, 0, 0, 0, 0, 0, 0, 0, 0, 0, 0, 0, 0, 53.29381346702576, 0], "#expl": 90, "expl_seq": [{"constraints": [49310], "derived": [-47675]}, {"constraints": [49311], "derived": [47679]}, {"constraints": [47776, 47679], "derived": [-47680, -47678, -47677, -47676]}, {"constraints": [47774, 47679], "derived": [-47669, -47684, -47674, -47689]}, {"constraints": [49303], "derived": [-47623]}, {"constraints": [49307, -47689], "derived": [47636]}, {"constraints": [47768, 47636], "derived": [-47640, -47639, -47638, -47637]}, {"constraints": [47636, 47766], "derived": [-47616, -47631, -47621, -47626]}, {"constraints": [47793, -47626, 47679], "derived": [-47719]}, {"constraints": [-47674, -47669, -47689, 49307, -47684], "derived": [47653]}, {"constraints": [47772, 47653], "derived": [-47655, -47654, -47652, -47651]}, {"constraints": [47770, 47653], "derived": [-47648, -47663, -47643, -47658]}, {"constraints": [-47654, 47796, 47679], "derived": [-47759]}, {"constraints": [47796, -47651, 47679], "derived": [-47744]}, {"constraints": [-47676, 47653, 47797], "derived": [-47751]}, {"constraints": [-47655, 47796, 47679], "derived": [-47764]}, {"constraints": [-47678, 47653, 47797], "derived": [-47753]}, {"constraints": [-47680, 47653, 47797], "derived": [-47755]}, {"constraints": [47790, 47653, -47626], "derived": [-47693]}, {"constraints": [-47677, 47653, 47797], "derived": [-47752]}, {"constraints": [47653, 47798, 47679],