{"config": {"preseeding": false, "sat-polarity": true, "sat-polarity-initial": true, "postpone_opt": true, "postpone_opt_incr": false, "postpone_opt_greedy": true, "grow": true, "grow_sat": false, "grow_subset_maximal": false, "grow_maxsat": true, "maxsat_polarities": true, "grow_maxsat_full_pos": false, "grow_maxsat_full_inv": false, "grow_maxsat_full_unif": false, "grow_maxsat_initial_pos": false, "grow_maxsat_initial_inv": true, "grow_maxsat_initial_unif": false, "grow_maxsat_actual_pos": false, "grow_maxsat_actual_unif": false, "grow_maxsat_actual_inv": false, "timeout": 7200, "instance": "p20", "output": "/data/brussel/101/vsc10143/OUSResults/experiment4/2021011320/20210113205709642952.json"}, "results": {"HS": [0, 9, 3, 2, 1, 4, 1, 1, 2, 1, 19, 2, 2, 1, 1, 1, 1, 2, 1, 1, 1, 1, 1, 11, 4, 1, 1, 37, 3, 40, 1, 1, 1, 49, 1, 2, 12, 28, 1, 5, 1, 1, 36, 9, 39, 2, 1, 1, 10, 1, 1, 1, 1, 3, 57, 68], "HS_greedy": [0, 37, 36, 385, 0, 387, 0, 0, 379, 0, 327, 316, 371, 0, 0, 0, 0, 376, 0, 0, 0, 0, 0, 248, 311, 0, 0, 290, 240, 308, 0, 0, 0, 313, 0, 163, 273, 295, 0, 239, 0, 0, 212, 218, 231, 236, 0, 0, 179, 0, 0, 0, 0, 193, 255, 229], "HS_incr": [0, 0, 0, 0, 0, 0, 0, 0, 0, 0, 0, 0, 0, 0, 0, 0, 0, 0, 0, 0, 0, 0, 0, 0, 0, 0, 0, 0, 0, 0, 0, 0, 0, 0, 0, 0, 0, 0, 0, 0, 0, 0, 0, 0, 0, 0, 0, 0, 0, 0, 0, 0, 0, 0, 0, 0], "HS-opt-time": [0, 0.04957079887390137, 0.04616117477416992, 0.6341686248779297, 0.4540727138519287, 5.123307943344116, 1.6972031593322754, 1.5130910873413086, 3.940817356109619, 2.499389171600342, 84.3286075592041, 8.219238996505737, 10.019249200820923, 5.8833184242248535, 5.79400372505188, 5.845073938369751, 5.841006755828857, 12.459578275680542, 6.70699143409729, 6.69511079788208, 6.707177639007568, 6.406255483627319, 6.330495357513428, 73.63745260238647, 32.445383071899414, 9.210803747177124, 9.083159923553467, 321.74055099487305, 23.772395372390747, 335.7034556865692, 8.416568040847778, 8.42464566230774, 8.180090188980103, 443.22916173934937, 8.962838411331177, 22.789705514907837, 112.71937823295593, 279.05121421813965, 9.906992197036743, 53.847898960113525, 11.264366865158081, 10.819342374801636, 588.7048492431641, 101.61066889762878, 431.2322428226471, 22.817635774612427, 10.800105094909668, 11.32082462310791, 106.12360906600952, 11.103939533233643, 11.340191125869751, 11.016455173492432, 11.079020023345947, 38.96954846382141, 599.1902070045471, 785.4309575557709], "HS-postpone-time": [0, 0.0271914005279541, 0.025933027267456055, 2.2814643383026123, 0, 2.2416300773620605, 0, 0, 2.050015449523926, 0, 1.4391932487487793, 1.3455877304077148, 1.8596961498260498, 0, 0, 0, 0, 1.813042402267456, 0, 0, 0, 0, 0, 0.7777402400970459, 1.1745750904083252, 0, 0, 1.0213937759399414, 0.7002086639404297, 1.127427101135254, 0, 0, 0, 1.12489652633667, 0, 0.31902194023132324, 0.8531160354614258, 0.9922335147857666, 0, 0.6520740985870361, 0, 0, 0.5067653656005859, 0.5247602462768555, 0.5719566345214844, 0.582648754119873, 0, 0, 0.34093308448791504, 0, 0, 0, 0, 0.3743896484375, 0.6350290775299072, 0.5025143623352051], "SAT-time": [0, 0.13931894302368164, 0.13678765296936035, 1.4947361946105957, 0.0007092952728271484, 1.5463943481445312, 0.0007398128509521484, 0.002115488052368164, 1.5326056480407715, 0.0020821094512939453, 1.3419067859649658, 1.2950820922851562, 1.542156457901001, 0.0021915435791015625, 0.0008115768432617188, 0.0021524429321289062, 0.0008234977722167969, 1.5833144187927246, 0.0008196830749511719, 0.0022668838500976562, 0.0008716583251953125, 0.002212047576904297, 0.0008268356323242188, 1.0480573177337646, 1.325394630432129, 0.002214193344116211, 0.0008637905120849609, 1.229078769683838, 1.0162136554718018, 1.3276197910308838, 0.000835418701171875, 0.002313375473022461, 0.0008547306060791016, 1.3375678062438965, 0.0008432865142822266, 0.682518720626831, 1.152801752090454, 1.2744061946868896, 0.0008959770202636719, 1.0104191303253174, 0.0008783340454101562, 0.0008881092071533203, 0.913705587387085, 0.9452931880950928, 0.9878494739532471, 1.0083816051483154, 0.0009148120880126953, 0.0024640560150146484, 0.762963056564331, 0.0024046897888183594, 0.0009303092956542969, 0.0009322166442871094, 0.0025157928466796875, 0.8215920925140381, 1.079897403717041, 0.9682159423828125], "grow-time": [0, 22.225087881088257, 6.736053228378296, 104.19498252868652, 0, 194.5174584388733, 0, 0, 101.90100741386414, 0, 63.709150314331055, 59.321911096572876, 114.1364860534668, 0, 0, 0, 0, 204.44949388504028, 0, 0, 0, 0, 0, 71.33328413963318, 113.08584809303284, 0, 0, 97.97117495536804, 76.8008542060852, 150.57085514068604, 0, 0, 0, 103.19069147109985, 0, 33.98268008232117, 109.65035653114319, 72.49111461639404, 0, 81.8804657459259, 0, 0, 165.0471591949463, 94.14906191825867, 108.35754895210266, 47.52840781211853, 0, 0, 38.16235136985779, 0, 0, 0, 0, 60.87713599205017, 38.77041506767273, 39.45393395423889], "#expl": 54, "expl_seq": [{"constraints": [11211], "derived": [-9531]}, {"constraints": [11218], "derived": [-9583]}, {"constraints": [11219], "derived": [9587]}, {"constraints": [9587, 9684], "derived": [-9584, -9588, -9586, -9585]}, {"constraints": [9682, 9587], "derived": [-9592, -9582, -9597, -9577]}, {"constraints": [-9597, 11215], "derived": [9544]}, {"constraints": [9544, 9674], "derived": [-9534, -9524, -9539, -9529]}, {"constraints": [9544, 9676], "derived": [-9548, -9547, -9546, -9545]}, {"constraints": [-9534, 9587, 9701], "derived": [-9627]}, {"constraints": [-9597, -9592, 11215, -9582, -9577], "derived": [9561]}, {"constraints": [9561, 9678], "derived": [-9551, -9566, -9556, -9571]}, {"constraints": [9680, 9561], "derived": [-9560, -9559, -9563, -9562]}, {"constraints": [9704, 9587, -9563], "derived": [-9672]}, {"constraints": [-9560, 9704, 9587], "derived": [-9657]}, {"constraints": [9704, 9587, -9562], "derived": [-9667]}, {"constraints": [9704, -9559, 9587], "derived": [-9652]}, {"constraints": [9561, -9588, 9705], "derived": [-9663]}, {"constraints": [9561, 9705, -9585], "derived": [-9660]}, {"constraints": [-9584, 9561, 9705], "derived": [-9659]}, {"constraints": [9544, 9699, -9571], "derived": [-9601]}, {"constraints": [9561, 9705, -9586], "derived": [-9661]}, {"constraints": [9561, 9706, 9587], "derived": [9662]}, {"constraints": [9684, 11213], "derived": [-9589, -9593]}, {"constraints": [9699, 11220], "derived": [-9623]}, {"constraints": [11217, 9699], "derived": [-9610]}, {"constraints": [9682, -9524, 11213], "derived": [-9576, -9575]}, {"constraints": [9682, 11213, -9529], "derived": [-9581, -9580]}, {"constraints": [-9583, -9582, -9581, -9580, 9685], "derived": [9579]}, {"constraints": [9682, 9579], "derived": [-9574, -9594]}, {"constraints": [9579, 9701, -9529], "derived": [-9624]}, {"constraints": [-9531, 9579, 9701], "derived": [-9634]}, {"constraints": [9685, -9577, -9576, -9575, -9574], "derived": [9578]}, {"constraints": [9682, 9578], "derived": [-9598]}, {"constraints": [9578, -9524, 9701], "derived": [-9628]}, {"constraints": [11214, -9585, -9580, -9548, -9547, -9545, -9546, -9575], "derived": [9590]}, {"constraints": [9682, 9590], "derived": [-9595]}, {"constraints": [9684, 9590], "derived": [-9591]}, {"constraints": [9544, -9595, 9702], "derived": [-9625]}, {"constraints": [-9628, -9627, -9625, -9624, 9693], "derived": [9626]}, {"constraints": [9690, 9626], "derived": [-9631, -9646, -9636, -9641]}, {"constraints": [9544, 9626, 9702], "derived": [9596]}, {"constraints": [-9591, 11214, -9586, -9585, -9581, -9580, -9547, -9546, -9545, -9576, -9575], "derived": [9540]}, {"constraints": [9676, 9540], "derived": [-9543, -9542, -9541]}, {"constraints": [9674, 9540], "derived": [-9535, -9525, -9530]}, {"constraints": [-9592, 9540, 9702], "derived": [-9632]}, {"constraints": [-9542, 9701, 9590], "derived": [-9640]}, {"constraints": [9540, 9702, -9593], "derived": [-9633]}, {"constraints": [-9589, 9540, 9702], "derived": [-9629]}, {"constraints": [-9541, 9701, 9590], "derived": [-9635]}, {"constraints": [-9632, 9708, 9662],