{"config": {"preseeding": true, "sat-polarity": true, "sat-polarity-initial": false, "postpone_opt": true, "postpone_opt_incr": true, "postpone_opt_greedy": true, "grow": true, "grow_sat": false, "grow_subset_maximal": false, "grow_maxsat": true, "maxsat_polarities": true, "grow_maxsat_full_pos": false, "grow_maxsat_full_inv": false, "grow_maxsat_full_unif": false, "grow_maxsat_initial_pos": false, "grow_maxsat_initial_inv": true, "grow_maxsat_initial_unif": false, "grow_maxsat_actual_pos": false, "grow_maxsat_actual_unif": false, "grow_maxsat_actual_inv": false, "timeout": 7200, "instance": "p20", "output": "/data/brussel/101/vsc10143/OUSResults/experiment4/2021011320/20210113205709644868.json"}, "results": {"HS": [0, 2, 1, 1, 2, 1, 1, 1, 2, 1, 1, 2, 1, 1, 1, 1, 1, 1, 1, 1, 1, 1, 1, 1, 2, 1, 2, 2, 1, 1, 1, 1, 1, 2, 1, 1, 3, 1, 1, 1, 1, 1, 3, 3, 1, 1, 1, 1, 1, 1, 1, 1, 1, 2, 2, 1, 1, 1, 1, 1, 1, 1, 1, 1, 1, 1, 2, 2, 2, 1, 1, 1, 1, 1, 1, 1, 1, 1, 1, 1, 1, 1, 1, 1, 1, 1, 1, 1, 1, 1, 2, 1, 1, 1, 1, 1, 1, 1, 1, 1, 2, 1, 1, 2], "HS_greedy": [0, 38, 0, 0, 45, 0, 0, 0, 52, 0, 0, 69, 0, 0, 0, 0, 0, 0, 0, 0, 0, 0, 0, 0, 30, 0, 53, 41, 0, 0, 0, 0, 0, 66, 0, 0, 48, 0, 0, 0, 0, 0, 39, 37, 0, 0, 0, 0, 0, 0, 0, 0, 0, 44, 28, 0, 0, 0, 0, 0, 0, 0, 0, 0, 0, 0, 30, 23, 34, 0, 0, 0, 0, 0, 0, 0, 0, 0, 0, 0, 0, 0, 0, 0, 0, 0, 0, 0, 0, 0, 12, 0, 0, 0, 0, 0, 0, 0, 0, 0, 9, 0, 0, 5], "HS_incr": [0, 995, 0, 0, 1150, 0, 0, 0, 1201, 0, 0, 1819, 0, 0, 0, 0, 0, 0, 0, 0, 0, 0, 0, 0, 871, 0, 1303, 860, 0, 0, 0, 0, 0, 1628, 0, 0, 1045, 0, 0, 0, 0, 0, 1202, 899, 0, 0, 0, 0, 0, 0, 0, 0, 0, 1127, 679, 0, 0, 0, 0, 0, 0, 0, 0, 0, 0, 0, 720, 398, 609, 0, 0, 0, 0, 0, 0, 0, 0, 0, 0, 0, 0, 0, 0, 0, 0, 0, 0, 0, 0, 0, 270, 0, 0, 0, 0, 0, 0, 0, 0, 0, 204, 0, 0, 86], "HS-opt-time": [0, 3.8173575401306152, 3.8884034156799316, 2.2626423835754395, 9.773638486862183, 10.903024673461914, 12.793702125549316, 7.406510353088379, 18.046619415283203, 13.62330675125122, 21.43342399597168, 15.667722940444946, 7.642448902130127, 6.144163370132446, 5.077476263046265, 4.704830646514893, 4.774780750274658, 4.62977933883667, 4.631807327270508, 4.878187656402588, 4.46883225440979, 4.75200629234314, 3.925896406173706, 14.167280673980713, 24.200666427612305, 24.175405740737915, 43.970282554626465, 75.69124436378479, 13.775914430618286, 7.504407644271851, 6.957242965698242, 6.308898448944092, 10.525440454483032, 13.918673992156982, 8.462950229644775, 17.764415979385376, 27.642860412597656, 11.856490850448608, 10.655240535736084, 11.347972631454468, 11.30866265296936, 8.477046966552734, 58.03739309310913, 40.31278681755066, 18.67261815071106, 11.90626311302185, 11.745220422744751, 11.236047983169556, 10.913652420043945, 22.26533579826355, 17.79825448989868, 19.288392782211304, 11.201114892959595, 47.20739769935608, 37.507895708084106, 15.59534239768982, 17.147449731826782, 16.74658441543579, 14.98839020729065, 20.97174048423767, 14.938506603240967, 13.419934034347534, 14.743109703063965, 18.135727167129517, 13.095409393310547, 13.966454982757568, 30.962897300720215, 22.57253861427307, 22.009196996688843, 14.445057392120361, 16.610952854156494, 13.771272659301758, 21.180871725082397, 12.746679544448853, 16.967350721359253, 17.349209308624268, 20.707710027694702, 15.53818941116333, 19.73734402656555, 16.504192352294922, 15.151666641235352, 14.164515972137451, 14.474342823028564, 13.830119371414185, 13.811808824539185, 13.739562511444092, 10.83993649482727, 9.37605881690979, 9.373739004135132, 8.3694007396698, 23.174424409866333, 12.767818689346313, 16.704823970794678, 14.970706701278687, 14.58309030532837, 15.33147668838501, 15.362117528915405, 15.553271770477295, 12.793742179870605, 9.398234128952026, 19.540826320648193, 11.491837501525879, 17.095383167266846, 19.87110137939453], "HS-postpone-time": [0, 0.6952130794525146, 0, 0, 0.925445556640625, 0, 0, 0, 1.0075562000274658, 0, 0, 2.0258986949920654, 0, 0, 0, 0, 0, 0, 0, 0, 0, 0, 0, 0, 0.36725378036499023, 0, 0.8658862113952637, 0.4499213695526123, 0, 0, 0, 0, 0, 1.337402105331421, 0, 0, 0.6456313133239746, 0, 0, 0, 0, 0, 0.5488908290863037, 0.4019908905029297, 0, 0, 0, 0, 0, 0, 0, 0, 0, 0.4762144088745117, 0.21931076049804688, 0, 0, 0, 0, 0, 0, 0, 0, 0, 0, 0, 0.20262384414672852, 0.09206795692443848, 0.16340398788452148, 0, 0, 0, 0, 0, 0, 0, 0, 0, 0, 0, 0, 0, 0, 0, 0, 0, 0, 0, 0, 0, 0.031568050384521484, 0, 0, 0, 0, 0, 0, 0, 0, 0, 0.018375396728515625, 0, 0, 0.005525112152099609], "SAT-time": [0.2515718936920166, 10.758519411087036, 0.0011742115020751953, 0.0012319087982177734, 12.717445611953735, 0.00121307373046875, 0.0029745101928710938, 0.001239776611328125, 12.99804162979126, 0.0012631416320800781, 0.0028710365295410156, 19.649818420410156, 0.0029206275939941406, 0.0012881755828857422, 0.0029478073120117188, 0.0012693405151367188, 0.0028994083404541016, 0.0012788772583007812, 0.003005504608154297, 0.0012242794036865234, 0.002915620803833008, 0.0012965202331542969, 0.0029180049896240234, 0.0012328624725341797, 9.09178376197815, 0.001748800277709961, 13.60127568244934, 9.138459205627441, 0.003050565719604492, 0.0013535022735595703, 0.003019094467163086, 0.0013592243194580078, 0.0030241012573242188, 17.424386024475098, 0.0030889511108398438, 0.0013327598571777344, 10.524441003799438, 0.0013134479522705078, 0.003018617630004883, 0.0013470649719238281, 0.002988100051879883, 0.0013785362243652344, 12.343292713165283, 9.064500570297241, 0.0030291080474853516, 0.0013794898986816406, 0.0030975341796875, 0.0013494491577148438, 0.0030014514923095703, 0.0012743473052978516, 0.0030655860900878906, 0.0013570785522460938, 0.003160715103149414, 11.413357973098755, 6.853213787078857, 0.0012924671173095703, 0.0030045509338378906, 0.0013134479522705078, 0.0030541419982910156, 0.0013432502746582031, 0.003078937530517578, 0.001329183578491211, 0.0030622482299804688, 0.0012831687927246094, 0.002996206283569336, 0.0013306140899658203, 6.867816686630249, 3.8919198513031006, 5.9086785316467285, 0.0013434886932373047, 0.0013327598571777344, 0.003092050552368164, 0.001354217529296875, 0.0013556480407714844, 0.003126382827758789, 0.0013816356658935547, 0.0013561248779296875, 0.003113985061645508, 0.0013439655303955078, 0.003106832504272461, 0.0013992786407470703, 0.003068685531616211, 0.001332998275756836, 0.0031545162200927734, 0.0013947486877441406, 0.0031366348266601562, 0.0013580322265625, 0.0031163692474365234, 0.0013842582702636719, 0.0013976097106933594, 2.596529960632324, 0.001354217529296875, 0.0031054019927978516, 0.0013701915740966797, 0.0031235218048095703, 0.0013744831085205078, 0.003046751022338867, 0.0013332366943359375, 0.0030982494354248047, 0.0013861656188964844, 1.8675613403320312, 0.0013527870178222656, 0.003056049346923828, 0.783036470413208], "grow-time": [4.825449705123901, 297.73554706573486, 0, 0, 354.31605076789856, 0, 0, 0, 441.0960924625397, 0, 0, 619.1206479072571, 0, 0, 0, 0, 0, 0, 0, 0, 0, 0, 0, 0, 225.28544187545776, 0, 386.6580183506012, 248.65999746322632, 0, 0, 0, 0, 0, 461.0033254623413, 0, 0, 295.10343050956726, 0, 0, 0, 0, 0, 462.4432182312012, 263.5099313259125, 0, 0, 0, 0, 0, 0, 0, 0, 0, 319.4693431854248, 177.62424898147583, 0, 0, 0, 0, 0, 0, 0, 0, 0, 0, 0, 254.36662435531616, 107.70114588737488, 160.57369017601013, 0, 0, 0, 0, 0, 0, 0, 0, 0, 0, 0, 0, 0, 0, 0, 0, 0, 0, 0, 0, 0, 54.359941244125366, 0, 0, 0, 0, 0, 0, 0, 0, 0, 38.97385501861572, 0, 0, 16.24384880065918], "#expl": 103, "expl_seq": [{"constraints": [49310], "derived": [-47675]}, {"constraints": [49311], "derived": [47679]}, {"constraints": [47776, 47679], "derived": [-47680, -47678, -47677, -47676]}, {"constraints": [47774, 47679], "derived": [-47669, -47684, -47674, -47689]}, {"constraints": [49303], "derived": [-47623]}, {"constraints": [49307, -47689], "derived": [47636]}, {"constraints": [47768, 47636], "derived": [-47640, -47639, -47638, -47637]}, {"constraints": [47636, 47766], "derived": [-47616, -47631, -47621, -47626]}, {"constraints": [47793, -47626, 47679],