{"config": {"preseeding": false, "sat-polarity": true, "sat-polarity-initial": false, "postpone_opt": false, "postpone_opt_incr": false, "postpone_opt_greedy": false, "grow": true, "grow_sat": false, "grow_subset_maximal": false, "grow_maxsat": true, "maxsat_polarities": true, "grow_maxsat_full_pos": false, "grow_maxsat_full_inv": false, "grow_maxsat_full_unif": false, "grow_maxsat_initial_pos": false, "grow_maxsat_initial_inv": true, "grow_maxsat_initial_unif": false, "grow_maxsat_actual_pos": false, "grow_maxsat_actual_unif": false, "grow_maxsat_actual_inv": false, "timeout": 7200, "instance": "p20", "output": "/data/brussel/101/vsc10143/OUSResults/experiment4/2021011320/20210113205709642397.json"}, "results": {"HS": [0, 45, 5, 10, 4, 18, 4, 8, 8, 8, 46, 2, 36, 2, 3, 7, 3, 4, 1, 3, 3, 1, 2, 24, 4, 2, 6, 16, 7, 52, 1, 1, 2, 31, 1, 39, 98, 8, 2, 45, 2, 3, 1, 1, 1, 38, 5, 58, 1, 4, 2, 8, 1, 3, 1, 1, 8, 108, 41, 1, 34, 3, 3, 2, 1, 1, 18, 1, 6, 1, 2, 2, 102, 2, 1, 7, 1, 5, 1, 18, 1, 27, 17, 22, 1, 2, 1, 1, 7, 1, 12, 1, 1, 34, 1, 1, 1, 2, 39, 16, 51, 1, 26, 2, 32, 6, 1, 1, 2, 2, 6, 17, 1, 1, 1, 3, 1, 1], "HS_greedy": [0, 0, 0, 0, 0, 0, 0, 0, 0, 0, 0, 0, 0, 0, 0, 0, 0, 0, 0, 0, 0, 0, 0, 0, 0, 0, 0, 0, 0, 0, 0, 0, 0, 0, 0, 0, 0, 0, 0, 0, 0, 0, 0, 0, 0, 0, 0, 0, 0, 0, 0, 0, 0, 0, 0, 0, 0, 0, 0, 0, 0, 0, 0, 0, 0, 0, 0, 0, 0, 0, 0, 0, 0, 0, 0, 0, 0, 0, 0, 0, 0, 0, 0, 0, 0, 0, 0, 0, 0, 0, 0, 0, 0, 0, 0, 0, 0, 0, 0, 0, 0, 0, 0, 0, 0, 0, 0, 0, 0, 0, 0, 0, 0, 0, 0, 0, 0, 0], "HS_incr": [0, 0, 0, 0, 0, 0, 0, 0, 0, 0, 0, 0, 0, 0, 0, 0, 0, 0, 0, 0, 0, 0, 0, 0, 0, 0, 0, 0, 0, 0, 0, 0, 0, 0, 0, 0, 0, 0, 0, 0, 0, 0, 0, 0, 0, 0, 0, 0, 0, 0, 0, 0, 0, 0, 0, 0, 0, 0, 0, 0, 0, 0, 0, 0, 0, 0, 0, 0, 0, 0, 0, 0, 0, 0, 0, 0, 0, 0, 0, 0, 0, 0, 0, 0, 0, 0, 0, 0, 0, 0, 0, 0, 0, 0, 0, 0, 0, 0, 0, 0, 0, 0, 0, 0, 0, 0, 0, 0, 0, 0, 0, 0, 0, 0, 0, 0, 0, 0], "HS-opt-time": [0, 0.16562199592590332, 0.1106257438659668, 0.3912949562072754, 0.09850907325744629, 0.547222375869751, 0.31783223152160645, 0.29007720947265625, 0.338301420211792, 0.661273717880249, 12.986760377883911, 0.17399334907531738, 3.6117143630981445, 0.26920628547668457, 0.3909885883331299, 0.8081138134002686, 0.2827916145324707, 0.37925124168395996, 0.12964296340942383, 0.4019620418548584, 0.30399537086486816, 0.10390901565551758, 0.39288759231567383, 6.949140787124634, 1.3640036582946777, 0.8095998764038086, 4.187060356140137, 7.958070278167725, 1.0808560848236084, 8.690600156784058, 0.2293994426727295, 0.188262939453125, 0.47736668586730957, 5.740801095962524, 0.24592804908752441, 27.13049840927124, 33.287938594818115, 3.2424631118774414, 1.0915584564208984, 23.890318393707275, 1.3348608016967773, 1.7530040740966797, 0.6427860260009766, 0.6247527599334717, 0.5731887817382812, 34.38253617286682, 3.536128520965576, 48.03807783126831, 0.8511815071105957, 3.477374792098999, 1.8334410190582275, 6.301270008087158, 0.8637850284576416, 2.520491600036621, 0.9028756618499756, 0.8513317108154297, 20.178033351898193, 117.7441565990448, 51.64905595779419, 1.503483533859253, 43.52819514274597, 3.9383456707000732, 4.980946063995361, 3.0513319969177246, 1.6240167617797852, 1.4861547946929932, 24.69842267036438, 1.6544623374938965, 9.173753499984741, 1.4688677787780762, 3.149822235107422, 2.7283012866973877, 139.6868872642517, 3.2397541999816895, 1.433581829071045, 10.46422529220581, 1.6376333236694336, 8.784131288528442, 1.665830135345459, 28.99656343460083, 1.5960545539855957, 73.3734872341156, 26.654515743255615, 36.55697560310364, 1.8109192848205566, 4.611692905426025, 1.778930425643921, 1.817089319229126, 10.934275150299072, 1.7704102993011475, 18.468549728393555, 1.7446200847625732, 1.655292272567749, 56.31674933433533, 1.8217494487762451, 1.7705776691436768, 1.7886435985565186, 3.3721301555633545, 88.17590022087097, 28.78055167198181, 93.42505431175232, 1.8984835147857666, 47.70072841644287, 3.6606059074401855, 61.42229509353638, 11.383311748504639, 1.9323539733886719, 1.9469213485717773, 3.7736284732818604, 3.7387378215789795, 10.946501970291138, 32.72249460220337, 1.8244783878326416, 1.8709309101104736, 1.8908720016479492, 5.338396310806274, 1.7363145351409912, 1.7204256057739258], "HS-postpone-time": [0, 0, 0, 0, 0, 0, 0, 0, 0, 0, 0, 0, 0, 0, 0, 0, 0, 0, 0, 0, 0, 0, 0, 0, 0, 0, 0, 0, 0, 0, 0, 0, 0, 0, 0, 0, 0, 0, 0, 0, 0, 0, 0, 0, 0, 0, 0, 0, 0, 0, 0, 0, 0, 0, 0, 0, 0, 0, 0, 0, 0, 0, 0, 0, 0, 0, 0, 0, 0, 0, 0, 0, 0, 0, 0, 0, 0, 0, 0, 0, 0, 0, 0, 0, 0, 0, 0, 0, 0, 0, 0, 0, 0, 0, 0, 0, 0, 0, 0, 0, 0, 0, 0, 0, 0, 0, 0, 0, 0, 0, 0, 0, 0, 0, 0, 0, 0, 0], "SAT-time": [0, 0.15081405639648438, 0.013942241668701172, 0.0320432186126709, 0.010508060455322266, 0.06054973602294922, 0.0106048583984375, 0.025904417037963867, 0.02419281005859375, 0.026844263076782227, 0.15658092498779297, 0.004884243011474609, 0.12135124206542969, 0.004955768585205078, 0.007234096527099609, 0.0222475528717041, 0.007127523422241211, 0.011471748352050781, 0.0007326602935791016, 0.007970571517944336, 0.007134914398193359, 0.0019257068634033203, 0.004072427749633789, 0.0824270248413086, 0.011369943618774414, 0.005473136901855469, 0.019056081771850586, 0.05588960647583008, 0.020809173583984375, 0.17979168891906738, 0.0007476806640625, 0.0018792152404785156, 0.004000186920166016, 0.10651469230651855, 0.0007283687591552734, 0.13600921630859375, 0.34834742546081543, 0.02642679214477539, 0.004084348678588867, 0.15936708450317383, 0.004101991653442383, 0.008580923080444336, 0.0007648468017578125, 0.0019223690032958984, 0.0007565021514892578, 0.13779282569885254, 0.01524972915649414, 0.21145939826965332, 0.00078582763671875, 0.012187004089355469, 0.004149913787841797, 0.026362180709838867, 0.0007791519165039062, 0.008297443389892578, 0.0007660388946533203, 0.0018832683563232422, 0.025528430938720703, 0.3835015296936035, 0.14318084716796875, 0.0019941329956054688, 0.11815285682678223, 0.008821249008178711, 0.00773930549621582, 0.005154609680175781, 0.0007627010345458984, 0.0019762516021728516, 0.061499834060668945, 0.0019040107727050781, 0.018131256103515625, 0.0019316673278808594, 0.004122257232666016, 0.00498509407043457, 0.3546290397644043, 0.005215167999267578, 0.0007832050323486328, 0.022986173629760742, 0.0007517337799072266, 0.015635013580322266, 0.0007944107055664062, 0.06285715103149414, 0.0007624626159667969, 0.09432268142700195, 0.05766415596008301, 0.07710123062133789, 0.0008084774017333984, 0.005294084548950195, 0.0007762908935546875, 0.0019278526306152344, 0.02166271209716797, 0.00194549560546875, 0.04069256782531738, 0.0019943714141845703, 0.000782012939453125, 0.12040853500366211, 0.00078582763671875, 0.001965045928955078, 0.0007867813110351562, 0.0052492618560791016, 0.13558554649353027, 0.05541872978210449, 0.18038201332092285, 0.002019643783569336, 0.09497284889221191, 0.005314350128173828, 0.1151423454284668, 0.020109176635742188, 0.0007767677307128906, 0.0019865036010742188, 0.004148244857788086, 0.00504302978515625, 0.018439292907714844, 0.06138157844543457, 0.0007996559143066406, 0.0019826889038085938, 0.0008034706115722656, 0.009105205535888672, 0.0008094310760498047, 0.002025127410888672],