{"config": {"preseeding": false, "sat-polarity": true, "sat-polarity-initial": true, "postpone_opt": true, "postpone_opt_incr": true, "postpone_opt_greedy": false, "grow": true, "grow_sat": false, "grow_subset_maximal": false, "grow_maxsat": true, "maxsat_polarities": true, "grow_maxsat_full_pos": false, "grow_maxsat_full_inv": false, "grow_maxsat_full_unif": false, "grow_maxsat_initial_pos": false, "grow_maxsat_initial_inv": false, "grow_maxsat_initial_unif": true, "grow_maxsat_actual_pos": false, "grow_maxsat_actual_unif": false, "grow_maxsat_actual_inv": false, "timeout": 7200, "instance": "p20", "output": "/data/brussel/101/vsc10143/OUSResults/experiment4/2021011320/20210113205709643290.json"}, "results": {"HS": [0, 12, 2, 3, 2, 1, 1, 4, 4, 3, 6, 1, 5, 1, 1, 1, 1, 1, 1, 1, 2, 1, 1, 5, 2, 1, 7, 4, 3, 2, 1, 1, 1, 3, 1, 4, 2, 1, 1, 2, 1, 1, 2, 1, 1, 8, 3, 1, 2, 2, 2, 1, 1, 1, 2, 1, 3, 4, 4, 3, 2, 1, 2, 1, 3, 1, 1, 1, 2, 1, 2, 2, 1, 1, 1, 2, 1, 2, 1, 2, 1, 6, 2, 7, 1, 1, 1, 1, 1, 3, 2, 1, 3, 1, 1, 1, 1, 2, 8, 4, 3, 1, 1, 3, 1, 1, 1, 2, 1, 2, 5, 4, 1, 1, 1, 2, 2, 1], "HS_greedy": [0, 0, 0, 0, 0, 0, 0, 0, 0, 0, 0, 0, 0, 0, 0, 0, 0, 0, 0, 0, 0, 0, 0, 0, 0, 0, 0, 0, 0, 0, 0, 0, 0, 0, 0, 0, 0, 0, 0, 0, 0, 0, 0, 0, 0, 0, 0, 0, 0, 0, 0, 0, 0, 0, 0, 0, 0, 0, 0, 0, 0, 0, 0, 0, 0, 0, 0, 0, 0, 0, 0, 0, 0, 0, 0, 0, 0, 0, 0, 0, 0, 0, 0, 0, 0, 0, 0, 0, 0, 0, 0, 0, 0, 0, 0, 0, 0, 0, 0, 0, 0, 0, 0, 0, 0, 0, 0, 0, 0, 0, 0, 0, 0, 0, 0, 0, 0, 0], "HS_incr": [0, 216, 16, 8, 4, 0, 0, 47, 53, 44, 94, 0, 50, 0, 0, 0, 0, 0, 0, 0, 22, 0, 0, 75, 15, 0, 87, 54, 39, 21, 0, 0, 0, 42, 0, 30, 4, 0, 0, 18, 0, 0, 3, 0, 0, 114, 43, 0, 19, 15, 17, 0, 0, 0, 21, 0, 21, 44, 35, 16, 17, 0, 7, 0, 16, 0, 0, 0, 9, 0, 2, 8, 0, 0, 0, 3, 0, 21, 0, 2, 0, 69, 1, 56, 0, 0, 0, 0, 0, 18, 5, 0, 9, 0, 0, 0, 0, 5, 93, 21, 17, 0, 0, 17, 0, 0, 0, 4, 0, 1, 38, 25, 0, 0, 0, 23, 3, 0], "HS-opt-time": [0, 0.6867928504943848, 0.345980167388916, 0.5346212387084961, 0.6533305644989014, 0.4019169807434082, 0.5140764713287354, 0.7601196765899658, 0.9424660205841064, 1.6154029369354248, 10.32720136642456, 0.5670197010040283, 2.9894349575042725, 0.8001320362091064, 0.7548122406005859, 0.7824699878692627, 0.7495357990264893, 0.7892775535583496, 0.7246222496032715, 1.0419492721557617, 1.6302101612091064, 0.8397731781005859, 1.1713025569915771, 9.577521085739136, 5.4801695346832275, 3.099139451980591, 22.30745816230774, 17.977617979049683, 5.715921640396118, 3.2298505306243896, 2.201162576675415, 2.6397249698638916, 2.291882038116455, 5.582293510437012, 2.5756301879882812, 17.273032426834106, 3.587035655975342, 2.2030863761901855, 1.8497657775878906, 4.538865566253662, 1.7956397533416748, 1.970916509628296, 5.373389720916748, 2.1387453079223633, 2.389183521270752, 31.992875814437866, 7.764087677001953, 2.3840887546539307, 4.707131862640381, 4.927901268005371, 5.245244741439819, 2.5076253414154053, 2.7164382934570312, 2.4863853454589844, 4.985161781311035, 2.6635422706604004, 8.885864973068237, 9.916606903076172, 10.044508695602417, 7.395613670349121, 5.201169013977051, 2.816873788833618, 5.582806587219238, 3.1062262058258057, 7.9297826290130615, 3.2620668411254883, 3.4886398315429688, 3.032132625579834, 5.691163539886475, 2.9398648738861084, 5.950150728225708, 5.978105068206787, 2.6280784606933594, 2.824925184249878, 2.561309576034546, 5.165374517440796, 2.7112209796905518, 5.524677515029907, 2.7999024391174316, 5.400720119476318, 2.480783700942993, 25.47459578514099, 6.257613897323608, 21.036399602890015, 2.9787421226501465, 2.7996530532836914, 3.109961748123169, 3.1094212532043457, 2.7816085815429688, 8.86983609199524, 5.225735664367676, 3.409971237182617, 8.83183240890503, 2.7361364364624023, 2.7214863300323486, 2.5603983402252197, 2.96848726272583, 5.9607672691345215, 26.086663007736206, 11.675908327102661, 8.392996072769165, 2.655651569366455, 2.7394161224365234, 8.415924787521362, 2.560586929321289, 2.8489174842834473, 3.1483898162841797, 6.039179563522339, 2.887542486190796, 6.288234233856201, 13.717304468154907, 12.470601797103882, 2.469968795776367, 2.574469804763794, 2.6880805492401123, 5.573039770126343, 5.499455213546753, 2.8186676502227783], "HS-postpone-time": [0, 0.00972890853881836, 0.000759124755859375, 0.0003573894500732422, 0.0001747608184814453, 0, 0, 0.0021483898162841797, 0.0024518966674804688, 0.0021572113037109375, 0.0048677921295166016, 0, 0.0021970272064208984, 0, 0, 0, 0, 0, 0, 0, 0.0011076927185058594, 0, 0, 0.003726482391357422, 0.0007367134094238281, 0, 0.004338264465332031, 0.002627849578857422, 0.001827239990234375, 0.0009906291961669922, 0, 0, 0, 0.002048015594482422, 0, 0.0013740062713623047, 0.00015234947204589844, 0, 0, 0.0008912086486816406, 0, 0, 0.00012993812561035156, 0, 0, 0.005936861038208008, 0.0021889209747314453, 0, 0.0008869171142578125, 0.0006682872772216797, 0.0008380413055419922, 0, 0, 0, 0.0009140968322753906, 0, 0.0008573532104492188, 0.0018131732940673828, 0.0015823841094970703, 0.0006761550903320312, 0.0007727146148681641, 0, 0.0002682209014892578, 0, 0.0006701946258544922, 0, 0, 0, 0.0003502368927001953, 0, 6.747245788574219e-05, 0.0003428459167480469, 0, 0, 0, 0.0001220703125, 0, 0.0009641647338867188, 0, 7.653236389160156e-05, 0, 0.0031752586364746094, 3.4332275390625e-05, 0.0021305084228515625, 0, 0, 0, 0, 0, 0.0006937980651855469, 0.00015211105346679688, 0, 0.00032830238342285156, 0, 0, 0, 0, 0.00017976760864257812, 0.0038423538208007812, 0.0007262229919433594, 0.0005884170532226562, 0, 0, 0.0005965232849121094, 0, 0, 0, 0.00010943412780761719, 0, 3.933906555175781e-05, 0.0012476444244384766, 0.0008988380432128906, 0, 0, 0, 0.0009264945983886719, 8.20159912109375e-05, 0],