{"config": {"preseeding": true, "sat-polarity": true, "sat-polarity-initial": false, "postpone_opt": true, "postpone_opt_incr": true, "postpone_opt_greedy": false, "grow": true, "grow_sat": false, "grow_subset_maximal": true, "grow_maxsat": false, "maxsat_polarities": true, "grow_maxsat_full_pos": false, "grow_maxsat_full_inv": false, "grow_maxsat_full_unif": false, "grow_maxsat_initial_pos": false, "grow_maxsat_initial_inv": false, "grow_maxsat_initial_unif": false, "grow_maxsat_actual_pos": false, "grow_maxsat_actual_unif": false, "grow_maxsat_actual_inv": false, "timeout": 7200, "instance": "p20", "output": "/data/brussel/101/vsc10143/OUSResults/experiment4/2021011320/20210113205709644370.json"}, "results": {"HS": [0, 60, 1, 1, 24, 5, 18, 1, 3, 8, 39, 1, 1, 2, 5, 3, 1, 2, 1, 1, 95], "HS_greedy": [0, 0, 0, 0, 0, 0, 0, 0, 0, 0, 0, 0, 0, 0, 0, 0, 0, 0, 0, 0, 0], "HS_incr": [0, 506, 0, 0, 151, 42, 216, 0, 12, 22, 263, 0, 0, 4, 24, 9, 0, 10, 0, 0, 407], "HS-opt-time": [0, 47.91017770767212, 2.5382027626037598, 2.4720096588134766, 68.18800973892212, 20.440826654434204, 99.98521256446838, 7.07665228843689, 21.532034397125244, 53.89191460609436, 441.7089216709137, 6.844615459442139, 6.460529088973999, 9.514871597290039, 31.647596836090088, 21.684568643569946, 7.45986270904541, 15.542938709259033, 12.217827796936035, 6.884473562240601, 6185.055143594742], "HS-postpone-time": [0, 0.02293109893798828, 0, 0, 0.006552696228027344, 0.0018401145935058594, 0.011160135269165039, 0, 0.0005059242248535156, 0.0009686946868896484, 0.012668848037719727, 0, 0, 0.00014638900756835938, 0.000982046127319336, 0.0003731250762939453, 0, 0.0004298686981201172, 0, 0, 0.01766824722290039], "SAT-time": [1.0777504444122314, 12.630727529525757, 0.001237630844116211, 0.002931356430053711, 3.836146116256714, 1.0933055877685547, 5.5329554080963135, 0.0012881755828857422, 0.2624340057373047, 0.5338823795318604, 6.555252313613892, 0.001361846923828125, 0.0031533241271972656, 0.07825183868408203, 0.551647424697876, 0.1977553367614746, 0.0013566017150878906, 0.2150402069091797, 0.0031120777130126953, 0.0013484954833984375, 10.446054697036743], "grow-time": [0.8160288333892822, 8.720477819442749, 0, 0, 2.6928043365478516, 0.7874660491943359, 3.882345199584961, 0, 0.17846274375915527, 0.37082433700561523, 4.530634641647339, 0, 0, 0.05185651779174805, 0.36362695693969727, 0.13151979446411133, 0, 0.14547228813171387, 0, 0, 7.038758039474487], "#expl": 19, "expl_seq": [{"constraints": [39788], "derived": [38156]}, {"constraints": [38251, 38156], "derived": [-38151, -38166, -38146, -38161]}, {"constraints": [38156, 38253], "derived": [-38157, -38155, -38154, -38153]}, {"constraints": [39787], "derived": [-38152]}, {"constraints": [39780], "derived": [-38100]}, {"constraints": [39784, -38166], "derived": [38113]}, {"constraints": [38113, 38243], "derived": [-38103, -38093, -38108, -38098]}, {"constraints": [38113, 38245], "derived": [-38117, -38116, -38115, -38114]}, {"constraints": [-38103, 38156, 38270], "derived": [-38196]}, {"constraints": [39784, -38166, -38161, -38151, -38146], "derived": [38130]}, {"constraints": [38249, 38130], "derived": [-38128, -38132, -38131, -38129]}, {"constraints": [38130, 38247], "derived": [-38120, -38135, -38125, -38140]}, {"constraints": [38113, 38268, -38140], "derived": [-38170]}, {"constraints": [38273, 38156, -38132], "derived": [-38241]}, {"constraints": [38130, -38157, 38274], "derived": [-38232]}, {"constraints": [38273, 38156, -38131], "derived": [-38236]}, {"constraints": [38130, 38275, 38156], "derived": [38231]}, {"constraints": [38231, 38263], "derived": [-38221, -38226]}, {"constraints": [38265, 38231], "derived": [-38230, -38229, -38228]}], "OUS-time": [0, 63.99110794067383, 2.541795015335083, 2.4765732288360596, 73.10752749443054, 21.838515996932983, 107.0518524646759, 7.079394340515137, 21.87906241416931, 54.58013725280762, 450.09844183921814, 6.848939895629883, 6.466023921966553, 9.619383335113525, 32.35692644119263, 21.942270755767822, 7.463144779205322, 15.825401067733765, 12.222933292388916, 6.890934705734253, 0], "timeout": true}}