{"config": {"preseeding": true, "sat-polarity": true, "sat-polarity-initial": false, "postpone_opt": true, "postpone_opt_incr": true, "postpone_opt_greedy": true, "grow": true, "grow_sat": false, "grow_subset_maximal": false, "grow_maxsat": true, "maxsat_polarities": true, "grow_maxsat_full_pos": false, "grow_maxsat_full_inv": false, "grow_maxsat_full_unif": false, "grow_maxsat_initial_pos": false, "grow_maxsat_initial_inv": false, "grow_maxsat_initial_unif": false, "grow_maxsat_actual_pos": false, "grow_maxsat_actual_unif": true, "grow_maxsat_actual_inv": false, "timeout": 7200, "instance": "p20", "output": "/data/brussel/101/vsc10143/OUSResults/experiment4/2021011320/20210113205709644900.json"}, "results": {"HS": [0, 2, 5, 1, 1, 1, 2, 1, 1, 1, 1, 1, 1, 1, 1, 1, 1, 1, 1, 2, 1, 1, 1, 1, 1, 6, 1, 2, 1, 1, 1, 1, 1, 1, 1, 1, 2, 1, 1, 1, 1, 2, 2, 1, 1, 1, 1, 1, 1, 1, 1, 1, 1, 1, 1, 1, 1, 1, 1, 1, 1, 1, 1, 1, 1, 1, 1, 1, 1, 2, 1, 1, 1, 1, 1, 1, 1, 2, 1, 1, 1, 1, 1, 1, 1, 1, 1, 1, 1, 1, 1, 2, 1, 1, 1, 1, 1, 1, 1, 1, 2, 1, 1, 1, 1, 1, 2, 1, 1, 1, 1, 1, 1, 1], "HS_greedy": [0, 7, 21, 0, 0, 0, 55, 0, 0, 0, 0, 0, 0, 0, 0, 0, 0, 0, 0, 53, 0, 0, 0, 0, 0, 63, 0, 70, 0, 0, 0, 0, 0, 0, 0, 0, 68, 0, 0, 0, 0, 57, 62, 0, 0, 0, 0, 0, 0, 0, 0, 0, 0, 0, 0, 0, 0, 0, 0, 0, 0, 0, 0, 0, 0, 0, 0, 0, 0, 37, 0, 0, 0, 0, 0, 0, 0, 34, 0, 0, 0, 0, 0, 0, 0, 0, 0, 0, 0, 0, 0, 36, 0, 0, 0, 0, 0, 0, 0, 0, 44, 0, 0, 0, 0, 0, 13, 0, 0, 0, 0, 0, 0, 0], "HS_incr": [0, 169, 571, 0, 0, 0, 1685, 0, 0, 0, 0, 0, 0, 0, 0, 0, 0, 0, 0, 1204, 0, 0, 0, 0, 0, 1438, 0, 1348, 0, 0, 0, 0, 0, 0, 0, 0, 1214, 0, 0, 0, 0, 909, 1038, 0, 0, 0, 0, 0, 0, 0, 0, 0, 0, 0, 0, 0, 0, 0, 0, 0, 0, 0, 0, 0, 0, 0, 0, 0, 0, 500, 0, 0, 0, 0, 0, 0, 0, 406, 0, 0, 0, 0, 0, 0, 0, 0, 0, 0, 0, 0, 0, 272, 0, 0, 0, 0, 0, 0, 0, 0, 226, 0, 0, 0, 0, 0, 58, 0, 0, 0, 0, 0, 0, 0], "HS-opt-time": [0, 0.1819157600402832, 11.47005558013916, 2.578556537628174, 2.1125388145446777, 2.5249505043029785, 17.690297603607178, 10.610408782958984, 9.704907417297363, 9.591791868209839, 15.119886636734009, 10.068732023239136, 9.733420610427856, 9.779946088790894, 9.818163633346558, 9.51332688331604, 9.541216850280762, 9.599966049194336, 9.407583713531494, 14.1065034866333, 4.59202766418457, 4.062954664230347, 7.628086566925049, 14.61062479019165, 20.776618003845215, 96.5114016532898, 21.879109859466553, 19.90736484527588, 9.287768840789795, 8.965392589569092, 8.351504802703857, 9.327788352966309, 8.205906391143799, 7.897523403167725, 13.075798273086548, 8.225851774215698, 16.468765020370483, 9.427970170974731, 14.638319969177246, 8.505979537963867, 7.859212875366211, 25.372098922729492, 21.08472490310669, 10.485685586929321, 10.339219331741333, 10.139476776123047, 8.779627323150635, 8.420735597610474, 8.875624656677246, 8.274450540542603, 8.367316246032715, 17.76119637489319, 16.168519496917725, 24.754514694213867, 10.055184841156006, 19.683470964431763, 11.566825866699219, 9.783109903335571, 10.233601808547974, 13.846456527709961, 10.918817043304443, 14.280150890350342, 10.23698878288269, 9.72561502456665, 10.485156774520874, 10.510283708572388, 9.801613569259644, 14.084012508392334, 9.242088317871094, 16.426050662994385, 10.804422616958618, 11.790794849395752, 12.484663963317871, 10.616620063781738, 10.867997646331787, 10.726430416107178, 10.550240993499756, 23.282942533493042, 11.468711853027344, 11.027275323867798, 10.40959644317627, 10.05567979812622, 10.419633388519287, 9.801522254943848, 9.91374659538269, 9.52662444114685, 10.147785902023315, 9.074744939804077, 8.697509765625, 7.575670957565308, 7.152886390686035, 14.466413497924805, 7.653943300247192, 7.4881250858306885, 7.573876619338989, 8.402367353439331, 11.506705522537231, 10.736047744750977, 9.278244495391846, 11.611978769302368, 15.733248472213745, 8.114340782165527, 8.072401285171509, 8.199667692184448, 7.1799774169921875, 6.876121759414673, 13.062705993652344, 6.0512425899505615, 5.811995267868042, 6.18231463432312, 5.840699911117554, 5.694287061691284, 5.74441123008728, 5.707156181335449], "HS-postpone-time": [0, 0.029668331146240234, 0.24057650566101074, 0, 0, 0, 1.5412805080413818, 0, 0, 0, 0, 0, 0, 0, 0, 0, 0, 0, 0, 0.862860918045044, 0, 0, 0, 0, 0, 1.1787528991699219, 0, 1.2060832977294922, 0, 0, 0, 0, 0, 0, 0, 0, 0.9951536655426025, 0, 0, 0, 0, 0.6332643032073975, 0.7122323513031006, 0, 0, 0, 0, 0, 0, 0, 0, 0, 0, 0, 0, 0, 0, 0, 0, 0, 0, 0, 0, 0, 0, 0, 0, 0, 0, 0.1433112621307373, 0, 0, 0, 0, 0, 0, 0, 0.0919954776763916, 0, 0, 0, 0, 0, 0, 0, 0, 0, 0, 0, 0, 0, 0.052819013595581055, 0, 0, 0, 0, 0, 0, 0, 0, 0.04834461212158203, 0, 0, 0, 0, 0, 0.005581378936767578, 0, 0, 0, 0, 0, 0, 0], "SAT-time": [0.2928783893585205, 1.9588580131530762, 6.923808336257935, 0.002689361572265625, 0.0011513233184814453, 0.0027294158935546875, 21.204892873764038, 0.0029082298278808594, 0.0012552738189697266, 0.001279592514038086, 0.0027565956115722656, 0.0012040138244628906, 0.0028371810913085938, 0.0012309551239013672, 0.002869129180908203, 0.0012462139129638672, 0.0029222965240478516, 0.001268625259399414, 0.0029125213623046875, 14.900463104248047, 0.002954721450805664, 0.001291036605834961, 0.0030591487884521484, 0.0012378692626953125, 0.0031425952911376953, 17.86944270133972, 0.002906322479248047, 17.040628910064697, 0.0030269622802734375, 0.0013251304626464844, 0.003063678741455078, 0.0012733936309814453, 0.0030469894409179688, 0.0013184547424316406, 0.0013401508331298828, 0.002948284149169922, 15.702967405319214, 0.003053903579711914, 0.0012753009796142578, 0.0030422210693359375, 0.0013277530670166016, 11.747193574905396, 13.205774545669556, 0.0012891292572021484, 0.003170013427734375, 0.0013608932495117188, 0.0013246536254882812, 0.0031173229217529297, 0.0012929439544677734, 0.0012853145599365234, 0.003038644790649414, 0.0012972354888916016, 0.0012803077697753906, 0.0031049251556396484, 0.0012395381927490234, 0.0012340545654296875, 0.003167390823364258, 0.001306772232055664, 0.0013165473937988281, 0.003080129623413086, 0.0012850761413574219, 0.0013272762298583984, 0.0031061172485351562, 0.001256704330444336, 0.0031321048736572266, 0.001310586929321289, 0.001348257064819336, 0.0030574798583984375, 0.0012819766998291016, 6.375367879867554, 0.0030901432037353516, 0.0013027191162109375, 0.001291513442993164, 0.0031859874725341797, 0.0013453960418701172, 0.0013282299041748047, 0.0032486915588378906, 5.228596210479736, 0.0033485889434814453, 0.001310586929321289, 0.0031359195709228516, 0.0013306140899658203, 0.0031061172485351562, 0.0013098716735839844, 0.0030994415283203125, 0.0013339519500732422, 0.003246307373046875, 0.0013420581817626953, 0.0031049251556396484, 0.0013461112976074219, 0.0031282901763916016, 3.486008405685425, 0.001352071762084961, 0.0032210350036621094, 0.0013813972473144531, 0.0013458728790283203, 0.003182649612426758, 0.0014176368713378906, 0.0031349658966064453, 0.001302957534790039, 2.874488353729248, 0.0013442039489746094, 0.003349781036376953, 0.0013499259948730469, 0.0033578872680664062, 0.0013484954833984375, 0.7147617340087891, 0.0013117790222167969, 0.0030863285064697266, 0.0013496875762939453, 0.0031261444091796875, 0.0013141632080078125, 0.0031180381774902344, 0.0013384819030761719], "grow-time": [4.547748804092407, 26.953349828720093, 95.88580226898193, 0, 0, 0, 305.74700713157654, 0, 0, 0, 0, 0, 0, 0, 0, 0, 0, 0, 0, 216.79103660583496, 0, 0, 0, 0, 0, 263.52089619636536, 0, 251.87325835227966, 0, 0, 0, 0, 0, 0, 0, 0, 224.44705629348755, 0, 0, 0, 0, 160.04882073402405, 183.94441175460815, 0, 0, 0, 0, 0, 0, 0, 0, 0, 0, 0, 0, 0, 0, 0, 0, 0, 0, 0, 0, 0, 0, 0, 0, 0, 0, 84.78403830528259, 0, 0, 0, 0, 0, 0, 0, 66.65959405899048, 0, 0, 0, 0, 0, 0, 0, 0, 0, 0, 0, 0, 0, 44.46928119659424, 0, 0, 0, 0, 0, 0, 0, 0, 38.05265164375305, 0, 0, 0, 0, 0, 9.236762285232544, 0, 0, 0, 0, 0, 0, 0], "#expl": 113, "expl_seq": [{"constraints": [39788], "derived": [38156]}, {"constraints": [38156, 38253], "derived": [-38157, -38155, -38154, -38153]}, {"constraints": [38251, 38156],