{"config": {"preseeding": false, "sat-polarity": true, "sat-polarity-initial": false, "postpone_opt": false, "postpone_opt_incr": false, "postpone_opt_greedy": false, "grow": true, "grow_sat": false, "grow_subset_maximal": false, "grow_maxsat": true, "maxsat_polarities": true, "grow_maxsat_full_pos": false, "grow_maxsat_full_inv": false, "grow_maxsat_full_unif": false, "grow_maxsat_initial_pos": false, "grow_maxsat_initial_inv": false, "grow_maxsat_initial_unif": false, "grow_maxsat_actual_pos": false, "grow_maxsat_actual_unif": false, "grow_maxsat_actual_inv": true, "timeout": 7200, "instance": "p20", "output": "/data/brussel/101/vsc10143/OUSResults/experiment4/2021011320/20210113205709642558.json"}, "results": {"HS": [0, 45, 8, 10, 6, 6, 9, 7, 6, 3, 21, 9, 2, 2, 3, 2, 2, 1, 1, 4, 5, 1, 4, 5, 3, 7, 9, 16, 5, 4, 4, 2, 2, 5, 2, 14, 9, 3, 7, 17, 1, 3, 14, 6, 10, 5, 2, 1, 2, 3, 1, 2, 1, 15, 5, 9, 14, 5, 2, 1, 2, 3, 1, 3, 1, 1, 14, 2, 1, 1, 1, 2, 6, 1, 2, 1, 7, 4, 8, 6, 1, 3, 6, 4, 1, 3, 2, 2, 2, 4, 1, 3, 1, 6, 4, 7, 2, 1, 1, 6, 1, 1, 1, 1, 2, 4, 5, 1, 1, 3, 3, 1, 2], "HS_greedy": [0, 0, 0, 0, 0, 0, 0, 0, 0, 0, 0, 0, 0, 0, 0, 0, 0, 0, 0, 0, 0, 0, 0, 0, 0, 0, 0, 0, 0, 0, 0, 0, 0, 0, 0, 0, 0, 0, 0, 0, 0, 0, 0, 0, 0, 0, 0, 0, 0, 0, 0, 0, 0, 0, 0, 0, 0, 0, 0, 0, 0, 0, 0, 0, 0, 0, 0, 0, 0, 0, 0, 0, 0, 0, 0, 0, 0, 0, 0, 0, 0, 0, 0, 0, 0, 0, 0, 0, 0, 0, 0, 0, 0, 0, 0, 0, 0, 0, 0, 0, 0, 0, 0, 0, 0, 0, 0, 0, 0, 0, 0, 0, 0], "HS_incr": [0, 0, 0, 0, 0, 0, 0, 0, 0, 0, 0, 0, 0, 0, 0, 0, 0, 0, 0, 0, 0, 0, 0, 0, 0, 0, 0, 0, 0, 0, 0, 0, 0, 0, 0, 0, 0, 0, 0, 0, 0, 0, 0, 0, 0, 0, 0, 0, 0, 0, 0, 0, 0, 0, 0, 0, 0, 0, 0, 0, 0, 0, 0, 0, 0, 0, 0, 0, 0, 0, 0, 0, 0, 0, 0, 0, 0, 0, 0, 0, 0, 0, 0, 0, 0, 0, 0, 0, 0, 0, 0, 0, 0, 0, 0, 0, 0, 0, 0, 0, 0, 0, 0, 0, 0, 0, 0, 0, 0, 0, 0, 0, 0], "HS-opt-time": [0, 0.16454172134399414, 0.21457266807556152, 0.644456148147583, 0.18209171295166016, 0.15250682830810547, 0.6820733547210693, 0.2505183219909668, 0.224045991897583, 0.24665141105651855, 4.464181900024414, 0.610584020614624, 0.12600469589233398, 0.19002747535705566, 0.2055983543395996, 0.12185525894165039, 0.14837646484375, 0.07089662551879883, 0.08222365379333496, 0.3740057945251465, 0.29999256134033203, 0.08036971092224121, 0.5191435813903809, 1.0066957473754883, 0.5904669761657715, 1.7572054862976074, 2.5620548725128174, 5.694745063781738, 0.6998405456542969, 0.335498571395874, 0.46039533615112305, 0.2333686351776123, 0.26616644859313965, 0.49934887886047363, 0.31267857551574707, 2.6899280548095703, 1.007047176361084, 0.33318448066711426, 0.8651010990142822, 3.293492555618286, 0.13107633590698242, 0.42788052558898926, 3.1935019493103027, 0.9246835708618164, 1.3849942684173584, 0.8833391666412354, 0.35176968574523926, 0.1824188232421875, 0.4775681495666504, 0.47805142402648926, 0.1645801067352295, 0.27117276191711426, 0.24263691902160645, 5.453555583953857, 0.8306066989898682, 1.7008202075958252, 3.9030678272247314, 1.6448602676391602, 0.5148708820343018, 0.2668612003326416, 0.4992048740386963, 0.730466365814209, 0.24533343315124512, 0.7518656253814697, 0.26673269271850586, 0.2419147491455078, 4.3636369705200195, 0.39488959312438965, 0.2655026912689209, 0.24728918075561523, 0.22295045852661133, 0.4696378707885742, 1.6800446510314941, 0.23621368408203125, 0.45377135276794434, 0.24997901916503906, 2.048067092895508, 1.0151841640472412, 1.911116361618042, 1.7734191417694092, 0.3502769470214844, 0.9525082111358643, 1.9376156330108643, 1.1747875213623047, 0.30811166763305664, 0.839630126953125, 0.47113513946533203, 0.4930877685546875, 0.5338711738586426, 0.8551146984100342, 0.2177586555480957, 0.7731900215148926, 0.22130274772644043, 1.376466989517212, 0.8454344272613525, 1.5119588375091553, 0.44073486328125, 0.24390077590942383, 0.25334692001342773, 1.3042006492614746, 0.2688426971435547, 0.2812831401824951, 0.28011155128479004, 0.23502421379089355, 0.5783889293670654, 0.8287520408630371, 1.1608502864837646, 0.24065113067626953, 0.2257084846496582, 0.7145843505859375, 0.5934157371520996, 0.19609403610229492, 0.39054346084594727], "HS-postpone-time": [0, 0, 0, 0, 0, 0, 0, 0, 0, 0, 0, 0, 0, 0, 0, 0, 0, 0, 0, 0, 0, 0, 0, 0, 0, 0, 0, 0, 0, 0, 0, 0, 0, 0, 0, 0, 0, 0, 0, 0, 0, 0, 0, 0, 0, 0, 0, 0, 0, 0, 0, 0, 0, 0, 0, 0, 0, 0, 0, 0, 0, 0, 0, 0, 0, 0, 0, 0, 0, 0, 0, 0, 0, 0, 0, 0, 0, 0, 0, 0, 0, 0, 0, 0, 0, 0, 0, 0, 0, 0, 0, 0, 0, 0, 0, 0, 0, 0, 0, 0, 0, 0, 0, 0, 0, 0, 0, 0, 0, 0, 0, 0, 0], "SAT-time": [0, 0.15087270736694336, 0.025001049041748047, 0.0340573787689209, 0.0178983211517334, 0.017947673797607422, 0.029269933700561523, 0.022388219833374023, 0.018039464950561523, 0.00851130485534668, 0.07305335998535156, 0.029514551162719727, 0.0040285587310791016, 0.005915641784667969, 0.007386207580566406, 0.005315542221069336, 0.0038394927978515625, 0.0018780231475830078, 0.0007159709930419922, 0.01177358627319336, 0.014512062072753906, 0.0018582344055175781, 0.010715484619140625, 0.015767335891723633, 0.00864100456237793, 0.02393341064453125, 0.030702829360961914, 0.056615591049194336, 0.01525425910949707, 0.012543916702270508, 0.011523723602294922, 0.005398273468017578, 0.003835439682006836, 0.015792131423950195, 0.004288911819458008, 0.05008840560913086, 0.030261516571044922, 0.008318901062011719, 0.021951913833618164, 0.06182432174682617, 0.0007729530334472656, 0.009606361389160156, 0.051697731018066406, 0.02104949951171875, 0.035459041595458984, 0.017200469970703125, 0.004141569137573242, 0.0021076202392578125, 0.004242420196533203, 0.009140968322753906, 0.0008020401000976562, 0.005597352981567383, 0.0008268356323242188, 0.05856752395629883, 0.015531063079833984, 0.0322422981262207, 0.050598859786987305, 0.017022132873535156, 0.004141807556152344, 0.0019583702087402344, 0.004090070724487305, 0.008801460266113281, 0.00079345703125, 0.008887767791748047, 0.0007712841033935547, 0.001980304718017578, 0.04846477508544922, 0.005671501159667969, 0.0008199214935302734, 0.002017498016357422, 0.0008022785186767578, 0.005471706390380859, 0.01906871795654297, 0.0020165443420410156, 0.004136562347412109, 0.0019533634185791016, 0.02237987518310547, 0.01245570182800293, 0.0262300968170166, 0.020421266555786133, 0.0007803440093994141, 0.008832216262817383, 0.018905162811279297, 0.013152122497558594, 0.0007932186126708984, 0.009029865264892578, 0.004279375076293945, 0.0052950382232666016, 0.004420757293701172, 0.012903213500976562, 0.0007801055908203125, 0.008850574493408203, 0.0007851123809814453, 0.020927906036376953, 0.011989831924438477, 0.02521204948425293, 0.0042612552642822266, 0.002046823501586914, 0.0008184909820556641, 0.021454334259033203, 0.0008304119110107422, 0.0020482540130615234, 0.0007998943328857422, 0.002097606658935547, 0.0042002201080322266, 0.013035297393798828, 0.015590667724609375, 0.0021033287048339844, 0.0008292198181152344, 0.009124279022216797, 0.008010387420654297, 0.0020606517791748047, 0.0045773983001708984],