{"config": {"preseeding": true, "sat-polarity": true, "sat-polarity-initial": true, "postpone_opt": true, "postpone_opt_incr": true, "postpone_opt_greedy": true, "grow": true, "grow_sat": false, "grow_subset_maximal": false, "grow_maxsat": true, "maxsat_polarities": true, "grow_maxsat_full_pos": false, "grow_maxsat_full_inv": false, "grow_maxsat_full_unif": false, "grow_maxsat_initial_pos": false, "grow_maxsat_initial_inv": false, "grow_maxsat_initial_unif": true, "grow_maxsat_actual_pos": false, "grow_maxsat_actual_unif": false, "grow_maxsat_actual_inv": false, "timeout": 7200, "instance": "p25", "output": "/data/brussel/101/vsc10143/OUSResults/experiment4/2021011308/20210113084823363852.json"}, "results": {"HS": [0, 1, 3, 1, 1, 1, 1, 2, 1, 1, 1, 2, 1, 1, 1, 41, 8, 1, 1, 7, 1, 2, 1, 1, 1, 1, 1, 1, 1, 1, 2, 2, 1, 1, 1, 1, 3, 1, 1, 1, 1], "HS_greedy": [0, 0, 45, 0, 0, 0, 0, 78, 0, 0, 0, 32, 0, 0, 0, 99, 42, 0, 0, 49, 0, 66, 0, 0, 0, 0, 0, 0, 0, 0, 40, 41, 0, 0, 0, 0, 34, 0, 0, 0, 18], "HS_incr": [0, 0, 1259, 0, 0, 0, 0, 2491, 0, 0, 0, 878, 0, 0, 0, 1839, 909, 0, 0, 1272, 0, 2209, 0, 0, 0, 0, 0, 0, 0, 0, 1098, 1257, 0, 0, 0, 0, 778, 0, 0, 0, 404], "HS-opt-time": [0, 0.003928184509277344, 34.54215455055237, 10.716492414474487, 11.137780904769897, 16.84092140197754, 16.41962456703186, 44.12938642501831, 5.766148328781128, 5.992278814315796, 5.493266344070435, 51.42065095901489, 55.61630702018738, 34.85781002044678, 41.58457803726196, 2550.772437810898, 341.8284475803375, 11.746667623519897, 13.70813274383545, 272.1309564113617, 66.18700170516968, 143.01655960083008, 28.87292218208313, 16.309724807739258, 15.178776264190674, 14.564095258712769, 14.796202182769775, 13.38778018951416, 29.733524322509766, 24.821874380111694, 37.009573459625244, 37.73382258415222, 23.824388027191162, 23.8070011138916, 25.39616632461548, 24.493059873580933, 121.368567943573, 18.74893093109131, 25.24922204017639, 20.109573125839233, 15.89566421508789], "HS-postpone-time": [0, 0, 0.9805760383605957, 0, 0, 0, 0, 3.091808557510376, 0, 0, 0, 0.4548666477203369, 0, 0, 0, 3.4243011474609375, 0.6607575416564941, 0, 0, 0.9095661640167236, 0, 1.9951157569885254, 0, 0, 0, 0, 0, 0, 0, 0, 0.5543556213378906, 0.6033978462219238, 0, 0, 0, 0, 0.34818458557128906, 0, 0, 0, 0.08751940727233887], "SAT-time": [0.3072700500488281, 5.507469177246094e-05, 14.655842304229736, 0.002505064010620117, 0.0011436939239501953, 0.0025632381439208984, 0.0012145042419433594, 29.58840823173523, 0.0012576580047607422, 0.002801179885864258, 0.001318216323852539, 10.367702007293701, 0.0011627674102783203, 0.002772092819213867, 0.001132965087890625, 21.436015844345093, 10.142510652542114, 0.003029346466064453, 0.0011875629425048828, 13.893433332443237, 0.0012297630310058594, 24.1216721534729, 0.002870321273803711, 0.0012180805206298828, 0.0029921531677246094, 0.0012784004211425781, 0.0028617382049560547, 0.0012607574462890625, 0.0029659271240234375, 0.0012054443359375, 11.797203779220581, 13.642788648605347, 0.00311279296875, 0.0012464523315429688, 0.003027200698852539, 0.0012514591217041016, 8.468732833862305, 0.00122833251953125, 0.0031540393829345703, 0.001260519027709961, 4.350433588027954], "grow-time": [4.641054630279541, 0, 229.1504282951355, 0, 0, 0, 0, 482.8067789077759, 0, 0, 0, 156.48657202720642, 0, 0, 0, 340.82534646987915, 163.31994605064392, 0, 0, 232.93506479263306, 0, 390.2166209220886, 0, 0, 0, 0, 0, 0, 0, 0, 202.59260153770447, 227.97076773643494, 0, 0, 0, 0, 143.53799104690552, 0, 0, 0, 70.64390635490417], "#expl": 39, "expl_seq": [{"constraints": [37341], "derived": [-35705]}, {"constraints": [37337, 35831], "derived": [35789]}, {"constraints": [35819, 35789], "derived": [-35784, -35774, -35779, -35794]}, {"constraints": [35789, 35821], "derived": [-35792, -35791, -35790, -35793]}, {"constraints": [37338, 35799], "derived": [-35668, -35665]}, {"constraints": [37336, 35803], "derived": [-35686]}, {"constraints": [35825, 37339], "derived": [35725]}, {"constraints": [35811, 35725], "derived": [-35735, -35740, -35730, -35745]}, {"constraints": [35813, 35725], "derived": [-35728, -35727, -35726, -35724]}, {"constraints": [35834, -35779, 35725], "derived": [-35749]}, {"constraints": [37335, 35807], "derived": [-35706]}, {"constraints": [37336, 35799], "derived": [-35663]}, {"constraints": [35801, 37340], "derived": [-35672, -35673]}, {"constraints": [37338, 35803], "derived": [-35693, -35691]}, {"constraints": [35824, 37338, 35803], "derived": [-35733, -35748, -35731, -35746]}, {"constraints": [35812, 35813, -35733, 35725, -35731, -35748, -35746], "derived": [-35742, -35739, -35734, -35737]}, {"constraints": [35832, 35789, -35737], "derived": [-35759]}, {"constraints": [35832, -35742, 35789], "derived": [-35764]}, {"constraints": [-35742, -35740, -35739, 35825, -35693, -35691, 35806], "derived": [-35667]}, {"constraints": [-35734, -35668, -35667, -35665, 35825, -35724, 35802], "derived": [-35689]}, {"constraints": [35814, -35737, -35735, -35734, 35824, -35693, -35691], "derived": [-35666]}, {"constraints": [-35668, -35667, -35666, -35665, 35802], "derived": [35664]}, {"constraints": [35664, 35799], "derived": [-35654, -35669, -35659, -35649]}, {"constraints": [35664, 35825, -35727], "derived": [-35692]}, {"constraints": [35824, 35664, 35725], "derived": [35690]}, {"constraints": [35690, 35803], "derived": [-35680, -35695, -35685, -35675]}, {"constraints": [35690, -35779, 35831], "derived": [-35714]}, {"constraints": [-35680, 37335], "derived": [35656]}, {"constraints": [35656, 35801], "derived": [-35655, -35658, -35657]}, {"constraints": [35656, 35799], "derived": [-35671, -35661, -35651]}, {"constraints": [35656, 35825, -35737], "derived": [-35682]}, {"constraints": [35656, 35827, -35706], "derived": [-35761]}, {"constraints": [35656, -35759, 35828], "derived": [-35704]}, {"constraints": [35656, 35825, -35734], "derived": [-35679]}, {"constraints": [35656, 35827, -35705], "derived": [-35760]}, {"constraints": [-35673, -35668, -35663, -35658, 35800], "derived": [35653]}, {"constraints": [35801, 35653], "derived": [-35652, -35650]}, {"constraints": [35825, 35653, -35746], "derived": [-35676]}, {"constraints": [35825, -35748, 35653], "derived": [-35678]}], "OUS-time": [0, 0.005029916763305664, 283.02584886550903, 10.721279621124268, 11.139978647232056, 16.844537019729614, 16.423205852508545, 566.8950052261353, 5.7738940715789795, 5.99916410446167, 5.49566650390625, 221.12544751167297, 55.62889528274536, 34.86866235733032, 41.59214639663696, 2921.430900335312, 518.4216935634613, 11.762274503707886, 13.710644483566284, 523.2126643657684, 66.20016813278198, 565.2872037887573, 28.8896746635437, 16.319830894470215, 15.183467626571655, 14.566648960113525, 14.800364255905151, 13.390420198440552, 29.737764835357666, 24.83280897140503, 254.83469319343567, 283.16148352622986, 23.83132553100586, 23.813069105148315, 25.402909755706787, 24.499632120132446, 275.7009048461914, 18.754562854766846, 25.254732847213745, 20.115905046463013, 0], "timeout": true}}