{"config": {"preseeding": false, "sat-polarity": true, "sat-polarity-initial": true, "postpone_opt": true, "postpone_opt_incr": false, "postpone_opt_greedy": true, "grow": true, "grow_sat": false, "grow_subset_maximal": false, "grow_maxsat": true, "maxsat_polarities": true, "grow_maxsat_full_pos": false, "grow_maxsat_full_inv": false, "grow_maxsat_full_unif": false, "grow_maxsat_initial_pos": true, "grow_maxsat_initial_inv": false, "grow_maxsat_initial_unif": false, "grow_maxsat_actual_pos": false, "grow_maxsat_actual_unif": false, "grow_maxsat_actual_inv": false, "timeout": 7200, "instance": "p25", "output": "/data/brussel/101/vsc10143/OUSResults/experiment4/2021011308/20210113084823362119.json"}, "results": {"HS": [0, 7, 7, 2, 1, 1, 3, 1, 1, 7, 1, 4, 8, 1, 1, 3, 134, 70, 2, 1, 43, 15, 2, 12, 2, 2, 5, 10, 1, 1, 1, 1, 1, 15], "HS_greedy": [0, 42, 509, 374, 0, 0, 299, 0, 0, 455, 0, 226, 351, 0, 0, 335, 430, 361, 315, 0, 347, 220, 254, 298, 295, 146, 269, 170, 0, 0, 0, 0, 0, 245], "HS_incr": [0, 0, 0, 0, 0, 0, 0, 0, 0, 0, 0, 0, 0, 0, 0, 0, 0, 0, 0, 0, 0, 0, 0, 0, 0, 0, 0, 0, 0, 0, 0, 0, 0, 0], "HS-opt-time": [0, 0.2420198917388916, 17.780755519866943, 7.103857755661011, 5.751837491989136, 4.2162864208221436, 14.572618007659912, 2.0447678565979004, 1.8963897228240967, 60.94276213645935, 8.769710779190063, 33.85258102416992, 71.26728129386902, 5.233245611190796, 5.79287576675415, 20.07520866394043, 3151.137008190155, 943.7404315471649, 31.762965440750122, 16.573167324066162, 672.0925905704498, 369.59546279907227, 21.786542177200317, 278.1461284160614, 25.038829565048218, 24.801037549972534, 65.93492841720581, 133.19032192230225, 13.918811082839966, 13.788976669311523, 15.085463523864746, 13.45736813545227, 14.965732097625732, 207.19255924224854], "HS-postpone-time": [0, 0.03470897674560547, 3.9883477687835693, 2.0642306804656982, 0, 0, 1.2787916660308838, 0, 0, 2.9848108291625977, 0, 0.7094728946685791, 1.6657133102416992, 0, 0, 1.50596284866333, 2.537829875946045, 1.6964774131774902, 1.2737202644348145, 0, 1.5041234493255615, 0.6186046600341797, 0.8228127956390381, 1.1274681091308594, 1.1134555339813232, 0.2852518558502197, 0.8956742286682129, 0.3733224868774414, 0, 0, 0, 0, 0, 0.7265498638153076], "SAT-time": [0, 0.07905864715576172, 0.9992580413818359, 0.742464542388916, 0.0005586147308349609, 0.0015685558319091797, 0.6244773864746094, 0.0016207695007324219, 0.0005905628204345703, 0.9900157451629639, 0.0005838871002197266, 0.5336954593658447, 0.7613863945007324, 0.0016515254974365234, 0.0006284713745117188, 0.7845127582550049, 0.998384952545166, 0.8254048824310303, 0.7077832221984863, 0.0006380081176757812, 0.787163257598877, 0.5042135715484619, 0.5944304466247559, 0.7130696773529053, 0.7177715301513672, 0.3446629047393799, 0.6628775596618652, 0.41521739959716797, 0.001810312271118164, 0.0006492137908935547, 0.0018901824951171875, 0.0006768703460693359, 0.0018062591552734375, 0.5770208835601807], "grow-time": [0, 4.594558238983154, 76.30239057540894, 47.279496908187866, 0, 0, 35.57602143287659, 0, 0, 74.62992358207703, 0, 28.627320051193237, 47.13523077964783, 0, 0, 50.980973958969116, 83.17623567581177, 61.633723735809326, 48.5650634765625, 0, 52.460182666778564, 26.86253833770752, 32.624738693237305, 43.598822593688965, 43.2757728099823, 15.909036874771118, 37.95860695838928, 19.87369132041931, 0, 0, 0, 0, 0, 34.134926319122314], "#expl": 32, "expl_seq": [{"constraints": [1693], "derived": [-57]}, {"constraints": [153, 1692], "derived": [-24, -25]}, {"constraints": [1689, 181], "derived": [-136]}, {"constraints": [1690, 151], "derived": [-20, -17]}, {"constraints": [1690, 155], "derived": [-45, -43]}, {"constraints": [177, 1691], "derived": [77]}, {"constraints": [77, 165], "derived": [-80, -79, -78, -76]}, {"constraints": [163, 77], "derived": [-87, -92, -82, -97]}, {"constraints": [159, 1687], "derived": [-58]}, {"constraints": [1688, 151], "derived": [-15]}, {"constraints": [1688, 155], "derived": [-38]}, {"constraints": [1689, 183], "derived": [141]}, {"constraints": [141, 173], "derived": [-144, -143, -142, -145]}, {"constraints": [171, 141], "derived": [-126, -131, -146]}, {"constraints": [186, 77, -131], "derived": [-101]}, {"constraints": [176, 1690, 155], "derived": [-85, -100, -83, -98]}, {"constraints": [163, 166, -85, 77, -83, -100, -98], "derived": [-86, -94, -91, -89]}, {"constraints": [184, 141, -89], "derived": [-111]}, {"constraints": [184, -94, 141], "derived": [-116]}, {"constraints": [-89, -87, -86, 177, -45, -43, 158], "derived": [-18]}, {"constraints": [-94, -20, -18, -17, 177, -79, 154], "derived": [-44]}, {"constraints": [-44, 141, 181], "derived": [-66]}, {"constraints": [-94, -92, -91, 177, -45, -43, 158], "derived": [-19]}, {"constraints": [-20, -19, -18, -17, 154], "derived": [16]}, {"constraints": [16, 151], "derived": [-6, -21, -11, -1]}, {"constraints": [-6, 77, 175], "derived": [-32]}, {"constraints": [16, 177, -76], "derived": [-41]}, {"constraints": [-21, 77, 175], "derived": [-47]}, {"constraints": [77, -1, 175], "derived": [-27]}, {"constraints": [16, 77, 176], "derived": [42]}, {"constraints": [42, 155], "derived": [-37]}, {"constraints": [-32, 1687], "derived": [8]}], "OUS-time": [0, 5.002673387527466, 99.66002893447876, 57.62613916397095, 5.754061460494995, 4.220075607299805, 52.39666390419006, 2.048464298248291, 1.8979239463806152, 140.04971933364868, 8.771922826766968, 63.97096514701843, 121.21439909934998, 5.23749852180481, 5.7944090366363525, 73.70281219482422, 3238.3119909763336, 1008.2741057872772, 82.63332438468933, 16.575464963912964, 727.1998274326324, 397.8057236671448, 56.08996248245239, 323.89268946647644, 70.45538139343262, 41.49189877510071, 105.72906064987183, 154.0308940410614, 13.921708106994629, 13.790778160095215, 15.08845591545105, 13.459410429000854, 14.968578100204468, 0], "timeout": true}}