{"config": {"preseeding": true, "sat-polarity": true, "sat-polarity-initial": false, "postpone_opt": true, "postpone_opt_incr": true, "postpone_opt_greedy": false, "grow": true, "grow_sat": false, "grow_subset_maximal": false, "grow_maxsat": true, "maxsat_polarities": true, "grow_maxsat_full_pos": false, "grow_maxsat_full_inv": false, "grow_maxsat_full_unif": false, "grow_maxsat_initial_pos": false, "grow_maxsat_initial_inv": false, "grow_maxsat_initial_unif": true, "grow_maxsat_actual_pos": false, "grow_maxsat_actual_unif": false, "grow_maxsat_actual_inv": false, "timeout": 7200, "instance": "p93", "output": "/data/brussel/101/vsc10143/OUSResults/experiment4/2021011321/20210113210107973798.json"}, "results": {"HS": [0, 7, 2, 2, 1, 1, 2, 11, 1, 6, 2, 2, 3, 3, 2, 4, 2, 1, 1, 1, 12, 2, 10, 2, 2, 1, 36, 3, 1, 2, 1, 2, 3, 2, 1, 1, 1, 1, 1, 10, 2, 2, 1, 3, 1, 1, 1, 1, 1, 2, 1, 1, 6, 1, 2, 4, 2, 1, 1, 4, 2, 1, 1, 1, 1, 3, 2, 3, 1, 20, 4, 2, 1, 2, 2, 1, 1, 1, 2, 1, 16, 23, 1, 38, 1, 7, 2, 3, 1, 1, 2, 1, 1, 3, 1, 1, 2, 1, 1, 1, 1, 2, 2, 2, 2, 1, 1, 2, 3, 1, 1, 1, 1, 1], "HS_greedy": [0, 0, 0, 0, 0, 0, 0, 0, 0, 0, 0, 0, 0, 0, 0, 0, 0, 0, 0, 0, 0, 0, 0, 0, 0, 0, 0, 0, 0, 0, 0, 0, 0, 0, 0, 0, 0, 0, 0, 0, 0, 0, 0, 0, 0, 0, 0, 0, 0, 0, 0, 0, 0, 0, 0, 0, 0, 0, 0, 0, 0, 0, 0, 0, 0, 0, 0, 0, 0, 0, 0, 0, 0, 0, 0, 0, 0, 0, 0, 0, 0, 0, 0, 0, 0, 0, 0, 0, 0, 0, 0, 0, 0, 0, 0, 0, 0, 0, 0, 0, 0, 0, 0, 0, 0, 0, 0, 0, 0, 0, 0, 0, 0, 0], "HS_incr": [0, 120, 5, 19, 0, 0, 27, 118, 0, 42, 12, 17, 34, 23, 21, 49, 16, 0, 0, 0, 126, 3, 92, 12, 14, 0, 321, 19, 0, 9, 0, 8, 4, 12, 0, 0, 0, 0, 0, 100, 12, 30, 0, 25, 0, 0, 0, 0, 0, 7, 0, 0, 62, 0, 12, 45, 21, 0, 0, 21, 1, 0, 0, 0, 0, 20, 10, 14, 0, 136, 50, 18, 0, 9, 16, 0, 0, 0, 14, 0, 183, 34, 0, 291, 0, 76, 10, 21, 0, 0, 2, 0, 0, 17, 0, 0, 5, 0, 0, 0, 0, 2, 7, 9, 15, 0, 0, 5, 18, 0, 0, 0, 0, 0], "HS-opt-time": [0, 0.5384049415588379, 0.22553420066833496, 0.1453704833984375, 0.1936483383178711, 0.22570204734802246, 0.2613520622253418, 11.854267597198486, 1.9256114959716797, 5.666863203048706, 3.698707342147827, 2.9686126708984375, 1.5190105438232422, 4.452572584152222, 1.2994608879089355, 3.402297258377075, 2.1058664321899414, 1.3413808345794678, 1.22601318359375, 1.1114332675933838, 57.8994574546814, 3.8992421627044678, 44.014119386672974, 5.224899768829346, 5.353062868118286, 2.688161611557007, 156.17905402183533, 21.155571937561035, 4.136353015899658, 8.340818166732788, 4.159849643707275, 8.426828145980835, 15.312064409255981, 8.338696002960205, 4.275173902511597, 4.137532949447632, 4.113112926483154, 4.314665079116821, 4.2163732051849365, 96.33132839202881, 26.092976570129395, 19.31646418571472, 4.705377101898193, 13.132797241210938, 4.615395784378052, 4.658617734909058, 4.867268800735474, 4.845888376235962, 4.888591289520264, 8.907014608383179, 4.742638111114502, 4.645419120788574, 56.727071046829224, 4.717569589614868, 9.21639609336853, 39.41375756263733, 9.815332651138306, 5.060466527938843, 6.126537799835205, 21.330002784729004, 10.799737215042114, 5.1549458503723145, 5.116884231567383, 5.160219192504883, 4.954281806945801, 29.42978000640869, 10.471437454223633, 16.029260396957397, 4.866204023361206, 234.6068947315216, 23.210731029510498, 10.636982679367065, 5.7757062911987305, 11.247466087341309, 11.110783576965332, 5.761607885360718, 5.396293878555298, 5.4106550216674805, 11.453954458236694, 5.334899425506592, 126.74834108352661, 200.03853225708008, 6.246694326400757, 370.4631552696228, 6.723584175109863, 61.882179737091064, 20.990061283111572, 22.58107900619507, 8.588288307189941, 7.566008567810059, 16.08915638923645, 7.690889358520508, 9.073554515838623, 23.283325672149658, 8.610141038894653, 8.225200414657593, 15.64657735824585, 8.691837549209595, 7.6639931201934814, 11.386810302734375, 7.522014141082764, 15.486659049987793, 15.956705808639526, 15.09493112564087, 14.704318046569824, 7.440145969390869, 7.495667934417725, 19.3944354057312, 22.121881246566772, 7.251758337020874, 7.2588231563568115, 7.236211538314819, 7.288341045379639, 7.250856399536133], "HS-postpone-time": [0, 0.006745338439941406, 0.00021409988403320312, 0.0009222030639648438, 0, 0, 0.0012803077697753906, 0.0061435699462890625, 0, 0.002145528793334961, 0.0006256103515625, 0.0008180141448974609, 0.0018050670623779297, 0.0012636184692382812, 0.0011339187622070312, 0.0023298263549804688, 0.0008130073547363281, 0, 0, 0, 0.0060770511627197266, 0.00011706352233886719, 0.004522085189819336, 0.0005958080291748047, 0.0006935596466064453, 0, 0.016248226165771484, 0.0009207725524902344, 0, 0.0003788471221923828, 0, 0.00035834312438964844, 0.0001850128173828125, 0.0004887580871582031, 0, 0, 0, 0, 0, 0.004983186721801758, 0.0005934238433837891, 0.0017006397247314453, 0, 0.0010766983032226562, 0, 0, 0, 0, 0, 0.000263214111328125, 0, 0, 0.002595663070678711, 0, 0.0005052089691162109, 0.002071857452392578, 0.0009796619415283203, 0, 0, 0.0008585453033447266, 3.266334533691406e-05, 0, 0, 0, 0, 0.0008640289306640625, 0.0003552436828613281, 0.0005099773406982422, 0, 0.006092548370361328, 0.0021736621856689453, 0.0008220672607421875, 0, 0.00039076805114746094, 0.000675201416015625, 0, 0, 0, 0.0006091594696044922, 0, 0.008147239685058594, 0.0015451908111572266, 0, 0.013691902160644531, 0, 0.003162860870361328, 0.00038814544677734375, 0.0008299350738525391, 0, 0, 7.200241088867188e-05, 0, 0, 0.0006501674652099609, 0, 0, 0.0001838207244873047, 0, 0, 0, 0, 6.151199340820312e-05, 0.0002429485321044922, 0.0003368854522705078, 0.0005886554718017578, 0, 0, 0.00014901161193847656, 0.0006825923919677734, 0, 0, 0, 0, 0],