{"config": {"preseeding": false, "sat-polarity": true, "sat-polarity-initial": true, "postpone_opt": true, "postpone_opt_incr": true, "postpone_opt_greedy": true, "grow": true, "grow_sat": false, "grow_subset_maximal": false, "grow_maxsat": true, "maxsat_polarities": true, "grow_maxsat_full_pos": false, "grow_maxsat_full_inv": false, "grow_maxsat_full_unif": false, "grow_maxsat_initial_pos": false, "grow_maxsat_initial_inv": false, "grow_maxsat_initial_unif": true, "grow_maxsat_actual_pos": false, "grow_maxsat_actual_unif": false, "grow_maxsat_actual_inv": false, "timeout": 7200, "instance": "p93", "output": "/data/brussel/101/vsc10143/OUSResults/experiment4/2021011321/20210113210107972997.json"}, "results": {"HS": [0, 2, 1, 1, 1, 2, 1, 1, 1, 1, 2, 1, 1, 1, 1, 1, 2, 2, 1, 2, 1, 1, 6, 1, 7, 1, 1, 9, 1, 1, 1, 2, 1], "HS_greedy": [0, 23, 0, 0, 0, 12, 0, 0, 0, 0, 44, 0, 0, 0, 0, 0, 59, 57, 0, 54, 0, 0, 67, 0, 54, 0, 0, 47, 0, 0, 0, 46, 46], "HS_incr": [0, 724, 0, 0, 0, 232, 0, 0, 0, 0, 1482, 0, 0, 0, 0, 0, 2031, 1960, 0, 1723, 0, 0, 2171, 0, 1501, 0, 0, 1284, 0, 0, 0, 1700, 1501], "HS-opt-time": [0, 2.4121222496032715, 2.7749621868133545, 1.6187238693237305, 1.6487257480621338, 4.730454683303833, 4.74283504486084, 8.728638648986816, 7.886393308639526, 3.4121201038360596, 16.527145624160767, 9.407257080078125, 8.567065238952637, 8.682299137115479, 8.41513204574585, 8.855942726135254, 66.64789867401123, 134.3628261089325, 19.245463371276855, 85.20835709571838, 95.91779613494873, 20.74907398223877, 638.9242305755615, 12.805999517440796, 995.3500165939331, 17.00916624069214, 18.752428770065308, 1434.1877653598785, 18.94521975517273, 22.375099658966064, 18.66927433013916, 39.51253080368042, 24.30092763900757], "HS-postpone-time": [0, 0.30072808265686035, 0, 0, 0, 0.05589580535888672, 0, 0, 0, 0, 1.0353879928588867, 0, 0, 0, 0, 0, 1.8272919654846191, 1.8903906345367432, 0, 1.550966739654541, 0, 0, 2.413071870803833, 0, 1.3669373989105225, 0, 0, 0.8966150283813477, 0, 0, 0, 1.0681781768798828, 0.9051504135131836], "SAT-time": [0, 5.286561727523804, 0.0008494853973388672, 0.002280712127685547, 0.0009734630584716797, 1.6705167293548584, 0.0008976459503173828, 0.002801656723022461, 0.0009663105010986328, 0.0025115013122558594, 11.140332460403442, 0.0025157928466796875, 0.0010693073272705078, 0.002573728561401367, 0.0011620521545410156, 0.002666473388671875, 15.636687755584717, 14.055543661117554, 0.001123189926147461, 11.925697326660156, 0.0010879039764404297, 0.002594470977783203, 15.196079015731812, 0.002483367919921875, 10.336536407470703, 0.0024847984313964844, 0.0011823177337646484, 8.513735055923462, 0.0010607242584228516, 0.002774477005004883, 0.0011916160583496094, 11.97004222869873, 10.37414813041687], "grow-time": [0, 123.17684435844421, 0, 0, 0, 41.98002362251282, 0, 0, 0, 0, 277.8782162666321, 0, 0, 0, 0, 0, 391.8286998271942, 398.9717891216278, 0, 370.8835198879242, 0, 0, 442.38460659980774, 0, 297.85220766067505, 0, 0, 244.69210577011108, 0, 0, 0, 352.92207169532776, 288.1038613319397], "#expl": 31, "expl_seq": [{"constraints": [21128], "derived": [-19463]}, {"constraints": [21121], "derived": [19437]}, {"constraints": [19585, 19437], "derived": [-19447, -19452, -19442, -19457]}, {"constraints": [19587, 19437], "derived": [-19439, -19438, -19436, -19435]}, {"constraints": [-19463, 19610, 19437], "derived": [-19523]}, {"constraints": [21125], "derived": [-19500]}, {"constraints": [19612, 21126], "derived": [-19554]}, {"constraints": [19593, 21123], "derived": [-19488, -19503, -19508]}, {"constraints": [-19488, 19437, 19613], "derived": [-19548]}, {"constraints": [-19503, 21127], "derived": [19477]}, {"constraints": [19477, 19591], "derived": [-19479, -19478, -19476, -19475]}, {"constraints": [19477, 19589], "derived": [-19472, -19462, -19467, -19482]}, {"constraints": [19609, -19452, 19477], "derived": [-19522]}, {"constraints": [19616, -19500, 19477], "derived": [-19570]}, {"constraints": [19616, -19503, 19477], "derived": [-19573]}, {"constraints": [21129, 19591], "derived": [-19480]}, {"constraints": [19585, 21123], "derived": [-19453, -19458]}, {"constraints": [19609, -19453, 19477], "derived": [-19527]}, {"constraints": [21131, 19591], "derived": [-19470]}, {"constraints": [19585, 21127], "derived": [-19450]}, {"constraints": [19609, 19477, -19450], "derived": [-19512]}, {"constraints": [19593, 21130, -19476], "derived": [-19502]}, {"constraints": [19616, -19502, 19477], "derived": [-19572]}, {"constraints": [19617, 21130, -19476], "derived": [19567]}, {"constraints": [19567, 19607], "derived": [-19568, -19566, -19565, -19569]}, {"constraints": [19605, 19567], "derived": [-19582, -19562, -19577]}, {"constraints": [-19503, 19614, 21127], "derived": [19538]}, {"constraints": [19601, 19538], "derived": [-19543, -19558, -19553]}, {"constraints": [19538, 19603], "derived": [-19536, -19535, -19539, -19537]}, {"constraints": [-19568, 19538, 19620], "derived": [-19511]}, {"constraints": [19538, -19508, 19613], "derived": [-19455]}], "OUS-time": [0, 132.79294323921204, 2.7770769596099854, 1.6222870349884033, 1.6507525444030762, 48.92584490776062, 4.744772434234619, 8.732726097106934, 7.889693975448608, 3.4167158603668213, 309.71338987350464, 9.412915706634521, 8.56987714767456, 8.686329364776611, 8.417639017105103, 8.859802961349487, 480.23457860946655, 553.6676046848297, 19.270291090011597, 473.66767597198486, 95.93668127059937, 20.784356355667114, 1103.9770510196686, 12.827214241027832, 1308.3426909446716, 17.02840280532837, 18.755520820617676, 1691.0484535694122, 18.972284078598022, 22.380273818969727, 18.673638105392456, 409.1600787639618, 0], "timeout": true}}