{"config": {"preseeding": false, "sat-polarity": true, "sat-polarity-initial": true, "postpone_opt": true, "postpone_opt_incr": true, "postpone_opt_greedy": true, "grow": true, "grow_sat": false, "grow_subset_maximal": false, "grow_maxsat": true, "maxsat_polarities": true, "grow_maxsat_full_pos": false, "grow_maxsat_full_inv": false, "grow_maxsat_full_unif": false, "grow_maxsat_initial_pos": false, "grow_maxsat_initial_inv": true, "grow_maxsat_initial_unif": false, "grow_maxsat_actual_pos": false, "grow_maxsat_actual_unif": false, "grow_maxsat_actual_inv": false, "timeout": 7200, "instance": "p93", "output": "/data/brussel/101/vsc10143/OUSResults/experiment4/2021011321/20210113210107972988.json"}, "results": {"HS": [0, 4, 1, 1, 3, 2, 1, 1, 1, 1, 1, 1, 1, 1, 1, 1, 1, 1, 1, 2, 1, 1, 1, 1, 1, 2, 5, 7, 1, 1, 1, 1, 1, 1, 1, 1, 3, 1, 2, 1, 1, 1, 1, 1, 1, 1, 1, 1, 1, 1, 2, 2, 2, 1, 1, 1, 1, 1, 1, 1, 1, 1, 1, 1, 4, 2, 1, 1, 1, 1, 1, 1, 1, 1, 1, 14, 10, 1, 1], "HS_greedy": [0, 12, 0, 0, 58, 69, 0, 0, 0, 0, 0, 0, 0, 0, 0, 0, 0, 0, 0, 41, 0, 0, 0, 0, 0, 22, 57, 66, 0, 0, 0, 0, 0, 0, 0, 0, 54, 0, 61, 0, 0, 0, 0, 0, 0, 0, 0, 0, 0, 0, 36, 38, 38, 0, 0, 0, 0, 0, 0, 0, 0, 0, 0, 0, 21, 33, 0, 0, 0, 0, 0, 0, 0, 0, 0, 47, 26, 0, 7], "HS_incr": [0, 266, 0, 0, 1445, 2099, 0, 0, 0, 0, 0, 0, 0, 0, 0, 0, 0, 0, 0, 1027, 0, 0, 0, 0, 0, 643, 1236, 1560, 0, 0, 0, 0, 0, 0, 0, 0, 1378, 0, 1312, 0, 0, 0, 0, 0, 0, 0, 0, 0, 0, 0, 818, 1061, 959, 0, 0, 0, 0, 0, 0, 0, 0, 0, 0, 0, 516, 1034, 0, 0, 0, 0, 0, 0, 0, 0, 0, 908, 383, 0, 156], "HS-opt-time": [0, 1.0859432220458984, 0.42334580421447754, 0.5263011455535889, 13.009341955184937, 12.25105357170105, 4.75008749961853, 20.59184503555298, 5.219709157943726, 12.990032196044922, 4.91035270690918, 5.5404441356658936, 5.1563708782196045, 4.3690996170043945, 9.551685094833374, 38.578675985336304, 9.20734715461731, 24.59966254234314, 32.198538303375244, 81.42297458648682, 56.40738034248352, 10.619281530380249, 43.751168966293335, 11.187464714050293, 8.35220217704773, 20.06502342224121, 137.44659328460693, 174.28275609016418, 10.394078969955444, 10.312936067581177, 9.855686664581299, 9.666632890701294, 12.226800441741943, 10.822409868240356, 10.014198064804077, 9.260683059692383, 167.65931868553162, 77.55830550193787, 39.25967836380005, 12.75491213798523, 12.091261148452759, 12.021796941757202, 12.987250566482544, 12.330596923828125, 12.116019487380981, 10.816738843917847, 17.454885244369507, 80.9229633808136, 22.358457565307617, 18.65980625152588, 55.895405769348145, 24.663621425628662, 23.261152505874634, 13.812449932098389, 13.806405067443848, 12.973565340042114, 13.749303817749023, 13.233988285064697, 62.83564639091492, 12.950055837631226, 13.191165208816528, 11.649595022201538, 12.663187265396118, 11.366908311843872, 271.43110942840576, 25.539496421813965, 15.36755895614624, 15.786014318466187, 16.5866916179657, 16.67623782157898, 15.84409785270691, 14.688804864883423, 14.755396366119385, 18.786643028259277, 11.27726411819458, 198.92080426216125, 367.1786518096924, 10.08372187614441, 30.47939896583557], "HS-postpone-time": [0, 0.06949996948242188, 0, 0, 1.4875726699829102, 2.3659322261810303, 0, 0, 0, 0, 0, 0, 0, 0, 0, 0, 0, 0, 0, 0.6957333087921143, 0, 0, 0, 0, 0, 0.2250072956085205, 1.0754272937774658, 1.4695508480072021, 0, 0, 0, 0, 0, 0, 0, 0, 0.8985793590545654, 0, 0.9495809078216553, 0, 0, 0, 0, 0, 0, 0, 0, 0, 0, 0, 0.33110618591308594, 0.42388248443603516, 0.4150707721710205, 0, 0, 0, 0, 0, 0, 0, 0, 0, 0, 0, 0.12471127510070801, 0.3012113571166992, 0, 0, 0, 0, 0, 0, 0, 0, 0, 0.37557530403137207, 0.10519862174987793, 0, 0.015624523162841797], "SAT-time": [0, 2.0388753414154053, 0.0009171962738037109, 0.002263307571411133, 11.494555473327637, 16.962881326675415, 0.0010368824005126953, 0.0025479793548583984, 0.0011019706726074219, 0.002526998519897461, 0.0010776519775390625, 0.0025603771209716797, 0.0010578632354736328, 0.002572774887084961, 0.0010554790496826172, 0.002486705780029297, 0.001110076904296875, 0.0025873184204101562, 0.0015769004821777344, 8.400527954101562, 0.0011115074157714844, 0.002561330795288086, 0.0011868476867675781, 0.0025615692138671875, 0.0011370182037353516, 5.26740026473999, 9.964471101760864, 12.614139556884766, 0.002636432647705078, 0.0011022090911865234, 0.0026323795318603516, 0.0010974407196044922, 0.0026237964630126953, 0.0011234283447265625, 0.0027272701263427734, 0.0011136531829833984, 11.03120732307434, 0.0011487007141113281, 10.335045576095581, 0.001129150390625, 0.0027740001678466797, 0.0011453628540039062, 0.0028052330017089844, 0.0011837482452392578, 0.0027687549591064453, 0.0012350082397460938, 0.002779722213745117, 0.0011425018310546875, 0.002697467803955078, 0.001155853271484375, 6.459409952163696, 8.445285081863403, 7.669316530227661, 0.0011906623840332031, 0.0011796951293945312, 0.002840280532836914, 0.0012278556823730469, 0.0028138160705566406, 0.0015711784362792969, 0.0028514862060546875, 0.001199483871459961, 0.0029196739196777344, 0.0012772083282470703, 0.0028867721557617188, 4.125718832015991, 8.202409267425537, 0.001188039779663086, 0.0012180805206298828, 0.0029859542846679688, 0.0012586116790771484, 0.001272439956665039, 0.0029752254486083984, 0.0012974739074707031, 0.0012784004211425781, 0.0029582977294921875, 7.228428363800049, 3.0663723945617676, 0.00304412841796875, 1.2579455375671387], "grow-time": [0, 50.966198205947876, 0, 0, 320.6726858615875, 563.1115727424622, 0, 0, 0, 0, 0, 0, 0, 0, 0, 0, 0, 0, 0, 197.70799136161804, 0, 0, 0, 0, 0, 148.50118708610535, 258.48155093193054, 357.97307658195496, 0, 0, 0, 0, 0, 0, 0, 0, 296.16641497612, 0, 318.6248619556427, 0, 0, 0, 0, 0, 0, 0, 0, 0, 0, 0, 185.2024109363556, 214.75221705436707, 262.25548577308655, 0, 0, 0, 0, 0, 0, 0, 0, 0, 0, 0, 124.29767680168152, 213.6516878604889, 0, 0, 0, 0, 0, 0, 0, 0, 0, 562.6269662380219, 115.37316560745239, 0, 32.86480140686035], "#expl": 77, "expl_seq": [{"constraints": [30842], "derived": [-29217]}, {"constraints": [30845], "derived": [-29180]}, {"constraints": [30838], "derived": [29154]}, {"constraints": [29154, 29302], "derived": [-29159, -29174, -29164, -29169]}, {"constraints": [29304, 29154], "derived": [-29152, -29156, -29155, -29153]}, {"constraints": [29154, -29180, 29327], "derived": [-29240]}, {"constraints": [30840, 29310], "derived": [-29205, -29220, -29225]}, {"constraints": [29330, -29205, 29154], "derived": [-29265]}, {"constraints": [30844, -29220], "derived": [29194]}, {"constraints": [29194, 29306], "derived": [-29184, -29199, -29189, -29179]}, {"constraints": [29194, 29308], "derived": [-29192, -29196, -29195, -29193]}, {"constraints": [29194, -29220, 29333], "derived": [-29290]}, {"constraints": [29194, 29326, -29169], "derived": [-29239]}, {"constraints": [29194, 29333, -29217], "derived": [-29287]}, {"constraints": [30840, 29302], "derived": [-29175, -29170]}, {"constraints": [29194, 29326, -29170], "derived": [-29244]}, {"constraints": [29308, 30846], "derived": [-29197]}, {"constraints": [29329, 30843], "derived": [-29271]}, {"constraints": [30848, 29308], "derived": [-29187]}, {"constraints": [30844, 29302], "derived": [-29167]}, {"constraints": [-29167, 29194, 29326], "derived": [-29229]}, {"constraints": [29331, 30844, -29220], "derived": [29255]}, {"constraints": [29318, 29255], "derived": [-29270, -29260, -29275]}, {"constraints": [29320, 29255], "derived": [-29256, -29254, -29253, -29252]}, {"constraints": [29330, 29255, -29225], "derived": [-29172]}, {"constraints": [29154, -29175, -29172, -29170, -29167, 29303, 29304], "derived": [-29166, -29158, -29163, -29161]}, {"constraints": [-29184, -29161, -29179, -29199, -29166, 30839, -29189, -29156], "derived": [29176]}, {"constraints": [29304, 29176], "derived": [-29173]}, {"constraints": [29176, 29302], "derived": [-29171]}, {"constraints": [29176, -29197, 29327], "derived": [-29247]}, {"constraints": [29176, -29199, 29327], "derived": [-29249]}, {"constraints": [29315, -29244, -29239, -29229, -29249],