{"config": {"preseeding": true, "sat-polarity": true, "sat-polarity-initial": true, "postpone_opt": false, "postpone_opt_incr": false, "postpone_opt_greedy": false, "grow": true, "grow_sat": false, "grow_subset_maximal": false, "grow_maxsat": true, "maxsat_polarities": true, "grow_maxsat_full_pos": false, "grow_maxsat_full_inv": false, "grow_maxsat_full_unif": false, "grow_maxsat_initial_pos": false, "grow_maxsat_initial_inv": true, "grow_maxsat_initial_unif": false, "grow_maxsat_actual_pos": false, "grow_maxsat_actual_unif": false, "grow_maxsat_actual_inv": false, "timeout": 7200, "instance": "pastaPuzzle", "output": "/data/brussel/101/vsc10143/OUSResults/experiment4/2021011308/20210113081930627441.json"}, "results": {"HS": [0, 9, 10, 7, 15, 11, 4, 5, 2, 1, 1, 26, 13, 13, 17, 11, 1, 59, 50, 2, 50, 21, 189, 15, 15, 132, 1, 40, 471, 1, 1, 1, 1, 195, 2, 9, 1, 1, 1, 13, 1, 1, 1, 1, 1, 1, 1, 2, 2, 1, 12, 1, 14, 1, 1, 8, 1, 38, 22, 19, 1, 1, 29, 1, 1, 19, 7, 3, 1, 1, 1, 2, 1, 1, 41, 39, 15, 1, 10, 14, 2, 1, 1, 2, 1, 1], "HS_greedy": [0, 0, 0, 0, 0, 0, 0, 0, 0, 0, 0, 0, 0, 0, 0, 0, 0, 0, 0, 0, 0, 0, 0, 0, 0, 0, 0, 0, 0, 0, 0, 0, 0, 0, 0, 0, 0, 0, 0, 0, 0, 0, 0, 0, 0, 0, 0, 0, 0, 0, 0, 0, 0, 0, 0, 0, 0, 0, 0, 0, 0, 0, 0, 0, 0, 0, 0, 0, 0, 0, 0, 0, 0, 0, 0, 0, 0, 0, 0, 0, 0, 0, 0, 0, 0, 0], "HS_incr": [0, 0, 0, 0, 0, 0, 0, 0, 0, 0, 0, 0, 0, 0, 0, 0, 0, 0, 0, 0, 0, 0, 0, 0, 0, 0, 0, 0, 0, 0, 0, 0, 0, 0, 0, 0, 0, 0, 0, 0, 0, 0, 0, 0, 0, 0, 0, 0, 0, 0, 0, 0, 0, 0, 0, 0, 0, 0, 0, 0, 0, 0, 0, 0, 0, 0, 0, 0, 0, 0, 0, 0, 0, 0, 0, 0, 0, 0, 0, 0, 0, 0, 0, 0, 0, 0], "HS-opt-time": [0, 0.06475186347961426, 0.2630884647369385, 0.18244385719299316, 0.42697668075561523, 0.5608277320861816, 0.19098138809204102, 0.09136343002319336, 0.047351837158203125, 0.016102313995361328, 0.02254462242126465, 2.4910595417022705, 2.6529035568237305, 2.2482683658599854, 3.0218312740325928, 3.560159683227539, 0.08823704719543457, 18.888100147247314, 29.880205154418945, 0.21488380432128906, 48.50444173812866, 18.48783540725708, 274.1925539970398, 38.64113116264343, 32.38684940338135, 428.6522448062897, 0.5620088577270508, 83.4149272441864, 2137.1323993206024, 1.0664901733398438, 1.1145901679992676, 1.0611414909362793, 1.661557912826538, 1114.528656721115, 2.9243316650390625, 12.012627363204956, 1.28080153465271, 1.3436782360076904, 1.2562284469604492, 19.099288940429688, 1.2342250347137451, 1.701740026473999, 1.230334758758545, 1.6826324462890625, 1.9224162101745605, 1.4156262874603271, 1.540104866027832, 2.877588987350464, 3.7979800701141357, 1.4503049850463867, 16.72803831100464, 1.4102904796600342, 25.32043981552124, 1.3222744464874268, 1.467609167098999, 11.695964574813843, 1.4229037761688232, 77.25397205352783, 31.51840090751648, 30.438320636749268, 1.758430004119873, 1.370558738708496, 42.59525203704834, 1.352604866027832, 1.5808122158050537, 30.628568410873413, 10.907237768173218, 4.25952672958374, 1.6144163608551025, 1.5477635860443115, 1.231062650680542, 2.467416524887085, 1.291168212890625, 1.275686264038086, 71.74950575828552, 67.31270265579224, 27.57416534423828, 1.6990656852722168, 16.014922380447388, 22.220155477523804, 2.9199137687683105, 1.5016896724700928, 1.4537379741668701, 2.943942070007324, 1.3195011615753174, 1.713876485824585], "HS-postpone-time": [0, 0, 0, 0, 0, 0, 0, 0, 0, 0, 0, 0, 0, 0, 0, 0, 0, 0, 0, 0, 0, 0, 0, 0, 0, 0, 0, 0, 0, 0, 0, 0, 0, 0, 0, 0, 0, 0, 0, 0, 0, 0, 0, 0, 0, 0, 0, 0, 0, 0, 0, 0, 0, 0, 0, 0, 0, 0, 0, 0, 0, 0, 0, 0, 0, 0, 0, 0, 0, 0, 0, 0, 0, 0, 0, 0, 0, 0, 0, 0, 0, 0, 0, 0, 0, 0], "SAT-time": [0.0692439079284668, 0.032975196838378906, 0.03449892997741699, 0.023311376571655273, 0.05709099769592285, 0.0408930778503418, 0.01195979118347168, 0.01592254638671875, 0.004435062408447266, 0.0014882087707519531, 0.0006299018859863281, 0.11155986785888672, 0.051531314849853516, 0.05264163017272949, 0.07278180122375488, 0.04394221305847168, 0.0006594657897949219, 0.2681584358215332, 0.23006224632263184, 0.004445552825927734, 0.22997045516967773, 0.09288191795349121, 0.8782486915588379, 0.06554412841796875, 0.06342577934265137, 0.6097958087921143, 0.0007450580596923828, 0.18210363388061523, 2.215725898742676, 0.0007600784301757812, 0.0007603168487548828, 0.0017521381378173828, 0.0008146762847900391, 0.8951609134674072, 0.004559516906738281, 0.03626656532287598, 0.00079345703125, 0.0007724761962890625, 0.0007724761962890625, 0.055052995681762695, 0.0007572174072265625, 0.0008060932159423828, 0.0007598400115966797, 0.0018024444580078125, 0.0007777214050292969, 0.0007777214050292969, 0.000797271728515625, 0.00563359260559082, 0.004494667053222656, 0.0007686614990234375, 0.04930734634399414, 0.001766204833984375, 0.05880928039550781, 0.00078582763671875, 0.0008139610290527344, 0.031569480895996094, 0.0008535385131835938, 0.16920208930969238, 0.09416508674621582, 0.0819251537322998, 0.0008442401885986328, 0.0008063316345214844, 0.12875962257385254, 0.0017600059509277344, 0.0007712841033935547, 0.08124756813049316, 0.026749372482299805, 0.009507894515991211, 0.0008397102355957031, 0.0008223056793212891, 0.0008347034454345703, 0.005743503570556641, 0.0008180141448974609, 0.0008561611175537109, 0.18553709983825684, 0.17433452606201172, 0.0651998519897461, 0.0008556842803955078, 0.040876150131225586, 0.05920147895812988, 0.004818916320800781, 0.0018966197967529297, 0.0008382797241210938, 0.0048830509185791016, 0.0008726119995117188, 0.0008544921875], "grow-time": [1.3565683364868164, 3.252655506134033, 5.348259449005127, 2.9750285148620605, 7.534720420837402, 3.606458902359009, 0.286818265914917, 0.36543917655944824, 0.10804629325866699, 0, 0, 15.213958024978638, 2.2064268589019775, 6.181751012802124, 3.6420018672943115, 32.343241691589355, 0, 19.37825870513916, 11.695499420166016, 0.10583281517028809, 48.004130363464355, 25.962557554244995, 162.23178696632385, 22.493037939071655, 9.46975040435791, 109.65708017349243, 0, 5.846692085266113, 294.269642829895, 0, 0, 0, 0, 40.151477575302124, 0.14647674560546875, 0.61496901512146, 0, 0, 0, 1.1201026439666748, 0, 0, 0, 0, 0, 0, 0, 0.06845831871032715, 0.10160660743713379, 0, 0.9586644172668457, 0, 2.7357571125030518, 0, 0, 0.5837569236755371, 0, 40.91737079620361, 2.072711706161499, 1.891801357269287, 0, 0, 2.765333414077759, 0, 0, 2.7351036071777344, 0.658588171005249, 0.20256900787353516, 0, 0, 0, 0.07667732238769531, 0, 0, 18.18841528892517, 3.6716082096099854, 1.3330016136169434, 0, 0.7766122817993164, 1.1199476718902588, 0.07210230827331543, 0, 0, 0.11697125434875488, 0, 0], "#expl": 85, "expl_seq": [{"constraints": [18087], "derived": [-17193]}, {"constraints": [18089, 17278], "derived": [-17191, -17187]}, {"constraints": [18088, 17286], "derived": [-17214, -17226]}, {"constraints": [-17214, 17287, -17226, -17191, 17305, -17187], "derived": [-17250]}, {"constraints": [17284, 18085], "derived": [-17201]}, {"constraints": [18083, 17307], "derived": [17251]}, {"constraints": [17296, 17251], "derived": [-17253, -17252]}, {"constraints": [17251, 17294], "derived": [-17247, -17255, -17259]}, {"constraints": [-17191, 17305, 17251], "derived": [-17223]}, {"constraints": [17305, 17251, -17187], "derived": [-17219]}, {"constraints": [17298, 18086, 17310], "derived": [-17221]}, {"constraints": [17284, 18085, 17286], "derived": [-17216]}, {"constraints": [17308, 18084, 17284], "derived": [-17276]}, {"constraints": [17304, 18084, 17292], "derived": [-17238]}, {"constraints": [17284, 18082, 17308], "derived": [-17274]}, {"constraints": [-17276, -17274, 17301, -17219, -17221, 17309], "derived": [-17205]}, {"constraints": [17298, 18085, 17310], "derived": [-17264]}, {"constraints": [17304, 18082, 17292], "derived": [-17234]}, {"constraints": [17251, -17234, 17311], "derived": [-17263]}, {"constraints": [17308, -17205, 17284, 18086], "derived": [-17269]}, {"constraints": [-17276, 17284, 18085, 17310], "derived": [-17200]}, {"constraints": [18084, -17201, -17264, -17200, 17278, 17310],