{"config": {"preseeding": true, "sat-polarity": true, "sat-polarity-initial": false, "postpone_opt": true, "postpone_opt_incr": false, "postpone_opt_greedy": true, "grow": true, "grow_sat": false, "grow_subset_maximal": false, "grow_maxsat": true, "maxsat_polarities": true, "grow_maxsat_full_pos": true, "grow_maxsat_full_inv": false, "grow_maxsat_full_unif": false, "grow_maxsat_initial_pos": false, "grow_maxsat_initial_inv": false, "grow_maxsat_initial_unif": false, "grow_maxsat_actual_pos": false, "grow_maxsat_actual_unif": false, "grow_maxsat_actual_inv": false, "timeout": 7200, "instance": "pastaPuzzle", "output": "/data/brussel/101/vsc10143/OUSResults/experiment4/2021011308/20210113081930627597.json"}, "results": {"HS": [0, 9, 3, 1], "HS_greedy": [0, 30, 208, 107], "HS_incr": [0, 0, 0, 0], "HS-opt-time": [0, 0.07481169700622559, 0.275799036026001, 0.11185050010681152], "HS-postpone-time": [0, 0.01427459716796875, 0.47904348373413086, 0.13210749626159668], "SAT-time": [0.060980796813964844, 0.09156394004821777, 0.640448808670044, 0.3415400981903076], "grow-time": [8.492722749710083, 710.6461153030396, 5174.766452789307, 1300.1340744495392], "#expl": 2, "expl_seq": [{"constraints": [12360], "derived": [-11466]}, {"constraints": [12362, 11551], "derived": [-11464, -11460]}], "OUS-time": [0, 710.8622050285339, 5176.403537034988, 0], "timeout": true}}