{"config": {"preseeding": true, "sat-polarity": true, "sat-polarity-initial": false, "postpone_opt": true, "postpone_opt_incr": true, "postpone_opt_greedy": true, "grow": true, "grow_sat": false, "grow_subset_maximal": false, "grow_maxsat": true, "maxsat_polarities": true, "grow_maxsat_full_pos": false, "grow_maxsat_full_inv": false, "grow_maxsat_full_unif": false, "grow_maxsat_initial_pos": false, "grow_maxsat_initial_inv": false, "grow_maxsat_initial_unif": false, "grow_maxsat_actual_pos": false, "grow_maxsat_actual_unif": false, "grow_maxsat_actual_inv": true, "timeout": 7200, "instance": "pastaPuzzle", "output": "/data/brussel/101/vsc10143/OUSResults/experiment4/2021011308/20210113081930628181.json"}, "results": {"HS": [0, 2, 2, 1, 1, 1, 1, 1, 1, 2, 1, 1, 1, 2, 1, 1, 2, 1, 1, 3, 7, 2, 2, 2, 2, 1, 1, 16, 1, 1, 1, 1, 1], "HS_greedy": [0, 14, 44, 0, 0, 0, 0, 0, 0, 44, 0, 0, 0, 37, 0, 0, 73, 0, 0, 44, 57, 70, 67, 62, 30, 0, 0, 91, 0, 0, 0, 0, 45], "HS_incr": [0, 274, 781, 0, 0, 0, 0, 0, 0, 759, 0, 0, 0, 672, 0, 0, 1258, 0, 0, 650, 690, 989, 907, 765, 307, 0, 0, 1009, 0, 0, 0, 0, 409], "HS-opt-time": [0, 0.2350919246673584, 2.7580509185791016, 2.165431499481201, 2.045067071914673, 2.177290439605713, 2.2930493354797363, 1.396599531173706, 1.2720067501068115, 5.338372468948364, 3.818202018737793, 5.747410774230957, 7.673595666885376, 16.441550970077515, 1.158647060394287, 6.7633678913116455, 22.164794206619263, 11.478868007659912, 4.7484965324401855, 51.1358437538147, 144.37695002555847, 49.85376048088074, 64.40678334236145, 68.28568720817566, 66.5938994884491, 2.9119954109191895, 21.167814254760742, 546.433554649353, 3.547614097595215, 3.558619976043701, 3.5269343852996826, 6.136791467666626, 12.075692176818848], "HS-postpone-time": [0, 0.055390357971191406, 0.42884230613708496, 0, 0, 0, 0, 0, 0, 0.37860989570617676, 0, 0, 0, 0.2673637866973877, 0, 0, 0.8235242366790771, 0, 0, 0.2701992988586426, 0.37784409523010254, 0.5654032230377197, 0.4858732223510742, 0.3980410099029541, 0.08152270317077637, 0, 0, 0.7621781826019287, 0, 0, 0, 0, 0.1454334259033203], "SAT-time": [0.09098577499389648, 1.6139819622039795, 4.811138391494751, 0.0007328987121582031, 0.0016775131225585938, 0.0008063316345214844, 0.0018491744995117188, 0.0007321834564208984, 0.0016255378723144531, 4.705493450164795, 0.0008006095886230469, 0.0029425621032714844, 0.0018048286437988281, 4.214028835296631, 0.0017819404602050781, 0.001172780990600586, 7.9404296875, 0.002875089645385742, 0.0008425712585449219, 3.9983437061309814, 4.118176698684692, 5.781600713729858, 5.269790172576904, 4.469371795654297, 1.7849011421203613, 0.0008449554443359375, 0.0010612010955810547, 5.848987102508545, 0.0010859966278076172, 0.0011281967163085938, 0.0010972023010253906, 0.0024945735931396484, 3.227604866027832], "grow-time": [1.722332239151001, 32.6816668510437, 134.18238019943237, 0, 0, 0, 0, 0, 0, 140.08307695388794, 0, 0, 0, 123.01583981513977, 0, 0, 652.4758434295654, 0, 0, 594.3381540775299, 381.497763633728, 517.5578377246857, 443.2326819896698, 612.2886142730713, 84.11954808235168, 0, 0, 1868.0772817134857, 0, 0, 0, 0, 362.8068518638611], "#expl": 31, "expl_seq": [{"constraints": [29541], "derived": [-28647]}, {"constraints": [28738, 29539], "derived": [-28655]}, {"constraints": [28740, 29542], "derived": [-28680, -28668]}, {"constraints": [28732, 29543], "derived": [-28645, -28641]}, {"constraints": [-28668, 28741, 28759, -28680, -28645, -28641], "derived": [-28704]}, {"constraints": [28761, 29537], "derived": [28705]}, {"constraints": [28705, 28748], "derived": [-28701, -28709, -28713]}, {"constraints": [28705, 28750], "derived": [-28707, -28706]}, {"constraints": [28705, -28645, 28759], "derived": [-28677]}, {"constraints": [28705, -28641, 28759], "derived": [-28673]}, {"constraints": [28738, 28762, 29538], "derived": [-28730]}, {"constraints": [28738, 28757, 29538], "derived": [-28692]}, {"constraints": [29536, 28738, 28757], "derived": [-28688]}, {"constraints": [-28688, 28705, 28765], "derived": [-28717]}, {"constraints": [28752, 29539, 28764], "derived": [-28718, -28670]}, {"constraints": [28738, 29540, 28740], "derived": [-28675]}, {"constraints": [29536, 28738, 28762], "derived": [-28728]}, {"constraints": [-28730, -28728, 28755, 28763, -28675, -28673], "derived": [-28659]}, {"constraints": [28738, 29539, 28764, -28730], "derived": [-28654]}, {"constraints": [28752, 29540, -28659, 28764], "derived": [-28723]}, {"constraints": [29538, 28732, -28655, -28654, -28718, 28764], "derived": [-28638]}, {"constraints": [29536, 28737, 28738, -28668, -28655, -28654, -28645, -28641], "derived": [-28665]}, {"constraints": [28736, 29536, 28738, -28655, -28654, -28680, -28645, -28641], "derived": [-28664]}, {"constraints": [-28670, 28739, -28668, -28730, -28728, -28655, -28654, 28753, 28754, 28763], "derived": [-28727, -28725]}, {"constraints": [28705, -28725, 28767], "derived": [-28690]}, {"constraints": [-28727, 28738, 29540, 28764], "derived": [-28656]}, {"constraints": [28736, 28739, -28659, -28690, -28656, -28655, -28688, 28758, -28645, 28733, -28641], "derived": [-28666]}, {"constraints": [-28664, 28739, -28666, -28665], "derived": [28667]}, {"constraints": [28736, 28667], "derived": [-28663]}, {"constraints": [28667, 28764, -28730], "derived": [-28682]}, {"constraints": [-28670, -28668, 28741, 28742, -28682, -28680], "derived": [-28679]}], "OUS-time": [0, 35.0525758266449, 143.569589138031, 2.1672773361206055, 2.0477819442749023, 2.1790056228637695, 2.2958292961120605, 1.3982491493225098, 1.2743523120880127, 151.79976892471313, 3.8197083473205566, 5.751039505004883, 7.676547527313232, 145.08132481575012, 1.162083387374878, 6.765210866928101, 685.5304431915283, 11.484220266342163, 4.752037525177002, 650.8177890777588, 531.5038046836853, 575.3629188537598, 514.8714609146118, 686.7050819396973, 153.07305479049683, 2.91572904586792, 21.169556140899658, 2422.72416639328, 3.551896095275879, 3.560472249984741, 3.528759241104126, 6.140058279037476, 0], "timeout": true}}