{"config": {"preseeding": false, "sat-polarity": true, "sat-polarity-initial": false, "postpone_opt": true, "postpone_opt_incr": false, "postpone_opt_greedy": true, "grow": true, "grow_sat": false, "grow_subset_maximal": false, "grow_maxsat": true, "maxsat_polarities": true, "grow_maxsat_full_pos": true, "grow_maxsat_full_inv": false, "grow_maxsat_full_unif": false, "grow_maxsat_initial_pos": false, "grow_maxsat_initial_inv": false, "grow_maxsat_initial_unif": false, "grow_maxsat_actual_pos": false, "grow_maxsat_actual_unif": false, "grow_maxsat_actual_inv": false, "timeout": 7200, "instance": "pastaPuzzle", "output": "/data/brussel/101/vsc10143/OUSResults/experiment4/2021011308/20210113081930626480.json"}, "results": {"HS": [0, 10, 3, 1], "HS_greedy": [0, 31, 209, 137], "HS_incr": [0, 0, 0, 0], "HS-opt-time": [0, 0.1779923439025879, 0.3155028820037842, 0.10410332679748535], "HS-postpone-time": [0, 0.014845609664916992, 0.4728524684906006, 0.20893454551696777], "SAT-time": [0, 0.039116621017456055, 0.2764708995819092, 0.17946910858154297], "grow-time": [0, 2286.458390712738, 3049.1290678977966, 1572.919846534729], "#expl": 2, "expl_seq": [{"constraints": [906], "derived": [-12]}, {"constraints": [97, 908], "derived": [-6, -10]}], "OUS-time": [0, 2286.7153429985046, 3050.3419921398163, 0], "timeout": true}}