{"config": {"preseeding": false, "sat-polarity": true, "sat-polarity-initial": false, "postpone_opt": true, "postpone_opt_incr": true, "postpone_opt_greedy": false, "grow": true, "grow_sat": false, "grow_subset_maximal": false, "grow_maxsat": true, "maxsat_polarities": true, "grow_maxsat_full_pos": false, "grow_maxsat_full_inv": false, "grow_maxsat_full_unif": false, "grow_maxsat_initial_pos": false, "grow_maxsat_initial_inv": false, "grow_maxsat_initial_unif": false, "grow_maxsat_actual_pos": true, "grow_maxsat_actual_unif": false, "grow_maxsat_actual_inv": false, "timeout": 7200, "instance": "pastaPuzzle", "output": "/data/brussel/101/vsc10143/OUSResults/experiment4/2021011308/20210113081930626808.json"}, "results": {"HS": [0, 10, 5, 1, 7, 1, 2, 5, 1, 1, 2, 5, 1, 4, 2, 7, 2, 5, 3, 20, 3, 22], "HS_greedy": [0, 0, 0, 0, 0, 0, 0, 0, 0, 0, 0, 0, 0, 0, 0, 0, 0, 0, 0, 0, 0, 0], "HS_incr": [0, 162, 49, 0, 37, 0, 2, 46, 0, 0, 6, 49, 0, 29, 3, 55, 8, 36, 20, 124, 16, 149], "HS-opt-time": [0, 0.2804145812988281, 1.0853312015533447, 0.3187098503112793, 1.0932855606079102, 0.2861440181732178, 0.5034074783325195, 0.6122839450836182, 0.15102910995483398, 0.13489508628845215, 0.4503307342529297, 2.090214967727661, 0.1806931495666504, 2.467348098754883, 1.868363380432129, 4.657973051071167, 1.861616611480713, 4.10760235786438, 2.60665225982666, 31.87241005897522, 7.73540472984314, 51.578973054885864], "HS-postpone-time": [0, 0.006631135940551758, 0.002037525177001953, 0, 0.0015959739685058594, 0, 8.487701416015625e-05, 0.0019307136535644531, 0, 0, 0.0002467632293701172, 0.0019843578338623047, 0, 0.0013208389282226562, 0.00012040138244628906, 0.0023276805877685547, 0.00034427642822265625, 0.0014700889587402344, 0.0007615089416503906, 0.00514531135559082, 0.0007257461547851562, 0.006587505340576172], "SAT-time": [0, 0.34980273246765137, 0.10695648193359375, 0.0005106925964355469, 0.08456015586853027, 0.0005283355712890625, 0.005889892578125, 0.1047980785369873, 0.0012776851654052734, 0.0005548000335693359, 0.014777421951293945, 0.10566926002502441, 0.00054168701171875, 0.06555604934692383, 0.0077397823333740234, 0.12932682037353516, 0.019289016723632812, 0.08503365516662598, 0.047216176986694336, 0.29274725914001465, 0.0389704704284668, 0.35861706733703613], "grow-time": [0, 13.041683912277222, 51.42187166213989, 0, 3.753387689590454, 0, 1.0044147968292236, 15.957465648651123, 0, 0, 2.552781105041504, 599.2590391635895, 0, 40.00342679023743, 69.25297570228577, 356.3956742286682, 7.237402677536011, 107.27191591262817, 38.63240385055542, 1107.8321466445923, 171.19109845161438, 4456.999588727951], "#expl": 20, "expl_seq": [{"constraints": [6633], "derived": [-5739]}, {"constraints": [5832, 6634], "derived": [-5760, -5772]}, {"constraints": [5824, 6635], "derived": [-5733, -5737]}, {"constraints": [-5760, 5825, -5772, -5737, -5733, 5852], "derived": [-5796]}, {"constraints": [5830, 6631], "derived": [-5747]}, {"constraints": [5853, 6629], "derived": [5797]}, {"constraints": [5840, 5797], "derived": [-5805, -5793, -5801]}, {"constraints": [5842, 5797], "derived": [-5799, -5798]}, {"constraints": [5851, -5733, 5797], "derived": [-5765]}, {"constraints": [5851, 5797, -5737], "derived": [-5769]}, {"constraints": [5849, 6628, 5830], "derived": [-5780]}, {"constraints": [5857, -5780, 5797], "derived": [-5809]}, {"constraints": [5856, 5844, 6628], "derived": [-5820]}, {"constraints": [5856, 5844, 6631], "derived": [-5762, -5810]}, {"constraints": [5856, 5844, 6632], "derived": [-5767]}, {"constraints": [5850, 5838, 6630], "derived": [-5784]}, {"constraints": [5856, 5844, 6630], "derived": [-5822]}, {"constraints": [5856, -5822, -5820, 5835, -5767, -5765], "derived": [-5751]}, {"constraints": [5856, -5751, 5844, 6632], "derived": [-5815]}, {"constraints": [5856, -5822, 5830, 6631], "derived": [-5746]}], "OUS-time": [0, 13.828930616378784, 52.66322994232178, 0.3200252056121826, 4.968348026275635, 0.28754138946533203, 1.516383171081543, 16.71974539756775, 0.15304350852966309, 0.13618254661560059, 3.02416729927063, 601.5025062561035, 0.1822192668914795, 42.56348466873169, 71.13274645805359, 361.23478722572327, 9.126569032669067, 111.49794578552246, 41.30499863624573, 1140.1108951568604, 178.98073887825012, 0], "timeout": true}}