{"config": {"preseeding": true, "sat-polarity": true, "sat-polarity-initial": true, "postpone_opt": true, "postpone_opt_incr": true, "postpone_opt_greedy": true, "grow": true, "grow_sat": false, "grow_subset_maximal": false, "grow_maxsat": true, "maxsat_polarities": true, "grow_maxsat_full_pos": false, "grow_maxsat_full_inv": false, "grow_maxsat_full_unif": false, "grow_maxsat_initial_pos": false, "grow_maxsat_initial_inv": false, "grow_maxsat_initial_unif": false, "grow_maxsat_actual_pos": false, "grow_maxsat_actual_unif": true, "grow_maxsat_actual_inv": false, "timeout": 7200, "instance": "pastaPuzzle", "output": "/data/brussel/101/vsc10143/OUSResults/experiment4/2021011308/20210113081930628361.json"}, "results": {"HS": [0, 2, 3, 1, 4, 1, 1, 1, 1, 2, 1, 1, 2, 2, 1, 3, 1, 7, 2, 1, 5, 13, 6, 3, 1, 8, 1, 2, 36, 1, 1, 1, 1, 5, 1, 1, 1, 1, 1, 1, 1, 1, 1, 1, 1, 1, 1, 1, 1, 1, 2, 1, 1, 1, 1, 1, 1, 2, 1, 1, 1, 1, 1, 1, 1, 1, 2, 1, 1, 1, 1, 1, 1, 1, 2, 1, 1, 1, 1, 1, 1, 1, 1, 1, 1, 1, 1], "HS_greedy": [0, 27, 39, 0, 44, 0, 0, 0, 0, 44, 0, 0, 34, 55, 0, 41, 0, 51, 30, 0, 69, 93, 66, 48, 0, 73, 0, 29, 97, 0, 0, 0, 0, 70, 0, 0, 0, 0, 0, 0, 0, 0, 0, 0, 0, 0, 0, 0, 0, 0, 35, 0, 0, 0, 0, 0, 0, 26, 0, 0, 0, 0, 0, 0, 0, 0, 40, 0, 0, 0, 0, 0, 0, 0, 11, 0, 0, 0, 0, 0, 0, 0, 0, 0, 0, 0, 0], "HS_incr": [0, 497, 629, 0, 748, 0, 0, 0, 0, 683, 0, 0, 541, 939, 0, 546, 0, 679, 388, 0, 901, 1255, 898, 653, 0, 918, 0, 347, 848, 0, 0, 0, 0, 785, 0, 0, 0, 0, 0, 0, 0, 0, 0, 0, 0, 0, 0, 0, 0, 0, 364, 0, 0, 0, 0, 0, 0, 228, 0, 0, 0, 0, 0, 0, 0, 0, 314, 0, 0, 0, 0, 0, 0, 0, 56, 0, 0, 0, 0, 0, 0, 0, 0, 0, 0, 0, 0], "HS-opt-time": [0, 0.5060408115386963, 5.028202772140503, 2.4239535331726074, 15.655875444412231, 4.884317398071289, 5.016033172607422, 3.743194580078125, 3.8243043422698975, 5.013176441192627, 1.1317291259765625, 3.279811382293701, 8.470098733901978, 13.27846097946167, 11.009982347488403, 36.872403383255005, 2.0565977096557617, 114.48118948936462, 50.34815454483032, 8.939335823059082, 120.37977480888367, 371.65210914611816, 173.13569855690002, 111.60202288627625, 30.348940134048462, 251.94267582893372, 4.637055158615112, 54.74104905128479, 1396.9803218841553, 4.904008865356445, 5.028825521469116, 5.0270936489105225, 11.881678104400635, 134.78904676437378, 8.90439748764038, 7.794625759124756, 7.229941129684448, 7.986477375030518, 8.74974536895752, 12.328901767730713, 7.960422039031982, 8.61995005607605, 10.198073148727417, 8.803490400314331, 7.818974256515503, 7.963136196136475, 7.132760524749756, 7.0035645961761475, 8.611670017242432, 6.684484958648682, 10.34624171257019, 6.018864631652832, 5.194707632064819, 5.195497274398804, 5.425293684005737, 5.128423452377319, 5.3653905391693115, 11.598672151565552, 6.28844690322876, 7.987699270248413, 7.74778938293457, 7.916741847991943, 9.324406623840332, 8.088107585906982, 9.446243047714233, 9.46859073638916, 12.612493991851807, 6.701829433441162, 8.037062406539917, 7.16938042640686, 6.556610584259033, 5.9860451221466064, 6.027908802032471, 6.034350395202637, 10.193123579025269, 4.075130224227905, 4.165916681289673, 4.092627286911011, 4.39109206199646, 4.683584451675415, 5.025234699249268, 5.051478385925293, 4.4365880489349365, 4.165773391723633, 3.928999900817871, 3.956498622894287, 3.229471445083618], "HS-postpone-time": [0, 0.16353726387023926, 0.2737090587615967, 0, 0.3710644245147705, 0, 0, 0, 0, 0.334423303604126, 0, 0, 0.19514918327331543, 0.4768102169036865, 0, 0.2333545684814453, 0, 0.36436963081359863, 0.11444211006164551, 0, 0.5778002738952637, 1.034083366394043, 0.5398545265197754, 0.2767806053161621, 0, 0.5629065036773682, 0, 0.08455967903137207, 0.7587835788726807, 0, 0, 0, 0, 0.411968469619751, 0, 0, 0, 0, 0, 0, 0, 0, 0, 0, 0, 0, 0, 0, 0, 0, 0.07686114311218262, 0, 0, 0, 0, 0, 0, 0.036115407943725586, 0, 0, 0, 0, 0, 0, 0, 0, 0.0634615421295166, 0, 0, 0, 0, 0, 0, 0, 0.004769563674926758, 0, 0, 0, 0, 0, 0, 0, 0, 0, 0, 0, 0], "SAT-time": [0.09998774528503418, 3.3516173362731934, 4.175013542175293, 0.0006697177886962891, 4.9008142948150635, 0.0007162094116210938, 0.0017583370208740234, 0.0007255077362060547, 0.0015726089477539062, 4.504418134689331, 0.000713348388671875, 0.0029931068420410156, 3.608388662338257, 6.276268720626831, 0.0018222332000732422, 3.639296770095825, 0.0018165111541748047, 4.488920211791992, 2.4966931343078613, 0.0008018016815185547, 5.931243658065796, 8.25523042678833, 6.019521951675415, 4.184083938598633, 0.002303600311279297, 5.7398951053619385, 0.0008881092071533203, 2.175372838973999, 5.257485628128052, 0.0008823871612548828, 0.0009026527404785156, 0.0008981227874755859, 0.001932382583618164, 4.766429662704468, 0.0009038448333740234, 0.0008916854858398438, 0.001934051513671875, 0.0008909702301025391, 0.0008845329284667969, 0.0008795261383056641, 0.0019283294677734375, 0.0009365081787109375, 0.0008788108825683594, 0.0009226799011230469, 0.001970529556274414, 0.0009076595306396484, 0.0008928775787353516, 0.0009341239929199219, 0.001996755599975586, 0.0008835792541503906, 2.1935338973999023, 0.0008950233459472656, 0.0019690990447998047, 0.0009474754333496094, 0.0009541511535644531, 0.0009157657623291016, 0.002050638198852539, 1.3568205833435059, 0.0009181499481201172, 0.0010037422180175781, 0.0009150505065917969, 0.002009868621826172, 0.0009374618530273438, 0.0009255409240722656, 0.0009646415710449219, 0.002065420150756836, 1.8751404285430908, 0.0009386539459228516, 0.0009469985961914062, 0.0009379386901855469, 0.002096414566040039, 0.000997304916381836, 0.0009617805480957031, 0.0009615421295166016, 0.32801198959350586, 0.002155303955078125, 0.0009770393371582031, 0.0009827613830566406, 0.0009961128234863281, 0.0010132789611816406, 0.0021660327911376953, 0.0010552406311035156, 0.0010123252868652344, 0.0010166168212890625, 0.0010128021240234375, 0.002180337905883789, 0.0010197162628173828], "grow-time": [1.6838929653167725, 48.958580017089844, 62.00448513031006, 0, 72.44409584999084, 0, 0, 0, 0, 65.93328785896301, 0, 0, 52.96408820152283, 92.32911849021912, 0, 54.576077699661255, 0, 66.68989038467407, 39.03577971458435, 0, 90.86655640602112, 126.96930313110352, 91.92359447479248, 64.57396268844604, 0, 92.88428831100464, 0, 34.926175594329834, 88.09129810333252, 0, 0, 0, 0, 78.07968926429749, 0, 0, 0, 0, 0, 0, 0, 0, 0, 0, 0, 0, 0, 0, 0, 0, 35.488378047943115, 0, 0, 0, 0, 0, 0, 22.26177453994751, 0, 0, 0, 0, 0, 0, 0, 0, 31.035438060760498, 0, 0, 0, 0, 0, 0, 0, 5.324337005615234, 0, 0, 0, 0, 0, 0, 0, 0, 0, 0, 0, 0], "#expl": 86, "expl_seq": [{"constraints": [23814], "derived": [-22920]}, {"constraints": [23013, 23815], "derived": [-22941, -22953]}, {"constraints": [23816, 23005], "derived": [-22918, -22914]}, {"constraints": [-22941, 23006, -22953, 23033, -22918, -22914], "derived": [-22977]}, {"constraints": [23011, 23812], "derived": [-22928]}, {"constraints": [23034, 23810], "derived": [22978]}, {"constraints": [22978, 23021], "derived": [-22974, -22982, -22986]}, {"constraints": [22978, 23023], "derived": [-22980, -22979]}, {"constraints": [23032, 22978, -22918], "derived": [-22950]}, {"constraints": [23032, 22978, -22914], "derived": [-22946]}, {"constraints": [23019, 23811, 23031], "derived": [-22965]}, {"constraints": [23811, 23035, 23011], "derived": [-23003]}, {"constraints": [23011, 23812, 23035], "derived": [-22991]}, {"constraints": [23025, 23809, 23037], "derived": [-23001]}, {"constraints": [23809, 23011, 23030], "derived": [-22961]}, {"constraints": [22978, 23038, -22961], "derived": [-22990]}, {"constraints": [23011, 23812, 23013], "derived": [-22943]}, {"constraints": [23025, 23813, 23037], "derived": [-22948]}, {"constraints": [-23003, -23001, 23016, -22948, 23037, -22946], "derived": [-22932]}, {"constraints": [23037, 23011, 23812, -23003], "derived": [-22927]}, {"constraints": [23011, -22932, 23813, 23035], "derived": [-22996]}, {"constraints": [23005, 23811, -22928, -22991, -22927, 23037],