{"config": {"preseeding": true, "preseeding-grow": true, "sat-polarity": true, "sat-polarity-initial": false, "postpone_opt": true, "postpone_opt_incr": true, "postpone_opt_greedy": true, "grow": true, "grow_sat": false, "grow_subset_maximal": true, "grow_maxsat": false, "grow_maxsat_neg_cost": false, "grow_maxsat_pos_cost": false, "grow_maxsat_max_cost_neg": false, "grow_maxsat_unit": false, "grow_maxsat_initial": false, "grow_maxsat_actual_pos": false, "grow_maxsat_actual_unif": false, "grow_maxsat_actual_inv": false, "timeout": 10800, "instance": "origin-problem", "output": "/user/brussel/101/vsc10143/holygrail/experiments/03_OMUS/02_OUS/results/effectPreseeding/2021010610/20210106102827910175.json"}, "results": {"HS": [13, 2, 1, 2, 1, 1, 1, 1, 1, 1, 1, 1, 2, 11, 9, 3, 1, 2, 1, 1, 1, 2, 1, 1, 1, 3, 1, 1, 5], "HS_greedy": [22, 13, 0, 45, 0, 0, 0, 0, 0, 0, 0, 0, 55, 76, 54, 62, 0, 47, 0, 0, 0, 73, 0, 0, 0, 62, 0, 0, 63], "HS_incr": [1842, 955, 0, 2874, 0, 0, 0, 0, 0, 0, 0, 0, 2341, 3461, 2435, 2681, 0, 2301, 0, 0, 0, 4091, 0, 0, 0, 3517, 0, 0, 2490], "HS-opt-time": [89.04114151000977, 30.795542001724243, 17.12892723083496, 77.20376658439636, 18.469600915908813, 9.261632204055786, 17.04551863670349, 24.113553047180176, 39.34742999076843, 44.13118124008179, 26.081870079040527, 35.73565673828125, 143.73487424850464, 1796.9640216827393, 1913.142102241516, 538.6866028308868, 205.97886061668396, 371.1648020744324, 227.00986552238464, 196.61394882202148, 187.8751838207245, 496.8170781135559, 211.1202232837677, 30.063223600387573, 28.30630588531494, 784.6785740852356, 314.7331509590149, 392.20033836364746, 2008.2682676315308], "HS-postpone-time": [0.8968396186828613, 0.28531599044799805, 0, 2.616900682449341, 0, 0, 0, 0, 0, 0, 0, 0, 2.6393072605133057, 4.907382488250732, 2.622457265853882, 3.0426905155181885, 0, 1.9805171489715576, 0, 0, 0, 4.836640357971191, 0, 0, 0, 3.7467269897460938, 0, 0, 2.783895969390869], "SAT-time": [10.830445051193237, 5.377723932266235, 0.002147674560546875, 16.697874784469604, 0.0022134780883789062, 0.0023081302642822266, 0.0023148059844970703, 0.0023713111877441406, 0.0007953643798828125, 0.0022809505462646484, 0.0023567676544189453, 0.002307891845703125, 14.522066116333008, 20.44611930847168, 14.769450187683105, 15.469749927520752, 0.0035614967346191406, 14.456721544265747, 0.0010690689086914062, 0.0025472640991210938, 0.0010263919830322266, 23.113128662109375, 0.0010905265808105469, 0.0028579235076904297, 0.0010924339294433594, 20.4663143157959, 0.0013566017150878906, 0.0034253597259521484, 14.256663799285889], "grow-time": [7.609498739242554, 3.815474033355713, 0, 11.672393321990967, 0, 0, 0, 0, 0, 0, 0, 0, 10.305498838424683, 14.331133127212524, 10.372392892837524, 10.688226699829102, 0, 10.190187454223633, 0, 0, 0, 16.0654239654541, 0, 0, 0, 14.22504711151123, 0, 0, 10.042665958404541], "#expl": 28, "expl_seq": [{"constraints": [1783], "derived": [5]}, {"constraints": [5, 159], "derived": [-15, -20, -10, -25]}, {"constraints": [161, 5], "derived": [-4, -3, -2, -1]}, {"constraints": [1785], "derived": [-104]}, {"constraints": [1790], "derived": [-100]}, {"constraints": [5, -100, 276], "derived": [-30]}, {"constraints": [1792], "derived": [-27]}, {"constraints": [5, 275, -27], "derived": [-97]}, {"constraints": [1786], "derived": [-14]}, {"constraints": [1789, -27], "derived": [-52]}, {"constraints": [272, -52, 5], "derived": [-122]}, {"constraints": [-14, 1790], "derived": [-90]}, {"constraints": [-15, 1790], "derived": [-95]}, {"constraints": [273, 1785, 238], "derived": [-59]}, {"constraints": [220, 276, 1790], "derived": [-40]}, {"constraints": [178, 277, 1791], "derived": [-145]}, {"constraints": [178, 274, 1788], "derived": [-89]}, {"constraints": [1786, 166, 271], "derived": [-63]}, {"constraints": [176, 1787, 277], "derived": [-140]}, {"constraints": [1786, 235, 166], "derived": [-103, -108]}, {"constraints": [-95, -90, 220, -108, 280, -103, -100], "derived": [-148]}, {"constraints": [220, 165, 1790], "derived": [-11]}, {"constraints": [1792, 201, 174], "derived": [-54, -51]}, {"constraints": [272, -54, 5], "derived": [-124]}, {"constraints": [272, 5, -51], "derived": [-121]}, {"constraints": [1786, 235, -11, 166], "derived": [-113]}, {"constraints": [1785, 163, -124, 238], "derived": [-9]}, {"constraints": [236, 271, -113, -108, -10, -9, -103], "derived": [-58]}], "OUS-time": [105.27132606506348, 38.690852880477905, 17.136091709136963, 103.05656456947327, 18.47533392906189, 9.26774787902832, 17.049339771270752, 24.118868112564087, 39.35089445114136, 44.138999938964844, 26.09486413002014, 35.74054551124573, 166.22608876228333, 1829.7032554149628, 1935.8274178504944, 562.6857628822327, 205.98893356323242, 392.58647751808167, 227.02164101600647, 196.62646985054016, 187.88215494155884, 533.0324618816376, 211.13059735298157, 30.074437141418457, 28.31005859375, 815.9198095798492, 314.7448432445526, 392.21258091926575, 0], "timeout": true}}