{"config": {"preseeding": true, "preseeding-grow": true, "sat-polarity": false, "sat-polarity-initial": true, "postpone_opt": true, "postpone_opt_incr": true, "postpone_opt_greedy": false, "grow": true, "grow_sat": false, "grow_subset_maximal": false, "grow_maxsat": true, "grow_maxsat_neg_cost": false, "grow_maxsat_pos_cost": false, "grow_maxsat_max_cost_neg": false, "grow_maxsat_unit": false, "grow_maxsat_initial": false, "grow_maxsat_actual_pos": false, "grow_maxsat_actual_unif": true, "grow_maxsat_actual_inv": false, "timeout": 10800, "instance": "origin-problem", "output": "/user/brussel/101/vsc10143/holygrail/experiments/03_OMUS/02_OUS/results/effectPreseeding/2021010610/20210106104134755590.json"}, "results": {"HS": [14, 2, 4, 2, 2, 3, 2, 3, 2, 3, 2, 2, 1, 21, 2, 1, 5, 4, 3, 5, 4, 1, 4, 1, 1, 7, 3, 4, 12, 5, 1, 4, 1, 1, 1, 1, 17, 1, 1, 1, 2, 2, 2, 1, 8, 3, 1, 4, 2, 1, 1, 2, 1, 1, 3, 1, 1, 2, 1, 1, 3, 2, 1, 2, 2, 1, 4, 1, 2, 5, 4, 3, 2, 1, 2, 3, 1, 4, 1, 1, 4, 2, 1, 1, 1, 2, 1, 2, 1, 1, 1, 1, 3, 6, 1, 4, 4, 2, 2, 1, 1, 2, 3, 2, 2, 1, 1, 1, 2, 1, 2, 4, 1, 5, 4, 1, 1, 2, 1, 1, 1, 2, 1, 1, 1], "HS_greedy": [0, 0, 0, 0, 0, 0, 0, 0, 0, 0, 0, 0, 0, 0, 0, 0, 0, 0, 0, 0, 0, 0, 0, 0, 0, 0, 0, 0, 0, 0, 0, 0, 0, 0, 0, 0, 0, 0, 0, 0, 0, 0, 0, 0, 0, 0, 0, 0, 0, 0, 0, 0, 0, 0, 0, 0, 0, 0, 0, 0, 0, 0, 0, 0, 0, 0, 0, 0, 0, 0, 0, 0, 0, 0, 0, 0, 0, 0, 0, 0, 0, 0, 0, 0, 0, 0, 0, 0, 0, 0, 0, 0, 0, 0, 0, 0, 0, 0, 0, 0, 0, 0, 0, 0, 0, 0, 0, 0, 0, 0, 0, 0, 0, 0, 0, 0, 0, 0, 0, 0, 0, 0, 0, 0, 0], "HS_incr": [80, 13, 23, 5, 3, 10, 11, 15, 9, 13, 18, 5, 0, 158, 5, 0, 23, 20, 14, 9, 45, 0, 28, 0, 0, 21, 16, 17, 55, 26, 0, 35, 0, 0, 0, 0, 80, 0, 0, 0, 3, 3, 7, 0, 40, 17, 0, 9, 6, 0, 0, 9, 0, 0, 10, 0, 0, 10, 0, 0, 9, 6, 0, 5, 4, 0, 9, 0, 3, 5, 14, 4, 2, 0, 3, 7, 0, 14, 0, 0, 12, 5, 0, 0, 0, 3, 0, 3, 0, 0, 0, 0, 9, 20, 0, 7, 14, 1, 2, 0, 0, 5, 8, 1, 1, 0, 0, 0, 3, 0, 3, 9, 0, 16, 6, 0, 0, 2, 0, 0, 0, 3, 0, 0, 0], "HS-opt-time": [0.5160434246063232, 0.14234709739685059, 0.2969820499420166, 0.25403308868408203, 0.2949686050415039, 0.19048023223876953, 0.14372706413269043, 0.27728962898254395, 0.24097084999084473, 0.7174451351165771, 0.23523592948913574, 0.4806041717529297, 0.2225360870361328, 18.723135948181152, 2.404597043991089, 1.0685245990753174, 8.621280670166016, 9.93595027923584, 6.171906471252441, 3.7889862060546875, 9.386928081512451, 2.1174492835998535, 8.370231628417969, 0.48530030250549316, 0.757270097732544, 14.815186977386475, 9.302907943725586, 5.539935111999512, 44.52394199371338, 21.682043075561523, 0.9093179702758789, 17.41056227684021, 0.8336279392242432, 0.7822721004486084, 0.721785306930542, 0.6943924427032471, 74.4512095451355, 1.5084779262542725, 1.0949599742889404, 1.8622918128967285, 3.542323112487793, 2.435587167739868, 2.4510765075683594, 1.1155691146850586, 15.309202432632446, 3.4974777698516846, 2.4125192165374756, 8.32411789894104, 2.6972579956054688, 1.6572647094726562, 1.7412762641906738, 2.3134920597076416, 1.768784761428833, 1.9495046138763428, 5.273333311080933, 1.7626063823699951, 1.9697322845458984, 2.7525205612182617, 1.3015222549438477, 1.5518832206726074, 10.435773372650146, 2.4437928199768066, 1.3455419540405273, 3.52699875831604, 3.757382869720459, 1.8551039695739746, 7.42894434928894, 2.248805284500122, 3.5542526245117188, 12.277753591537476, 5.124590158462524, 4.8825178146362305, 3.062950611114502, 1.6548681259155273, 3.129774332046509, 5.165388584136963, 1.5899126529693604, 5.204436302185059, 0.9898951053619385, 0.8855555057525635, 2.582054376602173, 1.3905155658721924, 0.7737312316894531, 0.7307429313659668, 0.7250785827636719, 1.3285243511199951, 0.6930446624755859, 1.217120885848999, 0.651991605758667, 0.6180782318115234, 0.6160600185394287, 0.6285214424133301, 2.028266429901123, 4.105807065963745, 0.8107776641845703, 4.287074089050293, 2.647462844848633, 1.4592421054840088, 1.4968984127044678, 0.7878355979919434, 0.687558650970459, 1.545114278793335, 2.01118540763855, 1.3843393325805664, 1.2937755584716797, 0.645526647567749, 0.6079311370849609, 0.6017851829528809, 1.2270920276641846, 0.6138989925384521, 1.189305067062378, 2.5557541847229004, 0.7534353733062744, 3.2871134281158447, 2.6478137969970703, 0.7068378925323486, 0.7265770435333252, 1.3747060298919678, 0.6766743659973145, 0.6596508026123047, 0.6650989055633545, 1.5985605716705322, 0.631981611251831, 0.6094169616699219, 0.6863465309143066], "HS-postpone-time": [0.0026845932006835938, 0.0004401206970214844, 0.0008149147033691406, 0.0001544952392578125, 9.775161743164062e-05, 0.00032329559326171875, 0.0003674030303955078, 0.0005290508270263672, 0.00030350685119628906, 0.00041484832763671875, 0.0006694793701171875, 0.00016021728515625, 0, 0.005744457244873047, 0.00016927719116210938, 0, 0.0008254051208496094, 0.0007176399230957031, 0.000518798828125, 0.0003573894500732422, 0.0018868446350097656, 0, 0.0010325908660888672, 0, 0, 0.0007836818695068359, 0.0006096363067626953, 0.0006418228149414062, 0.0020401477813720703, 0.000990152359008789, 0, 0.0013682842254638672, 0, 0, 0, 0, 0.0032083988189697266, 0, 0, 0, 0.00011444091796875, 9.298324584960938e-05, 0.0002243518829345703, 0, 0.0014684200286865234, 0.0006461143493652344, 0, 0.00027060508728027344, 0.00022077560424804688, 0, 0, 0.0002789497375488281, 0, 0, 0.0003159046173095703, 0, 0, 0.0003330707550048828, 0, 0, 0.00028014183044433594, 0.00017905235290527344, 0, 0.0001647472381591797, 0.00011348724365234375, 0, 0.0002498626708984375, 0, 8.320808410644531e-05, 0.0001480579376220703, 0.00043010711669921875, 0.00010657310485839844, 4.8160552978515625e-05, 0, 8.606910705566406e-05, 0.000186920166015625, 0, 0.0004000663757324219, 0, 0, 0.00031375885009765625, 0.00012302398681640625, 0, 0, 0, 7.104873657226562e-05, 0, 7.510185241699219e-05, 0, 0, 0, 0, 0.00025177001953125, 0.0005385875701904297, 0, 0.0001800060272216797, 0.00038313865661621094, 2.288818359375e-05, 4.601478576660156e-05, 0, 0, 0.0001277923583984375, 0.0001952648162841797, 2.1219253540039062e-05, 2.384185791015625e-05, 0, 0, 0, 6.818771362304688e-05, 0, 7.009506225585938e-05, 0.000213623046875, 0, 0.0003845691680908203, 0.00013780593872070312, 0, 0, 4.863739013671875e-05, 0, 0, 0, 6.222724914550781e-05, 0, 0, 0],