{"config": {"preseeding": true, "preseeding-grow": false, "sat-polarity": true, "sat-polarity-initial": false, "postpone_opt": false, "postpone_opt_incr": false, "postpone_opt_greedy": false, "grow": true, "grow_sat": false, "grow_subset_maximal": true, "grow_maxsat": false, "grow_maxsat_neg_cost": false, "grow_maxsat_pos_cost": false, "grow_maxsat_max_cost_neg": false, "grow_maxsat_unit": false, "grow_maxsat_initial": false, "grow_maxsat_actual_pos": false, "grow_maxsat_actual_unif": false, "grow_maxsat_actual_inv": false, "timeout": 10800, "instance": "origin-problem", "output": "/user/brussel/101/vsc10143/holygrail/experiments/03_OMUS/02_OUS/results/effectPreseeding/2021010606/20210106062627922893.json"}, "results": {"HS": [51, 6, 7, 12, 31, 1, 7, 13, 4, 41, 11, 1, 6, 137, 48, 38, 31, 19, 7, 8, 18, 21, 6, 1, 69, 75, 67, 13, 220, 1, 68, 1, 6, 9, 7, 206], "HS_greedy": [0, 0, 0, 0, 0, 0, 0, 0, 0, 0, 0, 0, 0, 0, 0, 0, 0, 0, 0, 0, 0, 0, 0, 0, 0, 0, 0, 0, 0, 0, 0, 0, 0, 0, 0, 0], "HS_incr": [0, 0, 0, 0, 0, 0, 0, 0, 0, 0, 0, 0, 0, 0, 0, 0, 0, 0, 0, 0, 0, 0, 0, 0, 0, 0, 0, 0, 0, 0, 0, 0, 0, 0, 0, 0], "HS-opt-time": [10.976124286651611, 3.204570770263672, 2.3818836212158203, 4.180824518203735, 27.507272005081177, 1.2603363990783691, 8.325019598007202, 14.536348104476929, 3.443981885910034, 41.7244918346405, 15.521730184555054, 0.7404601573944092, 7.145522594451904, 532.1588876247406, 305.2147786617279, 261.1200442314148, 199.83506774902344, 130.77635312080383, 50.60533261299133, 29.154817819595337, 111.67083144187927, 140.37032222747803, 5.036866903305054, 0.8122806549072266, 492.4461591243744, 630.0220568180084, 607.3710675239563, 63.593546867370605, 2797.37198638916, 4.921480178833008, 1022.1690065860748, 2.700737714767456, 12.933608531951904, 19.586976051330566, 15.06418228149414, 3184.1207659244537], "HS-postpone-time": [0, 0, 0, 0, 0, 0, 0, 0, 0, 0, 0, 0, 0, 0, 0, 0, 0, 0, 0, 0, 0, 0, 0, 0, 0, 0, 0, 0, 0, 0, 0, 0, 0, 0, 0, 0], "SAT-time": [0.2661318778991699, 0.04182624816894531, 0.03838348388671875, 0.06424736976623535, 0.19645333290100098, 0.0016918182373046875, 0.04448556900024414, 0.08109331130981445, 0.022289514541625977, 0.24964523315429688, 0.06883645057678223, 0.0017325878143310547, 0.034772396087646484, 0.9894814491271973, 0.3041841983795166, 0.2834792137145996, 0.24122881889343262, 0.14326810836791992, 0.046142578125, 0.04396486282348633, 0.13491535186767578, 0.1524972915649414, 0.0390172004699707, 0.002199411392211914, 0.48543882369995117, 0.4836769104003906, 0.44222021102905273, 0.07271313667297363, 1.4554407596588135, 0.0008683204650878906, 0.4145684242248535, 0.0008761882781982422, 0.04490947723388672, 0.04903364181518555, 0.04763936996459961, 1.250701665878296], "grow-time": [0.21461081504821777, 0.03509831428527832, 0.029984235763549805, 0.04817366600036621, 0.15909457206726074, 0, 0.03536272048950195, 0.06418728828430176, 0.016847848892211914, 0.1945507526397705, 0.05524635314941406, 0, 0.027316808700561523, 0.812885046005249, 0.2385270595550537, 0.23425006866455078, 0.20346474647521973, 0.1200563907623291, 0.035804033279418945, 0.03288006782531738, 0.11268806457519531, 0.12424159049987793, 0.030012130737304688, 0, 0.3907053470611572, 0.37684130668640137, 0.3489854335784912, 0.05445981025695801, 1.1544172763824463, 0, 0.31745457649230957, 0, 0.03590655326843262, 0.0354306697845459, 0.037383079528808594, 0.9477832317352295], "#expl": 35, "expl_seq": [{"constraints": [1786], "derived": [-15, -14]}, {"constraints": [1783], "derived": [5]}, {"constraints": [5, 159], "derived": [-20, -10, -25]}, {"constraints": [161, 5], "derived": [-4, -3, -1, -2]}, {"constraints": [1790], "derived": [-100]}, {"constraints": [5, -100, 276], "derived": [-30]}, {"constraints": [1785], "derived": [-104]}, {"constraints": [1792], "derived": [-27]}, {"constraints": [5, 275, -27], "derived": [-97]}, {"constraints": [-15, 1790], "derived": [-95]}, {"constraints": [1789, -27], "derived": [-52]}, {"constraints": [272, -52, 5], "derived": [-122]}, {"constraints": [-14, 1790], "derived": [-90]}, {"constraints": [178, 277, 1791], "derived": [-145]}, {"constraints": [1786, 166, 271], "derived": [-63]}, {"constraints": [220, 276, 1790], "derived": [-40]}, {"constraints": [220, 165, 1790], "derived": [-11]}, {"constraints": [275, 156, 1788], "derived": [-89]}, {"constraints": [1786, 235, 166], "derived": [-103, -108]}, {"constraints": [-95, -90, 220, -108, 280, -103, -100], "derived": [-148]}, {"constraints": [176, 1787, 277], "derived": [-140]}, {"constraints": [1792, 201, 174], "derived": [-54, -51]}, {"constraints": [272, 5, -51], "derived": [-121]}, {"constraints": [272, -54, 5], "derived": [-124]}, {"constraints": [273, 1785, 238], "derived": [-59]}, {"constraints": [1785, 163, -124, 238], "derived": [-9]}, {"constraints": [1786, 235, -11, 166], "derived": [-113]}, {"constraints": [164, -113, 273, -108, -10, -9, -103], "derived": [-58]}, {"constraints": [1792, 203, 1789], "derived": [-57]}, {"constraints": [1784, -58, -57], "derived": [-32]}, {"constraints": [1792, -32, 174, 199], "derived": [-60]}, {"constraints": [-60, -59, -58, -57, 204], "derived": [56]}, {"constraints": [56, 191], "derived": [-71, -61, -66]}, {"constraints": [56, 271, -9], "derived": [-116]}, {"constraints": [56, -32, 278], "derived": [-131]}], "OUS-time": [11.348148107528687, 3.259683132171631, 2.434159517288208, 4.268352031707764, 27.77021598815918, 1.2634491920471191, 8.383830308914185, 14.6449556350708, 3.4741835594177246, 42.05886912345886, 15.613198041915894, 0.7433784008026123, 7.191604137420654, 533.4546399116516, 305.62427854537964, 261.4912052154541, 200.15080881118774, 130.96478939056396, 50.66610622406006, 29.214667081832886, 111.84833121299744, 140.57162070274353, 5.088179111480713, 0.8155333995819092, 493.0771539211273, 630.6576108932495, 607.9521367549896, 63.69123339653015, 2799.264893770218, 4.924279689788818, 1022.7130813598633, 2.7035393714904785, 12.99070954322815, 19.65176272392273, 15.126129627227783, 0], "timeout": true}}