{"config": {"preseeding": true, "sat-polarity": false, "sat-polarity-initial": false, "postpone_opt": false, "postpone_opt_incr": false, "postpone_opt_greedy": false, "grow": true, "grow_sat": false, "grow_subset_maximal": false, "grow_maxsat": true, "maxsat_polarities": true, "grow_maxsat_full_pos": false, "grow_maxsat_full_inv": false, "grow_maxsat_full_unif": false, "grow_maxsat_initial_pos": false, "grow_maxsat_initial_inv": false, "grow_maxsat_initial_unif": false, "grow_maxsat_actual_pos": false, "grow_maxsat_actual_unif": true, "grow_maxsat_actual_inv": false, "timeout": 7200, "instance": "p16", "output": "/data/brussel/101/vsc10143/OUSResults/experiment5_qualitative/2021011617/20210116173434735019.json"}, "results": {"HS": [0, 33, 2, 4, 2, 4, 5, 2, 18, 4, 8, 8, 3, 5, 4, 3, 2, 47, 4, 3, 7, 10, 1, 7, 2, 3, 1, 1, 1, 1, 2, 1, 12, 10, 1, 6, 42, 1, 1, 2, 11, 2, 4, 4, 3, 1, 1, 2, 3, 4, 5, 1, 2, 1, 2, 16, 2, 8, 3, 3, 1, 28, 1, 2, 1, 1, 1, 4, 1, 1, 1, 3, 1, 2, 1, 1, 2, 16, 1, 1, 1, 8, 6, 3, 1, 1, 2, 11, 4, 3, 1, 3, 1, 4, 3, 12, 3, 4, 6, 3, 3, 3, 3, 1, 8, 5, 1, 6, 1, 5, 1, 6, 4, 2, 1, 2, 3, 1, 1], "HS_greedy": [0, 0, 0, 0, 0, 0, 0, 0, 0, 0, 0, 0, 0, 0, 0, 0, 0, 0, 0, 0, 0, 0, 0, 0, 0, 0, 0, 0, 0, 0, 0, 0, 0, 0, 0, 0, 0, 0, 0, 0, 0, 0, 0, 0, 0, 0, 0, 0, 0, 0, 0, 0, 0, 0, 0, 0, 0, 0, 0, 0, 0, 0, 0, 0, 0, 0, 0, 0, 0, 0, 0, 0, 0, 0, 0, 0, 0, 0, 0, 0, 0, 0, 0, 0, 0, 0, 0, 0, 0, 0, 0, 0, 0, 0, 0, 0, 0, 0, 0, 0, 0, 0, 0, 0, 0, 0, 0, 0, 0, 0, 0, 0, 0, 0, 0, 0, 0, 0, 0], "HS_incr": [0, 0, 0, 0, 0, 0, 0, 0, 0, 0, 0, 0, 0, 0, 0, 0, 0, 0, 0, 0, 0, 0, 0, 0, 0, 0, 0, 0, 0, 0, 0, 0, 0, 0, 0, 0, 0, 0, 0, 0, 0, 0, 0, 0, 0, 0, 0, 0, 0, 0, 0, 0, 0, 0, 0, 0, 0, 0, 0, 0, 0, 0, 0, 0, 0, 0, 0, 0, 0, 0, 0, 0, 0, 0, 0, 0, 0, 0, 0, 0, 0, 0, 0, 0, 0, 0, 0, 0, 0, 0, 0, 0, 0, 0, 0, 0, 0, 0, 0, 0, 0, 0, 0, 0, 0, 0, 0, 0, 0, 0, 0, 0, 0, 0, 0, 0, 0, 0, 0], "HS-opt-time": [0, 0.9364616870880127, 0.05015277862548828, 0.09774065017700195, 0.16958212852478027, 0.10967063903808594, 0.12445688247680664, 0.08957910537719727, 4.660597085952759, 1.2908287048339844, 3.7106285095214844, 3.5533506870269775, 0.9143965244293213, 0.3590528964996338, 0.2765536308288574, 0.3500688076019287, 0.19611334800720215, 23.64996647834778, 0.39307498931884766, 0.6952037811279297, 0.6156187057495117, 0.8912882804870605, 0.14468955993652344, 0.795560359954834, 0.20734024047851562, 0.26659488677978516, 0.12554669380187988, 0.13369131088256836, 0.1217963695526123, 0.11321020126342773, 0.20477056503295898, 0.1226656436920166, 7.211106538772583, 8.739491701126099, 0.2531468868255615, 3.6056976318359375, 24.780036211013794, 0.1421070098876953, 0.16286635398864746, 0.39555811882019043, 5.212047338485718, 0.297701358795166, 0.6110939979553223, 0.7766921520233154, 0.6055853366851807, 0.1859116554260254, 0.1774277687072754, 0.5142598152160645, 0.6361904144287109, 0.6378238201141357, 1.5711603164672852, 0.3078470230102539, 0.2971031665802002, 0.29801368713378906, 0.36154937744140625, 4.968867540359497, 0.41382265090942383, 1.3958041667938232, 0.7757000923156738, 0.7022111415863037, 0.31618690490722656, 11.041937589645386, 0.29705262184143066, 0.4508938789367676, 0.30512475967407227, 0.26949000358581543, 0.27045106887817383, 0.9840075969696045, 0.27555251121520996, 0.2599451541900635, 0.25665974617004395, 0.646134614944458, 0.25013136863708496, 0.42269015312194824, 0.24288725852966309, 0.26485371589660645, 0.4966702461242676, 5.104838848114014, 0.2449202537536621, 0.22377419471740723, 0.2793700695037842, 2.194535255432129, 1.413419485092163, 0.7974865436553955, 0.22780227661132812, 0.2962310314178467, 0.4734680652618408, 3.657588243484497, 0.9540503025054932, 0.7770302295684814, 0.26422667503356934, 0.7787058353424072, 0.2849559783935547, 1.1263883113861084, 0.7593486309051514, 4.377399921417236, 1.0411701202392578, 1.2773280143737793, 2.1877245903015137, 1.22324800491333, 1.0843706130981445, 1.0246310234069824, 0.9879024028778076, 0.3688986301422119, 2.7419347763061523, 1.5054545402526855, 0.30243372917175293, 1.8608064651489258, 0.30045652389526367, 1.5663301944732666, 0.3630180358886719, 1.953446626663208, 1.4503345489501953, 0.6430952548980713, 0.32843780517578125, 0.6182084083557129, 1.180704116821289, 0.30852198600769043, 0.30342721939086914], "HS-postpone-time": [0, 0, 0, 0, 0, 0, 0, 0, 0, 0, 0, 0, 0, 0, 0, 0, 0, 0, 0, 0, 0, 0, 0, 0, 0, 0, 0, 0, 0, 0, 0, 0, 0, 0, 0, 0, 0, 0, 0, 0, 0, 0, 0, 0, 0, 0, 0, 0, 0, 0, 0, 0, 0, 0, 0, 0, 0, 0, 0, 0, 0, 0, 0, 0, 0, 0, 0, 0, 0, 0, 0, 0, 0, 0, 0, 0, 0, 0, 0, 0, 0, 0, 0, 0, 0, 0, 0, 0, 0, 0, 0, 0, 0, 0, 0, 0, 0, 0, 0, 0, 0, 0, 0, 0, 0, 0, 0, 0, 0, 0, 0, 0, 0, 0, 0, 0, 0, 0, 0], "SAT-time": [0.07051682472229004, 0.07413315773010254, 0.0023369789123535156, 0.007547140121459961, 0.0021028518676757812, 0.0075452327728271484, 0.008179187774658203, 0.0033190250396728516, 0.03470754623413086, 0.007230997085571289, 0.015169858932495117, 0.01596665382385254, 0.004827737808227539, 0.009361028671264648, 0.006649494171142578, 0.0055997371673583984, 0.002622365951538086, 0.10586214065551758, 0.006928920745849609, 0.005669116973876953, 0.014153242111206055, 0.021726608276367188, 0.0005719661712646484, 0.014860868453979492, 0.002644777297973633, 0.006070613861083984, 0.0005695819854736328, 0.0015835762023925781, 0.0005960464477539062, 0.001565694808959961, 0.002647876739501953, 0.0015828609466552734, 0.026147842407226562, 0.022828102111816406, 0.0005724430084228516, 0.01312112808227539, 0.09721231460571289, 0.00160980224609375, 0.0005948543548583984, 0.003583192825317383, 0.024252653121948242, 0.003740072250366211, 0.0077474117279052734, 0.008362531661987305, 0.005034923553466797, 0.001641988754272461, 0.000598907470703125, 0.0037910938262939453, 0.005093574523925781, 0.008754730224609375, 0.009699821472167969, 0.0016591548919677734, 0.0028731822967529297, 0.0016326904296875, 0.0030698776245117188, 0.03987765312194824, 0.0030994415283203125, 0.01941061019897461, 0.005549430847167969, 0.0065381526947021484, 0.0006105899810791016, 0.07037234306335449, 0.0006346702575683594, 0.003929853439331055, 0.0006418228149414062, 0.0016927719116210938, 0.0006256103515625, 0.008901834487915039, 0.0006453990936279297, 0.0017924308776855469, 0.0006299018859863281, 0.006510734558105469, 0.0006036758422851562, 0.0040857791900634766, 0.0006167888641357422, 0.0017549991607666016, 0.0031342506408691406, 0.04032087326049805, 0.0006203651428222656, 0.0018115043640136719, 0.0006647109985351562, 0.01981663703918457, 0.014053106307983398, 0.006425380706787109, 0.0006442070007324219, 0.0017821788787841797, 0.003156423568725586, 0.028140783309936523, 0.008458375930786133, 0.006914615631103516, 0.0006468296051025391, 0.006554365158081055, 0.0006213188171386719, 0.009285926818847656, 0.0058612823486328125, 0.02993607521057129, 0.005739927291870117, 0.009595870971679688, 0.013913393020629883, 0.006556272506713867, 0.005873918533325195, 0.0068666934967041016, 0.005821943283081055, 0.0018465518951416016, 0.018753528594970703, 0.012325048446655273, 0.0006852149963378906, 0.014937639236450195, 0.0006542205810546875, 0.011955738067626953, 0.0007045269012451172, 0.014334440231323242, 0.008411645889282227, 0.0041730403900146484, 0.0006687641143798828, 0.004332304000854492, 0.005765676498413086, 0.001870870590209961, 0.0007269382476806641],