{"config": {"preseeding": true, "preseeding-minimal": true, "preseeding-grow": false, "preseeding-grow-maxsat": false, "sat-polarity": true, "postpone_opt": true, "postpone_opt_incr": true, "postpone_opt_greedy": true, "grow": true, "grow_sat": false, "grow_subset_maximal": false, "grow_maxsat": true, "timeout": 14400, "instance": "simple", "output": "/user/brussel/101/vsc10143/holygrail/experiments/03_OMUS/02_OUS/results/rq1_5/2020122112/20201221122653316267.json"}, "results": {"HS": [2, 2, 1], "HS_greedy": [3, 2, 0], "HS_incr": [6, 4, 0], "HS-opt-time": [0.0017154216766357422, 0.0011548995971679688, 0.0002827644348144531], "HS-postpone-time": [0.00019550323486328125, 0.00010180473327636719, 0], "SAT-time": [0.00023818016052246094, 0.00016617774963378906, 2.3365020751953125e-05], "grow-time": [0.003161907196044922, 0.0019228458404541016, 0], "#expl": 3, "expl_seq": [{"constraints": [4], "derived": [1]}, {"constraints": [1, 5, 6], "derived": [2]}, {"constraints": [2, 7], "derived": [-3]}], "OUS-time": [0.006134510040283203, 0.004027366638183594, 0.0004296302795410156], "timeout": false}}