{"config": {"preseeding": true, "preseeding-minimal": false, "preseeding-grow": false, "preseeding-grow-maxsat": true, "sat-polarity": true, "postpone_opt": true, "postpone_opt_incr": true, "postpone_opt_greedy": true, "grow": true, "grow_sat": false, "grow_subset_maximal": false, "grow_maxsat": true, "timeout": 14400, "instance": "simple", "output": "results/rq1_5/2020122112/20201221122149766439.json"}, "results": {"HS": [1, 2, 1], "HS_greedy": [0, 4, 0], "HS_incr": [0, 7, 0], "HS-opt-time": [0.0012545585632324219, 0.0015387535095214844, 0.00030040740966796875], "HS-postpone-time": [0, 0.00021338462829589844, 0], "SAT-time": [2.2172927856445312e-05, 0.0002677440643310547, 2.3603439331054688e-05], "grow-time": [0, 0.0030291080474853516, 0], "#expl": 3, "expl_seq": [{"constraints": [4], "derived": [1]}, {"constraints": [1, 5, 6], "derived": [2]}, {"constraints": [2, 7], "derived": [-3]}], "OUS-time": [0.0015106201171875, 0.005971193313598633, 0.00045108795166015625], "timeout": false}}