{"config": {"preseeding": true, "preseeding-minimal": false, "preseeding-grow": false, "preseeding-grow-maxsat": true, "sat-polarity": true, "postpone_opt": true, "postpone_opt_incr": true, "postpone_opt_greedy": true, "grow": true, "grow_sat": false, "grow_subset_maximal": false, "grow_maxsat": true, "timeout": 14400, "instance": "simple", "output": "/user/brussel/101/vsc10143/holygrail/experiments/03_OMUS/02_OUS/results/rq1_5/2020122112/20201221122653317882.json"}, "results": {"HS": [1, 2, 1], "HS_greedy": [0, 4, 0], "HS_incr": [0, 7, 0], "HS-opt-time": [0.001674652099609375, 0.0010814666748046875, 0.000270843505859375], "HS-postpone-time": [0, 0.00019359588623046875, 0], "SAT-time": [2.0265579223632812e-05, 0.0002689361572265625, 2.2411346435546875e-05], "grow-time": [0, 0.002938985824584961, 0], "#expl": 3, "expl_seq": [{"constraints": [4], "derived": [1]}, {"constraints": [1, 5, 6], "derived": [2]}, {"constraints": [2, 7], "derived": [-3]}], "OUS-time": [0.0018737316131591797, 0.005422115325927734, 0.0004265308380126953], "timeout": false}}