{"config": {"preseeding": true, "preseeding-minimal": false, "preseeding-grow": true, "preseeding-grow-maxsat": false, "sat-polarity": true, "postpone_opt": false, "postpone_opt_incr": false, "postpone_opt_greedy": false, "grow": true, "grow_sat": false, "grow_subset_maximal": false, "grow_maxsat": true, "timeout": 14400, "instance": "simple", "output": "/user/brussel/101/vsc10143/holygrail/experiments/03_OMUS/02_OUS/results/rq1_5/2020122112/20201221122653317630.json"}, "results": {"HS": [2, 3, 1], "HS_greedy": [0, 0, 0], "HS_incr": [0, 0, 0], "HS-opt-time": [0.0013849735260009766, 0.0012362003326416016, 0.00027942657470703125], "HS-postpone-time": [0, 0, 0], "SAT-time": [4.38690185546875e-05, 7.081031799316406e-05, 2.288818359375e-05], "grow-time": [0.0005505084991455078, 0.0008087158203125, 0], "#expl": 3, "expl_seq": [{"constraints": [4], "derived": [1]}, {"constraints": [1, 5, 6], "derived": [2]}, {"constraints": [2, 7], "derived": [-3]}], "OUS-time": [0.0022580623626708984, 0.0024178028106689453, 0.0004444122314453125], "timeout": false}}