{"config": {"preseeding": true, "preseeding-minimal": true, "preseeding-grow": false, "preseeding-grow-maxsat": false, "sat-polarity": true, "postpone_opt": true, "postpone_opt_incr": false, "postpone_opt_greedy": true, "grow": true, "grow_sat": false, "grow_subset_maximal": false, "grow_maxsat": true, "timeout": 14400, "instance": "simple", "output": "/user/brussel/101/vsc10143/holygrail/experiments/03_OMUS/02_OUS/results/rq1_5/2020122112/20201221122653316717.json"}, "results": {"HS": [2, 2, 1], "HS_greedy": [4, 4, 0], "HS_incr": [0, 0, 0], "HS-opt-time": [0.07957696914672852, 0.006273984909057617, 0.0003173351287841797], "HS-postpone-time": [0.00014829635620117188, 0.00012493133544921875, 0], "SAT-time": [0.000164031982421875, 0.00015091896057128906, 2.574920654296875e-05], "grow-time": [0.0024073123931884766, 0.0017507076263427734, 0], "#expl": 3, "expl_seq": [{"constraints": [4], "derived": [1]}, {"constraints": [1, 5, 6], "derived": [2]}, {"constraints": [2, 7], "derived": [-3]}], "OUS-time": [0.09414529800415039, 0.010767698287963867, 0.0006003379821777344], "timeout": false}}