{"config": {"preseeding": true, "preseeding-minimal": false, "preseeding-grow": true, "preseeding-grow-maxsat": false, "sat-polarity": true, "postpone_opt": false, "postpone_opt_incr": false, "postpone_opt_greedy": false, "grow": true, "grow_sat": false, "grow_subset_maximal": false, "grow_maxsat": true, "timeout": 14400, "instance": "simple", "output": "results/rq1_5/2020122112/20201221122149766272.json"}, "results": {"HS": [1, 3, 1], "HS_greedy": [0, 0, 0], "HS_incr": [0, 0, 0], "HS-opt-time": [0.0011675357818603516, 0.0018537044525146484, 0.00027632713317871094], "HS-postpone-time": [0, 0, 0], "SAT-time": [2.3126602172851562e-05, 0.000324249267578125, 2.3365020751953125e-05], "grow-time": [0, 0.0008573532104492188, 0], "#expl": 3, "expl_seq": [{"constraints": [4], "derived": [1]}, {"constraints": [1, 5, 7], "derived": [-3]}, {"constraints": [1, -3, 6], "derived": [2]}], "OUS-time": [0.0014417171478271484, 0.0035381317138671875, 0.0004322528839111328], "timeout": false}}