{"config": {"preseeding": true, "preseeding-minimal": false, "preseeding-grow": false, "preseeding-grow-maxsat": true, "sat-polarity": true, "postpone_opt": true, "postpone_opt_incr": true, "postpone_opt_greedy": true, "grow": true, "grow_sat": false, "grow_subset_maximal": false, "grow_maxsat": true, "timeout": 14400, "instance": "simple", "output": "results/rq1_4/20201221/20201221121019482897.json"}, "results": {"HS": [1, 2, 1], "HS_greedy": [0, 4, 0], "HS_incr": [0, 7, 0], "HS-opt-time": [0.07584190368652344, 0.0011432170867919922, 0.0002868175506591797], "HS-postpone-time": [0, 0.00020360946655273438, 0], "SAT-time": [3.314018249511719e-05, 0.00026798248291015625, 2.2649765014648438e-05], "grow-time": [0, 0.003075838088989258, 0], "#expl": 3, "expl_seq": [{"constraints": [4], "derived": [1]}, {"constraints": [1, 5, 6], "derived": [2]}, {"constraints": [2, 7], "derived": [-3]}], "OUS-time": [0.07606196403503418, 0.005594015121459961, 0.0004334449768066406], "timeout": false}}