{"clauses": 250, "avg_clause_len": 1.88, "steps": 2, "t_hitting_set": [1.1920928955078125e-06, 0.0033524036407470703, 0.0037577152252197266], "t_sat_check": [4.76837158203125e-07, 0.00013828277587890625, 0.00010609626770019531], "t_grow": [0.00041031837463378906, 0.00044918060302734375], "total_time": 0.008424520492553711, "extension": 2, "sat": 1}