{"clauses": 133, "avg_clause_len": 2.210526315789474, "steps": 238, "t_hitting_set": [1.9073486328125e-06, 0.002123594284057617, 0.0024690628051757812, 0.0023581981658935547, 0.002660512924194336, 0.0022492408752441406, 0.002687215805053711, 0.002906322479248047, 0.0026776790618896484, 0.0033674240112304688, 0.0030596256256103516, 0.0029516220092773438, 0.003076791763305664, 0.003298044204711914, 0.0042836666107177734, 0.006685972213745117, 0.006281375885009766, 0.006552696228027344, 0.007345676422119141, 0.007041215896606445, 0.004582405090332031, 0.005011558532714844, 0.007884979248046875, 0.008110523223876953, 0.005289793014526367, 0.008081436157226562, 0.0061798095703125, 0.006276130676269531, 0.0064427852630615234, 0.006434440612792969, 0.007543802261352539, 0.007005929946899414, 0.007818460464477539, 0.009796142578125, 0.011414289474487305, 0.011552572250366211, 0.013484954833984375, 0.012494802474975586, 0.01349496841430664, 0.01405644416809082, 0.014380216598510742, 0.013950586318969727, 0.014991283416748047, 0.014177799224853516, 0.01524972915649414, 0.015410661697387695, 0.015939712524414062, 0.016089200973510742, 0.018754005432128906, 0.019080162048339844, 0.02057623863220215, 0.021297931671142578, 0.022318124771118164, 0.017331361770629883, 0.019860506057739258, 0.018581390380859375, 0.021062135696411133, 0.02064371109008789, 0.02138209342956543, 0.021440982818603516, 0.0226595401763916, 0.02292919158935547, 0.02210068702697754, 0.024384021759033203, 0.06170845031738281, 0.02354264259338379, 0.026225566864013672, 0.023939847946166992, 0.025246620178222656, 0.023919105529785156, 0.024210214614868164, 0.024977445602416992, 0.03423142433166504, 0.026986360549926758, 0.027466297149658203, 0.02568197250366211, 0.025898456573486328, 0.027890443801879883, 0.031215190887451172, 0.030384063720703125, 0.03129696846008301, 0.028192996978759766, 0.029608726501464844, 0.030496835708618164, 0.029653549194335938, 0.03027629852294922, 0.031029224395751953, 0.03200697898864746, 0.030140399932861328, 0.030153751373291016, 0.03269362449645996, 0.03287053108215332, 0.0339045524597168, 0.03461027145385742, 0.03325772285461426, 0.03524661064147949, 0.03526496887207031, 0.03552961349487305, 0.0365452766418457, 0.03780674934387207, 0.03981900215148926, 0.03922247886657715, 0.036333322525024414, 0.03869771957397461, 0.04022550582885742, 0.038979530334472656, 0.0446012020111084, 0.047080278396606445, 0.042154788970947266, 0.04842185974121094, 0.039385080337524414, 0.04130101203918457, 0.04003286361694336, 0.040337562561035156, 0.04346108436584473, 0.040494680404663086, 0.04121279716491699, 0.04244828224182129, 0.048810720443725586, 0.05033731460571289, 0.045030832290649414, 0.050223588943481445, 0.04426980018615723, 0.04537630081176758, 0.042046308517456055, 0.04495501518249512, 0.04366660118103027, 0.04577302932739258, 0.041434526443481445, 0.043434858322143555, 0.04260849952697754, 0.044162750244140625, 0.04530477523803711, 0.04677534103393555, 0.04739522933959961, 0.048592567443847656, 0.05304312705993652, 0.05152583122253418, 0.06087470054626465, 0.06413960456848145, 0.062070369720458984, 0.054689884185791016, 0.06124520301818848, 0.06458854675292969, 0.06500506401062012, 0.06153440475463867, 0.05770754814147949, 0.06541013717651367, 0.05887246131896973, 0.0578610897064209, 0.058318138122558594, 0.06299448013305664, 0.06889581680297852, 0.06001734733581543, 0.06053566932678223, 0.0626673698425293, 0.06308436393737793, 0.06430196762084961, 0.07234954833984375, 0.06731462478637695, 0.06904768943786621, 0.07024645805358887, 0.07271003723144531, 0.08266472816467285, 0.07231283187866211, 0.08069038391113281, 0.07579803466796875, 0.07626914978027344, 0.0777440071105957, 0.07787728309631348, 0.09344124794006348, 0.09279131889343262, 0.09094905853271484, 0.08429837226867676, 0.08592677116394043, 0.0877373218536377, 0.08866691589355469, 0.08779287338256836, 0.09305310249328613, 0.09233856201171875, 0.09565114974975586, 0.09634232521057129, 0.09699702262878418, 0.11328649520874023, 0.11279606819152832, 0.0976262092590332, 0.09949612617492676, 0.10181617736816406, 0.10491299629211426, 0.10762500762939453, 0.10835981369018555, 0.10690498352050781, 0.10832858085632324, 0.125565767288208, 0.11191153526306152, 0.11293864250183105, 0.11434507369995117, 0.11499953269958496, 0.1187593936920166, 0.11700057983398438, 0.12061548233032227, 0.12339401245117188, 0.12350773811340332, 0.12644600868225098, 0.12883806228637695, 0.12987589836120605, 0.1317157745361328, 0.1343092918395996, 0.1292884349822998, 0.13468456268310547, 0.13813543319702148, 0.15804696083068848, 0.13620948791503906, 0.1380016803741455, 0.1442253589630127, 0.1454470157623291, 0.15929460525512695, 0.14903855323791504, 0.14652276039123535, 0.14979004859924316, 0.15193533897399902, 0.14669489860534668, 0.15074515342712402, 0.15771079063415527, 0.1564314365386963, 0.15787315368652344, 0.15287494659423828, 0.16042470932006836, 0.165205717086792, 0.17320036888122559, 0.16818904876708984, 0.17160797119140625, 0.17268610000610352, 0.1729130744934082, 0.17592811584472656, 0.17709565162658691, 0.17984795570373535, 0.1809406280517578, 0.1820833683013916],