{"config": {"preseeding": true, "preseeding-grow": true, "sat-polarity": true, "sat-polarity-initial": false, "postpone_opt": true, "postpone_opt_incr": true, "postpone_opt_greedy": true, "grow": true, "grow_sat": false, "grow_subset_maximal": true, "grow_maxsat": false, "grow_maxsat_neg_cost": false, "grow_maxsat_pos_cost": false, "grow_maxsat_max_cost_neg": false, "grow_maxsat_unit": false, "grow_maxsat_initial": false, "grow_maxsat_actual": false, "timeout": 10800, "instance": "origin-problem", "output": "/user/brussel/101/vsc10143/holygrail/experiments/03_OMUS/02_OUS/results/effectPreseeding/2021010518/20210105185211289064.json"}, "results": {"HS": [13, 2, 1, 2, 1, 1, 1, 1, 1, 1, 1, 1, 2, 11, 9, 3, 1, 2, 1, 1, 1, 2, 1, 1, 1, 3, 1, 1, 1], "HS_greedy": [22, 13, 0, 45, 0, 0, 0, 0, 0, 0, 0, 0, 55, 76, 54, 62, 0, 47, 0, 0, 0, 73, 0, 0, 0, 62, 0, 0, 39], "HS_incr": [1842, 955, 0, 2874, 0, 0, 0, 0, 0, 0, 0, 0, 2341, 3461, 2435, 2681, 0, 2301, 0, 0, 0, 4091, 0, 0, 0, 3517, 0, 0, 1308], "HS-opt-time": [103.0711886882782, 33.37621760368347, 18.335479021072388, 83.52293014526367, 20.075592279434204, 10.18019962310791, 19.077112197875977, 26.45524287223816, 44.54939818382263, 48.800862312316895, 27.566834211349487, 37.67125916481018, 139.66127252578735, 2055.2608304023743, 2278.2496705055237, 631.0240726470947, 238.25131177902222, 444.6084544658661, 275.17340445518494, 238.98401069641113, 230.91686463356018, 619.2890784740448, 267.5387969017029, 37.003469467163086, 33.28377866744995, 991.1996426582336, 356.6674840450287, 436.76277923583984, 473.82286405563354], "HS-postpone-time": [0.8816652297973633, 0.2741260528564453, 0, 2.5901010036468506, 0, 0, 0, 0, 0, 0, 0, 0, 2.6109046936035156, 4.971870422363281, 2.6540865898132324, 3.0610275268554688, 0, 1.9951884746551514, 0, 0, 0, 4.9210145473480225, 0, 0, 0, 3.7986412048339844, 0, 0, 1.0138893127441406], "SAT-time": [9.023655414581299, 4.879311800003052, 0.0018258094787597656, 15.28593921661377, 0.0020177364349365234, 0.002139568328857422, 0.002101898193359375, 0.0021932125091552734, 0.0007576942443847656, 0.002105236053466797, 0.002137899398803711, 0.002051830291748047, 13.0389404296875, 19.087378978729248, 13.866981744766235, 14.580934047698975, 0.0034520626068115234, 13.247295141220093, 0.0010077953338623047, 0.00238037109375, 0.0010192394256591797, 22.472253799438477, 0.0010867118835449219, 0.002747774124145508, 0.0010972023010253906, 19.844252824783325, 0.0011353492736816406, 0.0029325485229492188, 7.271772146224976], "grow-time": [6.531334161758423, 3.5148091316223145, 0, 10.798188209533691, 0, 0, 0, 0, 0, 0, 0, 0, 9.333356142044067, 13.506625413894653, 9.802060842514038, 10.125952243804932, 0, 9.38233494758606, 0, 0, 0, 15.705273866653442, 0, 0, 0, 13.895845651626587, 0, 0, 5.10947060585022], "#expl": 28, "expl_seq": [{"constraints": [1783], "derived": [5]}, {"constraints": [5, 159], "derived": [-15, -20, -10, -25]}, {"constraints": [161, 5], "derived": [-4, -3, -2, -1]}, {"constraints": [1785], "derived": [-104]}, {"constraints": [1790], "derived": [-100]}, {"constraints": [5, -100, 276], "derived": [-30]}, {"constraints": [1792], "derived": [-27]}, {"constraints": [5, 275, -27], "derived": [-97]}, {"constraints": [1786], "derived": [-14]}, {"constraints": [1789, -27], "derived": [-52]}, {"constraints": [272, -52, 5], "derived": [-122]}, {"constraints": [-14, 1790], "derived": [-90]}, {"constraints": [-15, 1790], "derived": [-95]}, {"constraints": [273, 1785, 238], "derived": [-59]}, {"constraints": [220, 276, 1790], "derived": [-40]}, {"constraints": [178, 277, 1791], "derived": [-145]}, {"constraints": [178, 274, 1788], "derived": [-89]}, {"constraints": [1786, 166, 271], "derived": [-63]}, {"constraints": [176, 1787, 277], "derived": [-140]}, {"constraints": [1786, 235, 166], "derived": [-103, -108]}, {"constraints": [-95, -90, 220, -108, 280, -103, -100], "derived": [-148]}, {"constraints": [220, 165, 1790], "derived": [-11]}, {"constraints": [1792, 201, 174], "derived": [-54, -51]}, {"constraints": [272, -54, 5], "derived": [-124]}, {"constraints": [272, 5, -51], "derived": [-121]}, {"constraints": [1786, 235, -11, 166], "derived": [-113]}, {"constraints": [1785, 163, -124, 238], "derived": [-9]}, {"constraints": [236, 271, -113, -108, -10, -9, -103], "derived": [-58]}], "OUS-time": [116.95224666595459, 40.533539056777954, 18.34017777442932, 107.31336283683777, 20.08117127418518, 10.186063766479492, 19.08074164390564, 26.460338354110718, 44.552769899368286, 48.80851864814758, 27.580434799194336, 37.67589473724365, 160.03446531295776, 2086.0834560394287, 2299.6749720573425, 653.7584865093231, 238.25936150550842, 464.42945647239685, 275.1966836452484, 239.00971841812134, 230.92261171340942, 654.4113938808441, 267.5650405883789, 37.035473346710205, 33.2868070602417, 1021.5328886508942, 356.7119791507721, 436.78377294540405, 0], "timeout": true}}