{"clauses": 133, "avg_clause_len": 2.210526315789474, "steps": 235, "t_hitting_set": [0.05901026725769043, 0.05916881561279297, 0.061865806579589844, 0.058931589126586914, 0.05914044380187988, 0.059215545654296875, 0.05949044227600098, 0.05955910682678223, 0.05933403968811035, 0.05983257293701172, 0.06110072135925293, 0.06072640419006348, 0.06132769584655762, 0.060646772384643555, 0.06581783294677734, 0.0599970817565918, 0.05911755561828613, 0.059212684631347656, 0.060137271881103516, 0.05962991714477539, 0.05960893630981445, 0.06155037879943848, 0.05984830856323242, 0.05984807014465332, 0.05956721305847168, 0.06009554862976074, 0.06016421318054199, 0.0595703125, 0.05952143669128418, 0.0595548152923584, 0.05973553657531738, 0.05941152572631836, 0.05964040756225586, 0.05962085723876953, 0.06036949157714844, 0.059702396392822266, 0.059751033782958984, 0.05992245674133301, 0.05971050262451172, 0.0598909854888916, 0.0598759651184082, 0.05962824821472168, 0.05985593795776367, 0.05975508689880371, 0.059662818908691406, 0.06008744239807129, 0.06131768226623535, 0.06133842468261719, 0.059783220291137695, 0.06003761291503906, 0.06035161018371582, 0.060472965240478516, 0.060776472091674805, 0.06037139892578125, 0.06024050712585449, 0.06063389778137207, 0.06072187423706055, 0.0609743595123291, 0.06073927879333496, 0.06077885627746582, 0.06189918518066406, 0.06180834770202637, 0.06244707107543945, 0.0621342658996582, 0.06329083442687988, 0.06309294700622559, 0.06319236755371094, 0.0625150203704834, 0.06210756301879883, 0.06279683113098145, 0.06276893615722656, 0.06175708770751953, 0.06208086013793945, 0.06287145614624023, 0.06370186805725098, 0.061797142028808594, 0.0631108283996582, 0.06182742118835449, 0.06270313262939453, 0.06232857704162598, 0.06708526611328125, 0.06181836128234863, 0.06186509132385254, 0.061473846435546875, 0.06202888488769531, 0.06274151802062988, 0.06316614151000977, 0.06229090690612793, 0.06240248680114746, 0.06312370300292969, 0.06314229965209961, 0.06277918815612793, 0.06305551528930664, 0.06282162666320801, 0.062494754791259766, 0.06305932998657227, 0.06325292587280273, 0.06296539306640625, 0.06274294853210449, 0.062157630920410156, 0.06247973442077637, 0.0638275146484375, 0.06250357627868652, 0.06228375434875488, 0.0633697509765625, 0.06300568580627441, 0.06343603134155273, 0.06264853477478027, 0.06268024444580078, 0.06259846687316895, 0.06235313415527344, 0.06286931037902832, 0.06291961669921875, 0.06269478797912598, 0.06234288215637207, 0.062149763107299805, 0.06373834609985352, 0.06230664253234863, 0.062249183654785156, 0.062363624572753906, 0.06253886222839355, 0.0624690055847168, 0.06277704238891602, 0.06372666358947754, 0.06267905235290527, 0.06252884864807129, 0.062277793884277344, 0.06241202354431152, 0.06378054618835449, 0.06350135803222656, 0.06181836128234863, 0.06183934211730957, 0.0629129409790039, 0.06260395050048828, 0.06253910064697266, 0.06239819526672363, 0.062415122985839844, 0.06250214576721191, 0.06456851959228516, 0.06457066535949707, 0.06262516975402832, 0.0627737045288086, 0.06305408477783203, 0.06258559226989746, 0.06265020370483398, 0.06268024444580078, 0.06757307052612305, 0.06258177757263184, 0.06282687187194824, 0.06309080123901367, 0.0630333423614502, 0.06285715103149414, 0.06302571296691895, 0.06318306922912598, 0.06327056884765625, 0.06260037422180176, 0.06281065940856934, 0.06320667266845703, 0.06310701370239258, 0.06266331672668457, 0.06301999092102051, 0.06253623962402344, 0.06268167495727539, 0.06217312812805176, 0.06259918212890625, 0.06241488456726074, 0.06276106834411621, 0.062326908111572266, 0.062247514724731445, 0.06349730491638184, 0.06253933906555176, 0.0625619888305664, 0.06255555152893066, 0.06321167945861816, 0.06450581550598145, 0.0636892318725586, 0.06252145767211914, 0.06304574012756348, 0.06346964836120605, 0.06257939338684082, 0.06264162063598633, 0.06350517272949219, 0.06273913383483887, 0.06248307228088379, 0.062494516372680664, 0.06254744529724121, 0.06311631202697754, 0.06264448165893555, 0.06252741813659668, 0.06274175643920898, 0.06283998489379883, 0.06266522407531738, 0.0626230239868164, 0.06275463104248047, 0.06296491622924805, 0.06254887580871582, 0.06281495094299316, 0.06287670135498047, 0.06469106674194336, 0.06415462493896484, 0.06479644775390625, 0.0646677017211914, 0.06493949890136719, 0.06460905075073242, 0.06493473052978516, 0.06509947776794434, 0.06512928009033203, 0.0631721019744873, 0.06302165985107422, 0.06338620185852051, 0.06314754486083984, 0.06293582916259766, 0.06784677505493164, 0.06319832801818848, 0.06302690505981445, 0.06325030326843262, 0.06313514709472656, 0.06312990188598633, 0.06305193901062012, 0.06311559677124023, 0.06293439865112305, 0.0636448860168457, 0.06346464157104492, 0.06294536590576172, 0.0629262924194336, 0.06355714797973633, 0.06332612037658691, 0.06280088424682617, 0.06323790550231934, 0.06326580047607422, 0.06329679489135742, 0.06287384033203125, 0.06318068504333496, 0.06320953369140625, 0.06346678733825684, 0.06285691261291504],