{"config": {"preseeding": true, "sat-polarity": true, "sat-polarity-initial": false, "postpone_opt": false, "postpone_opt_incr": false, "postpone_opt_greedy": false, "grow": true, "grow_sat": false, "grow_subset_maximal": false, "grow_maxsat": true, "maxsat_polarities": true, "grow_maxsat_full_pos": false, "grow_maxsat_full_inv": true, "grow_maxsat_full_unif": false, "grow_maxsat_initial_pos": false, "grow_maxsat_initial_inv": false, "grow_maxsat_initial_unif": false, "grow_maxsat_actual_pos": false, "grow_maxsat_actual_unif": false, "grow_maxsat_actual_inv": false, "timeout": 7200, "instance": "origin-problem", "output": "/data/brussel/101/vsc10143/OUSResults/experiment6_cous/2021011521/20210115212743786850.json"}, "results": {"HS": [0, 115, 0, 124, 0, 133, 0, 120, 0, 116, 0, 145, 0, 258, 0, 150, 0, 229, 0, 225, 0, 228, 0, 221, 0, 156, 0, 331], "HS_greedy": [0, 0, 0, 0, 0, 0, 0, 0, 0, 0, 0, 0, 0, 0, 0, 0, 0, 0, 0, 0, 0, 0, 0, 0, 0, 0, 0, 0], "HS_incr": [0, 0, 0, 0, 0, 0, 0, 0, 0, 0, 0, 0, 0, 0, 0, 0, 0, 0, 0, 0, 0, 0, 0, 0, 0, 0, 0, 0], "HS-opt-time": [0, 1.6825592517852783, 0, 2.6182992458343506, 0, 3.40266752243042, 0, 2.069661855697632, 0, 1.7492318153381348, 0, 4.4017579555511475, 0, 22.22189998626709, 0, 4.807876110076904, 0, 17.045959949493408, 0, 32.83461880683899, 0, 31.891629934310913, 0, 32.680970668792725, 0, 5.710099458694458, 0, 156.99425387382507], "HS-postpone-time": [0, 0, 0, 0, 0, 0, 0, 0, 0, 0, 0, 0, 0, 0, 0, 0, 0, 0, 0, 0, 0, 0, 0, 0, 0, 0, 0, 0], "SAT-time": [0.005086660385131836, 0.6110694408416748, 0.005301237106323242, 0.6991927623748779, 0.006784915924072266, 0.7509615421295166, 0.005830049514770508, 0.6812388896942139, 0.006678342819213867, 0.6622979640960693, 0.00561070442199707, 0.8359129428863525, 0.006407499313354492, 1.4993441104888916, 0.005157470703125, 0.8688244819641113, 0.00658416748046875, 1.3451621532440186, 0.005126237869262695, 1.3185842037200928, 0.006644010543823242, 1.336082935333252, 0.005187034606933594, 1.296217441558838, 0.006279945373535156, 0.9099054336547852, 0.005172014236450195, 1.9406847953796387], "grow-time": [0.10213208198547363, 13.716094255447388, 0.14143133163452148, 15.024672508239746, 0.1049509048461914, 16.24129343032837, 0.10422515869140625, 14.45407485961914, 0.1039125919342041, 14.112008810043335, 0.10489678382873535, 17.573882818222046, 0.141099214553833, 111.92107558250427, 0.1043846607208252, 18.258140325546265, 0.10498619079589844, 76.75082111358643, 0.10515809059143066, 29.032883644104004, 0.10613799095153809, 29.13048529624939, 0.1057898998260498, 33.73245978355408, 0.10558009147644043, 24.40905737876892, 0.14244341850280762, 1707.4052176475525], "#expl": 13, "expl_seq": [{"constraints": [27079], "derived": [-25404, -25403], "cost": 100}, {"constraints": [27085], "derived": [-25416], "cost": 100}, {"constraints": [27076], "derived": [25394], "cost": 100}, {"constraints": [25394, 25542], "derived": [-25392, -25391, -25390, -25393], "cost": 61}, {"constraints": [25394, 25540], "derived": [-25399, -25414, -25409], "cost": 61}, {"constraints": [-25416, 25568, 25394], "derived": [-25486], "cost": 62}, {"constraints": [27083], "derived": [-25489], "cost": 100}, {"constraints": [25569, 25394, -25489], "derived": [-25419], "cost": 62}, {"constraints": [27078], "derived": [-25493], "cost": 100}, {"constraints": [27083, -25404], "derived": [-25484], "cost": 101}, {"constraints": [27083, -25403], "derived": [-25479], "cost": 101}, {"constraints": [-25416, 27082], "derived": [-25441], "cost": 101}, {"constraints": [25394, 25565, -25441], "derived": [-25511], "cost": 62}], "OUS-time": [0, 16.21629047393799, 0, 18.574089765548706, 0, 20.642257928848267, 0, 17.42780113220215, 0, 16.737406969070435, 0, 23.079793453216553, 0, 136.12747025489807, 0, 24.211223363876343, 0, 95.56956648826599, 0, 63.6042001247406, 0, 62.7822482585907, 0, 68.12015342712402, 0, 31.316545009613037, 0, 0], "timeout": true}}