{"config": {"preseeding": false, "sat-polarity": true, "sat-polarity-initial": false, "postpone_opt": true, "postpone_opt_incr": false, "postpone_opt_greedy": true, "grow": true, "grow_sat": false, "grow_subset_maximal": false, "grow_maxsat": true, "maxsat_polarities": true, "grow_maxsat_full_pos": false, "grow_maxsat_full_inv": false, "grow_maxsat_full_unif": false, "grow_maxsat_initial_pos": false, "grow_maxsat_initial_inv": false, "grow_maxsat_initial_unif": false, "grow_maxsat_actual_pos": false, "grow_maxsat_actual_unif": false, "grow_maxsat_actual_inv": true, "timeout": 7200, "instance": "origin-problem", "output": "/data/brussel/101/vsc10143/OUSResults/experiment6_cous/2021011521/20210115212743785997.json"}, "results": {"HS": [0, 6, 0, 6, 0, 3, 0, 6, 0, 3, 0, 5, 0, 3, 0, 3, 0, 2, 0, 2, 0, 3, 0, 3, 0, 2, 0, 19, 0, 3, 0, 3, 0, 17, 0, 15, 0, 20, 0, 9, 0, 8, 0, 7, 0, 9, 0, 11, 0, 6, 0, 16, 0, 8, 0, 4, 0, 10, 0, 3, 0, 2, 0, 5, 0, 2, 0, 6, 0, 4, 0, 5, 0, 2, 0, 4, 0, 6, 0, 11, 0, 12, 0, 12, 0, 10, 0, 9, 0, 7, 0, 8, 0, 7, 0, 10, 0, 5, 0, 1], "HS_greedy": [0, 48, 0, 46, 0, 43, 0, 56, 0, 47, 0, 47, 0, 343, 0, 318, 0, 279, 0, 294, 0, 311, 0, 346, 0, 469, 0, 440, 0, 483, 0, 432, 0, 421, 0, 392, 0, 374, 0, 367, 0, 377, 0, 393, 0, 417, 0, 343, 0, 344, 0, 337, 0, 318, 0, 335, 0, 323, 0, 270, 0, 200, 0, 286, 0, 291, 0, 252, 0, 244, 0, 179, 0, 200, 0, 251, 0, 262, 0, 304, 0, 381, 0, 429, 0, 375, 0, 441, 0, 509, 0, 382, 0, 331, 0, 369, 0, 340, 0, 354], "HS_incr": [0, 0, 0, 0, 0, 0, 0, 0, 0, 0, 0, 0, 0, 0, 0, 0, 0, 0, 0, 0, 0, 0, 0, 0, 0, 0, 0, 0, 0, 0, 0, 0, 0, 0, 0, 0, 0, 0, 0, 0, 0, 0, 0, 0, 0, 0, 0, 0, 0, 0, 0, 0, 0, 0, 0, 0, 0, 0, 0, 0, 0, 0, 0, 0, 0, 0, 0, 0, 0, 0, 0, 0, 0, 0, 0, 0, 0, 0, 0, 0, 0, 0, 0, 0, 0, 0, 0, 0, 0, 0, 0, 0, 0, 0, 0, 0, 0, 0, 0, 0], "HS-opt-time": [0, 0.07906723022460938, 0, 0.08229684829711914, 0, 0.022485017776489258, 0, 0.14657926559448242, 0, 0.0269167423248291, 0, 0.0493621826171875, 0, 0.4728078842163086, 0, 0.618018388748169, 0, 0.2855536937713623, 0, 0.3250696659088135, 0, 0.515000581741333, 0, 0.3398606777191162, 0, 0.7406313419342041, 0, 42.35716509819031, 0, 1.0987217426300049, 0, 0.5422840118408203, 0, 25.063379287719727, 0, 23.60159945487976, 0, 30.473397254943848, 0, 10.632821798324585, 0, 9.415595531463623, 0, 16.145203590393066, 0, 22.266525745391846, 0, 12.874136924743652, 0, 1.7016124725341797, 0, 27.25092625617981, 0, 12.749256610870361, 0, 2.2772059440612793, 0, 21.27384853363037, 0, 0.3602602481842041, 0, 0.08436417579650879, 0, 0.8469455242156982, 0, 0.21988964080810547, 0, 0.9584846496582031, 0, 1.2751734256744385, 0, 0.8400583267211914, 0, 0.11279726028442383, 0, 1.7046763896942139, 0, 1.298975944519043, 0, 3.131831407546997, 0, 5.2133119106292725, 0, 5.033971071243286, 0, 4.548349857330322, 0, 4.031406402587891, 0, 5.07337212562561, 0, 2.742192029953003, 0, 1.9439570903778076, 0, 3.2168352603912354, 0, 2.4715845584869385, 0, 0.0009772777557373047], "HS-postpone-time": [0, 0.042121171951293945, 0, 0.03896522521972656, 0, 0.034088850021362305, 0, 0.055155277252197266, 0, 0.040550947189331055, 0, 0.0400242805480957, 0, 1.620286464691162, 0, 1.3854444026947021, 0, 1.0791351795196533, 0, 1.1769425868988037, 0, 1.3144712448120117, 0, 1.635793685913086, 0, 3.0531718730926514, 0, 2.9073092937469482, 0, 3.5067131519317627, 0, 2.7516324520111084, 0, 2.5914549827575684, 0, 2.2190487384796143, 0, 1.990159511566162, 0, 1.8980638980865479, 0, 1.999979019165039, 0, 2.1930012702941895, 0, 2.4679489135742188, 0, 1.5967683792114258, 0, 1.589756727218628, 0, 1.5142288208007812, 0, 1.3492307662963867, 0, 1.486128807067871, 0, 1.3737554550170898, 0, 0.9540116786956787, 0, 0.5261220932006836, 0, 1.0213701725006104, 0, 1.0520262718200684, 0, 0.7918806076049805, 0, 0.7392964363098145, 0, 0.3994293212890625, 0, 0.4927365779876709, 0, 0.7487518787384033, 0, 0.7990286350250244, 0, 1.0280044078826904, 0, 1.6282012462615967, 0, 2.0911519527435303, 0, 1.5404462814331055, 0, 2.1652512550354004, 0, 2.9286723136901855, 0, 1.5804283618927002, 0, 1.1456105709075928, 0, 1.4206461906433105, 0, 1.1953907012939453, 0, 1.2777607440948486], "SAT-time": [0, 0.14377045631408691, 0, 0.13899827003479004, 0, 0.12970876693725586, 0, 0.16788268089294434, 0, 0.1411886215209961, 0, 0.1417698860168457, 0, 1.0450294017791748, 0, 0.947969913482666, 0, 0.8775687217712402, 0, 0.8926143646240234, 0, 0.9722740650177002, 0, 1.0639915466308594, 0, 1.4412055015563965, 0, 1.6677122116088867, 0, 2.079117774963379, 0, 1.8317687511444092, 0, 1.7875652313232422, 0, 1.6718618869781494, 0, 1.6524040699005127, 0, 1.6162183284759521, 0, 1.6783397197723389, 0, 1.7451529502868652, 0, 1.84678316116333, 0, 1.533592939376831, 0, 1.5213274955749512, 0, 1.506763219833374, 0, 1.4306361675262451, 0, 1.5131666660308838, 0, 1.454735517501831, 0, 1.2391119003295898, 0, 0.9203057289123535, 0, 1.3101727962493896, 0, 1.3151099681854248, 0, 1.1391966342926025, 0, 1.0999300479888916, 0, 0.8039178848266602, 0, 0.9078264236450195, 0, 1.149277925491333, 0, 1.2147035598754883, 0, 1.414686918258667, 0, 1.7557547092437744, 0, 1.9850492477416992, 0, 1.7302417755126953, 0, 2.012263059616089, 0, 2.3485031127929688, 0, 1.752068042755127, 0, 1.5245082378387451, 0, 1.68660306930542, 0, 1.5658156871795654, 0, 1.655139684677124], "grow-time": [0, 4.72650146484375, 0, 4.512195110321045, 0, 3.807145833969116, 0, 5.9143712520599365, 0, 5.000245809555054, 0, 4.938499450683594, 0, 35.38263916969299, 0, 34.88375234603882, 0, 30.90820598602295, 0, 34.55652666091919, 0, 34.41408395767212, 0, 41.0680091381073, 0, 63.60152554512024, 0, 70.81201553344727, 0, 120.49729466438293, 0, 117.26123189926147, 0, 120.16044878959656, 0, 119.59846425056458, 0, 80.70254421234131, 0, 124.24276638031006, 0, 117.21178960800171, 0, 124.53067898750305, 0, 158.99061465263367, 0, 112.68496775627136, 0, 74.80808639526367, 0, 100.53894996643066, 0, 146.5020477771759, 0, 78.01179933547974, 0, 84.40254473686218, 0, 47.83045148849487, 0, 29.123090028762817, 0, 63.54616856575012, 0, 114.78816056251526, 0, 116.8093044757843, 0, 57.83023405075073, 0, 28.027785778045654, 0, 44.13204073905945, 0, 70.03362727165222, 0, 92.62001705169678, 0, 171.8915183544159, 0, 234.78214168548584, 0, 372.1566984653473, 0, 351.87354803085327, 0, 499.0262362957001, 0, 599.3129050731659, 0, 358.8976528644562, 0, 345.7965009212494, 0, 352.59991812705994, 0, 341.3110706806183, 0, 353.32160902023315], "#expl": 49, "expl_seq": [{"constraints": [10157], "derived": [-8563], "cost": 100}, {"constraints": [10159], "derived": [-8490], "cost": 100}, {"constraints": [10152], "derived": [-8567], "cost": 100}, {"constraints": [10150], "derived": [8468], "cost": 100}, {"constraints": [8616, 8468], "derived": [-8464, -8467, -8466, -8465], "cost": 61}, {"constraints": [8468, 8614], "derived": [-8488, -8478, -8483, -8473], "cost": 61}, {"constraints": [8643, 8468, -8563], "derived": [-8493], "cost": 62}, {"constraints": [8642, 8468, -8490], "derived": [-8560], "cost": 62}, {"constraints": [10153], "derived": [-8477], "cost": 100}, {"constraints": [-8478, 10157], "derived": [-8558], "cost": 101}, {"constraints": [10156, -8490], "derived": [-8515], "cost": 101}, {"constraints": [8468, -8515, 8639], "derived": [-8585], "cost": 62}, {"constraints": [-8477, 10157], "derived": [-8553], "cost": 101}, {"constraints": [8624, 8619, 10159], "derived": [-8517, -8514], "cost": 220}, {"constraints": [-8517, 8468, 8639], "derived": [-8587], "cost": 62}, {"constraints": [8468, -8514, 8639], "derived": [-8584], "cost": 62}, {"constraints": [8641, 10155, 8619], "derived": [-8552], "cost": 220}, {"constraints": [10154, 8645, 8623], "derived": [-8603], "cost": 220}, {"constraints": [8645, 10158, 8623], "derived": [-8608], "cost": 220}, {"constraints": [8617, 8643, 10157], "derived": [-8503], "cost": 220}, {"constraints": [10152, 8631, 8640], "derived": [-8522], "cost": 220}, {"constraints": [10153, 8617, 8638], "derived": [-8526], "cost": 220}, {"constraints": [8616, 8627, 10157], "derived": [-8474],