{"config": {"preseeding": false, "sat-polarity": true, "sat-polarity-initial": true, "postpone_opt": true, "postpone_opt_incr": true, "postpone_opt_greedy": true, "grow": true, "grow_sat": false, "grow_subset_maximal": false, "grow_maxsat": true, "maxsat_polarities": true, "grow_maxsat_full_pos": false, "grow_maxsat_full_inv": false, "grow_maxsat_full_unif": false, "grow_maxsat_initial_pos": false, "grow_maxsat_initial_inv": false, "grow_maxsat_initial_unif": false, "grow_maxsat_actual_pos": true, "grow_maxsat_actual_unif": false, "grow_maxsat_actual_inv": false, "timeout": 7200, "instance": "origin-problem", "output": "/data/brussel/101/vsc10143/OUSResults/experiment6_cous/2021011521/20210115212743786720.json"}, "results": {"HS": [0, 2, 0, 2, 0, 2, 0, 1], "HS_greedy": [0, 15, 0, 24, 0, 13, 0, 25], "HS_incr": [0, 323, 0, 597, 0, 299, 0, 659], "HS-opt-time": [0, 0.32062673568725586, 0, 1.542738914489746, 0, 0.30406737327575684, 0, 0.0011413097381591797], "HS-postpone-time": [0, 0.09064817428588867, 0, 0.2527129650115967, 0, 0.0720682144165039, 0, 0.2515420913696289], "SAT-time": [0, 2.7705397605895996, 0, 5.06019926071167, 0, 2.327733039855957, 0, 4.65227746963501], "grow-time": [0, 66.73864340782166, 0, 1329.0167055130005, 0, 1790.9796566963196, 0, 3977.296047449112], "#expl": 3, "expl_seq": [{"constraints": [27083], "derived": [-25489], "cost": 100}, {"constraints": [27078], "derived": [-25493], "cost": 100}, {"constraints": [27079], "derived": [-25404, -25403], "cost": 100}], "OUS-time": [0, 70.68683195114136, 0, 1337.3003597259521, 0, 1794.403047800064, 0, 0], "timeout": true}}