{"config": {"preseeding": true, "sat-polarity": true, "sat-polarity-initial": true, "postpone_opt": false, "postpone_opt_incr": false, "postpone_opt_greedy": false, "grow": true, "grow_sat": false, "grow_subset_maximal": true, "grow_maxsat": false, "maxsat_polarities": true, "grow_maxsat_full_pos": false, "grow_maxsat_full_inv": false, "grow_maxsat_full_unif": false, "grow_maxsat_initial_pos": false, "grow_maxsat_initial_inv": false, "grow_maxsat_initial_unif": false, "grow_maxsat_actual_pos": false, "grow_maxsat_actual_unif": false, "grow_maxsat_actual_inv": false, "timeout": 7200, "instance": "origin-problem", "output": "/data/brussel/101/vsc10143/OUSResults/experiment6_cous/2021011521/20210115212743786933.json"}, "results": {"HS": [0, 172, 0, 170, 0, 126, 0, 291, 0, 307, 0, 268, 0, 360, 0, 262, 0, 185, 0, 350, 0, 454, 0, 386, 0, 182, 0, 563], "HS_greedy": [0, 0, 0, 0, 0, 0, 0, 0, 0, 0, 0, 0, 0, 0, 0, 0, 0, 0, 0, 0, 0, 0, 0, 0, 0, 0, 0, 0], "HS_incr": [0, 0, 0, 0, 0, 0, 0, 0, 0, 0, 0, 0, 0, 0, 0, 0, 0, 0, 0, 0, 0, 0, 0, 0, 0, 0, 0, 0], "HS-opt-time": [0, 41.68813467025757, 0, 16.455998182296753, 0, 11.611732721328735, 0, 218.90750312805176, 0, 214.3065676689148, 0, 168.0881266593933, 0, 379.516485452652, 0, 209.71118450164795, 0, 49.25012826919556, 0, 384.16041326522827, 0, 574.4517223834991, 0, 442.98795914649963, 0, 52.50592803955078, 0, 4341.918793678284], "HS-postpone-time": [0, 0, 0, 0, 0, 0, 0, 0, 0, 0, 0, 0, 0, 0, 0, 0, 0, 0, 0, 0, 0, 0, 0, 0, 0, 0, 0, 0], "SAT-time": [0.7629175186157227, 1.7848989963531494, 0.5797326564788818, 1.869551420211792, 0.5262773036956787, 1.3817062377929688, 0.48949432373046875, 3.1673357486724854, 0.37102770805358887, 3.4581124782562256, 0.7009429931640625, 2.985499620437622, 0.7273674011230469, 4.0534772872924805, 0.5802867412567139, 2.9684760570526123, 0.5538582801818848, 2.043205976486206, 0.5692949295043945, 3.902238368988037, 0.2033088207244873, 5.067565679550171, 0.7702939510345459, 4.337714433670044, 0.33008861541748047, 2.0230133533477783, 0.36820292472839355, 6.669932126998901], "grow-time": [0.552497386932373, 1.3332242965698242, 0.4082167148590088, 1.3903923034667969, 0.39134860038757324, 1.027491569519043, 0.3441007137298584, 2.3166635036468506, 0.27512383460998535, 2.550097942352295, 0.49012064933776855, 2.156097173690796, 0.5175304412841797, 2.9348905086517334, 0.4243612289428711, 2.1404025554656982, 0.3831193447113037, 1.4534614086151123, 0.40032243728637695, 2.778541326522827, 0.146681547164917, 3.6135778427124023, 0.5286736488342285, 3.0878424644470215, 0.22333145141601562, 1.4362342357635498, 0.25220298767089844, 4.845237731933594], "#expl": 13, "expl_seq": [{"constraints": [18613], "derived": [16931], "cost": 100}, {"constraints": [16931, 17079], "derived": [-16928, -16927, -16930, -16929], "cost": 61}, {"constraints": [16931, 17077], "derived": [-16936, -16951, -16941, -16946], "cost": 61}, {"constraints": [18615], "derived": [-17030], "cost": 100}, {"constraints": [18620], "derived": [-17026], "cost": 100}, {"constraints": [17106, 16931, -17026], "derived": [-16956], "cost": 62}, {"constraints": [18622], "derived": [-16953], "cost": 100}, {"constraints": [17105, 16931, -16953], "derived": [-17023], "cost": 62}, {"constraints": [18616], "derived": [-16940], "cost": 100}, {"constraints": [-16940, 18620], "derived": [-17016], "cost": 101}, {"constraints": [-16941, 18620], "derived": [-17021], "cost": 101}, {"constraints": [18619, -16953], "derived": [-16978], "cost": 101}, {"constraints": [16931, 17102, -16978], "derived": [-17048], "cost": 62}], "OUS-time": [0, 44.1752245426178, 0, 19.047653913497925, 0, 13.528360366821289, 0, 223.28263926506042, 0, 219.0394411087036, 0, 172.16520595550537, 0, 385.0549120903015, 0, 213.74289464950562, 0, 52.02786445617676, 0, 389.4581995010376, 0, 581.3175258636475, 0, 448.8464334011078, 0, 55.242475748062134, 0, 0], "timeout": true}}