{"config": {"preseeding": false, "sat-polarity": true, "sat-polarity-initial": false, "postpone_opt": true, "postpone_opt_incr": true, "postpone_opt_greedy": false, "grow": true, "grow_sat": false, "grow_subset_maximal": false, "grow_maxsat": true, "maxsat_polarities": true, "grow_maxsat_full_pos": false, "grow_maxsat_full_inv": false, "grow_maxsat_full_unif": false, "grow_maxsat_initial_pos": false, "grow_maxsat_initial_inv": true, "grow_maxsat_initial_unif": false, "grow_maxsat_actual_pos": false, "grow_maxsat_actual_unif": false, "grow_maxsat_actual_inv": false, "timeout": 7200, "instance": "p12", "output": "/data/brussel/101/vsc10143/OUSResults/experiment6_cous/2021011601/20210116011336919112.json"}, "results": {"HS": [0, 12, 0, 14, 0, 12, 0, 13, 0, 15, 0, 14, 0, 13, 0, 12, 0, 17, 0, 29, 0, 35, 0, 12, 0, 27, 0, 15, 0, 17, 0, 15, 0, 16, 0, 15, 0, 14, 0, 30, 0, 14, 0, 45, 0, 37, 0, 14, 0, 33], "HS_greedy": [0, 0, 0, 0, 0, 0, 0, 0, 0, 0, 0, 0, 0, 0, 0, 0, 0, 0, 0, 0, 0, 0, 0, 0, 0, 0, 0, 0, 0, 0, 0, 0, 0, 0, 0, 0, 0, 0, 0, 0, 0, 0, 0, 0, 0, 0, 0, 0, 0, 0], "HS_incr": [0, 204, 0, 272, 0, 196, 0, 195, 0, 204, 0, 190, 0, 182, 0, 150, 0, 189, 0, 408, 0, 496, 0, 182, 0, 391, 0, 179, 0, 249, 0, 195, 0, 193, 0, 185, 0, 175, 0, 396, 0, 175, 0, 538, 0, 509, 0, 173, 0, 387], "HS-opt-time": [0, 0.8738367557525635, 0, 1.3810105323791504, 0, 0.5719327926635742, 0, 0.8587753772735596, 0, 1.2999598979949951, 0, 0.6235008239746094, 0, 0.6418743133544922, 0, 0.3700273036956787, 0, 1.265892744064331, 0, 22.123241424560547, 0, 42.10362768173218, 0, 0.4002516269683838, 0, 17.14564299583435, 0, 0.5519146919250488, 0, 1.0069355964660645, 0, 0.5899465084075928, 0, 0.9647560119628906, 0, 0.5666999816894531, 0, 0.493410587310791, 0, 17.84514880180359, 0, 0.46370697021484375, 0, 67.0645854473114, 0, 41.507301568984985, 0, 0.3024907112121582, 0, 28.32233953475952], "HS-postpone-time": [0, 0.010448455810546875, 0, 0.014378786087036133, 0, 0.011019468307495117, 0, 0.010604143142700195, 0, 0.011238336563110352, 0, 0.010071992874145508, 0, 0.009811639785766602, 0, 0.007954835891723633, 0, 0.009654760360717773, 0, 0.022298574447631836, 0, 0.02551436424255371, 0, 0.009630203247070312, 0, 0.021080732345581055, 0, 0.009128808975219727, 0, 0.013305425643920898, 0, 0.009771585464477539, 0, 0.009854555130004883, 0, 0.009047269821166992, 0, 0.009006023406982422, 0, 0.020243406295776367, 0, 0.00931859016418457, 0, 0.026770591735839844, 0, 0.026112794876098633, 0, 0.00927734375, 0, 0.019779443740844727], "SAT-time": [0, 0.7094907760620117, 0, 0.9698319435119629, 0, 0.7003042697906494, 0, 0.6882333755493164, 0, 0.7208731174468994, 0, 0.6796035766601562, 0, 0.6563804149627686, 0, 0.5427548885345459, 0, 0.682502031326294, 0, 1.4863476753234863, 0, 1.8226966857910156, 0, 0.66042160987854, 0, 1.4334628582000732, 0, 0.685889482498169, 0, 0.9352397918701172, 0, 0.7385268211364746, 0, 0.7423954010009766, 0, 0.6963169574737549, 0, 0.6645216941833496, 0, 1.5248034000396729, 0, 0.6787712574005127, 0, 2.114473342895508, 0, 2.006204128265381, 0, 0.6728625297546387, 0, 1.5498988628387451], "grow-time": [0, 40.07232117652893, 0, 41.42839336395264, 0, 33.00520992279053, 0, 61.954222202301025, 0, 75.26814317703247, 0, 28.425700902938843, 0, 32.05347752571106, 0, 26.197137117385864, 0, 108.56600999832153, 0, 398.7684259414673, 0, 956.2172853946686, 0, 31.285146713256836, 0, 932.9807460308075, 0, 24.059561014175415, 0, 86.8918309211731, 0, 41.670459508895874, 0, 41.233205795288086, 0, 36.99755001068115, 0, 36.74567770957947, 0, 677.5343806743622, 0, 222.22234439849854, 0, 1244.3270227909088, 0, 1025.8185584545135, 0, 46.19022011756897, 0, 641.7698979377747], "#expl": 24, "expl_seq": [{"constraints": [10805], "derived": [9151], "cost": 100}, {"constraints": [9273, 9151], "derived": [-9166, -9156, -9146, -9161], "cost": 61}, {"constraints": [9275, 9151], "derived": [-9152, -9150, -9149, -9153], "cost": 61}, {"constraints": [10812], "derived": [-9133], "cost": 100}, {"constraints": [10810], "derived": [9192], "cost": 100}, {"constraints": [9192, 9277], "derived": [-9182, -9172, -9187, -9177], "cost": 61}, {"constraints": [9192, 9279], "derived": [-9191, -9190, -9189, -9193], "cost": 61}, {"constraints": [9192, -9166, 9299], "derived": [-9257], "cost": 62}, {"constraints": [10808], "derived": [-9137], "cost": 100}, {"constraints": [9275, 10807], "derived": [-9158, -9157], "cost": 160}, {"constraints": [10811, 9269], "derived": [-9142, -9132], "cost": 160}, {"constraints": [9296, 9192, -9142], "derived": [-9237], "cost": 62}, {"constraints": [9273, 10811], "derived": [-9164, -9154], "cost": 160}, {"constraints": [9192, 9299, -9164], "derived": [-9247], "cost": 62}, {"constraints": [9276, -9158, -9157, -9156, -9154], "derived": [9155], "cost": 64}, {"constraints": [9273, 9155], "derived": [-9160, -9165, -9145], "cost": 61}, {"constraints": [-9133, 9293, 9155], "derived": [-9215], "cost": 62}, {"constraints": [9155, -9132, 9293], "derived": [-9210], "cost": 62}, {"constraints": [9192, -9165, 9299], "derived": [-9252], "cost": 62}, {"constraints": [10811, 9277], "derived": [-9183], "cost": 160}, {"constraints": [-9183, 9155, 9300], "derived": [-9253], "cost": 62}, {"constraints": [10809, 9277, -9145], "derived": [-9171], "cost": 161}, {"constraints": [10809, -9165, 9269], "derived": [-9140], "cost": 161}, {"constraints": [9296, 9192, -9140], "derived": [-9227], "cost": 62}], "OUS-time": [0, 42.00639891624451, 0, 44.24998927116394, 0, 34.61096954345703, 0, 63.83226704597473, 0, 77.6317298412323, 0, 30.048930883407593, 0, 33.65430498123169, 0, 27.35525369644165, 0, 110.82150411605835, 0, 423.0396053791046, 0, 1000.9441106319427, 0, 32.63378643989563, 0, 952.1849584579468, 0, 25.580182552337646, 0, 89.2232277393341, 0, 43.30442428588867, 0, 43.23898506164551, 0, 38.54532170295715, 0, 38.172727823257446, 0, 697.5156373977661, 0, 223.6351466178894, 0, 1314.3322260379791, 0, 1070.1148216724396, 0, 47.4295551776886, 0, 0], "timeout": true}}