{"config": {"preseeding": true, "sat-polarity": true, "sat-polarity-initial": false, "postpone_opt": true, "postpone_opt_incr": true, "postpone_opt_greedy": false, "grow": true, "grow_sat": false, "grow_subset_maximal": false, "grow_maxsat": true, "maxsat_polarities": true, "grow_maxsat_full_pos": false, "grow_maxsat_full_inv": false, "grow_maxsat_full_unif": false, "grow_maxsat_initial_pos": false, "grow_maxsat_initial_inv": true, "grow_maxsat_initial_unif": false, "grow_maxsat_actual_pos": false, "grow_maxsat_actual_unif": false, "grow_maxsat_actual_inv": false, "timeout": 7200, "instance": "p12", "output": "/data/brussel/101/vsc10143/OUSResults/experiment6_cous/2021011601/20210116011336920252.json"}, "results": {"HS": [0, 5, 0, 6, 0, 4, 0, 4, 0, 5, 0, 8, 0, 2, 0, 4, 0, 4, 0, 23, 0, 2, 0, 19, 0, 3, 0, 10, 0, 5, 0, 8, 0, 7, 0, 7, 0, 4, 0, 27, 0, 3, 0, 31, 0, 22], "HS_greedy": [0, 0, 0, 0, 0, 0, 0, 0, 0, 0, 0, 0, 0, 0, 0, 0, 0, 0, 0, 0, 0, 0, 0, 0, 0, 0, 0, 0, 0, 0, 0, 0, 0, 0, 0, 0, 0, 0, 0, 0, 0, 0, 0, 0, 0, 0], "HS_incr": [0, 76, 0, 121, 0, 57, 0, 49, 0, 98, 0, 137, 0, 24, 0, 51, 0, 36, 0, 318, 0, 4, 0, 315, 0, 14, 0, 137, 0, 59, 0, 83, 0, 67, 0, 75, 0, 52, 0, 400, 0, 27, 0, 349, 0, 310], "HS-opt-time": [0, 0.21702265739440918, 0, 0.37395286560058594, 0, 0.07561850547790527, 0, 0.051755666732788086, 0, 0.2900390625, 0, 0.7988953590393066, 0, 0.018555641174316406, 0, 0.05650615692138672, 0, 0.04276728630065918, 0, 15.374234199523926, 0, 0.006525993347167969, 0, 14.672554731369019, 0, 0.022089481353759766, 0, 0.8146605491638184, 0, 0.08130145072937012, 0, 0.15799522399902344, 0, 0.11302614212036133, 0, 0.10645151138305664, 0, 0.04515719413757324, 0, 27.31055784225464, 0, 0.015471220016479492, 0, 31.775413274765015, 0, 11.457369804382324], "HS-postpone-time": [0, 0.0034584999084472656, 0, 0.005523204803466797, 0, 0.0024967193603515625, 0, 0.002123117446899414, 0, 0.004361391067504883, 0, 0.006118059158325195, 0, 0.0011475086212158203, 0, 0.0024499893188476562, 0, 0.0016674995422363281, 0, 0.01576519012451172, 0, 0.00016355514526367188, 0, 0.014922618865966797, 0, 0.0006866455078125, 0, 0.006763935089111328, 0, 0.0031714439392089844, 0, 0.004146575927734375, 0, 0.003526449203491211, 0, 0.003924131393432617, 0, 0.002835512161254883, 0, 0.02129220962524414, 0, 0.0014688968658447266, 0, 0.017173051834106445, 0, 0.01522374153137207], "SAT-time": [0.2026224136352539, 0.732640266418457, 0.21382999420166016, 1.1933975219726562, 0.2377941608428955, 0.5497293472290039, 0.22350168228149414, 0.48088502883911133, 0.18857145309448242, 0.968886137008667, 0.17805266380310059, 1.3404617309570312, 0.2256486415863037, 0.24180889129638672, 0.20250511169433594, 0.5061955451965332, 0.19509077072143555, 0.3639388084411621, 0.16472887992858887, 3.299259662628174, 0.19344329833984375, 0.040335655212402344, 0.17031478881835938, 3.343235969543457, 0.1939713954925537, 0.1456458568572998, 0.1773679256439209, 1.859663963317871, 0.27298760414123535, 0.8800919055938721, 0.26943016052246094, 1.2467877864837646, 0.2700052261352539, 1.011753797531128, 0.25637078285217285, 1.1354186534881592, 0.25583982467651367, 0.7737417221069336, 0.25128912925720215, 6.172317028045654, 0.2779407501220703, 0.40071916580200195, 0.24750638008117676, 5.15408992767334, 0.22768521308898926, 4.398912191390991], "grow-time": [3.6956276893615723, 20.647902250289917, 3.656278133392334, 30.91460680961609, 3.9298019409179688, 10.91628646850586, 3.969642400741577, 13.413839101791382, 3.196671724319458, 34.29968786239624, 3.034173011779785, 93.88625979423523, 3.7052319049835205, 5.147875785827637, 3.461869955062866, 15.516613483428955, 3.31254243850708, 12.550374746322632, 2.756361961364746, 474.5561580657959, 2.942481279373169, 0.7071592807769775, 2.7627339363098145, 666.365389585495, 2.948240041732788, 2.114712715148926, 2.8056492805480957, 311.8996796607971, 3.411017656326294, 28.427616834640503, 3.6221728324890137, 19.80446982383728, 3.7664318084716797, 14.799864768981934, 3.621218204498291, 18.303842782974243, 3.747282028198242, 11.735601425170898, 3.2348625659942627, 976.4801242351532, 3.3780057430267334, 7.597887277603149, 3.1172993183135986, 2747.2553951740265, 2.852548599243164, 1408.7815477848053], "#expl": 22, "expl_seq": [{"constraints": [47280], "derived": [-45609], "cost": 100}, {"constraints": [47282], "derived": [45664], "cost": 100}, {"constraints": [45664, 45751], "derived": [-45663, -45662, -45661, -45665], "cost": 61}, {"constraints": [45664, 45749], "derived": [-45654, -45644, -45659, -45649], "cost": 61}, {"constraints": [47284], "derived": [-45605], "cost": 100}, {"constraints": [47277], "derived": [45623], "cost": 100}, {"constraints": [45745, 45623], "derived": [-45638, -45628, -45618, -45633], "cost": 61}, {"constraints": [45747, 45623], "derived": [-45624, -45622, -45621, -45625], "cost": 61}, {"constraints": [45772, 45623, -45649], "derived": [-45729], "cost": 62}, {"constraints": [47283, 45741], "derived": [-45614, -45604], "cost": 160}, {"constraints": [45664, -45614, 45768], "derived": [-45709], "cost": 62}, {"constraints": [45745, 47283], "derived": [-45636, -45626], "cost": 160}, {"constraints": [45664, 45771, -45636], "derived": [-45719], "cost": 62}, {"constraints": [-45626, 47279], "derived": [45627], "cost": 101}, {"constraints": [45745, 45627], "derived": [-45632, -45637, -45617], "cost": 61}, {"constraints": [45627, 45747], "derived": [-45630, -45629], "cost": 61}, {"constraints": [45627, -45604, 45765], "derived": [-45682], "cost": 62}, {"constraints": [45627, 45765, -45605], "derived": [-45687], "cost": 62}, {"constraints": [-45654, 45627, 45772], "derived": [-45724], "cost": 62}, {"constraints": [47283, 45749], "derived": [-45655], "cost": 160}, {"constraints": [-45655, 45627, 45772], "derived": [-45725], "cost": 62}, {"constraints": [47281, 45741, -45617], "derived": [-45592], "cost": 161}], "OUS-time": [0, 21.79032588005066, 0, 32.79916000366211, 0, 11.692097663879395, 0, 14.076177597045898, 0, 35.817599296569824, 0, 96.38148999214172, 0, 5.471931219100952, 0, 16.212668418884277, 0, 13.049174308776855, 0, 494.0747311115265, 0, 0.7642626762390137, 0, 685.2209506034851, 0, 2.3189854621887207, 0, 314.95971751213074, 0, 29.556578397750854, 0, 21.447593212127686, 0, 16.113341569900513, 0, 19.75741147994995, 0, 12.698641538619995, 0, 1011.1258563995361, 0, 8.088248491287231, 0, 2785.161162376404, 0, 0], "timeout": true}}