{"config": {"preseeding": true, "sat-polarity": true, "sat-polarity-initial": false, "postpone_opt": false, "postpone_opt_incr": false, "postpone_opt_greedy": false, "grow": true, "grow_sat": false, "grow_subset_maximal": false, "grow_maxsat": true, "maxsat_polarities": true, "grow_maxsat_full_pos": false, "grow_maxsat_full_inv": false, "grow_maxsat_full_unif": false, "grow_maxsat_initial_pos": false, "grow_maxsat_initial_inv": true, "grow_maxsat_initial_unif": false, "grow_maxsat_actual_pos": false, "grow_maxsat_actual_unif": false, "grow_maxsat_actual_inv": false, "timeout": 7200, "instance": "p12", "output": "/data/brussel/101/vsc10143/OUSResults/experiment6_cous/2021011601/20210116011336919684.json"}, "results": {"HS": [0, 5, 0, 11, 0, 26, 0, 12, 0, 7, 0, 17, 0, 8, 0, 5, 0, 7, 0, 51, 0, 38, 0, 61, 0, 4, 0, 68, 0, 24, 0, 28, 0, 14, 0, 11, 0, 13, 0, 9, 0, 9, 0, 94, 0, 5, 0, 102, 0, 96, 0, 111, 0, 77, 0, 73, 0, 64, 0, 112, 0, 30, 0, 23, 0, 28, 0, 24, 0, 23, 0, 23, 0, 24, 0, 22, 0, 22, 0, 13, 0, 14, 0, 11, 0, 76, 0, 40, 0, 61], "HS_greedy": [0, 0, 0, 0, 0, 0, 0, 0, 0, 0, 0, 0, 0, 0, 0, 0, 0, 0, 0, 0, 0, 0, 0, 0, 0, 0, 0, 0, 0, 0, 0, 0, 0, 0, 0, 0, 0, 0, 0, 0, 0, 0, 0, 0, 0, 0, 0, 0, 0, 0, 0, 0, 0, 0, 0, 0, 0, 0, 0, 0, 0, 0, 0, 0, 0, 0, 0, 0, 0, 0, 0, 0, 0, 0, 0, 0, 0, 0, 0, 0, 0, 0, 0, 0, 0, 0, 0, 0, 0, 0], "HS_incr": [0, 0, 0, 0, 0, 0, 0, 0, 0, 0, 0, 0, 0, 0, 0, 0, 0, 0, 0, 0, 0, 0, 0, 0, 0, 0, 0, 0, 0, 0, 0, 0, 0, 0, 0, 0, 0, 0, 0, 0, 0, 0, 0, 0, 0, 0, 0, 0, 0, 0, 0, 0, 0, 0, 0, 0, 0, 0, 0, 0, 0, 0, 0, 0, 0, 0, 0, 0, 0, 0, 0, 0, 0, 0, 0, 0, 0, 0, 0, 0, 0, 0, 0, 0, 0, 0, 0, 0, 0, 0], "HS-opt-time": [0, 0.024605989456176758, 0, 0.09738755226135254, 0, 0.34673595428466797, 0, 0.0790700912475586, 0, 0.03776240348815918, 0, 0.36055564880371094, 0, 0.041468143463134766, 0, 0.024912595748901367, 0, 0.029276371002197266, 0, 7.292705059051514, 0, 2.3599085807800293, 0, 7.558526277542114, 0, 0.014566898345947266, 0, 8.52933931350708, 0, 0.1819918155670166, 0, 0.24681973457336426, 0, 0.0687870979309082, 0, 0.06345057487487793, 0, 0.08019113540649414, 0, 0.04153037071228027, 0, 0.039090633392333984, 0, 27.79564142227173, 0, 0.020159244537353516, 0, 24.10214877128601, 0, 20.963865280151367, 0, 26.13722038269043, 0, 13.334896326065063, 0, 11.53060245513916, 0, 5.004707336425781, 0, 31.243796348571777, 0, 0.18766236305236816, 0, 0.13792657852172852, 0, 0.2652702331542969, 0, 0.18467473983764648, 0, 0.16198086738586426, 0, 0.1585252285003662, 0, 0.1675412654876709, 0, 0.14859986305236816, 0, 0.12987160682678223, 0, 0.06686782836914062, 0, 0.06544804573059082, 0, 0.03589653968811035, 0, 10.283410549163818, 0, 1.5986671447753906, 0, 4.964655160903931], "HS-postpone-time": [0, 0, 0, 0, 0, 0, 0, 0, 0, 0, 0, 0, 0, 0, 0, 0, 0, 0, 0, 0, 0, 0, 0, 0, 0, 0, 0, 0, 0, 0, 0, 0, 0, 0, 0, 0, 0, 0, 0, 0, 0, 0, 0, 0, 0, 0, 0, 0, 0, 0, 0, 0, 0, 0, 0, 0, 0, 0, 0, 0, 0, 0, 0, 0, 0, 0, 0, 0, 0, 0, 0, 0, 0, 0, 0, 0, 0, 0, 0, 0, 0, 0, 0, 0, 0, 0, 0, 0, 0, 0], "SAT-time": [0.19519734382629395, 0.02798771858215332, 0.18948602676391602, 0.07198953628540039, 0.18514418601989746, 0.18408894538879395, 0.19286036491394043, 0.0843651294708252, 0.18825936317443848, 0.04410719871520996, 0.17719388008117676, 0.11875534057617188, 0.16538143157958984, 0.05472302436828613, 0.16661357879638672, 0.029928207397460938, 0.17419028282165527, 0.04527568817138672, 0.16482305526733398, 0.3800673484802246, 0.1457226276397705, 0.28278493881225586, 0.1466224193572998, 0.46687912940979004, 0.1552591323852539, 0.02309274673461914, 0.14293146133422852, 0.5175859928131104, 0.1641981601715088, 0.178192138671875, 0.15150952339172363, 0.20699501037597656, 0.1382889747619629, 0.09977507591247559, 0.14325904846191406, 0.07540488243103027, 0.12961363792419434, 0.08988046646118164, 0.12285971641540527, 0.06141543388366699, 0.12191319465637207, 0.0585932731628418, 0.1041712760925293, 0.7172086238861084, 0.13386821746826172, 0.03031015396118164, 0.12207436561584473, 0.7722029685974121, 0.12228131294250488, 0.740342378616333, 0.1339271068572998, 0.8527319431304932, 0.13062238693237305, 0.5818338394165039, 0.14043235778808594, 0.5504746437072754, 0.144378662109375, 0.48133087158203125, 0.1331617832183838, 0.846196174621582, 0.13390541076660156, 0.22305035591125488, 0.1399545669555664, 0.16758418083190918, 0.1484513282775879, 0.2039475440979004, 0.1554112434387207, 0.17554044723510742, 0.15945839881896973, 0.17173194885253906, 0.16462373733520508, 0.1861732006072998, 0.14265227317810059, 0.17981624603271484, 0.14346837997436523, 0.16520285606384277, 0.11992311477661133, 0.16422367095947266, 0.12903904914855957, 0.09402346611022949, 0.11838793754577637, 0.10336685180664062, 0.10441184043884277, 0.07812237739562988, 0.10519933700561523, 0.5797717571258545, 0.10319185256958008, 0.3044307231903076, 0.09537005424499512, 0.4706132411956787], "grow-time": [3.6741881370544434, 0.4895775318145752, 3.4954376220703125, 9.479212760925293, 3.4266040325164795, 19.020683526992798, 3.5231106281280518, 2.1877691745758057, 3.5130550861358643, 1.2724032402038574, 3.2252116203308105, 33.801138401031494, 2.984894037246704, 1.6577401161193848, 3.222367286682129, 0.677288293838501, 3.3470115661621094, 0.9368817806243896, 2.9881298542022705, 249.30453729629517, 2.63643741607666, 154.02147698402405, 2.6091976165771484, 240.3309850692749, 2.737814426422119, 0.4653198719024658, 2.6270384788513184, 195.96091055870056, 2.863919734954834, 3.431198835372925, 2.8000402450561523, 6.7683892250061035, 2.4756057262420654, 2.478010654449463, 2.9273762702941895, 1.615722894668579, 2.7464723587036133, 1.902345895767212, 2.6253879070281982, 1.4889791011810303, 2.552297592163086, 1.7688698768615723, 1.9040513038635254, 779.4907038211823, 2.3444671630859375, 1.4036247730255127, 2.152757167816162, 1009.9116110801697, 2.182225465774536, 727.2845993041992, 2.327345132827759, 473.53230023384094, 2.3081345558166504, 85.95240139961243, 2.454289674758911, 81.34850215911865, 2.4328129291534424, 159.98172283172607, 2.2950596809387207, 636.8329548835754, 2.3549630641937256, 33.414780616760254, 3.5908613204956055, 19.62208342552185, 4.002744913101196, 21.652929067611694, 3.7835352420806885, 20.279367208480835, 3.4447100162506104, 20.94223642349243, 3.103410482406616, 20.6227126121521, 2.8039722442626953, 21.842664003372192, 2.9697391986846924, 59.69103240966797, 2.2536771297454834, 22.2523832321167, 2.386303663253784, 18.766555786132812, 2.0436084270477295, 42.470314741134644, 1.831787109375, 111.61803460121155, 1.8404715061187744, 782.6540989875793, 1.8241405487060547, 224.48521161079407, 1.651270866394043, 476.5381407737732], "#expl": 44, "expl_seq": [{"constraints": [29044], "derived": [-27373], "cost": 100}, {"constraints": [29048], "derived": [-27369], "cost": 100}, {"constraints": [29046], "derived": [27428], "cost": 100}, {"constraints": [27513, 27428], "derived": [-27408, -27423, -27413, -27418], "cost": 61}, {"constraints": [27515, 27428], "derived": [-27429, -27427, -27426, -27425], "cost": 61}, {"constraints": [29041], "derived": [27387], "cost": 100}, {"constraints": [27387, 27509], "derived": [-27392, -27382, -27397, -27402], "cost": 61}, {"constraints": [27387, 27511], "derived": [-27389, -27388, -27386, -27385], "cost": 61}, {"constraints": [27536, -27413, 27387], "derived": [-27493], "cost": 62}, {"constraints": [29043, 27511], "derived": [-27394, -27393], "cost": 160}, {"constraints": [27513, 29047], "derived": [-27419], "cost": 160}, {"constraints": [27505, 29047], "derived": [-27368, -27378], "cost": 160}, {"constraints": [27532, 27428, -27378], "derived": [-27473], "cost": 62}, {"constraints": [27509, 29047], "derived": [-27400, -27390], "cost": 160}, {"constraints": [-27400, 27428, 27535], "derived": [-27483], "cost": 62}, {"constraints": [-27392, -27390, 27512, -27394, -27393], "derived": [27391], "cost": 64}, {"constraints": [27509, 27391], "derived": [-27381, -27396, -27401], "cost": 61}, {"constraints": [27536, -27419, 27391], "derived": [-27489],