{"config": {"preseeding": false, "sat-polarity": true, "sat-polarity-initial": true, "postpone_opt": false, "postpone_opt_incr": false, "postpone_opt_greedy": false, "grow": true, "grow_sat": false, "grow_subset_maximal": false, "grow_maxsat": true, "maxsat_polarities": true, "grow_maxsat_full_pos": false, "grow_maxsat_full_inv": false, "grow_maxsat_full_unif": false, "grow_maxsat_initial_pos": true, "grow_maxsat_initial_inv": false, "grow_maxsat_initial_unif": false, "grow_maxsat_actual_pos": false, "grow_maxsat_actual_unif": false, "grow_maxsat_actual_inv": false, "timeout": 7200, "instance": "p12", "output": "/data/brussel/101/vsc10143/OUSResults/experiment6_cous/2021011601/20210116011336918723.json"}, "results": {"HS": [0, 48, 0, 44, 0, 50, 0, 39, 0, 32, 0, 49, 0, 35, 0, 35, 0, 29, 0, 74, 0, 76, 0, 54, 0, 50, 0, 42, 0, 37, 0, 35, 0, 90, 0, 34, 0, 40, 0, 91], "HS_greedy": [0, 0, 0, 0, 0, 0, 0, 0, 0, 0, 0, 0, 0, 0, 0, 0, 0, 0, 0, 0, 0, 0, 0, 0, 0, 0, 0, 0, 0, 0, 0, 0, 0, 0, 0, 0, 0, 0, 0, 0], "HS_incr": [0, 0, 0, 0, 0, 0, 0, 0, 0, 0, 0, 0, 0, 0, 0, 0, 0, 0, 0, 0, 0, 0, 0, 0, 0, 0, 0, 0, 0, 0, 0, 0, 0, 0, 0, 0, 0, 0, 0, 0], "HS-opt-time": [0, 0.47197699546813965, 0, 0.22117900848388672, 0, 0.40017223358154297, 0, 0.1043863296508789, 0, 0.0833437442779541, 0, 0.5685913562774658, 0, 0.09325194358825684, 0, 0.12630081176757812, 0, 0.07435774803161621, 0, 5.680372714996338, 0, 5.10485577583313, 0, 0.31112003326416016, 0, 0.34197449684143066, 0, 0.16983890533447266, 0, 0.09588932991027832, 0, 0.09991025924682617, 0, 6.822245121002197, 0, 0.0967862606048584, 0, 0.13256049156188965, 0, 8.393832445144653], "HS-postpone-time": [0, 0, 0, 0, 0, 0, 0, 0, 0, 0, 0, 0, 0, 0, 0, 0, 0, 0, 0, 0, 0, 0, 0, 0, 0, 0, 0, 0, 0, 0, 0, 0, 0, 0, 0, 0, 0, 0, 0, 0], "SAT-time": [0, 0.09235191345214844, 0, 0.08441376686096191, 0, 0.0991828441619873, 0, 0.07474446296691895, 0, 0.060990095138549805, 0, 0.0994725227355957, 0, 0.0711212158203125, 0, 0.07250452041625977, 0, 0.06038212776184082, 0, 0.15974855422973633, 0, 0.17032909393310547, 0, 0.12032651901245117, 0, 0.11624312400817871, 0, 0.09610247611999512, 0, 0.08833193778991699, 0, 0.08003425598144531, 0, 0.21109437942504883, 0, 0.07978987693786621, 0, 0.09404397010803223, 0, 0.21779751777648926], "grow-time": [0, 5.54185676574707, 0, 5.270572185516357, 0, 24.002970933914185, 0, 11.552225112915039, 0, 9.656585693359375, 0, 164.59740233421326, 0, 67.71302223205566, 0, 222.88861203193665, 0, 7.867953300476074, 0, 3122.494367837906, 0, 625.074257850647, 0, 19.55883502960205, 0, 44.29262065887451, 0, 66.21946740150452, 0, 9.261741161346436, 0, 7.623644113540649, 0, 1754.794706583023, 0, 9.606301307678223, 0, 9.46441650390625, 0, 964.3918101787567], "#expl": 19, "expl_seq": [{"constraints": [1694], "derived": [-15], "cost": 100}, {"constraints": [1690], "derived": [-19], "cost": 100}, {"constraints": [1687], "derived": [33], "cost": 100}, {"constraints": [33, 157], "derived": [-32, -31, -35, -34], "cost": 61}, {"constraints": [33, 155], "derived": [-48, -38, -28, -43], "cost": 61}, {"constraints": [1692], "derived": [74], "cost": 100}, {"constraints": [161, 74], "derived": [-72, -71, -75, -73], "cost": 61}, {"constraints": [74, 159], "derived": [-64, -54, -69, -59], "cost": 61}, {"constraints": [33, -59, 182], "derived": [-139], "cost": 62}, {"constraints": [1689, 157], "derived": [-40, -39], "cost": 160}, {"constraints": [155, 1693], "derived": [-46, -36], "cost": 160}, {"constraints": [-46, 74, 181], "derived": [-129], "cost": 62}, {"constraints": [-40, -39, -38, -36, 158], "derived": [37], "cost": 64}, {"constraints": [155, 37], "derived": [-47, -27, -42], "cost": 61}, {"constraints": [-15, 37, 175], "derived": [-97], "cost": 62}, {"constraints": [-64, 37, 182], "derived": [-134], "cost": 62}, {"constraints": [1693, 151], "derived": [-24, -14], "cost": 160}, {"constraints": [-24, 178, 74], "derived": [-119], "cost": 62}, {"constraints": [-14, 37, 175], "derived": [-92], "cost": 62}], "OUS-time": [0, 6.164076566696167, 0, 5.626902103424072, 0, 24.560337781906128, 0, 11.775196552276611, 0, 9.835977792739868, 0, 165.31918382644653, 0, 67.91552710533142, 0, 223.12481689453125, 0, 8.032692670822144, 0, 3128.413772583008, 0, 630.4301655292511, 0, 20.046034336090088, 0, 44.80338788032532, 0, 66.52925491333008, 0, 9.483729600906372, 0, 7.839236497879028, 0, 1761.9232985973358, 0, 9.817697286605835, 0, 9.731573104858398, 0, 0], "timeout": true}}