{"config": {"preseeding": true, "sat-polarity": true, "sat-polarity-initial": false, "postpone_opt": true, "postpone_opt_incr": true, "postpone_opt_greedy": true, "grow": true, "grow_sat": false, "grow_subset_maximal": false, "grow_maxsat": true, "maxsat_polarities": true, "grow_maxsat_full_pos": false, "grow_maxsat_full_inv": false, "grow_maxsat_full_unif": false, "grow_maxsat_initial_pos": true, "grow_maxsat_initial_inv": false, "grow_maxsat_initial_unif": false, "grow_maxsat_actual_pos": false, "grow_maxsat_actual_unif": false, "grow_maxsat_actual_inv": false, "timeout": 7200, "instance": "p12", "output": "/data/brussel/101/vsc10143/OUSResults/experiment6_cous/2021011601/20210116011336920530.json"}, "results": {"HS": [0, 2, 0, 2, 0, 1], "HS_greedy": [0, 6, 0, 37, 0, 12], "HS_incr": [0, 133, 0, 1009, 0, 287], "HS-opt-time": [0, 0.24231290817260742, 0, 5.137822389602661, 0, 0.004197120666503906], "HS-postpone-time": [0, 0.02125406265258789, 0, 0.6074824333190918, 0, 0.06269955635070801], "SAT-time": [0.2055668830871582, 1.1129112243652344, 0.22074651718139648, 9.067847967147827, 0.23288297653198242, 2.5547640323638916], "grow-time": [4.030839681625366, 24.35889482498169, 4.0069661140441895, 1664.849771976471, 4.036077976226807, 5417.696986675262], "#expl": 2, "expl_seq": [{"constraints": [38166], "derived": [-36487], "cost": 100}, {"constraints": [38162], "derived": [-36491], "cost": 100}], "OUS-time": [0, 26.039630889892578, 0, 1682.140836238861, 0, 0], "timeout": true}}