{"config": {"preseeding": false, "sat-polarity": true, "sat-polarity-initial": true, "postpone_opt": false, "postpone_opt_incr": false, "postpone_opt_greedy": false, "grow": true, "grow_sat": false, "grow_subset_maximal": false, "grow_maxsat": true, "maxsat_polarities": true, "grow_maxsat_full_pos": false, "grow_maxsat_full_inv": false, "grow_maxsat_full_unif": false, "grow_maxsat_initial_pos": false, "grow_maxsat_initial_inv": false, "grow_maxsat_initial_unif": false, "grow_maxsat_actual_pos": true, "grow_maxsat_actual_unif": false, "grow_maxsat_actual_inv": false, "timeout": 7200, "instance": "p12", "output": "/data/brussel/101/vsc10143/OUSResults/experiment6_cous/2021011601/20210116011336918752.json"}, "results": {"HS": [0, 46, 0, 43, 0, 54, 0, 38, 0, 34, 0, 50, 0, 32, 0, 40, 0, 27, 0, 74, 0, 37, 0, 71, 0, 85, 0, 53, 0, 55, 0, 38, 0, 37, 0, 47, 0, 41, 0, 95, 0, 36, 0, 62], "HS_greedy": [0, 0, 0, 0, 0, 0, 0, 0, 0, 0, 0, 0, 0, 0, 0, 0, 0, 0, 0, 0, 0, 0, 0, 0, 0, 0, 0, 0, 0, 0, 0, 0, 0, 0, 0, 0, 0, 0, 0, 0, 0, 0, 0, 0], "HS_incr": [0, 0, 0, 0, 0, 0, 0, 0, 0, 0, 0, 0, 0, 0, 0, 0, 0, 0, 0, 0, 0, 0, 0, 0, 0, 0, 0, 0, 0, 0, 0, 0, 0, 0, 0, 0, 0, 0, 0, 0, 0, 0, 0, 0], "HS-opt-time": [0, 0.3411693572998047, 0, 0.27472925186157227, 0, 0.7681808471679688, 0, 0.10218548774719238, 0, 0.08623790740966797, 0, 0.7119283676147461, 0, 0.09024691581726074, 0, 0.14174270629882812, 0, 0.06145882606506348, 0, 5.682884693145752, 0, 0.10170364379882812, 0, 3.3417582511901855, 0, 5.2034690380096436, 0, 0.3454420566558838, 0, 0.45825624465942383, 0, 0.18703007698059082, 0, 0.1068112850189209, 0, 0.19554686546325684, 0, 0.13648080825805664, 0, 9.415439128875732, 0, 0.1133575439453125, 0, 1.0460779666900635], "HS-postpone-time": [0, 0, 0, 0, 0, 0, 0, 0, 0, 0, 0, 0, 0, 0, 0, 0, 0, 0, 0, 0, 0, 0, 0, 0, 0, 0, 0, 0, 0, 0, 0, 0, 0, 0, 0, 0, 0, 0, 0, 0, 0, 0, 0, 0], "SAT-time": [0, 0.16352558135986328, 0, 0.15499615669250488, 0, 0.19362592697143555, 0, 0.13455557823181152, 0, 0.12603139877319336, 0, 0.18573379516601562, 0, 0.11737918853759766, 0, 0.15242719650268555, 0, 0.09651684761047363, 0, 0.2768552303314209, 0, 0.1353931427001953, 0, 0.2791879177093506, 0, 0.31993865966796875, 0, 0.1954030990600586, 0, 0.20865511894226074, 0, 0.14676618576049805, 0, 0.14330005645751953, 0, 0.17983603477478027, 0, 0.15538716316223145, 0, 0.37660765647888184, 0, 0.1431894302368164, 0, 0.24660754203796387], "grow-time": [0, 6.554055690765381, 0, 18.49844765663147, 0, 71.52157545089722, 0, 29.192458391189575, 0, 20.473378658294678, 0, 236.56359887123108, 0, 19.469808101654053, 0, 187.91512274742126, 0, 12.367499351501465, 0, 2633.816083431244, 0, 13.520217895507812, 0, 471.877854347229, 0, 1284.7100846767426, 0, 23.1815083026886, 0, 89.85109829902649, 0, 81.49173665046692, 0, 11.83350133895874, 0, 17.296285390853882, 0, 13.722599983215332, 0, 1521.6713738441467, 0, 17.12461233139038, 0, 361.3020029067993], "#expl": 21, "expl_seq": [{"constraints": [10808], "derived": [-9137], "cost": 100}, {"constraints": [10812], "derived": [-9133], "cost": 100}, {"constraints": [10810], "derived": [9192], "cost": 100}, {"constraints": [9192, 9279], "derived": [-9191, -9190, -9189, -9193], "cost": 61}, {"constraints": [9192, 9277], "derived": [-9182, -9172, -9187, -9177], "cost": 61}, {"constraints": [10805], "derived": [9151], "cost": 100}, {"constraints": [9275, 9151], "derived": [-9152, -9150, -9149, -9153], "cost": 61}, {"constraints": [9273, 9151], "derived": [-9166, -9156, -9146, -9161], "cost": 61}, {"constraints": [9300, -9177, 9151], "derived": [-9257], "cost": 62}, {"constraints": [10811, 9269], "derived": [-9142, -9132], "cost": 160}, {"constraints": [9296, 9192, -9142], "derived": [-9237], "cost": 62}, {"constraints": [9275, 10807], "derived": [-9158, -9157], "cost": 160}, {"constraints": [9273, 10811], "derived": [-9164, -9154], "cost": 160}, {"constraints": [9192, 9299, -9164], "derived": [-9247], "cost": 62}, {"constraints": [9276, -9158, -9157, -9156, -9154], "derived": [9155], "cost": 64}, {"constraints": [9273, 9155], "derived": [-9160, -9165, -9145], "cost": 61}, {"constraints": [9155, -9132, 9293], "derived": [-9210], "cost": 62}, {"constraints": [-9182, 9155, 9300], "derived": [-9252], "cost": 62}, {"constraints": [-9133, 9293, 9155], "derived": [-9215], "cost": 62}, {"constraints": [10811, 9277], "derived": [-9183], "cost": 160}, {"constraints": [-9183, 9155, 9300], "derived": [-9253], "cost": 62}], "OUS-time": [0, 7.1334569454193115, 0, 19.007222175598145, 0, 72.57226133346558, 0, 29.49110460281372, 0, 20.74012804031372, 0, 237.54143404960632, 0, 19.727694034576416, 0, 188.2711319923401, 0, 12.565964221954346, 0, 2639.8894731998444, 0, 13.812305927276611, 0, 475.6061911582947, 0, 1290.3602089881897, 0, 23.800153255462646, 0, 90.59798073768616, 0, 81.8805320262909, 0, 12.136719703674316, 0, 17.738555431365967, 0, 14.072832107543945, 0, 1531.6015994548798, 0, 17.43242335319519, 0, 0], "timeout": true}}