{"config": {"preseeding": false, "sat-polarity": true, "sat-polarity-initial": false, "postpone_opt": false, "postpone_opt_incr": false, "postpone_opt_greedy": false, "grow": true, "grow_sat": false, "grow_subset_maximal": false, "grow_maxsat": true, "maxsat_polarities": true, "grow_maxsat_full_pos": false, "grow_maxsat_full_inv": false, "grow_maxsat_full_unif": false, "grow_maxsat_initial_pos": false, "grow_maxsat_initial_inv": false, "grow_maxsat_initial_unif": false, "grow_maxsat_actual_pos": true, "grow_maxsat_actual_unif": false, "grow_maxsat_actual_inv": false, "timeout": 7200, "instance": "p12", "output": "/data/brussel/101/vsc10143/OUSResults/experiment6_cous/2021011601/20210116011336918564.json"}, "results": {"HS": [0, 46, 0, 43, 0, 54, 0, 38, 0, 34, 0, 50, 0, 32, 0, 40, 0, 27, 0, 74, 0, 37, 0, 71, 0, 85, 0, 53, 0, 55, 0, 38, 0, 37, 0, 47, 0, 41, 0, 86], "HS_greedy": [0, 0, 0, 0, 0, 0, 0, 0, 0, 0, 0, 0, 0, 0, 0, 0, 0, 0, 0, 0, 0, 0, 0, 0, 0, 0, 0, 0, 0, 0, 0, 0, 0, 0, 0, 0, 0, 0, 0, 0], "HS_incr": [0, 0, 0, 0, 0, 0, 0, 0, 0, 0, 0, 0, 0, 0, 0, 0, 0, 0, 0, 0, 0, 0, 0, 0, 0, 0, 0, 0, 0, 0, 0, 0, 0, 0, 0, 0, 0, 0, 0, 0], "HS-opt-time": [0, 0.3470120429992676, 0, 0.27836036682128906, 0, 0.78898024559021, 0, 0.10600686073303223, 0, 0.08921241760253906, 0, 0.7250494956970215, 0, 0.09320926666259766, 0, 0.14679694175720215, 0, 0.0644233226776123, 0, 5.8369364738464355, 0, 0.10909295082092285, 0, 3.5123045444488525, 0, 5.419170618057251, 0, 0.36622047424316406, 0, 0.48075222969055176, 0, 0.19507980346679688, 0, 0.11137604713439941, 0, 0.20409727096557617, 0, 0.14240169525146484, 0, 6.3769896030426025], "HS-postpone-time": [0, 0, 0, 0, 0, 0, 0, 0, 0, 0, 0, 0, 0, 0, 0, 0, 0, 0, 0, 0, 0, 0, 0, 0, 0, 0, 0, 0, 0, 0, 0, 0, 0, 0, 0, 0, 0, 0, 0, 0], "SAT-time": [0, 0.1888728141784668, 0, 0.1804804801940918, 0, 0.22536063194274902, 0, 0.1583540439605713, 0, 0.14380216598510742, 0, 0.20850372314453125, 0, 0.13196539878845215, 0, 0.16515374183654785, 0, 0.11390089988708496, 0, 0.3144567012786865, 0, 0.1583561897277832, 0, 0.2980930805206299, 0, 0.3699517250061035, 0, 0.23039484024047852, 0, 0.23169279098510742, 0, 0.1602621078491211, 0, 0.15630173683166504, 0, 0.19835805892944336, 0, 0.1714024543762207, 0, 0.37490391731262207], "grow-time": [0, 6.6667234897613525, 0, 19.76919412612915, 0, 81.00457453727722, 0, 33.09069323539734, 0, 22.120729207992554, 0, 257.56217765808105, 0, 20.67928123474121, 0, 210.34592413902283, 0, 13.666155338287354, 0, 2804.0716252326965, 0, 14.666882753372192, 0, 535.8536109924316, 0, 1430.0391190052032, 0, 26.946446657180786, 0, 103.79173493385315, 0, 92.95673370361328, 0, 13.011594533920288, 0, 19.13961887359619, 0, 15.21740174293518, 0, 1012.1728489398956], "#expl": 19, "expl_seq": [{"constraints": [10808], "derived": [-9137], "cost": 100}, {"constraints": [10812], "derived": [-9133], "cost": 100}, {"constraints": [10810], "derived": [9192], "cost": 100}, {"constraints": [9192, 9279], "derived": [-9191, -9190, -9189, -9193], "cost": 61}, {"constraints": [9192, 9277], "derived": [-9182, -9172, -9187, -9177], "cost": 61}, {"constraints": [10805], "derived": [9151], "cost": 100}, {"constraints": [9275, 9151], "derived": [-9152, -9150, -9149, -9153], "cost": 61}, {"constraints": [9273, 9151], "derived": [-9166, -9156, -9146, -9161], "cost": 61}, {"constraints": [9300, -9177, 9151], "derived": [-9257], "cost": 62}, {"constraints": [10811, 9269], "derived": [-9142, -9132], "cost": 160}, {"constraints": [9296, 9192, -9142], "derived": [-9237], "cost": 62}, {"constraints": [9275, 10807], "derived": [-9158, -9157], "cost": 160}, {"constraints": [9273, 10811], "derived": [-9164, -9154], "cost": 160}, {"constraints": [9192, 9299, -9164], "derived": [-9247], "cost": 62}, {"constraints": [9276, -9158, -9157, -9156, -9154], "derived": [9155], "cost": 64}, {"constraints": [9273, 9155], "derived": [-9160, -9165, -9145], "cost": 61}, {"constraints": [9155, -9132, 9293], "derived": [-9210], "cost": 62}, {"constraints": [-9182, 9155, 9300], "derived": [-9252], "cost": 62}, {"constraints": [-9133, 9293, 9155], "derived": [-9215], "cost": 62}], "OUS-time": [0, 7.278823375701904, 0, 20.302284240722656, 0, 82.11264419555664, 0, 33.42082476615906, 0, 22.41130518913269, 0, 258.5787510871887, 0, 20.95705008506775, 0, 210.72248911857605, 0, 13.887388944625854, 0, 2810.3436377048492, 0, 14.992186307907104, 0, 539.7763390541077, 0, 1435.9618701934814, 0, 27.625008821487427, 0, 104.58799338340759, 0, 93.3695776462555, 0, 13.334429502487183, 0, 19.61201047897339, 0, 15.591881275177002, 0, 0], "timeout": true}}