{"config": {"preseeding": true, "sat-polarity": true, "sat-polarity-initial": false, "postpone_opt": true, "postpone_opt_incr": true, "postpone_opt_greedy": false, "grow": true, "grow_sat": false, "grow_subset_maximal": false, "grow_maxsat": true, "maxsat_polarities": true, "grow_maxsat_full_pos": false, "grow_maxsat_full_inv": false, "grow_maxsat_full_unif": true, "grow_maxsat_initial_pos": false, "grow_maxsat_initial_inv": false, "grow_maxsat_initial_unif": false, "grow_maxsat_actual_pos": false, "grow_maxsat_actual_unif": false, "grow_maxsat_actual_inv": false, "timeout": 7200, "instance": "p12", "output": "/data/brussel/101/vsc10143/OUSResults/experiment6_cous/2021011601/20210116011336920233.json"}, "results": {"HS": [0, 43, 0, 34, 0, 40, 0, 41, 0, 62, 0, 106, 0, 49, 0, 51, 0, 75, 0, 186], "HS_greedy": [0, 0, 0, 0, 0, 0, 0, 0, 0, 0, 0, 0, 0, 0, 0, 0, 0, 0, 0, 0], "HS_incr": [0, 1548, 0, 1343, 0, 1515, 0, 1439, 0, 1951, 0, 3039, 0, 1655, 0, 1886, 0, 2693, 0, 4963], "HS-opt-time": [0, 57.33013582229614, 0, 44.18804359436035, 0, 59.338574171066284, 0, 37.28199863433838, 0, 109.46849727630615, 0, 780.4710292816162, 0, 61.35176372528076, 0, 73.97169733047485, 0, 216.94600224494934, 0, 1252.2658107280731], "HS-postpone-time": [0, 0.13177108764648438, 0, 0.1113898754119873, 0, 0.1341567039489746, 0, 0.12390613555908203, 0, 0.1691901683807373, 0, 0.2620079517364502, 0, 0.1442115306854248, 0, 0.14946389198303223, 0, 0.21938776969909668, 0, 0.3813202381134033], "SAT-time": [0.015021562576293945, 23.3738374710083, 0.02809762954711914, 20.474940061569214, 0.028940677642822266, 23.18630027770996, 0.020237207412719727, 21.985892057418823, 0.019454002380371094, 29.951996326446533, 0.021281957626342773, 47.28667759895325, 0.009531497955322266, 24.827314376831055, 0.010725259780883789, 27.829604864120483, 0.011165142059326172, 37.80095458030701, 0.008958578109741211, 68.88118314743042], "grow-time": [0.3615763187408447, 284.5568001270294, 0.5313167572021484, 246.39663648605347, 0.5263369083404541, 278.41344809532166, 0.3761260509490967, 265.3645851612091, 0.3120913505554199, 361.25009512901306, 0.3734250068664551, 575.9366946220398, 0.21531343460083008, 305.9505944252014, 0.21488595008850098, 343.08245968818665, 0.14836359024047852, 499.9038619995117, 0.14716053009033203, 929.7576389312744], "#expl": 9, "expl_seq": [{"constraints": [47284], "derived": [-45605], "cost": 100}, {"constraints": [47280], "derived": [-45609], "cost": 100}, {"constraints": [47277], "derived": [45623], "cost": 100}, {"constraints": [45747, 45623], "derived": [-45624, -45622, -45621, -45625], "cost": 61}, {"constraints": [45745, 45623], "derived": [-45638, -45628, -45618, -45633], "cost": 61}, {"constraints": [47282], "derived": [45664], "cost": 100}, {"constraints": [45664, 45749], "derived": [-45654, -45644, -45659, -45649], "cost": 61}, {"constraints": [45664, 45751], "derived": [-45663, -45662, -45661, -45665], "cost": 61}, {"constraints": [45772, 45623, -45649], "derived": [-45729], "cost": 62}], "OUS-time": [0, 370.3721604347229, 0, 315.55044960975647, 0, 365.9830243587494, 0, 329.5509030818939, 0, 507.2983968257904, 0, 1413.739462852478, 0, 397.4047110080719, 0, 450.63107562065125, 0, 762.4849679470062, 0, 0], "timeout": true}}