{"config": {"preseeding": true, "sat-polarity": true, "sat-polarity-initial": false, "postpone_opt": true, "postpone_opt_incr": false, "postpone_opt_greedy": true, "grow": true, "grow_sat": false, "grow_subset_maximal": false, "grow_maxsat": true, "maxsat_polarities": true, "grow_maxsat_full_pos": false, "grow_maxsat_full_inv": false, "grow_maxsat_full_unif": true, "grow_maxsat_initial_pos": false, "grow_maxsat_initial_inv": false, "grow_maxsat_initial_unif": false, "grow_maxsat_actual_pos": false, "grow_maxsat_actual_unif": false, "grow_maxsat_actual_inv": false, "timeout": 7200, "instance": "p13", "output": "/data/brussel/101/vsc10143/OUSResults/experiment6_cous/2021011601/20210116013442950984.json"}, "results": {"HS": [0, 7, 0, 3, 0, 3, 0, 4, 0, 1], "HS_greedy": [0, 1196, 0, 1119, 0, 1060, 0, 980, 0, 1876], "HS_incr": [0, 0, 0, 0, 0, 0, 0, 0, 0, 0], "HS-opt-time": [0, 7.549577236175537, 0, 2.9959938526153564, 0, 2.464015007019043, 0, 2.918006658554077, 0, 0.0012297630310058594], "HS-postpone-time": [0, 21.73404884338379, 0, 18.96983790397644, 0, 17.111328125, 0, 14.342425346374512, 0, 54.25641083717346], "SAT-time": [0.010653972625732422, 8.352952241897583, 0.01164555549621582, 8.012585163116455, 0.007483243942260742, 7.6627037525177, 0.006371974945068359, 7.062328577041626, 0.007726192474365234, 13.482104063034058], "grow-time": [0.25270938873291016, 333.3011693954468, 0.29639673233032227, 316.9608407020569, 0.12958335876464844, 272.2096288204193, 0.16620779037475586, 273.30527687072754, 0.17261815071105957, 1395.1381087303162], "#expl": 4, "expl_seq": [{"constraints": [32449], "derived": [-30773, -30770], "cost": 100}, {"constraints": [32455], "derived": [30781], "cost": 100}, {"constraints": [30781, 30910], "derived": [-30776, -30766, -30771, -30761], "cost": 61}, {"constraints": [30912, 30781], "derived": [-30784, -30783, -30782, -30780], "cost": 61}], "OUS-time": [0, 373.34180092811584, 0, 349.2245948314667, 0, 301.6353976726532, 0, 299.63765931129456, 0, 0], "timeout": true}}