{"config": {"preseeding": true, "sat-polarity": true, "sat-polarity-initial": false, "postpone_opt": true, "postpone_opt_incr": true, "postpone_opt_greedy": true, "grow": true, "grow_sat": false, "grow_subset_maximal": false, "grow_maxsat": true, "maxsat_polarities": true, "grow_maxsat_full_pos": false, "grow_maxsat_full_inv": true, "grow_maxsat_full_unif": false, "grow_maxsat_initial_pos": false, "grow_maxsat_initial_inv": false, "grow_maxsat_initial_unif": false, "grow_maxsat_actual_pos": false, "grow_maxsat_actual_unif": false, "grow_maxsat_actual_inv": false, "timeout": 7200, "instance": "p13", "output": "/data/brussel/101/vsc10143/OUSResults/experiment6_cous/2021011601/20210116013442951519.json"}, "results": {"HS": [0, 26, 0, 33, 0, 18, 0, 1], "HS_greedy": [0, 50, 0, 48, 0, 65, 0, 55], "HS_incr": [0, 2170, 0, 2331, 0, 2243, 0, 2054], "HS-opt-time": [0, 75.85757040977478, 0, 114.20935940742493, 0, 73.7049207687378, 0, 0.0012717247009277344], "HS-postpone-time": [0, 2.522998571395874, 0, 2.5858397483825684, 0, 3.555434226989746, 0, 2.554219961166382], "SAT-time": [0.009099245071411133, 26.01006054878235, 0.008914470672607422, 27.526854276657104, 0.00849604606628418, 26.768178701400757, 0.010412216186523438, 23.77427363395691], "grow-time": [0.15650105476379395, 412.26487612724304, 0.19964933395385742, 474.7435278892517, 0.20644903182983398, 485.80308628082275, 0.16216802597045898, 2038.0690302848816], "#expl": 3, "expl_seq": [{"constraints": [52955], "derived": [-51279, -51276], "cost": 100}, {"constraints": [52961], "derived": [51287], "cost": 100}, {"constraints": [51416, 51287], "derived": [-51272, -51277, -51267, -51282], "cost": 61}], "OUS-time": [0, 522.4874227046967, 0, 625.2597994804382, 0, 595.8087871074677, 0, 0], "timeout": true}}