{"config": {"preseeding": false, "sat-polarity": true, "sat-polarity-initial": false, "postpone_opt": true, "postpone_opt_incr": true, "postpone_opt_greedy": true, "grow": true, "grow_sat": false, "grow_subset_maximal": false, "grow_maxsat": true, "maxsat_polarities": true, "grow_maxsat_full_pos": false, "grow_maxsat_full_inv": false, "grow_maxsat_full_unif": false, "grow_maxsat_initial_pos": false, "grow_maxsat_initial_inv": false, "grow_maxsat_initial_unif": true, "grow_maxsat_actual_pos": false, "grow_maxsat_actual_unif": false, "grow_maxsat_actual_inv": false, "timeout": 7200, "instance": "p13", "output": "/data/brussel/101/vsc10143/OUSResults/experiment6_cous/2021011601/20210116013442950556.json"}, "results": {"HS": [0, 2, 0, 2, 0, 2, 0, 2, 0, 2, 0, 2, 0, 3, 0, 2, 0, 5, 0, 2, 0, 5, 0, 2, 0, 4, 0, 4, 0, 4, 0, 4, 0, 6, 0, 3, 0, 7, 0, 1], "HS_greedy": [0, 17, 0, 73, 0, 68, 0, 73, 0, 45, 0, 61, 0, 79, 0, 78, 0, 63, 0, 65, 0, 70, 0, 64, 0, 92, 0, 75, 0, 72, 0, 69, 0, 76, 0, 97, 0, 86, 0, 49], "HS_incr": [0, 429, 0, 2182, 0, 2014, 0, 2007, 0, 1204, 0, 1636, 0, 2067, 0, 2027, 0, 1564, 0, 1720, 0, 1750, 0, 1571, 0, 2300, 0, 1842, 0, 1636, 0, 1569, 0, 1623, 0, 2230, 0, 1836, 0, 1211], "HS-opt-time": [0, 0.798072099685669, 0, 17.225711584091187, 0, 11.050085544586182, 0, 11.001502990722656, 0, 9.729853391647339, 0, 22.08125638961792, 0, 36.79621076583862, 0, 18.402358770370483, 0, 77.98525381088257, 0, 7.692807674407959, 0, 103.51646089553833, 0, 7.321024417877197, 0, 97.63470244407654, 0, 82.37068271636963, 0, 59.55133032798767, 0, 52.13895535469055, 0, 129.95301175117493, 0, 54.2925226688385, 0, 132.56116127967834, 0, 0.0010993480682373047], "HS-postpone-time": [0, 0.1205909252166748, 0, 2.8444266319274902, 0, 2.4456353187561035, 0, 2.4833455085754395, 0, 0.8148610591888428, 0, 1.6279690265655518, 0, 2.6969997882843018, 0, 2.5575530529022217, 0, 1.6113367080688477, 0, 1.7024939060211182, 0, 1.877575159072876, 0, 1.5553958415985107, 0, 3.2460405826568604, 0, 2.1627795696258545, 0, 1.8481824398040771, 0, 1.563119888305664, 0, 1.7669060230255127, 0, 3.2640268802642822, 0, 2.3869235515594482, 0, 0.7505311965942383], "SAT-time": [0, 2.5768625736236572, 0, 13.62050747871399, 0, 12.926888227462769, 0, 13.15158462524414, 0, 7.927896022796631, 0, 10.872422695159912, 0, 13.61322808265686, 0, 13.320465564727783, 0, 10.338370084762573, 0, 11.45925521850586, 0, 11.61736011505127, 0, 10.580683708190918, 0, 15.57289433479309, 0, 12.672853946685791, 0, 11.2122220993042, 0, 10.779180526733398, 0, 10.928922891616821, 0, 15.092504978179932, 0, 12.463510036468506, 0, 8.288431167602539], "grow-time": [0, 66.7725555896759, 0, 390.06234192848206, 0, 349.1999683380127, 0, 343.36912846565247, 0, 199.80254435539246, 0, 282.7138693332672, 0, 366.6881401538849, 0, 345.46140027046204, 0, 265.93071007728577, 0, 290.13920426368713, 0, 295.52844429016113, 0, 263.9568192958832, 0, 400.5674924850464, 0, 320.1381139755249, 0, 272.95950412750244, 0, 259.550009727478, 0, 285.57968759536743, 0, 386.87996912002563, 0, 316.0236282348633, 0, 200.37919282913208], "#expl": 19, "expl_seq": [{"constraints": [22196], "derived": [-20520, -20517], "cost": 100}, {"constraints": [22202], "derived": [20528], "cost": 100}, {"constraints": [20528, 20657], "derived": [-20518, -20508, -20523, -20513], "cost": 61}, {"constraints": [20528, 20659], "derived": [-20527, -20531, -20530, -20529], "cost": 61}, {"constraints": [22194, 20659], "derived": [-20512], "cost": 160}, {"constraints": [20688, 22197], "derived": [-20634], "cost": 160}, {"constraints": [22200, 20665], "derived": [-20573], "cost": 160}, {"constraints": [22193, 20684], "derived": [-20592], "cost": 160}, {"constraints": [-20508, 20684, -20523, 22199, -20518, -20513], "derived": [-20590], "cost": 164}, {"constraints": [20528, -20590, 20686], "derived": [-20580], "cost": 62}, {"constraints": [-20508, 20681, -20523, 22199, -20518, -20513], "derived": [-20614], "cost": 164}, {"constraints": [20528, -20614, 20683], "derived": [-20554], "cost": 62}, {"constraints": [22202, 20659, 20684], "derived": [-20606, -20586, -20601], "cost": 220}, {"constraints": [20665, 22199, 20687], "derived": [-20649], "cost": 220}, {"constraints": [22201, 20659, 20681], "derived": [-20631, -20609], "cost": 220}, {"constraints": [20673, 22202, 20683], "derived": [-20630, -20610, -20625], "cost": 220}, {"constraints": [20688, 22202, 20661], "derived": [-20655], "cost": 220}, {"constraints": [22194, 20659, 20684], "derived": [-20603], "cost": 220}, {"constraints": [20682, 22195, 20661], "derived": [-20608, -20623], "cost": 220}], "OUS-time": [0, 71.19281792640686, 0, 428.5887098312378, 0, 380.15134739875793, 0, 374.4831221103668, 0, 220.93632817268372, 0, 320.8898425102234, 0, 424.29171347618103, 0, 384.2274158000946, 0, 359.3436179161072, 0, 314.8360095024109, 0, 416.35678720474243, 0, 286.821408033371, 0, 521.950852394104, 0, 421.42131328582764, 0, 349.1784145832062, 0, 327.4027693271637, 0, 431.677636384964, 0, 464.2309169769287, 0, 467.27271342277527, 0, 0], "timeout": true}}