{"config": {"preseeding": true, "sat-polarity": true, "sat-polarity-initial": false, "postpone_opt": true, "postpone_opt_incr": true, "postpone_opt_greedy": false, "grow": true, "grow_sat": false, "grow_subset_maximal": false, "grow_maxsat": true, "maxsat_polarities": true, "grow_maxsat_full_pos": false, "grow_maxsat_full_inv": false, "grow_maxsat_full_unif": true, "grow_maxsat_initial_pos": false, "grow_maxsat_initial_inv": false, "grow_maxsat_initial_unif": false, "grow_maxsat_actual_pos": false, "grow_maxsat_actual_unif": false, "grow_maxsat_actual_inv": false, "timeout": 7200, "instance": "p13", "output": "/data/brussel/101/vsc10143/OUSResults/experiment6_cous/2021011601/20210116013442951258.json"}, "results": {"HS": [0, 46, 0, 46, 0, 39, 0, 40, 0, 245], "HS_greedy": [0, 0, 0, 0, 0, 0, 0, 0, 0, 0], "HS_incr": [0, 1306, 0, 1640, 0, 1391, 0, 1397, 0, 4804], "HS-opt-time": [0, 58.437074184417725, 0, 113.14159846305847, 0, 50.32612872123718, 0, 49.65986180305481, 0, 3501.2268183231354], "HS-postpone-time": [0, 0.10248422622680664, 0, 0.13183903694152832, 0, 0.11302566528320312, 0, 0.11561274528503418, 0, 0.3887338638305664], "SAT-time": [0.017932415008544922, 22.158957481384277, 0.021573781967163086, 28.800037622451782, 0.011611461639404297, 24.436366081237793, 0.013759613037109375, 24.242982149124146, 0.012573719024658203, 62.39537453651428], "grow-time": [0.32482099533081055, 262.7193832397461, 0.40741586685180664, 336.20947551727295, 0.18252205848693848, 286.04945039749146, 0.22214007377624512, 290.3951816558838, 0.17968368530273438, 2019.6794352531433], "#expl": 4, "expl_seq": [{"constraints": [52955], "derived": [-51279, -51276], "cost": 100}, {"constraints": [52961], "derived": [51287], "cost": 100}, {"constraints": [51418, 51287], "derived": [-51288, -51286, -51290, -51289], "cost": 61}, {"constraints": [51416, 51287], "derived": [-51272, -51277, -51267, -51282], "cost": 61}], "OUS-time": [0, 347.7855908870697, 0, 483.9997570514679, 0, 365.74733686447144, 0, 369.2202134132385, 0, 0], "timeout": true}}