{"config": {"preseeding": true, "sat-polarity": true, "sat-polarity-initial": false, "postpone_opt": true, "postpone_opt_incr": false, "postpone_opt_greedy": true, "grow": true, "grow_sat": false, "grow_subset_maximal": false, "grow_maxsat": true, "maxsat_polarities": true, "grow_maxsat_full_pos": false, "grow_maxsat_full_inv": false, "grow_maxsat_full_unif": false, "grow_maxsat_initial_pos": false, "grow_maxsat_initial_inv": false, "grow_maxsat_initial_unif": false, "grow_maxsat_actual_pos": false, "grow_maxsat_actual_unif": false, "grow_maxsat_actual_inv": true, "timeout": 7200, "instance": "p13", "output": "/data/brussel/101/vsc10143/OUSResults/experiment6_cous/2021011601/20210116013442951039.json"}, "results": {"HS": [0, 18, 0, 2, 0, 2, 0, 6, 0, 4, 0, 6, 0, 11, 0, 8, 0, 26, 0, 3, 0, 21, 0, 2, 0, 9, 0, 10, 0, 16, 0, 14, 0, 20, 0, 23, 0, 7, 0, 40, 0, 32, 0, 29, 0, 16, 0, 27, 0, 53, 0, 34, 0, 34, 0, 4, 0, 4, 0, 1], "HS_greedy": [0, 44, 0, 340, 0, 267, 0, 350, 0, 389, 0, 301, 0, 350, 0, 412, 0, 352, 0, 370, 0, 428, 0, 451, 0, 460, 0, 446, 0, 315, 0, 341, 0, 307, 0, 371, 0, 297, 0, 382, 0, 329, 0, 295, 0, 343, 0, 335, 0, 276, 0, 365, 0, 329, 0, 237, 0, 254, 0, 194], "HS_incr": [0, 0, 0, 0, 0, 0, 0, 0, 0, 0, 0, 0, 0, 0, 0, 0, 0, 0, 0, 0, 0, 0, 0, 0, 0, 0, 0, 0, 0, 0, 0, 0, 0, 0, 0, 0, 0, 0, 0, 0, 0, 0, 0, 0, 0, 0, 0, 0, 0, 0, 0, 0, 0, 0, 0, 0, 0, 0, 0, 0], "HS-opt-time": [0, 0.28176259994506836, 0, 0.5096781253814697, 0, 0.19838166236877441, 0, 1.5047335624694824, 0, 3.1973953247070312, 0, 4.919610261917114, 0, 12.758313179016113, 0, 11.383932828903198, 0, 34.22217583656311, 0, 0.5931460857391357, 0, 43.73983192443848, 0, 0.545682430267334, 0, 35.09150695800781, 0, 25.89085626602173, 0, 29.3455331325531, 0, 30.985156059265137, 0, 34.60572624206543, 0, 52.81498336791992, 0, 8.477728366851807, 0, 74.2840723991394, 0, 63.137606620788574, 0, 50.012075424194336, 0, 32.3122775554657, 0, 59.51609778404236, 0, 83.64019298553467, 0, 75.91876530647278, 0, 83.98544025421143, 0, 0.8683745861053467, 0, 0.9441969394683838, 0, 0.003679990768432617], "HS-postpone-time": [0, 0.037543535232543945, 0, 1.7075717449188232, 0, 1.067359447479248, 0, 1.7885079383850098, 0, 2.188387155532837, 0, 1.2879505157470703, 0, 1.727942705154419, 0, 2.465264081954956, 0, 1.7462165355682373, 0, 1.9410865306854248, 0, 2.6342971324920654, 0, 2.9357244968414307, 0, 3.053466558456421, 0, 2.8092758655548096, 0, 1.340698480606079, 0, 1.5395598411560059, 0, 1.2478723526000977, 0, 1.8337373733520508, 0, 1.1688597202301025, 0, 1.9068858623504639, 0, 1.3759963512420654, 0, 1.098323106765747, 0, 1.4735798835754395, 0, 1.395796775817871, 0, 0.9769420623779297, 0, 1.7913684844970703, 0, 1.43306303024292, 0, 0.7493183612823486, 0, 0.8521931171417236, 0, 0.49883508682250977], "SAT-time": [0.19957542419433594, 0.32849597930908203, 0.19860219955444336, 2.6887576580047607, 0.21996116638183594, 2.117412805557251, 0.21179938316345215, 2.782026767730713, 0.2120063304901123, 3.1213788986206055, 0.20196938514709473, 2.443467855453491, 0.2051382064819336, 2.8362679481506348, 0.18143391609191895, 3.3654351234436035, 0.19013500213623047, 2.97652530670166, 0.1928403377532959, 3.079761505126953, 0.21056532859802246, 3.5566248893737793, 0.20186519622802734, 3.764695405960083, 0.1976027488708496, 3.8231701850891113, 0.20613932609558105, 3.7948763370513916, 0.19192814826965332, 2.712805986404419, 0.18445372581481934, 2.974363088607788, 0.20368528366088867, 2.65592360496521, 0.18231439590454102, 3.2089357376098633, 0.18936872482299805, 2.6073834896087646, 0.18808507919311523, 3.333442211151123, 0.17617511749267578, 2.7853872776031494, 0.17453241348266602, 2.409363031387329, 0.16943740844726562, 2.815805673599243, 0.16005420684814453, 2.7333192825317383, 0.1590592861175537, 2.407879114151001, 0.20981192588806152, 4.225111484527588, 0.19693541526794434, 3.753746747970581, 0.18662405014038086, 2.7348525524139404, 0.1749892234802246, 2.9200336933135986, 0.18685269355773926, 2.2597227096557617], "grow-time": [4.128589868545532, 15.869350910186768, 3.82100772857666, 88.01791906356812, 4.0985987186431885, 78.13016390800476, 4.13973593711853, 103.62395429611206, 3.916905403137207, 229.9419469833374, 3.655210494995117, 110.96841359138489, 3.6596810817718506, 209.17594361305237, 3.216590642929077, 303.55275654792786, 3.368100881576538, 218.6760926246643, 3.389559268951416, 218.74021649360657, 3.6645140647888184, 360.3380410671234, 3.5304694175720215, 508.75778579711914, 3.512176513671875, 483.86689710617065, 3.544290542602539, 345.4352660179138, 3.273826837539673, 261.40909719467163, 3.073295831680298, 212.46807885169983, 3.4207684993743896, 126.65003657341003, 3.0956404209136963, 628.39142370224, 3.153472661972046, 90.915274143219, 3.151853561401367, 118.71479344367981, 2.986513614654541, 86.98516201972961, 3.0406527519226074, 89.11391019821167, 2.9136600494384766, 105.96990370750427, 2.781676769256592, 99.08037853240967, 2.7435998916625977, 107.64970803260803, 2.8902671337127686, 174.6326928138733, 2.9149978160858154, 163.74463081359863, 2.88431715965271, 80.44294381141663, 2.838193416595459, 291.2783660888672, 2.8222577571868896, 90.64150762557983], "#expl": 29, "expl_seq": [{"constraints": [32449], "derived": [-30773, -30770], "cost": 100}, {"constraints": [32455], "derived": [30781], "cost": 100}, {"constraints": [30912, 30781], "derived": [-30784, -30783, -30782, -30780], "cost": 61}, {"constraints": [30781, 30910], "derived": [-30776, -30766, -30771, -30761], "cost": 61}, {"constraints": [30937, 32446], "derived": [-30845], "cost": 160}, {"constraints": [32450, 30941], "derived": [-30887], "cost": 160}, {"constraints": [30912, 32447], "derived": [-30765], "cost": 160}, {"constraints": [32453, 30918], "derived": [-30826], "cost": 160}, {"constraints": [32452, -30776, -30771, -30766, 30934, -30761], "derived": [-30867], "cost": 164}, {"constraints": [30936, 30781, -30867], "derived": [-30807], "cost": 62}, {"constraints": [32452, 30918, -30776, -30771, -30766, -30761], "derived": [-30833], "cost": 164}, {"constraints": [30938, 30781, -30833], "derived": [-30843], "cost": 62}, {"constraints": [30912, 30934, 32455], "derived": [-30863, -30878, -30883], "cost": 220}, {"constraints": [30912, 30937, 32455], "derived": [-30839, -30854, -30859], "cost": 220}, {"constraints": [30912, 30934, 32454], "derived": [-30862, -30884], "cost": 220}, {"constraints": [30914, 30941, 32455], "derived": [-30908], "cost": 220}, {"constraints": [30912, 30937, 32447], "derived": [-30856], "cost": 220}, {"constraints": [30922, 30939, 32447], "derived": [-30816], "cost": 220}, {"constraints": [-30816, 30914, 32453], "derived": [-30793], "cost": 161}, {"constraints": [32448, 30914, 30935], "derived": [-30861, -30876], "cost": 220}, {"constraints": [30914, 32452, 30941], "derived": [-30902], "cost": 220}, {"constraints": [30936, -30861, 30916, 32453], "derived": [-30801], "cost": 221}, {"constraints": [30912, -30878, 32453, 30936], "derived": [-30778], "cost": 221}, {"constraints": [30912, -30883, 32453, 30936], "derived": [-30779], "cost": 221}, {"constraints": [30936, -30862, 30916, 32453], "derived": [-30802], "cost": 221}, {"constraints": [30920, 32451, 30940, -30826], "derived": [-30893], "cost": 221}, {"constraints": [-30893, 32453, 30942], "derived": [30803], "cost": 161}, {"constraints": [30803, 30916], "derived": [-30800, -30804], "cost": 61}, {"constraints": [30914, 30803], "derived": [-30808, -30798, -30788], "cost": 61}],