{"config": {"preseeding": true, "sat-polarity": true, "sat-polarity-initial": false, "postpone_opt": false, "postpone_opt_incr": false, "postpone_opt_greedy": false, "grow": true, "grow_sat": false, "grow_subset_maximal": false, "grow_maxsat": true, "maxsat_polarities": true, "grow_maxsat_full_pos": false, "grow_maxsat_full_inv": false, "grow_maxsat_full_unif": false, "grow_maxsat_initial_pos": false, "grow_maxsat_initial_inv": true, "grow_maxsat_initial_unif": false, "grow_maxsat_actual_pos": false, "grow_maxsat_actual_unif": false, "grow_maxsat_actual_inv": false, "timeout": 7200, "instance": "p13", "output": "/data/brussel/101/vsc10143/OUSResults/experiment6_cous/2021011601/20210116013442950730.json"}, "results": {"HS": [0, 4, 0, 26, 0, 7, 0, 5, 0, 61, 0, 38, 0, 43, 0, 68, 0, 72, 0, 3, 0, 73, 0, 4, 0, 64, 0, 71, 0, 65, 0, 67, 0, 72, 0, 105, 0, 68, 0, 94, 0, 160, 0, 164, 0, 172, 0, 192, 0, 169, 0, 154, 0, 148, 0, 165, 0, 65, 0, 77, 0, 76, 0, 60, 0, 95, 0, 105, 0, 64, 0, 66, 0, 65, 0, 18], "HS_greedy": [0, 0, 0, 0, 0, 0, 0, 0, 0, 0, 0, 0, 0, 0, 0, 0, 0, 0, 0, 0, 0, 0, 0, 0, 0, 0, 0, 0, 0, 0, 0, 0, 0, 0, 0, 0, 0, 0, 0, 0, 0, 0, 0, 0, 0, 0, 0, 0, 0, 0, 0, 0, 0, 0, 0, 0, 0, 0, 0, 0, 0, 0, 0, 0, 0, 0, 0, 0, 0, 0, 0, 0, 0, 0, 0, 0], "HS_incr": [0, 0, 0, 0, 0, 0, 0, 0, 0, 0, 0, 0, 0, 0, 0, 0, 0, 0, 0, 0, 0, 0, 0, 0, 0, 0, 0, 0, 0, 0, 0, 0, 0, 0, 0, 0, 0, 0, 0, 0, 0, 0, 0, 0, 0, 0, 0, 0, 0, 0, 0, 0, 0, 0, 0, 0, 0, 0, 0, 0, 0, 0, 0, 0, 0, 0, 0, 0, 0, 0, 0, 0, 0, 0, 0, 0], "HS-opt-time": [0, 0.025664091110229492, 0, 0.422832727432251, 0, 0.04033684730529785, 0, 0.021143198013305664, 0, 8.864850997924805, 0, 2.849430561065674, 0, 4.753884553909302, 0, 12.173087358474731, 0, 13.01907205581665, 0, 0.012299537658691406, 0, 15.866849660873413, 0, 0.015271425247192383, 0, 13.013560771942139, 0, 17.021397829055786, 0, 16.187586784362793, 0, 15.2859525680542, 0, 17.29916501045227, 0, 41.407150983810425, 0, 7.199465036392212, 0, 26.798052072525024, 0, 69.0909833908081, 0, 75.4690089225769, 0, 82.83228945732117, 0, 97.00872349739075, 0, 73.48319053649902, 0, 62.04540038108826, 0, 59.48382043838501, 0, 57.81404948234558, 0, 1.033923864364624, 0, 1.2534403800964355, 0, 1.32261061668396, 0, 1.01786208152771, 0, 2.674175977706909, 0, 5.366446256637573, 0, 1.0344293117523193, 0, 0.8585622310638428, 0, 0.8137722015380859, 0, 0.0918264389038086], "HS-postpone-time": [0, 0, 0, 0, 0, 0, 0, 0, 0, 0, 0, 0, 0, 0, 0, 0, 0, 0, 0, 0, 0, 0, 0, 0, 0, 0, 0, 0, 0, 0, 0, 0, 0, 0, 0, 0, 0, 0, 0, 0, 0, 0, 0, 0, 0, 0, 0, 0, 0, 0, 0, 0, 0, 0, 0, 0, 0, 0, 0, 0, 0, 0, 0, 0, 0, 0, 0, 0, 0, 0, 0, 0, 0, 0, 0, 0], "SAT-time": [0.1946423053741455, 0.02188706398010254, 0.18870282173156738, 0.18164968490600586, 0.20188474655151367, 0.043416500091552734, 0.19721245765686035, 0.029282569885253906, 0.1984243392944336, 0.44578123092651367, 0.20491719245910645, 0.28046607971191406, 0.18872666358947754, 0.3190195560455322, 0.17153215408325195, 0.5202722549438477, 0.17825841903686523, 0.5566787719726562, 0.18108701705932617, 0.015750408172607422, 0.1945056915283203, 0.5615534782409668, 0.19657087326049805, 0.023639917373657227, 0.18587589263916016, 0.49315905570983887, 0.18566441535949707, 0.5645918846130371, 0.17945122718811035, 0.5171527862548828, 0.18834137916564941, 0.5443849563598633, 0.17893409729003906, 0.581547737121582, 0.1933460235595703, 0.8644554615020752, 0.17764902114868164, 0.5426430702209473, 0.1802685260772705, 0.7532455921173096, 0.1816082000732422, 1.299290657043457, 0.16755270957946777, 1.322676658630371, 0.17633056640625, 1.4009685516357422, 0.17172527313232422, 1.5519258975982666, 0.16369032859802246, 1.3624670505523682, 0.15869903564453125, 1.2515449523925781, 0.1559886932373047, 1.2099099159240723, 0.14384937286376953, 1.3387188911437988, 0.13679289817810059, 0.5242891311645508, 0.11899423599243164, 0.6105830669403076, 0.1359097957611084, 0.6096756458282471, 0.12495183944702148, 0.4784986972808838, 0.15334415435791016, 0.7627201080322266, 0.1406242847442627, 0.8483474254608154, 0.16911721229553223, 0.5146598815917969, 0.15337514877319336, 0.5350420475006104, 0.14963102340698242, 0.5203495025634766, 0.1347486972808838, 0.1468362808227539], "grow-time": [4.142595291137695, 2.8471734523773193, 3.8195955753326416, 35.846266984939575, 3.9482645988464355, 1.133997917175293, 4.003441333770752, 0.840080738067627, 3.8593268394470215, 228.5334768295288, 3.830517292022705, 158.55190563201904, 3.54520320892334, 207.21560835838318, 3.099760055541992, 272.58274960517883, 3.3118958473205566, 262.37220215797424, 3.2688961029052734, 0.28856682777404785, 3.549694776535034, 387.4931788444519, 3.544628858566284, 0.43749094009399414, 3.4097886085510254, 345.9257483482361, 3.2797141075134277, 266.3789463043213, 3.170471668243408, 267.5753574371338, 3.2799627780914307, 1089.703780889511, 3.1311652660369873, 189.54459929466248, 3.315692186355591, 205.76990151405334, 3.0719728469848633, 140.52478957176208, 3.1110787391662598, 208.3183319568634, 3.0130114555358887, 178.60271310806274, 2.9113712310791016, 252.12649393081665, 3.058320999145508, 174.89396858215332, 2.884989023208618, 221.39154958724976, 2.8686623573303223, 144.03518724441528, 2.7228453159332275, 228.64914512634277, 2.6189403533935547, 435.6846070289612, 2.643998146057129, 100.96193623542786, 2.5980679988861084, 12.988767623901367, 2.2701148986816406, 20.51235270500183, 2.536503314971924, 17.991580963134766, 2.3783390522003174, 18.493294715881348, 3.4866628646850586, 28.83331322669983, 2.749544620513916, 28.45371675491333, 3.1581270694732666, 12.766712188720703, 2.898318290710449, 16.424864292144775, 2.9437243938446045, 14.079521417617798, 2.680737257003784, 5.723691940307617], "#expl": 37, "expl_seq": [{"constraints": [32449], "derived": [-30773, -30770], "cost": 100}, {"constraints": [32455], "derived": [30781], "cost": 100}, {"constraints": [30781, 30910], "derived": [-30776, -30766, -30771, -30761], "cost": 61}, {"constraints": [30912, 30781], "derived": [-30784, -30783, -30782, -30780], "cost": 61}, {"constraints": [32450, 30941], "derived": [-30887], "cost": 160}, {"constraints": [30937, 32446], "derived": [-30845], "cost": 160}, {"constraints": [30912, 32447], "derived": [-30765], "cost": 160}, {"constraints": [32453, 30918], "derived": [-30826], "cost": 160}, {"constraints": [32452, -30776, -30771, -30766, 30934, -30761], "derived": [-30867], "cost": 164}, {"constraints": [30936, 30781, -30867], "derived": [-30807], "cost": 62}, {"constraints": [32452, -30776, -30771, -30766, -30761, 30937], "derived": [-30843], "cost": 164}, {"constraints": [30939, 30781, -30843], "derived": [-30833], "cost": 62}, {"constraints": [30936, 30926, 32454], "derived": [-30862, -30884], "cost": 220}, {"constraints": [30922, 30939, 32455], "derived": [-30839, -30854, -30859], "cost": 220}, {"constraints": [30914, 32453, 30935], "derived": [-30863], "cost": 220}, {"constraints": [30940, 30918, 32455], "derived": [-30908], "cost": 220}, {"constraints": [30936, 30926, 32455], "derived": [-30878, -30883], "cost": 220}, {"constraints": [30912, 30918, 32447], "derived": [-30816], "cost": 220}, {"constraints": [-30816, 30914, 32453], "derived": [-30793], "cost": 161}, {"constraints": [30922, 30939, 32447], "derived": [-30856], "cost": 220}, {"constraints": [32448, 30914, 30935], "derived": [-30861, -30876], "cost": 220}, {"constraints": [32452, 30940, 30918], "derived": [-30902], "cost": 220}, {"constraints": [30936, -30861, 30916, 32453], "derived": [-30801], "cost": 221}, {"constraints": [30912, -30883, 32453, 30936], "derived": [-30779], "cost": 221}, {"constraints": [30936, -30862, 30916, 32453], "derived": [-30802], "cost": 221}, {"constraints": [30912, -30878, 32453, 30936], "derived": [-30778], "cost": 221}, {"constraints": [30920, 32451, 30940, -30826], "derived": [-30893], "cost": 221}, {"constraints": [-30893, 32453, 30942], "derived": [30803], "cost": 161}, {"constraints": [30914, 30803], "derived": [-30808, -30798, -30788],