{"config": {"preseeding": true, "sat-polarity": true, "sat-polarity-initial": false, "postpone_opt": true, "postpone_opt_incr": false, "postpone_opt_greedy": true, "grow": true, "grow_sat": false, "grow_subset_maximal": false, "grow_maxsat": true, "maxsat_polarities": true, "grow_maxsat_full_pos": false, "grow_maxsat_full_inv": false, "grow_maxsat_full_unif": false, "grow_maxsat_initial_pos": false, "grow_maxsat_initial_inv": true, "grow_maxsat_initial_unif": false, "grow_maxsat_actual_pos": false, "grow_maxsat_actual_unif": false, "grow_maxsat_actual_inv": false, "timeout": 7200, "instance": "p16", "output": "/data/brussel/101/vsc10143/OUSResults/experiment6_cous/2021011607/20210116071026027905.json"}, "results": {"HS": [0, 3, 0, 6, 0, 4, 0, 2, 0, 3, 0, 6, 0, 4, 0, 11, 0, 14, 0, 14, 0, 15, 0, 16, 0, 3, 0, 3, 0, 6, 0, 3, 0, 22, 0, 4, 0, 2, 0, 6, 0, 11, 0, 8, 0, 13, 0, 13, 0, 6, 0, 8, 0, 5, 0, 2, 0, 2, 0, 1], "HS_greedy": [0, 425, 0, 451, 0, 453, 0, 356, 0, 283, 0, 290, 0, 277, 0, 410, 0, 344, 0, 273, 0, 257, 0, 311, 0, 334, 0, 289, 0, 251, 0, 298, 0, 347, 0, 274, 0, 233, 0, 350, 0, 418, 0, 343, 0, 297, 0, 271, 0, 272, 0, 246, 0, 243, 0, 312, 0, 293, 0, 114], "HS_incr": [0, 0, 0, 0, 0, 0, 0, 0, 0, 0, 0, 0, 0, 0, 0, 0, 0, 0, 0, 0, 0, 0, 0, 0, 0, 0, 0, 0, 0, 0, 0, 0, 0, 0, 0, 0, 0, 0, 0, 0, 0, 0, 0, 0, 0, 0, 0, 0, 0, 0, 0, 0, 0, 0, 0, 0, 0, 0, 0, 0], "HS-opt-time": [0, 1.5597774982452393, 0, 3.948570966720581, 0, 2.1103107929229736, 0, 0.9825572967529297, 0, 0.5347578525543213, 0, 1.1634268760681152, 0, 0.9284532070159912, 0, 17.719093561172485, 0, 16.885337352752686, 0, 12.970434427261353, 0, 11.499521255493164, 0, 14.111939907073975, 0, 0.6757102012634277, 0, 0.5117135047912598, 0, 0.6147162914276123, 0, 0.779085636138916, 0, 27.42822289466858, 0, 0.7845768928527832, 0, 0.43457531929016113, 0, 1.4489896297454834, 0, 3.2321841716766357, 0, 1.7940449714660645, 0, 3.0289628505706787, 0, 2.7076501846313477, 0, 1.1627774238586426, 0, 1.0980520248413086, 0, 0.6206765174865723, 0, 0.3665928840637207, 0, 0.23050260543823242, 0, 0.0023097991943359375], "HS-postpone-time": [0, 2.9870431423187256, 0, 3.3907759189605713, 0, 3.3405954837799072, 0, 1.956615686416626, 0, 1.2200133800506592, 0, 1.2557868957519531, 0, 1.1269729137420654, 0, 2.5199265480041504, 0, 1.7075693607330322, 0, 1.0748531818389893, 0, 0.9565773010253906, 0, 1.37496018409729, 0, 1.5605220794677734, 0, 1.1578869819641113, 0, 0.8679440021514893, 0, 1.2085788249969482, 0, 1.5943975448608398, 0, 0.9890329837799072, 0, 0.7230863571166992, 0, 1.5801758766174316, 0, 2.2949180603027344, 0, 1.45393967628479, 0, 1.0908443927764893, 0, 0.9098916053771973, 0, 0.9118251800537109, 0, 0.7397181987762451, 0, 0.7271885871887207, 0, 1.1771197319030762, 0, 1.0221776962280273, 0, 0.16986513137817383], "SAT-time": [0.21974802017211914, 2.993640422821045, 0.23572039604187012, 3.295444965362549, 0.22373557090759277, 3.3279058933258057, 0.2111811637878418, 2.6314308643341064, 0.20929765701293945, 2.070486068725586, 0.215101957321167, 2.1578354835510254, 0.17815780639648438, 2.0874812602996826, 0.17114996910095215, 3.057626485824585, 0.1674959659576416, 2.5700674057006836, 0.18104219436645508, 2.042470932006836, 0.17519736289978027, 1.9420886039733887, 0.17705821990966797, 2.3501341342926025, 0.21376895904541016, 2.5388877391815186, 0.2120518684387207, 2.2484066486358643, 0.17766404151916504, 1.936887264251709, 0.1728987693786621, 2.296694755554199, 0.18028640747070312, 2.6649792194366455, 0.1736595630645752, 2.134288787841797, 0.1677265167236328, 1.8171567916870117, 0.15705394744873047, 2.7020254135131836, 0.16590404510498047, 3.259570360183716, 0.18243122100830078, 2.627009391784668, 0.14656591415405273, 2.272181510925293, 0.1479959487915039, 2.0663161277770996, 0.14846086502075195, 2.0726776123046875, 0.14942407608032227, 1.8752875328063965, 0.1476747989654541, 1.876495599746704, 0.13464879989624023, 2.4061622619628906, 0.1424427032470703, 2.2538492679595947, 0.13222241401672363, 0.9075071811676025], "grow-time": [4.495765447616577, 90.57733225822449, 4.311720848083496, 150.7996428012848, 4.250680446624756, 121.96429753303528, 3.788062810897827, 126.58051419258118, 3.8577871322631836, 93.05632066726685, 3.9207940101623535, 117.93243384361267, 3.5084354877471924, 111.3464252948761, 3.055025100708008, 344.061576128006, 2.9421377182006836, 303.3945825099945, 3.187066078186035, 126.9653992652893, 3.0437560081481934, 148.52854466438293, 3.0862157344818115, 240.9616322517395, 3.7357230186462402, 102.46647500991821, 3.950420379638672, 303.2643551826477, 3.1441307067871094, 229.26985454559326, 3.0649211406707764, 138.93830680847168, 3.0381908416748047, 547.8585002422333, 2.9156999588012695, 309.83709812164307, 2.755749464035034, 153.36125779151917, 2.6140520572662354, 831.6684160232544, 2.860295295715332, 388.92680764198303, 4.009334564208984, 242.38077807426453, 2.911454439163208, 192.31794023513794, 3.1334097385406494, 156.2512698173523, 2.936429738998413, 152.26813626289368, 2.977102756500244, 160.21699857711792, 2.7219581604003906, 204.77713990211487, 2.3606183528900146, 275.9419312477112, 2.4696834087371826, 308.5748996734619, 2.2657856941223145, 122.35322046279907], "#expl": 29, "expl_seq": [{"constraints": [29530], "derived": [27879], "cost": 100}, {"constraints": [27997, 27879], "derived": [-27880, -27878, -27877, -27876], "cost": 61}, {"constraints": [27995, 27879], "derived": [-27869, -27884, -27874, -27889], "cost": 61}, {"constraints": [29536], "derived": [27865], "cost": 100}, {"constraints": [27865, 27991], "derived": [-27855, -27845, -27860, -27850], "cost": 61}, {"constraints": [27993, 27865], "derived": [-27864, -27863, -27862, -27861], "cost": 61}, {"constraints": [28016, 27865, -27889], "derived": [-27939], "cost": 62}, {"constraints": [28021, 29535], "derived": [-27987], "cost": 160}, {"constraints": [27995, 29532], "derived": [-27883], "cost": 160}, {"constraints": [29532, 27999], "derived": [-27908], "cost": 160}, {"constraints": [29529, 28001], "derived": [-27896], "cost": 160}, {"constraints": [28020, 29534], "derived": [27948], "cost": 160}, {"constraints": [28009, 27948], "derived": [-27950, -27949, -27947, -27946], "cost": 61}, {"constraints": [27948, 28007], "derived": [-27943, -27958, -27963, -27953], "cost": 61}, {"constraints": [28019, -27908, 27948], "derived": [-27857], "cost": 62}, {"constraints": [-27862, 27948, 28018], "derived": [-27913], "cost": 62}, {"constraints": [29531, -27889, 27999], "derived": [-27912], "cost": 161}, {"constraints": [-27912, 27865, 28019], "derived": [-27962], "cost": 62}, {"constraints": [-27912, 29533], "derived": [27887], "cost": 101}, {"constraints": [27997, 27887], "derived": [-27888, -27886, -27890], "cost": 61}, {"constraints": [27995, 27887], "derived": [-27872, -27867, -27882], "cost": 61}, {"constraints": [-27863, 28015, 27887], "derived": [-27927], "cost": 62}, {"constraints": [-27861, 28015, 27887], "derived": [-27917], "cost": 62}, {"constraints": [28016, 27865, -27886], "derived": [-27936], "cost": 62}, {"constraints": [-27912, 28022, 27887], "derived": [-27972], "cost": 62}, {"constraints": [28016, 27865, -27888], "derived": [-27938], "cost": 62}, {"constraints": [-27862, 28015, 27887], "derived": [-27922], "cost": 62}, {"constraints": [-27864, 28015, 27887], "derived": [-27932], "cost": 62}, {"constraints": [28024, 27948, -27922], "derived": [-27973], "cost": 62}],