{"config": {"preseeding": false, "sat-polarity": true, "sat-polarity-initial": true, "postpone_opt": false, "postpone_opt_incr": false, "postpone_opt_greedy": false, "grow": true, "grow_sat": false, "grow_subset_maximal": false, "grow_maxsat": true, "maxsat_polarities": true, "grow_maxsat_full_pos": false, "grow_maxsat_full_inv": false, "grow_maxsat_full_unif": false, "grow_maxsat_initial_pos": false, "grow_maxsat_initial_inv": false, "grow_maxsat_initial_unif": false, "grow_maxsat_actual_pos": true, "grow_maxsat_actual_unif": false, "grow_maxsat_actual_inv": false, "timeout": 7200, "instance": "p16", "output": "/data/brussel/101/vsc10143/OUSResults/experiment6_cous/2021011607/20210116071026026733.json"}, "results": {"HS": [0, 51, 0, 40, 0, 39, 0, 56, 0, 38, 0, 38, 0, 27, 0, 64, 0, 62, 0, 75, 0, 81, 0, 37, 0, 31, 0, 30, 0, 30, 0, 63, 0, 20], "HS_greedy": [0, 0, 0, 0, 0, 0, 0, 0, 0, 0, 0, 0, 0, 0, 0, 0, 0, 0, 0, 0, 0, 0, 0, 0, 0, 0, 0, 0, 0, 0, 0, 0, 0, 0], "HS_incr": [0, 0, 0, 0, 0, 0, 0, 0, 0, 0, 0, 0, 0, 0, 0, 0, 0, 0, 0, 0, 0, 0, 0, 0, 0, 0, 0, 0, 0, 0, 0, 0, 0, 0], "HS-opt-time": [0, 0.6359400749206543, 0, 0.1061863899230957, 0, 0.08175945281982422, 0, 0.6308879852294922, 0, 0.09642934799194336, 0, 0.09670734405517578, 0, 0.05510067939758301, 0, 2.3411293029785156, 0, 3.1661815643310547, 0, 5.924893379211426, 0, 6.518683671951294, 0, 0.10307836532592773, 0, 0.08680319786071777, 0, 0.06698131561279297, 0, 0.0689382553100586, 0, 1.680359125137329, 0, 0.038721561431884766], "HS-postpone-time": [0, 0, 0, 0, 0, 0, 0, 0, 0, 0, 0, 0, 0, 0, 0, 0, 0, 0, 0, 0, 0, 0, 0, 0, 0, 0, 0, 0, 0, 0, 0, 0, 0, 0], "SAT-time": [0, 0.1853344440460205, 0, 0.14956879615783691, 0, 0.1475675106048584, 0, 0.21322369575500488, 0, 0.1472911834716797, 0, 0.14605212211608887, 0, 0.10498619079589844, 0, 0.25411391258239746, 0, 0.24787139892578125, 0, 0.2883939743041992, 0, 0.3466980457305908, 0, 0.18441462516784668, 0, 0.16052651405334473, 0, 0.15234136581420898, 0, 0.15313458442687988, 0, 0.32285308837890625, 0, 0.10598587989807129], "grow-time": [0, 9.271291732788086, 0, 6.4542601108551025, 0, 86.53501343727112, 0, 408.87182331085205, 0, 430.49170112609863, 0, 530.9393293857574, 0, 8.810162782669067, 0, 632.0746786594391, 0, 1025.3453917503357, 0, 2069.9245619773865, 0, 1184.1651895046234, 0, 158.6491403579712, 0, 62.42738437652588, 0, 39.13739728927612, 0, 6.155233860015869, 0, 453.4405868053436, 0, 47.38590359687805], "#expl": 16, "expl_seq": [{"constraints": [10970], "derived": [9319], "cost": 100}, {"constraints": [9435, 9319], "derived": [-9309, -9324, -9314, -9329], "cost": 61}, {"constraints": [9437, 9319], "derived": [-9320, -9318, -9317, -9316], "cost": 61}, {"constraints": [10976], "derived": [9305], "cost": 100}, {"constraints": [9305, 9433], "derived": [-9304, -9303, -9302, -9301], "cost": 61}, {"constraints": [9305, 9431], "derived": [-9295, -9285, -9300, -9290], "cost": 61}, {"constraints": [-9295, 9319, 9455], "derived": [-9379], "cost": 62}, {"constraints": [9461, 10975], "derived": [-9427], "cost": 160}, {"constraints": [10972, 9439], "derived": [-9348], "cost": 160}, {"constraints": [10969, 9441], "derived": [-9336], "cost": 160}, {"constraints": [9460, 10974], "derived": [9388], "cost": 160}, {"constraints": [9449, 9388], "derived": [-9390, -9389, -9387, -9386], "cost": 61}, {"constraints": [9388, 9447], "derived": [-9383, -9398, -9403, -9393], "cost": 61}, {"constraints": [9388, 9459, -9348], "derived": [-9297], "cost": 62}, {"constraints": [9305, 9460, -9403], "derived": [-9353], "cost": 62}, {"constraints": [9435, 10972], "derived": [-9323], "cost": 160}], "OUS-time": [0, 10.17729663848877, 0, 6.782195568084717, 0, 86.8261821269989, 0, 409.8043622970581, 0, 430.7947053909302, 0, 531.2412288188934, 0, 9.010637283325195, 0, 634.7669308185577, 0, 1028.8537058830261, 0, 2076.250264406204, 0, 1191.1553423404694, 0, 158.99684953689575, 0, 62.72442317008972, 0, 39.404152631759644, 0, 6.4238550662994385, 0, 455.54348731040955, 0, 0], "timeout": true}}