{"config": {"preseeding": true, "sat-polarity": true, "sat-polarity-initial": false, "postpone_opt": true, "postpone_opt_incr": false, "postpone_opt_greedy": true, "grow": true, "grow_sat": false, "grow_subset_maximal": false, "grow_maxsat": true, "maxsat_polarities": true, "grow_maxsat_full_pos": false, "grow_maxsat_full_inv": false, "grow_maxsat_full_unif": false, "grow_maxsat_initial_pos": false, "grow_maxsat_initial_inv": false, "grow_maxsat_initial_unif": false, "grow_maxsat_actual_pos": true, "grow_maxsat_actual_unif": false, "grow_maxsat_actual_inv": false, "timeout": 7200, "instance": "p16", "output": "/data/brussel/101/vsc10143/OUSResults/experiment6_cous/2021011607/20210116071026028014.json"}, "results": {"HS": [0, 2, 0, 6, 0, 3, 0, 2, 0, 2], "HS_greedy": [0, 390, 0, 474, 0, 314, 0, 294, 0, 356], "HS_incr": [0, 0, 0, 0, 0, 0, 0, 0, 0, 0], "HS-opt-time": [0, 0.7292153835296631, 0, 6.5831968784332275, 0, 0.803889274597168, 0, 0.3038618564605713, 0, 0.38694334030151367], "HS-postpone-time": [0, 2.546264410018921, 0, 3.8570470809936523, 0, 1.5520524978637695, 0, 1.3379108905792236, 0, 1.9932126998901367], "SAT-time": [0.4889795780181885, 6.108093738555908, 0.49597764015197754, 7.354319334030151, 0.4213740825653076, 4.83876895904541, 0.4034233093261719, 4.479536294937134, 0.43520617485046387, 5.688309192657471], "grow-time": [6.91493034362793, 95.28907299041748, 9.14808988571167, 2678.253363609314, 7.665727138519287, 865.6570637226105, 10.850062847137451, 887.5725593566895, 10.71930456161499, 2233.9848504066467], "#expl": 4, "expl_seq": [{"constraints": [48090], "derived": [46439], "cost": 100}, {"constraints": [46557, 46439], "derived": [-46440, -46438, -46437, -46436], "cost": 61}, {"constraints": [46555, 46439], "derived": [-46429, -46444, -46434, -46449], "cost": 61}, {"constraints": [48096], "derived": [46425], "cost": 100}], "OUS-time": [0, 105.95263123512268, 0, 2697.5830981731415, 0, 873.850136756897, 0, 894.6096429824829, 0, 0], "timeout": true}}