{"config": {"preseeding": false, "sat-polarity": true, "sat-polarity-initial": false, "postpone_opt": true, "postpone_opt_incr": true, "postpone_opt_greedy": true, "grow": true, "grow_sat": false, "grow_subset_maximal": false, "grow_maxsat": true, "maxsat_polarities": true, "grow_maxsat_full_pos": false, "grow_maxsat_full_inv": false, "grow_maxsat_full_unif": false, "grow_maxsat_initial_pos": false, "grow_maxsat_initial_inv": false, "grow_maxsat_initial_unif": true, "grow_maxsat_actual_pos": false, "grow_maxsat_actual_unif": false, "grow_maxsat_actual_inv": false, "timeout": 7200, "instance": "p18", "output": "/data/brussel/101/vsc10143/OUSResults/experiment6_cous/2021011612/20210116124313538299.json"}, "results": {"HS": [0, 3, 0, 9, 0, 2, 0, 4, 0, 2, 0, 2, 0, 2, 0, 2, 0, 3, 0, 3, 0, 2, 0, 2, 0, 3, 0, 2, 0, 2, 0, 2, 0, 2, 0, 2, 0, 2, 0, 3, 0, 3, 0, 2, 0, 4, 0, 1], "HS_greedy": [0, 9, 0, 15, 0, 51, 0, 11, 0, 48, 0, 82, 0, 63, 0, 78, 0, 87, 0, 92, 0, 105, 0, 83, 0, 58, 0, 72, 0, 115, 0, 49, 0, 91, 0, 98, 0, 91, 0, 74, 0, 77, 0, 110, 0, 118, 0, 28], "HS_incr": [0, 189, 0, 281, 0, 1466, 0, 217, 0, 1455, 0, 2320, 0, 1644, 0, 1652, 0, 2062, 0, 2032, 0, 2353, 0, 1765, 0, 1392, 0, 1641, 0, 2285, 0, 1100, 0, 2005, 0, 2165, 0, 2030, 0, 1667, 0, 1805, 0, 2402, 0, 2185, 0, 621], "HS-opt-time": [0, 0.40172243118286133, 0, 1.2992475032806396, 0, 5.691875219345093, 0, 0.3921055793762207, 0, 10.449275255203247, 0, 8.502246379852295, 0, 5.790353298187256, 0, 5.7204108238220215, 0, 21.979744911193848, 0, 13.776778936386108, 0, 8.402320146560669, 0, 5.875507831573486, 0, 7.795629024505615, 0, 5.124291181564331, 0, 7.740157127380371, 0, 2.560678005218506, 0, 8.212759494781494, 0, 9.294488906860352, 0, 6.206010818481445, 0, 19.409344911575317, 0, 11.607716798782349, 0, 7.401600360870361, 0, 19.07813811302185, 0, 0.0010967254638671875], "HS-postpone-time": [0, 0.03837752342224121, 0, 0.08288168907165527, 0, 1.2619223594665527, 0, 0.048444271087646484, 0, 1.1274757385253906, 0, 2.9395155906677246, 0, 1.6470961570739746, 0, 2.1191771030426025, 0, 2.952758312225342, 0, 3.2034878730773926, 0, 3.921421766281128, 0, 2.0891354084014893, 0, 1.2009847164154053, 0, 1.726503849029541, 0, 3.9178574085235596, 0, 0.8012058734893799, 0, 2.6591992378234863, 0, 3.069884777069092, 0, 2.7434933185577393, 0, 1.7233006954193115, 0, 1.9832324981689453, 0, 3.4792933464050293, 0, 3.5746707916259766, 0, 0.23378205299377441], "SAT-time": [0, 1.0912857055664062, 0, 1.6450233459472656, 0, 8.696919202804565, 0, 1.3005478382110596, 0, 8.865504026412964, 0, 14.19178295135498, 0, 10.116363525390625, 0, 10.234172344207764, 0, 12.851959705352783, 0, 12.851717710494995, 0, 14.791095972061157, 0, 11.045660257339478, 0, 8.832364559173584, 0, 10.504733800888062, 0, 14.546294212341309, 0, 6.999157428741455, 0, 12.866806983947754, 0, 14.194923162460327, 0, 13.261714696884155, 0, 10.84340524673462, 0, 11.950459241867065, 0, 15.994018077850342, 0, 14.458572149276733, 0, 4.060909986495972], "grow-time": [0, 31.563762187957764, 0, 43.960999488830566, 0, 245.438129901886, 0, 32.21427774429321, 0, 242.13765692710876, 0, 396.962854385376, 0, 282.1981871128082, 0, 278.1233329772949, 0, 347.97504806518555, 0, 340.87492990493774, 0, 408.0129520893097, 0, 297.021954536438, 0, 246.19669580459595, 0, 276.74652314186096, 0, 400.7256090641022, 0, 178.2105815410614, 0, 335.98719096183777, 0, 372.54185795783997, 0, 346.54170536994934, 0, 281.4700782299042, 0, 309.82496762275696, 0, 432.78091406822205, 0, 382.5107936859131, 0, 101.48369407653809], "#expl": 23, "expl_seq": [{"constraints": [22009], "derived": [20382], "cost": 100}, {"constraints": [20475, 20382], "derived": [-20367, -20372, -20387, -20377], "cost": 61}, {"constraints": [20477, 20382], "derived": [-20384, -20383, -20386, -20385], "cost": 61}, {"constraints": [22007], "derived": [-20329], "cost": 100}, {"constraints": [22003], "derived": [20323], "cost": 100}, {"constraints": [20323, 20467], "derived": [-20328, -20318, -20333, -20338], "cost": 61}, {"constraints": [20323, 20469], "derived": [-20326, -20325, -20324, -20322], "cost": 61}, {"constraints": [-20333, 20382, 20494], "derived": [-20447], "cost": 62}, {"constraints": [-20372, 22012], "derived": [20375], "cost": 101}, {"constraints": [20477, 20375], "derived": [-20376, -20374, -20373], "cost": 61}, {"constraints": [20475, 20375], "derived": [-20390, -20380, -20370], "cost": 61}, {"constraints": [-20326, 20494, 20375], "derived": [-20465], "cost": 62}, {"constraints": [-20325, 20494, 20375], "derived": [-20460], "cost": 62}, {"constraints": [20323, -20373, 20495], "derived": [-20448], "cost": 62}, {"constraints": [-20374, 20323, 20495], "derived": [-20449], "cost": 62}, {"constraints": [20375, -20322, 20494], "derived": [-20445], "cost": 62}, {"constraints": [-20376, 20323, 20495], "derived": [-20451], "cost": 62}, {"constraints": [-20324, 20494, 20375], "derived": [-20455], "cost": 62}, {"constraints": [20496, 20323, 20375], "derived": [20450], "cost": 62}, {"constraints": [-20377, -20372, -20367, 22012, -20387], "derived": [20358], "cost": 104}, {"constraints": [20473, 20358], "derived": [-20360, -20359, -20357, -20361], "cost": 61}, {"constraints": [20358, 20471], "derived": [-20343, -20348, -20363, -20353], "cost": 61}, {"constraints": [20497, -20357, 20382], "derived": [-20392], "cost": 62}], "OUS-time": [0, 33.484206438064575, 0, 47.57631754875183, 0, 264.14922523498535, 0, 34.404664516448975, 0, 265.5816345214844, 0, 427.37487530708313, 0, 303.107385635376, 0, 299.52795481681824, 0, 389.92372155189514, 0, 374.81295680999756, 0, 439.8319835662842, 0, 319.51838755607605, 0, 266.7906668186188, 0, 297.370076417923, 0, 431.44209575653076, 0, 190.7375123500824, 0, 363.66474986076355, 0, 403.36363554000854, 0, 372.7678518295288, 0, 316.6971821784973, 0, 338.90514183044434, 0, 464.31481194496155, 0, 423.7882807254791, 0, 0], "timeout": true}}