{"config": {"preseeding": true, "sat-polarity": true, "sat-polarity-initial": false, "postpone_opt": true, "postpone_opt_incr": true, "postpone_opt_greedy": false, "grow": true, "grow_sat": false, "grow_subset_maximal": false, "grow_maxsat": true, "maxsat_polarities": true, "grow_maxsat_full_pos": false, "grow_maxsat_full_inv": false, "grow_maxsat_full_unif": true, "grow_maxsat_initial_pos": false, "grow_maxsat_initial_inv": false, "grow_maxsat_initial_unif": false, "grow_maxsat_actual_pos": false, "grow_maxsat_actual_unif": false, "grow_maxsat_actual_inv": false, "timeout": 7200, "instance": "p18", "output": "/data/brussel/101/vsc10143/OUSResults/experiment6_cous/2021011612/20210116124313539003.json"}, "results": {"HS": [0, 35, 0, 42, 0, 53, 0, 52, 0, 142, 0, 48, 0, 43, 0, 58, 0, 122, 0, 61, 0, 44, 0, 30], "HS_greedy": [0, 0, 0, 0, 0, 0, 0, 0, 0, 0, 0, 0, 0, 0, 0, 0, 0, 0, 0, 0, 0, 0, 0, 0], "HS_incr": [0, 1406, 0, 1660, 0, 1643, 0, 1826, 0, 3570, 0, 1779, 0, 1413, 0, 2107, 0, 4041, 0, 2103, 0, 1398, 0, 787], "HS-opt-time": [0, 35.59965944290161, 0, 70.22881412506104, 0, 106.2576756477356, 0, 76.19001126289368, 0, 894.2669885158539, 0, 61.604979276657104, 0, 31.304086923599243, 0, 107.24367237091064, 0, 595.8364930152893, 0, 112.01882815361023, 0, 33.22266507148743, 0, 7.2081029415130615], "HS-postpone-time": [0, 0.1082305908203125, 0, 0.13175559043884277, 0, 0.13125824928283691, 0, 0.1434791088104248, 0, 0.28702425956726074, 0, 0.1284198760986328, 0, 0.10746407508850098, 0, 0.15750694274902344, 0, 0.3032515048980713, 0, 0.1553966999053955, 0, 0.10059356689453125, 0, 0.05679512023925781], "SAT-time": [0.02233433723449707, 16.888794422149658, 0.0252687931060791, 19.893996715545654, 0.01817774772644043, 19.972436666488647, 0.01967453956604004, 22.202027082443237, 0.018098115921020508, 42.20611071586609, 0.008774042129516602, 20.28806495666504, 0.010471343994140625, 16.10590124130249, 0.009293794631958008, 23.686053037643433, 0.009286880493164062, 45.19094777107239, 0.010560750961303711, 23.4778048992157, 0.017329692840576172, 15.751267910003662, 0.010683059692382812, 8.90443205833435], "grow-time": [0.5304176807403564, 270.9575490951538, 0.5466997623443604, 322.8400583267212, 0.38506269454956055, 321.45419335365295, 0.38799166679382324, 355.88683438301086, 0.3763391971588135, 706.4323091506958, 0.15660476684570312, 328.7168321609497, 0.20359420776367188, 259.97410678863525, 0.1522068977355957, 408.5032937526703, 0.15266966819763184, 776.3722417354584, 0.15144634246826172, 402.60401701927185, 0.3585965633392334, 274.85268235206604, 0.16271209716796875, 271.4884150028229], "#expl": 11, "expl_seq": [{"constraints": [52481], "derived": [-50803], "cost": 100}, {"constraints": [52483], "derived": [50856], "cost": 100}, {"constraints": [50856, 50951], "derived": [-50860, -50859, -50858, -50857], "cost": 61}, {"constraints": [50856, 50949], "derived": [-50846, -50861, -50851, -50841], "cost": 61}, {"constraints": [52477], "derived": [50797], "cost": 100}, {"constraints": [50797, 50941], "derived": [-50792, -50807, -50812, -50802], "cost": 61}, {"constraints": [50797, 50943], "derived": [-50800, -50799, -50798, -50796], "cost": 61}, {"constraints": [50969, -50846, 50797], "derived": [-50921], "cost": 62}, {"constraints": [-50846, 52486], "derived": [50849], "cost": 101}, {"constraints": [50849, 50951], "derived": [-50848, -50847, -50850], "cost": 61}, {"constraints": [50849, 50949], "derived": [-50864, -50854, -50844], "cost": 61}], "OUS-time": [0, 327.54903960227966, 0, 417.92550444602966, 0, 452.6850652694702, 0, 459.8676290512085, 0, 1653.1359357833862, 0, 415.5050137042999, 0, 311.2195796966553, 0, 545.0777261257172, 0, 1428.2535939216614, 0, 543.6807653903961, 0, 327.5101001262665, 0, 0], "timeout": true}}