{"config": {"preseeding": false, "sat-polarity": true, "sat-polarity-initial": false, "postpone_opt": true, "postpone_opt_incr": true, "postpone_opt_greedy": false, "grow": true, "grow_sat": false, "grow_subset_maximal": false, "grow_maxsat": true, "maxsat_polarities": true, "grow_maxsat_full_pos": false, "grow_maxsat_full_inv": true, "grow_maxsat_full_unif": false, "grow_maxsat_initial_pos": false, "grow_maxsat_initial_inv": false, "grow_maxsat_initial_unif": false, "grow_maxsat_actual_pos": false, "grow_maxsat_actual_unif": false, "grow_maxsat_actual_inv": false, "timeout": 7200, "instance": "p18", "output": "/data/brussel/101/vsc10143/OUSResults/experiment6_cous/2021011612/20210116124313537979.json"}, "results": {"HS": [0, 27, 0, 28, 0, 4], "HS_greedy": [0, 0, 0, 0, 0, 0], "HS_incr": [0, 2205, 0, 2285, 0, 404], "HS-opt-time": [0, 45.96724200248718, 0, 40.83280611038208, 0, 0.052782535552978516], "HS-postpone-time": [0, 0.2046201229095459, 0, 0.21204018592834473, 0, 0.037999629974365234], "SAT-time": [0, 9.550939798355103, 0, 10.05268931388855, 0, 1.8107962608337402], "grow-time": [0, 803.5614740848541, 0, 1864.487054347992, 0, 3159.2421464920044], "#expl": 2, "expl_seq": [{"constraints": [11851], "derived": [10224], "cost": 100}, {"constraints": [10224, 10317], "derived": [-10214, -10229, -10219, -10209], "cost": 61}], "OUS-time": [0, 863.2746584415436, 0, 1919.8736498355865, 0, 0], "timeout": true}}