{"config": {"preseeding": false, "sat-polarity": true, "sat-polarity-initial": false, "postpone_opt": true, "postpone_opt_incr": false, "postpone_opt_greedy": true, "grow": true, "grow_sat": false, "grow_subset_maximal": false, "grow_maxsat": true, "maxsat_polarities": true, "grow_maxsat_full_pos": false, "grow_maxsat_full_inv": false, "grow_maxsat_full_unif": false, "grow_maxsat_initial_pos": false, "grow_maxsat_initial_inv": false, "grow_maxsat_initial_unif": false, "grow_maxsat_actual_pos": true, "grow_maxsat_actual_unif": false, "grow_maxsat_actual_inv": false, "timeout": 7200, "instance": "p18", "output": "/data/brussel/101/vsc10143/OUSResults/experiment6_cous/2021011612/20210116124313537761.json"}, "results": {"HS": [0, 8, 0, 3, 0, 2, 0, 4, 0, 1], "HS_greedy": [0, 48, 0, 293, 0, 301, 0, 253, 0, 383], "HS_incr": [0, 0, 0, 0, 0, 0, 0, 0, 0, 0], "HS-opt-time": [0, 0.16233181953430176, 0, 1.1784374713897705, 0, 0.2508878707885742, 0, 0.5373179912567139, 0, 0.0011222362518310547], "HS-postpone-time": [0, 0.04690718650817871, 0, 1.3941895961761475, 0, 1.4448254108428955, 0, 1.0291862487792969, 0, 2.3260750770568848], "SAT-time": [0, 0.2096254825592041, 0, 1.2813031673431396, 0, 1.295229196548462, 0, 1.1156971454620361, 0, 1.6805098056793213], "grow-time": [0, 7.346508264541626, 0, 218.7878999710083, 0, 323.6705927848816, 0, 633.502703666687, 0, 5737.590628862381], "#expl": 4, "expl_seq": [{"constraints": [11849], "derived": [-10171], "cost": 100}, {"constraints": [11851], "derived": [10224], "cost": 100}, {"constraints": [10224, 10319], "derived": [-10228, -10227, -10226, -10225], "cost": 61}, {"constraints": [10224, 10317], "derived": [-10214, -10229, -10219, -10209], "cost": 61}], "OUS-time": [0, 7.858987331390381, 0, 223.18996858596802, 0, 327.215784072876, 0, 636.6478817462921, 0, 0], "timeout": true}}