{"config": {"preseeding": true, "sat-polarity": true, "sat-polarity-initial": false, "postpone_opt": true, "postpone_opt_incr": false, "postpone_opt_greedy": true, "grow": true, "grow_sat": false, "grow_subset_maximal": false, "grow_maxsat": true, "maxsat_polarities": true, "grow_maxsat_full_pos": false, "grow_maxsat_full_inv": false, "grow_maxsat_full_unif": false, "grow_maxsat_initial_pos": false, "grow_maxsat_initial_inv": true, "grow_maxsat_initial_unif": false, "grow_maxsat_actual_pos": false, "grow_maxsat_actual_unif": false, "grow_maxsat_actual_inv": false, "timeout": 7200, "instance": "p18", "output": "/data/brussel/101/vsc10143/OUSResults/experiment6_cous/2021011612/20210116124313538839.json"}, "results": {"HS": [0, 15, 0, 2, 0, 2, 0, 3, 0, 6, 0, 3, 0, 4, 0, 3, 0, 4, 0, 9, 0, 11, 0, 10, 0, 5, 0, 5, 0, 7, 0, 6, 0, 5, 0, 1], "HS_greedy": [0, 46, 0, 355, 0, 488, 0, 477, 0, 317, 0, 303, 0, 305, 0, 463, 0, 300, 0, 422, 0, 424, 0, 464, 0, 427, 0, 465, 0, 398, 0, 367, 0, 371, 0, 347], "HS_incr": [0, 0, 0, 0, 0, 0, 0, 0, 0, 0, 0, 0, 0, 0, 0, 0, 0, 0, 0, 0, 0, 0, 0, 0, 0, 0, 0, 0, 0, 0, 0, 0, 0, 0, 0, 0], "HS-opt-time": [0, 0.26238346099853516, 0, 0.42216944694519043, 0, 0.7310683727264404, 0, 1.2771401405334473, 0, 1.5332050323486328, 0, 0.5263149738311768, 0, 0.5948119163513184, 0, 1.3295228481292725, 0, 1.235985279083252, 0, 3.5151185989379883, 0, 4.183584213256836, 0, 4.740329265594482, 0, 1.642850399017334, 0, 2.082726240158081, 0, 1.9597890377044678, 0, 1.3347880840301514, 0, 1.905423641204834, 0, 0.0046846866607666016], "HS-postpone-time": [0, 0.04234933853149414, 0, 2.009401798248291, 0, 3.9710118770599365, 0, 3.7233505249023438, 0, 1.5143179893493652, 0, 1.396484613418579, 0, 1.3804705142974854, 0, 3.2986695766448975, 0, 1.2934024333953857, 0, 2.645711660385132, 0, 2.611135244369507, 0, 3.112312078475952, 0, 2.5885629653930664, 0, 3.102508306503296, 0, 2.1906821727752686, 0, 1.832995891571045, 0, 1.8475899696350098, 0, 1.6403396129608154], "SAT-time": [0.2522404193878174, 0.47898125648498535, 0.27316975593566895, 4.295757293701172, 0.4041910171508789, 6.031299591064453, 0.3913571834564209, 5.937068462371826, 0.354750394821167, 3.9822330474853516, 0.35697293281555176, 3.852220296859741, 0.3146839141845703, 3.8869946002960205, 0.31673407554626465, 5.922176122665405, 0.3197648525238037, 3.8259716033935547, 0.330596923828125, 5.48605489730835, 0.3232228755950928, 5.467272758483887, 0.29960060119628906, 5.911287069320679, 0.31707191467285156, 5.396928071975708, 0.29280591011047363, 5.89316725730896, 0.2990536689758301, 5.026803493499756, 0.2902181148529053, 4.61531925201416, 0.2821488380432129, 4.724928379058838, 0.2970726490020752, 5.026582717895508], "grow-time": [5.183237075805664, 11.211893558502197, 5.0981245040893555, 82.71513175964355, 6.457501173019409, 212.48019099235535, 6.151907205581665, 244.18011784553528, 5.452952861785889, 138.8558852672577, 5.450177907943726, 366.2365574836731, 4.895280599594116, 241.82931923866272, 5.076045513153076, 362.730406999588, 4.721222639083862, 134.95653104782104, 4.839941501617432, 255.1444652080536, 4.804858446121216, 417.27734208106995, 5.868468761444092, 641.4815900325775, 6.103534936904907, 390.08822655677795, 5.13261866569519, 521.9010274410248, 5.542389869689941, 432.3607807159424, 6.304106950759888, 305.6483311653137, 6.112673759460449, 320.6568624973297, 4.4404895305633545, 1802.881483078003], "#expl": 17, "expl_seq": [{"constraints": [52481], "derived": [-50803], "cost": 100}, {"constraints": [52483], "derived": [50856], "cost": 100}, {"constraints": [50856, 50949], "derived": [-50846, -50861, -50851, -50841], "cost": 61}, {"constraints": [50856, 50951], "derived": [-50860, -50859, -50858, -50857], "cost": 61}, {"constraints": [52477], "derived": [50797], "cost": 100}, {"constraints": [50797, 50941], "derived": [-50792, -50807, -50812, -50802], "cost": 61}, {"constraints": [50797, 50943], "derived": [-50800, -50799, -50798, -50796], "cost": 61}, {"constraints": [50856, 50968, -50807], "derived": [-50921], "cost": 62}, {"constraints": [-50846, 52486], "derived": [50849], "cost": 101}, {"constraints": [50849, 50951], "derived": [-50848, -50847, -50850], "cost": 61}, {"constraints": [50849, 50949], "derived": [-50864, -50854, -50844], "cost": 61}, {"constraints": [50968, 50849, -50799], "derived": [-50934], "cost": 62}, {"constraints": [50968, 50849, -50798], "derived": [-50929], "cost": 62}, {"constraints": [-50848, 50969, 50797], "derived": [-50923], "cost": 62}, {"constraints": [50968, 50849, -50796], "derived": [-50919], "cost": 62}, {"constraints": [50969, 50797, -50850], "derived": [-50925], "cost": 62}, {"constraints": [50968, 50849, -50800], "derived": [-50939], "cost": 62}], "OUS-time": [0, 12.115847110748291, 0, 90.409832239151, 0, 224.57703304290771, 0, 256.4405734539032, 0, 146.75672912597656, 0, 372.84585642814636, 0, 248.52316308021545, 0, 374.52819991111755, 0, 142.11512637138367, 0, 267.93337965011597, 0, 430.66989612579346, 0, 656.4756197929382, 0, 400.83510732650757, 0, 534.1993572711945, 0, 442.5747697353363, 0, 314.38744044303894, 0, 330.09963297843933, 0, 0], "timeout": true}}