{"config": {"preseeding": true, "sat-polarity": true, "sat-polarity-initial": true, "postpone_opt": true, "postpone_opt_incr": true, "postpone_opt_greedy": false, "grow": true, "grow_sat": false, "grow_subset_maximal": false, "grow_maxsat": true, "maxsat_polarities": true, "grow_maxsat_full_pos": false, "grow_maxsat_full_inv": false, "grow_maxsat_full_unif": true, "grow_maxsat_initial_pos": false, "grow_maxsat_initial_inv": false, "grow_maxsat_initial_unif": false, "grow_maxsat_actual_pos": false, "grow_maxsat_actual_unif": false, "grow_maxsat_actual_inv": false, "timeout": 7200, "instance": "p18", "output": "/data/brussel/101/vsc10143/OUSResults/experiment6_cous/2021011612/20210116124313539185.json"}, "results": {"HS": [0, 35, 0, 42, 0, 53, 0, 52, 0, 142, 0, 48, 0, 43, 0, 58, 0, 122, 0, 61, 0, 44, 0, 39], "HS_greedy": [0, 0, 0, 0, 0, 0, 0, 0, 0, 0, 0, 0, 0, 0, 0, 0, 0, 0, 0, 0, 0, 0, 0, 0], "HS_incr": [0, 1406, 0, 1660, 0, 1643, 0, 1826, 0, 3570, 0, 1779, 0, 1413, 0, 2107, 0, 4041, 0, 2103, 0, 1398, 0, 1205], "HS-opt-time": [0, 35.85973787307739, 0, 68.99678325653076, 0, 96.1819634437561, 0, 71.97080683708191, 0, 873.3264691829681, 0, 63.536747455596924, 0, 32.680877685546875, 0, 110.00064611434937, 0, 599.2905075550079, 0, 112.65366911888123, 0, 37.39562726020813, 0, 29.047271251678467], "HS-postpone-time": [0, 0.1031498908996582, 0, 0.12462329864501953, 0, 0.12217092514038086, 0, 0.13307785987854004, 0, 0.2718520164489746, 0, 0.12975049018859863, 0, 0.10096287727355957, 0, 0.15118861198425293, 0, 0.2852749824523926, 0, 0.1438288688659668, 0, 0.0971837043762207, 0, 0.09185075759887695], "SAT-time": [0.021774768829345703, 16.480262279510498, 0.026120424270629883, 19.60764503479004, 0.01829981803894043, 18.857060194015503, 0.01697087287902832, 20.56332015991211, 0.018819808959960938, 39.03090238571167, 0.009414434432983398, 19.757585763931274, 0.010512351989746094, 15.745165824890137, 0.009340763092041016, 23.331777572631836, 0.010961532592773438, 45.49811625480652, 0.009066581726074219, 23.434123277664185, 0.017000913619995117, 15.598547458648682, 0.012792110443115234, 18.111401319503784], "grow-time": [0.5095760822296143, 262.0775110721588, 0.5819251537322998, 310.7595989704132, 0.3569068908691406, 297.3094975948334, 0.31426095962524414, 330.0233860015869, 0.3515028953552246, 677.9657001495361, 0.1928558349609375, 320.38496494293213, 0.15340185165405273, 253.59489464759827, 0.15129852294921875, 398.70861291885376, 0.1507258415222168, 760.0850331783295, 0.14946794509887695, 391.52639627456665, 0.33798980712890625, 268.26239347457886, 0.17522072792053223, 430.6663143634796], "#expl": 11, "expl_seq": [{"constraints": [52481], "derived": [-50803], "cost": 100}, {"constraints": [52483], "derived": [50856], "cost": 100}, {"constraints": [50856, 50951], "derived": [-50860, -50859, -50858, -50857], "cost": 61}, {"constraints": [50856, 50949], "derived": [-50846, -50861, -50851, -50841], "cost": 61}, {"constraints": [52477], "derived": [50797], "cost": 100}, {"constraints": [50797, 50941], "derived": [-50792, -50807, -50812, -50802], "cost": 61}, {"constraints": [50797, 50943], "derived": [-50800, -50799, -50798, -50796], "cost": 61}, {"constraints": [50969, -50846, 50797], "derived": [-50921], "cost": 62}, {"constraints": [-50846, 52486], "derived": [50849], "cost": 101}, {"constraints": [50849, 50951], "derived": [-50848, -50847, -50850], "cost": 61}, {"constraints": [50849, 50949], "derived": [-50864, -50854, -50844], "cost": 61}], "OUS-time": [0, 318.42734956741333, 0, 404.10215163230896, 0, 416.9421992301941, 0, 427.69331431388855, 0, 1600.2825322151184, 0, 408.54881620407104, 0, 305.83476734161377, 0, 537.6284511089325, 0, 1415.575441122055, 0, 533.1511940956116, 0, 324.9324905872345, 0, 0], "timeout": true}}