{"config": {"preseeding": true, "sat-polarity": true, "sat-polarity-initial": false, "postpone_opt": true, "postpone_opt_incr": false, "postpone_opt_greedy": true, "grow": true, "grow_sat": false, "grow_subset_maximal": false, "grow_maxsat": true, "maxsat_polarities": true, "grow_maxsat_full_pos": false, "grow_maxsat_full_inv": false, "grow_maxsat_full_unif": false, "grow_maxsat_initial_pos": true, "grow_maxsat_initial_inv": false, "grow_maxsat_initial_unif": false, "grow_maxsat_actual_pos": false, "grow_maxsat_actual_unif": false, "grow_maxsat_actual_inv": false, "timeout": 7200, "instance": "p18", "output": "/data/brussel/101/vsc10143/OUSResults/experiment6_cous/2021011612/20210116124313538830.json"}, "results": {"HS": [0, 9, 0, 2, 0, 2, 0, 1], "HS_greedy": [0, 42, 0, 305, 0, 346, 0, 378], "HS_incr": [0, 0, 0, 0, 0, 0, 0, 0], "HS-opt-time": [0, 0.09422492980957031, 0, 0.4017772674560547, 0, 0.48250722885131836, 0, 0.003975391387939453], "HS-postpone-time": [0, 0.03858041763305664, 0, 1.5467782020568848, 0, 1.964599370956421, 0, 2.332728147506714], "SAT-time": [0.2471621036529541, 0.3798706531524658, 0.2625877857208252, 3.050992488861084, 0.30527257919311523, 3.472853183746338, 0.283447265625, 3.875741720199585], "grow-time": [5.3370866775512695, 8.35544753074646, 5.839993715286255, 245.67931008338928, 6.472356081008911, 410.8321166038513, 5.966562509536743, 6431.98059630394], "#expl": 3, "expl_seq": [{"constraints": [42323], "derived": [-40645], "cost": 100}, {"constraints": [42319], "derived": [40639], "cost": 100}, {"constraints": [40785, 40639], "derived": [-40640, -40638, -40642, -40641], "cost": 61}], "OUS-time": [0, 8.97283411026001, 0, 251.4595606327057, 0, 417.65234565734863, 0, 0], "timeout": true}}