{"config": {"preseeding": true, "sat-polarity": true, "sat-polarity-initial": false, "postpone_opt": false, "postpone_opt_incr": false, "postpone_opt_greedy": false, "grow": true, "grow_sat": false, "grow_subset_maximal": true, "grow_maxsat": false, "maxsat_polarities": true, "grow_maxsat_full_pos": false, "grow_maxsat_full_inv": false, "grow_maxsat_full_unif": false, "grow_maxsat_initial_pos": false, "grow_maxsat_initial_inv": false, "grow_maxsat_initial_unif": false, "grow_maxsat_actual_pos": false, "grow_maxsat_actual_unif": false, "grow_maxsat_actual_inv": false, "timeout": 7200, "instance": "p18", "output": "/data/brussel/101/vsc10143/OUSResults/experiment6_cous/2021011612/20210116124313538519.json"}, "results": {"HS": [0, 129, 0, 135, 0, 133, 0, 156, 0, 218, 0, 153, 0, 142, 0, 241, 0, 351, 0, 162, 0, 161, 0, 239, 0, 257, 0, 146, 0, 109, 0, 301, 0, 147, 0, 137, 0, 224, 0, 250, 0, 246, 0, 272, 0, 245, 0, 277, 0, 306, 0, 260, 0, 214, 0, 209, 0, 238, 0, 124, 0, 186, 0, 312, 0, 339, 0, 826, 0, 126, 0, 193, 0, 263, 0, 379, 0, 1248, 0, 168, 0, 189, 0, 165, 0, 218, 0, 258], "HS_greedy": [0, 0, 0, 0, 0, 0, 0, 0, 0, 0, 0, 0, 0, 0, 0, 0, 0, 0, 0, 0, 0, 0, 0, 0, 0, 0, 0, 0, 0, 0, 0, 0, 0, 0, 0, 0, 0, 0, 0, 0, 0, 0, 0, 0, 0, 0, 0, 0, 0, 0, 0, 0, 0, 0, 0, 0, 0, 0, 0, 0, 0, 0, 0, 0, 0, 0, 0, 0, 0, 0, 0, 0, 0, 0, 0, 0, 0, 0, 0, 0, 0, 0, 0, 0, 0, 0, 0, 0], "HS_incr": [0, 0, 0, 0, 0, 0, 0, 0, 0, 0, 0, 0, 0, 0, 0, 0, 0, 0, 0, 0, 0, 0, 0, 0, 0, 0, 0, 0, 0, 0, 0, 0, 0, 0, 0, 0, 0, 0, 0, 0, 0, 0, 0, 0, 0, 0, 0, 0, 0, 0, 0, 0, 0, 0, 0, 0, 0, 0, 0, 0, 0, 0, 0, 0, 0, 0, 0, 0, 0, 0, 0, 0, 0, 0, 0, 0, 0, 0, 0, 0, 0, 0, 0, 0, 0, 0, 0, 0], "HS-opt-time": [0, 14.253787279129028, 0, 15.969591617584229, 0, 19.189330577850342, 0, 36.48708534240723, 0, 92.14088487625122, 0, 13.806225538253784, 0, 24.431825160980225, 0, 86.0709855556488, 0, 193.38671159744263, 0, 26.43459916114807, 0, 29.279467344284058, 0, 86.0311324596405, 0, 78.53524327278137, 0, 9.771729469299316, 0, 10.235491037368774, 0, 157.5585515499115, 0, 11.775238513946533, 0, 21.69164776802063, 0, 48.897756814956665, 0, 72.46195435523987, 0, 62.97259044647217, 0, 66.91673040390015, 0, 57.12160563468933, 0, 104.33885741233826, 0, 100.18332767486572, 0, 64.88224053382874, 0, 47.19006824493408, 0, 50.9687705039978, 0, 66.18659234046936, 0, 5.450448751449585, 0, 17.38654923439026, 0, 110.1265082359314, 0, 121.80543422698975, 0, 1274.6118986606598, 0, 11.25269627571106, 0, 40.220667362213135, 0, 63.40587759017944, 0, 156.96923828125, 0, 3235.7661299705505, 0, 17.847461223602295, 0, 45.487239599227905, 0, 17.353121995925903, 0, 31.01103448867798, 0, 98.91045212745667], "HS-postpone-time": [0, 0, 0, 0, 0, 0, 0, 0, 0, 0, 0, 0, 0, 0, 0, 0, 0, 0, 0, 0, 0, 0, 0, 0, 0, 0, 0, 0, 0, 0, 0, 0, 0, 0, 0, 0, 0, 0, 0, 0, 0, 0, 0, 0, 0, 0, 0, 0, 0, 0, 0, 0, 0, 0, 0, 0, 0, 0, 0, 0, 0, 0, 0, 0, 0, 0, 0, 0, 0, 0, 0, 0, 0, 0, 0, 0, 0, 0, 0, 0, 0, 0, 0, 0, 0, 0, 0, 0], "SAT-time": [0.5932357311248779, 1.7875821590423584, 0.7834503650665283, 1.6895501613616943, 0.7237019538879395, 1.7483646869659424, 0.8701319694519043, 2.0182113647460938, 0.8656919002532959, 2.84098219871521, 0.6354165077209473, 1.8898775577545166, 0.8945505619049072, 1.835921287536621, 0.8107779026031494, 3.124574899673462, 0.6190297603607178, 4.571204423904419, 0.7715795040130615, 2.245603561401367, 0.897899866104126, 2.1975278854370117, 1.088329553604126, 3.16186785697937, 1.00917387008667, 3.501249074935913, 0.5006484985351562, 1.983854055404663, 0.8493790626525879, 1.5495045185089111, 0.6583156585693359, 4.279327392578125, 0.7127077579498291, 2.0203237533569336, 0.612133264541626, 1.9011645317077637, 0.7054438591003418, 3.010502815246582, 0.4874701499938965, 3.3002495765686035, 0.4272735118865967, 3.1703879833221436, 0.46627044677734375, 3.5100290775299072, 0.5628626346588135, 3.174107313156128, 0.5091633796691895, 3.760444402694702, 0.7942984104156494, 4.060183525085449, 0.5069520473480225, 3.427452802658081, 0.4947853088378906, 2.7692909240722656, 0.5599765777587891, 2.768306255340576, 0.6788229942321777, 3.2991602420806885, 0.749741792678833, 1.7212488651275635, 0.8020646572113037, 2.5708706378936768, 0.6952669620513916, 4.348637819290161, 0.5105414390563965, 4.476288080215454, 0.4196958541870117, 11.252815961837769, 0.6686267852783203, 1.8120160102844238, 0.8870725631713867, 2.6672780513763428, 0.7684051990509033, 3.666018009185791, 0.571850061416626, 4.942294120788574, 0.5852704048156738, 17.05316472053528, 0.481889009475708, 2.2917137145996094, 0.6039552688598633, 2.608696222305298, 0.5599360466003418, 2.2554638385772705, 0.35367488861083984, 2.9018189907073975, 0.3468773365020752, 3.5417261123657227], "grow-time": [0.5052530765533447, 1.4100699424743652, 0.5826780796051025, 1.2355973720550537, 0.5167744159698486, 1.3029820919036865, 0.6266684532165527, 1.4949743747711182, 0.6089372634887695, 2.1009600162506104, 0.447157621383667, 1.34938383102417, 0.6281735897064209, 1.3491897583007812, 0.5693385601043701, 2.2769322395324707, 0.431485652923584, 3.3235538005828857, 0.5703320503234863, 1.6641924381256104, 0.6371078491210938, 1.6251122951507568, 0.7603409290313721, 2.279827833175659, 0.7047519683837891, 2.5774779319763184, 0.3499326705932617, 1.4728224277496338, 0.5972681045532227, 1.1646969318389893, 0.4792604446411133, 3.171430826187134, 0.4949502944946289, 1.4815151691436768, 0.43648862838745117, 1.3917148113250732, 0.49034810066223145, 2.166755437850952, 0.3394606113433838, 2.36096453666687, 0.2982614040374756, 2.2320191860198975, 0.3242530822753906, 2.4805102348327637, 0.3931429386138916, 2.2491447925567627, 0.3555793762207031, 2.720984935760498, 0.554009199142456, 2.892454147338867, 0.35297727584838867, 2.43264102935791, 0.34334635734558105, 1.945387363433838, 0.3896937370300293, 1.9704947471618652, 0.4700052738189697, 2.4083611965179443, 0.5270400047302246, 1.2650249004364014, 0.5674183368682861, 1.8626484870910645, 0.4905886650085449, 3.169581890106201, 0.353621244430542, 3.187727212905884, 0.29155898094177246, 8.09539794921875, 0.46211862564086914, 1.3526906967163086, 0.6151034832000732, 1.914989948272705, 0.5312860012054443, 2.656350612640381, 0.3958249092102051, 3.461871862411499, 0.4033341407775879, 11.886393308639526, 0.34951019287109375, 1.6565053462982178, 0.42998218536376953, 1.8708653450012207, 0.3928251266479492, 1.6122779846191406, 0.2416529655456543, 2.068372964859009, 0.24645185470581055, 2.5302140712738037], "#expl": 43, "expl_seq": [{"constraints": [22007], "derived": [-20329], "cost": 100}, {"constraints": [22003], "derived": [20323], "cost": 100}, {"constraints": [20323, 20467], "derived": [-20328, -20318, -20333, -20338], "cost": 61}, {"constraints": [20323, 20469], "derived": [-20326, -20325, -20324, -20322], "cost": 61}, {"constraints": [22009], "derived": [20382], "cost": 100}, {"constraints": [20477, 20382], "derived": [-20384, -20383, -20386, -20385], "cost": 61}, {"constraints": [20475, 20382], "derived": [-20367, -20372, -20387, -20377], "cost": 61}, {"constraints": [20323, -20372, 20495], "derived": [-20447], "cost": 62}, {"constraints": [-20372, 22012], "derived": [20375], "cost": 101}, {"constraints": [20475, 20375], "derived": [-20390, -20380, -20370], "cost": 61}, {"constraints": [20477, 20375], "derived": [-20376, -20374, -20373], "cost": 61}, {"constraints": [-20324, 20494, 20375], "derived": [-20455], "cost": 62}, {"constraints": [20496, 20323, 20375], "derived": [20450], "cost": 62}, {"constraints": [20450, 20487], "derived": [-20445, -20460, -20465], "cost": 61}, {"constraints": [20489, 20450], "derived": [-20448, -20451, -20449], "cost": 61}, {"constraints": [-20377, -20372, -20367, 22012, -20387], "derived": [20358], "cost": 104}, {"constraints": [20358, 20471], "derived": [-20343, -20348, -20363, -20353], "cost": 61}, {"constraints": [20473, 20358], "derived": [-20360, -20359, -20357, -20361], "cost": 61}, {"constraints": [-20360, 20497, 20382], "derived": [-20407], "cost": 62}, {"constraints": [20323, -20348, 20492],