{"config": {"preseeding": true, "sat-polarity": true, "sat-polarity-initial": true, "postpone_opt": false, "postpone_opt_incr": false, "postpone_opt_greedy": false, "grow": true, "grow_sat": false, "grow_subset_maximal": false, "grow_maxsat": true, "maxsat_polarities": true, "grow_maxsat_full_pos": false, "grow_maxsat_full_inv": false, "grow_maxsat_full_unif": false, "grow_maxsat_initial_pos": true, "grow_maxsat_initial_inv": false, "grow_maxsat_initial_unif": false, "grow_maxsat_actual_pos": false, "grow_maxsat_actual_unif": false, "grow_maxsat_actual_inv": false, "timeout": 7200, "instance": "p19", "output": "/data/brussel/101/vsc10143/OUSResults/experiment6_cous/2021011817/20210118170636306435.json"}, "results": {"HS": [0, 1, 13, 28, 8, 2, 6, 2, 4, 2, 6, 2, 2, 5, 9, 2, 1, 2, 2, 2, 1, 158, 12, 1, 2, 53, 9, 21, 2, 120, 11, 142, 1, 53, 1, 1, 1, 36, 118, 8, 5, 5, 8, 3, 2, 1, 1, 1, 1, 15, 2, 2, 1, 1, 1, 106], "HS_greedy": [0, 0, 0, 0, 0, 0, 0, 0, 0, 0, 0, 0, 0, 0, 0, 0, 0, 0, 0, 0, 0, 0, 0, 0, 0, 0, 0, 0, 0, 0, 0, 0, 0, 0, 0, 0, 0, 0, 0, 0, 0, 0, 0, 0, 0, 0, 0, 0, 0, 0, 0, 0, 0, 0, 0, 0], "HS_incr": [0, 0, 0, 0, 0, 0, 0, 0, 0, 0, 0, 0, 0, 0, 0, 0, 0, 0, 0, 0, 0, 0, 0, 0, 0, 0, 0, 0, 0, 0, 0, 0, 0, 0, 0, 0, 0, 0, 0, 0, 0, 0, 0, 0, 0, 0, 0, 0, 0, 0, 0, 0, 0, 0, 0, 0], "HS-opt-time": [0, 0.006274700164794922, 0.18897438049316406, 3.0515270233154297, 2.2855870723724365, 0.16844916343688965, 2.241837501525879, 0.10568857192993164, 1.1195995807647705, 0.32770490646362305, 1.358018398284912, 0.49056482315063477, 0.2917943000793457, 1.5801966190338135, 0.7910001277923584, 0.20505833625793457, 0.15429353713989258, 0.22561287879943848, 0.27286314964294434, 0.22810888290405273, 0.1605837345123291, 222.44405961036682, 5.051113605499268, 0.5157749652862549, 1.0042011737823486, 105.5759744644165, 6.34172248840332, 15.821290969848633, 1.8607897758483887, 524.4712047576904, 15.855448007583618, 1033.4023780822754, 3.226255178451538, 598.377447605133, 3.790343761444092, 3.4712092876434326, 3.718632698059082, 409.51664209365845, 549.4984745979309, 37.52485489845276, 24.103128910064697, 24.232162475585938, 37.928850173950195, 13.609193325042725, 10.028705358505249, 4.917255163192749, 4.879989385604858, 4.5981481075286865, 4.786231756210327, 73.22734045982361, 9.105343103408813, 12.73855447769165, 6.055669069290161, 4.612942695617676, 4.779461622238159, 1248.870391368866], "HS-postpone-time": [0, 0, 0, 0, 0, 0, 0, 0, 0, 0, 0, 0, 0, 0, 0, 0, 0, 0, 0, 0, 0, 0, 0, 0, 0, 0, 0, 0, 0, 0, 0, 0, 0, 0, 0, 0, 0, 0, 0, 0, 0, 0, 0, 0, 0, 0, 0, 0, 0, 0, 0, 0, 0, 0, 0, 0], "SAT-time": [0.4545753002166748, 5.2928924560546875e-05, 0.16659235954284668, 0.4065675735473633, 0.10097742080688477, 0.020557165145874023, 0.07178735733032227, 0.019350051879882812, 0.0437772274017334, 0.01934957504272461, 0.07402205467224121, 0.020160198211669922, 0.015940189361572266, 0.06170535087585449, 0.11983013153076172, 0.02199554443359375, 0.0021042823791503906, 0.019901752471923828, 0.017059803009033203, 0.020380735397338867, 0.0021839141845703125, 2.6399850845336914, 0.17681026458740234, 0.006085395812988281, 0.016509294509887695, 0.8754603862762451, 0.12853431701660156, 0.32726407051086426, 0.01749253273010254, 2.0174436569213867, 0.1548447608947754, 2.2837612628936768, 0.002242565155029297, 0.9361758232116699, 0.002535104751586914, 0.0063169002532958984, 0.0023217201232910156, 0.6508383750915527, 2.0965754985809326, 0.1194753646850586, 0.06455278396606445, 0.0695955753326416, 0.11642622947692871, 0.03621792793273926, 0.01905965805053711, 0.0060193538665771484, 0.002402067184448242, 0.005831480026245117, 0.002309560775756836, 0.23937368392944336, 0.016501903533935547, 0.019507646560668945, 0.0023856163024902344, 0.005964517593383789, 0.0023910999298095703, 1.857008934020996], "grow-time": [10.639837741851807, 0, 35.09846329689026, 58.516929626464844, 18.375455379486084, 0.32296204566955566, 9.6727774143219, 0.29425764083862305, 1.2218968868255615, 0.2499861717224121, 6.920062065124512, 0.26312851905822754, 0.30266451835632324, 4.795088052749634, 3.0825083255767822, 1.087040662765503, 0, 0.31906557083129883, 0.8997988700866699, 0.30014514923095703, 0, 581.1615083217621, 7.157961130142212, 0, 1.740807056427002, 101.8005793094635, 5.127134561538696, 14.288688898086548, 0.3187832832336426, 226.29331970214844, 9.359482288360596, 163.6417167186737, 0, 85.5561990737915, 0, 0, 0, 80.02132058143616, 117.93867444992065, 6.586359739303589, 25.85770869255066, 9.867297887802124, 13.901451826095581, 0.6724998950958252, 0.7415361404418945, 0, 0, 0, 0, 22.85992956161499, 2.023021697998047, 0.8976519107818604, 0, 0, 0, 201.62930035591125], "#expl": 54, "expl_seq": [{"constraints": [44271], "derived": [-44032, -44030, -44029, -44028, 44037, -44027, -44026, -44024, -44023, -44022, 44043, -44021, -44020, -44035, 44031, 44019, -44042, -44041, -44040, 44025, -44038, -44036, -44039, -44034, -44033], "cost": 60}, {"constraints": [48095], "derived": [-44116], "cost": 100}, {"constraints": [48090, 44283], "derived": [-44099], "cost": 160}, {"constraints": [48098, 44318], "derived": [-44237], "cost": 160}, {"constraints": [44313, -44237], "derived": [-44187], "cost": 61}, {"constraints": [48089, 44315], "derived": [-44200], "cost": 160}, {"constraints": [-44200, 44310], "derived": [-44150], "cost": 61}, {"constraints": [44281, 48091], "derived": [-44105], "cost": 160}, {"constraints": [44277, 48094], "derived": [-44086], "cost": 160}, {"constraints": [44281, 48094], "derived": [-44112], "cost": 160}, {"constraints": [48093, 44318], "derived": [-44221], "cost": 160}, {"constraints": [44313, -44221], "derived": [-44171], "cost": 61}, {"constraints": [48096, 44323], "derived": [44251], "cost": 160}, {"constraints": [44307, 44251], "derived": [-44253, -44252, -44250, -44249], "cost": 61}, {"constraints": [44305, 44251], "derived": [-44256, -44246, -44261, -44266], "cost": 61}, {"constraints": [-44150, 44251, 44330], "derived": [-44176], "cost": 62}, {"constraints": [-44176, 44314], "derived": [-44226], "cost": 61}, {"constraints": [44331, -44171, 44251], "derived": [-44145], "cost": 62}, {"constraints": [-44145, 44311], "derived": [-44195], "cost": 61}, {"constraints": [44322, 44251, -44116], "derived": [-44090], "cost": 62}, {"constraints": [48097, -44253, 44323, -44250, -44266], "derived": [44265], "cost": 163}, {"constraints": [44265, 44305], "derived": [-44255, -44245, -44260], "cost": 61}, {"constraints": [44265, 44307], "derived": [-44264, -44268, -44267], "cost": 61}, {"constraints": [44265, 44322, -44105], "derived": [-44083], "cost": 62}, {"constraints": [44323, -44260, 48091], "derived": [44082], "cost": 161}, {"constraints": [44082, 44277], "derived": [-44072, -44087, -44077, -44092], "cost": 61}, {"constraints": [44082, 44279], "derived": [-44080, -44079, -44081], "cost": 61}, {"constraints": [-44261, 44082, 44323], "derived": [-44106], "cost": 62}, {"constraints": [-44256, -44255, -44253, 44323, -44250, 48090], "derived": [-44075], "cost": 164}, {"constraints": [44321, 44251, -44075], "derived": [-44101], "cost": 62}, {"constraints": [-44029, -44090, -44024, 44273, -44039, 48092, -44034], "derived": [-44064], "cost": 165}, {"constraints": [-44064, 44337], "derived": [-44123], "cost": 61}, {"constraints": [-44029, -44024, -44080, 44273, -44039, 48092, -44034], "derived": [-44054], "cost": 165}, {"constraints": [44337, -44054], "derived": [-44121], "cost": 61}, {"constraints": [44082, 44325, -44121], "derived": [-44147], "cost": 62}, {"constraints": [-44147, 44311], "derived": [-44197], "cost": 61}, {"constraints": [-44029, -44024, -44195, -44039, 48092, 44317, -44034], "derived": [44059, -44085], "cost": 165}, {"constraints": [44273, 44059], "derived": [-44044, -44049], "cost": 61}, {"constraints": [44338, 44059], "derived": [44122], "cost": 61}, {"constraints": [44337, -44049], "derived": [-44120], "cost": 61}, {"constraints": [44059, 44275], "derived": [-44063, -44062, -44061, -44060],