{"config": {"preseeding": true, "sat-polarity": true, "sat-polarity-initial": false, "postpone_opt": false, "postpone_opt_incr": false, "postpone_opt_greedy": false, "grow": true, "grow_sat": false, "grow_subset_maximal": true, "grow_maxsat": false, "maxsat_polarities": true, "grow_maxsat_full_pos": false, "grow_maxsat_full_inv": false, "grow_maxsat_full_unif": false, "grow_maxsat_initial_pos": false, "grow_maxsat_initial_inv": false, "grow_maxsat_initial_unif": false, "grow_maxsat_actual_pos": false, "grow_maxsat_actual_unif": false, "grow_maxsat_actual_inv": false, "timeout": 7200, "instance": "p19", "output": "/data/brussel/101/vsc10143/OUSResults/experiment6_cous/2021011817/20210118170636306291.json"}, "results": {"HS": [0, 2, 52, 152, 341], "HS_greedy": [0, 0, 0, 0, 0], "HS_incr": [0, 0, 0, 0, 0], "HS-opt-time": [0, 0.018973827362060547, 2.7278025150299072, 199.16863775253296, 6910.119525671005], "HS-postpone-time": [0, 0, 0, 0, 0], "SAT-time": [1.9662556648254395, 0.09582853317260742, 2.6036720275878906, 8.228290557861328, 18.745567798614502], "grow-time": [1.6153323650360107, 0.08662533760070801, 1.9408974647521973, 6.247467279434204, 14.104190111160278], "#expl": 3, "expl_seq": [{"constraints": [66282], "derived": [66052, 66028, 66034, 66040, 66046], "cost": 60}, {"constraints": [66280], "derived": [-66048, -66047, -66045, -66044, -66043, -66042, -66041, -66039, -66038, -66037, -66036, -66035, -66033, -66032, -66031, -66030, -66029, -66051, -66050, -66049], "cost": 60}, {"constraints": [70104], "derived": [-66125], "cost": 100}], "OUS-time": [0, 0.13435935974121094, 6.040402889251709, 209.65290069580078, 0], "timeout": true}}