{"config": {"preseeding": true, "sat-polarity": true, "sat-polarity-initial": true, "postpone_opt": true, "postpone_opt_incr": true, "postpone_opt_greedy": true, "grow": true, "grow_sat": false, "grow_subset_maximal": false, "grow_maxsat": true, "maxsat_polarities": true, "grow_maxsat_full_pos": false, "grow_maxsat_full_inv": false, "grow_maxsat_full_unif": false, "grow_maxsat_initial_pos": false, "grow_maxsat_initial_inv": false, "grow_maxsat_initial_unif": true, "grow_maxsat_actual_pos": false, "grow_maxsat_actual_unif": false, "grow_maxsat_actual_inv": false, "timeout": 7200, "instance": "p20", "output": "/data/brussel/101/vsc10143/OUSResults/experiment6_cous/2021011613/20210116135202581134.json"}, "results": {"HS": [0, 2, 0, 2, 0, 2, 0, 3, 0, 2, 0, 2, 0, 2, 0, 2, 0, 3, 0, 3, 0, 2, 0, 2, 0, 2, 0, 2, 0, 2, 0, 2, 0, 2, 0, 2, 0, 2, 0, 2, 0, 2, 0, 2, 0, 2, 0, 3, 0, 3, 0, 9, 0, 1], "HS_greedy": [0, 7, 0, 18, 0, 19, 0, 9, 0, 18, 0, 74, 0, 52, 0, 67, 0, 66, 0, 78, 0, 41, 0, 72, 0, 99, 0, 70, 0, 92, 0, 76, 0, 72, 0, 50, 0, 42, 0, 42, 0, 39, 0, 47, 0, 74, 0, 39, 0, 72, 0, 50, 0, 30], "HS_incr": [0, 169, 0, 547, 0, 578, 0, 189, 0, 474, 0, 2227, 0, 1575, 0, 2015, 0, 1748, 0, 2308, 0, 1062, 0, 1834, 0, 2317, 0, 1521, 0, 2100, 0, 1918, 0, 1552, 0, 1147, 0, 919, 0, 922, 0, 869, 0, 1027, 0, 1733, 0, 825, 0, 1415, 0, 904, 0, 646], "HS-opt-time": [0, 0.18416261672973633, 0, 1.5263969898223877, 0, 1.5507924556732178, 0, 0.3623850345611572, 0, 0.9404528141021729, 0, 12.641394853591919, 0, 8.59896969795227, 0, 18.484776735305786, 0, 30.30630326271057, 0, 32.87324070930481, 0, 7.689293384552002, 0, 16.14482593536377, 0, 11.552645921707153, 0, 10.678403854370117, 0, 15.952750444412231, 0, 13.528079986572266, 0, 9.528300285339355, 0, 5.463945388793945, 0, 3.3379948139190674, 0, 2.862534523010254, 0, 2.5288069248199463, 0, 3.6209092140197754, 0, 11.49988055229187, 0, 7.568190336227417, 0, 17.946852445602417, 0, 30.411120414733887, 0, 0.0022614002227783203], "HS-postpone-time": [0, 0.030739307403564453, 0, 0.19454455375671387, 0, 0.21120977401733398, 0, 0.03992819786071777, 0, 0.15024065971374512, 0, 2.907268762588501, 0, 1.4459550380706787, 0, 2.2088406085968018, 0, 1.82285475730896, 0, 2.871244192123413, 0, 0.6313326358795166, 0, 1.966048002243042, 0, 3.3620471954345703, 0, 1.554093837738037, 0, 2.7443695068359375, 0, 1.9500782489776611, 0, 1.4994251728057861, 0, 0.750732421875, 0, 0.5352134704589844, 0, 0.5175294876098633, 0, 0.4476432800292969, 0, 0.6357042789459229, 0, 1.6719496250152588, 0, 0.4206836223602295, 0, 1.291966199874878, 0, 0.6381540298461914, 0, 0.25895142555236816], "SAT-time": [0.31641674041748047, 2.169358730316162, 0.3722422122955322, 7.452130317687988, 0.41359448432922363, 7.74876070022583, 0.345569372177124, 2.5311198234558105, 0.37350988388061523, 6.383126497268677, 0.32453012466430664, 30.34092617034912, 0.34360408782958984, 21.296034336090088, 0.29168248176574707, 25.433210134506226, 0.2740442752838135, 18.293018341064453, 0.27344179153442383, 24.14387822151184, 0.26737284660339355, 11.335826873779297, 0.2881040573120117, 18.675761222839355, 0.27123570442199707, 22.98482918739319, 0.2539048194885254, 15.02393889427185, 0.24739646911621094, 20.658485412597656, 0.22690105438232422, 18.441023588180542, 0.23349356651306152, 14.816499471664429, 0.2251887321472168, 10.869294166564941, 0.21253585815429688, 8.646690130233765, 0.20441436767578125, 8.869651556015015, 0.20217466354370117, 8.439808368682861, 0.20409750938415527, 9.792819023132324, 0.19259095191955566, 16.77490544319153, 0.19370460510253906, 7.938316345214844, 0.18730711936950684, 13.68558120727539, 0.176666259765625, 8.690081596374512, 0.15484309196472168, 6.2481489181518555], "grow-time": [4.602004528045654, 27.94308066368103, 4.870298147201538, 92.70352792739868, 5.169425010681152, 99.85729265213013, 4.244349241256714, 32.42462396621704, 4.604227781295776, 83.42745208740234, 3.971505641937256, 414.11772537231445, 4.080978870391846, 286.3086905479431, 3.5535390377044678, 368.1473469734192, 4.1469526290893555, 327.27474999427795, 4.190066576004028, 454.14964389801025, 4.095963001251221, 202.7324924468994, 4.309905767440796, 339.4791202545166, 4.218774318695068, 422.4405081272125, 3.920933723449707, 269.3620376586914, 3.9087836742401123, 385.0573287010193, 3.5511178970336914, 343.11592268943787, 3.7919883728027344, 276.7603726387024, 3.5634095668792725, 202.39227652549744, 3.3934617042541504, 156.90942478179932, 3.2660586833953857, 161.71492075920105, 3.2962679862976074, 153.35252785682678, 3.279242753982544, 182.99285125732422, 3.1521124839782715, 309.87473607063293, 3.1595261096954346, 144.4262511730194, 2.993664503097534, 253.49724125862122, 2.859255790710449, 161.55786108970642, 2.523743152618408, 113.62125730514526], "#expl": 26, "expl_seq": [{"constraints": [39788], "derived": [38156], "cost": 100}, {"constraints": [38156, 38253], "derived": [-38157, -38155, -38154, -38153], "cost": 61}, {"constraints": [38251, 38156], "derived": [-38151, -38166, -38146, -38161], "cost": 61}, {"constraints": [39780], "derived": [-38100], "cost": 100}, {"constraints": [39787], "derived": [-38152], "cost": 100}, {"constraints": [39784, -38166], "derived": [38113], "cost": 101}, {"constraints": [38113, 38245], "derived": [-38117, -38116, -38115, -38114], "cost": 61}, {"constraints": [38113, 38243], "derived": [-38103, -38093, -38108, -38098], "cost": 61}, {"constraints": [-38103, 38156, 38270], "derived": [-38196], "cost": 62}, {"constraints": [39784, -38166, -38161, -38151, -38146], "derived": [38130], "cost": 104}, {"constraints": [38249, 38130], "derived": [-38128, -38132, -38131, -38129], "cost": 61}, {"constraints": [38130, 38247], "derived": [-38120, -38135, -38125, -38140], "cost": 61}, {"constraints": [38273, 38156, -38132], "derived": [-38241], "cost": 62}, {"constraints": [38130, -38157, 38274], "derived": [-38232], "cost": 62}, {"constraints": [38130, -38154, 38274], "derived": [-38229], "cost": 62}, {"constraints": [38130, 38274, -38153], "derived": [-38228], "cost": 62}, {"constraints": [38273, 38156, -38129], "derived": [-38226], "cost": 62}, {"constraints": [38273, 38156, -38131], "derived": [-38236], "cost": 62}, {"constraints": [38130, 38275, 38156], "derived": [38231], "cost": 62}, {"constraints": [38231, 38263], "derived": [-38221], "cost": 61}, {"constraints": [38265, 38231], "derived": [-38230], "cost": 61}, {"constraints": [-38103, 38130, 38267], "derived": [-38170], "cost": 62}, {"constraints": [38253, 39782], "derived": [-38158, -38162], "cost": 160}, {"constraints": [38268, 39789], "derived": [-38192], "cost": 160}, {"constraints": [39786, 38268], "derived": [-38179], "cost": 160}, {"constraints": [-38093, 38251, 39782], "derived": [-38144, -38145], "cost": 161}], "OUS-time": [0, 30.785959720611572, 0, 103.46224451065063, 0, 111.10274577140808, 0, 35.90573024749756, 0, 92.31621813774109, 0, 466.6803312301636, 0, 322.1974766254425, 0, 420.0349397659302, 0, 382.55010771751404, 0, 520.4734771251678, 0, 225.35930371284485, 0, 381.2437651157379, 0, 466.49291467666626, 0, 300.60087394714355, 0, 429.95716643333435, 0, 382.1311545372009, 0, 306.6731164455414, 0, 222.42326259613037, 0, 171.78449487686157, 0, 176.32079911231995, 0, 166.9871416091919, 0, 199.67865347862244, 0, 344.3701345920563, 0, 162.497802734375, 0, 290.0991382598877, 0, 203.63369345664978, 0, 0], "timeout": true}}