{"config": {"preseeding": true, "sat-polarity": true, "sat-polarity-initial": false, "postpone_opt": true, "postpone_opt_incr": true, "postpone_opt_greedy": true, "grow": true, "grow_sat": false, "grow_subset_maximal": true, "grow_maxsat": false, "maxsat_polarities": true, "grow_maxsat_full_pos": false, "grow_maxsat_full_inv": false, "grow_maxsat_full_unif": false, "grow_maxsat_initial_pos": false, "grow_maxsat_initial_inv": false, "grow_maxsat_initial_unif": false, "grow_maxsat_actual_pos": false, "grow_maxsat_actual_unif": false, "grow_maxsat_actual_inv": false, "timeout": 7200, "instance": "p20", "output": "/data/brussel/101/vsc10143/OUSResults/experiment6_cous/2021011613/20210116135202580897.json"}, "results": {"HS": [0, 2, 0, 3, 0, 3, 0, 6, 0, 2, 0, 3, 0, 2, 0, 4, 0, 11, 0, 11, 0, 2, 0, 3, 0, 3, 0, 8, 0, 8, 0, 5, 0, 6, 0, 5, 0, 7, 0, 2, 0, 5, 0, 14], "HS_greedy": [0, 75, 0, 170, 0, 152, 0, 128, 0, 531, 0, 415, 0, 410, 0, 217, 0, 276, 0, 382, 0, 328, 0, 185, 0, 327, 0, 234, 0, 314, 0, 449, 0, 285, 0, 254, 0, 613, 0, 373, 0, 237, 0, 414], "HS_incr": [0, 1092, 0, 2724, 0, 1830, 0, 1534, 0, 8048, 0, 6259, 0, 7196, 0, 3378, 0, 3925, 0, 5718, 0, 4920, 0, 2784, 0, 5072, 0, 3515, 0, 4562, 0, 5848, 0, 4410, 0, 3790, 0, 6955, 0, 5572, 0, 3767, 0, 5986], "HS-opt-time": [0, 6.375678062438965, 0, 28.56613278388977, 0, 29.622804641723633, 0, 46.07330107688904, 0, 92.95509004592896, 0, 107.4127345085144, 0, 72.40925431251526, 0, 97.08460855484009, 0, 452.12983107566833, 0, 674.9645001888275, 0, 36.92266535758972, 0, 47.71709680557251, 0, 76.61619234085083, 0, 224.7706515789032, 0, 200.11626505851746, 0, 230.7025363445282, 0, 164.78614139556885, 0, 207.16064548492432, 0, 369.789927482605, 0, 65.53552007675171, 0, 151.43366479873657, 0, 618.9397497177124], "HS-postpone-time": [0, 1.2036027908325195, 0, 7.169154644012451, 0, 4.277414083480835, 0, 3.04055118560791, 0, 64.50516700744629, 0, 36.129638671875, 0, 48.489221811294556, 0, 9.820407629013062, 0, 15.114459753036499, 0, 29.804881811141968, 0, 20.821780920028687, 0, 6.777639627456665, 0, 21.412543535232544, 0, 12.498507261276245, 0, 19.732174396514893, 0, 35.68195462226868, 0, 17.05023980140686, 0, 11.736126184463501, 0, 64.87439250946045, 0, 22.07752823829651, 0, 12.232517719268799, 0, 31.300467252731323], "SAT-time": [0.8339388370513916, 21.80759072303772, 1.3348045349121094, 54.0996994972229, 1.1297359466552734, 35.825517892837524, 1.1299288272857666, 30.062991857528687, 1.0969038009643555, 162.2314329147339, 0.7176408767700195, 125.35375905036926, 0.91322922706604, 145.40467262268066, 1.0105743408203125, 67.27490878105164, 1.0672526359558105, 77.64397144317627, 0.9505431652069092, 113.14481997489929, 0.7351522445678711, 98.15575170516968, 1.237302303314209, 55.51178741455078, 1.176293134689331, 101.8992657661438, 1.2042527198791504, 71.04993200302124, 0.9628856182098389, 93.35947012901306, 1.309600830078125, 117.16978573799133, 0.908113956451416, 89.43112015724182, 1.0757040977478027, 76.73586559295654, 1.1814873218536377, 138.69226670265198, 0.9068150520324707, 113.03497076034546, 1.1238045692443848, 76.90480351448059, 0.787266731262207, 122.50301027297974], "grow-time": [0.6751272678375244, 16.321268796920776, 0.9764788150787354, 38.63209629058838, 0.7690315246582031, 24.40179991722107, 0.7719478607177734, 20.42973518371582, 0.7511041164398193, 112.06392216682434, 0.4825308322906494, 85.6558849811554, 0.6192514896392822, 100.43459463119507, 0.6748676300048828, 45.82983422279358, 0.7175464630126953, 53.09578800201416, 0.6395256519317627, 77.29877829551697, 0.509746789932251, 67.29290723800659, 0.8345329761505127, 38.17616820335388, 0.7972662448883057, 69.76656794548035, 0.8113679885864258, 48.37242078781128, 0.6624608039855957, 63.84728288650513, 0.8822598457336426, 79.47682595252991, 0.6121885776519775, 60.68783950805664, 0.7241601943969727, 52.32881689071655, 0.7962329387664795, 94.01280546188354, 0.6155178546905518, 77.0882339477539, 0.7826528549194336, 52.74307703971863, 0.5599055290222168, 83.27553486824036], "#expl": 21, "expl_seq": [{"constraints": [39788], "derived": [38156], "cost": 100}, {"constraints": [38251, 38156], "derived": [-38151, -38166, -38146, -38161], "cost": 61}, {"constraints": [38156, 38253], "derived": [-38157, -38155, -38154, -38153], "cost": 61}, {"constraints": [39787], "derived": [-38152], "cost": 100}, {"constraints": [39780], "derived": [-38100], "cost": 100}, {"constraints": [39784, -38166], "derived": [38113], "cost": 101}, {"constraints": [38113, 38243], "derived": [-38103, -38093, -38108, -38098], "cost": 61}, {"constraints": [38113, 38245], "derived": [-38117, -38116, -38115, -38114], "cost": 61}, {"constraints": [-38103, 38156, 38270], "derived": [-38196], "cost": 62}, {"constraints": [39784, -38166, -38161, -38151, -38146], "derived": [38130], "cost": 104}, {"constraints": [38249, 38130], "derived": [-38128, -38132, -38131, -38129], "cost": 61}, {"constraints": [38130, 38247], "derived": [-38120, -38135, -38125, -38140], "cost": 61}, {"constraints": [-38128, 38273, 38156], "derived": [-38221], "cost": 62}, {"constraints": [38273, 38156, -38129], "derived": [-38226], "cost": 62}, {"constraints": [-38103, 38130, 38267], "derived": [-38170], "cost": 62}, {"constraints": [38130, 38274, -38153], "derived": [-38228], "cost": 62}, {"constraints": [38130, -38155, 38274], "derived": [-38230], "cost": 62}, {"constraints": [38273, 38156, -38131], "derived": [-38236], "cost": 62}, {"constraints": [38130, 38275, 38156], "derived": [38231], "cost": 62}, {"constraints": [38265, 38231], "derived": [-38232, -38229], "cost": 61}, {"constraints": [38231, 38263], "derived": [-38241], "cost": 61}], "OUS-time": [0, 36.88419246673584, 0, 107.72155570983887, 0, 80.708181142807, 0, 88.41138911247253, 0, 369.5831756591797, 0, 306.8896346092224, 0, 310.9495813846588, 0, 194.2366600036621, 0, 568.178248167038, 0, 852.1290755271912, 0, 185.45087051391602, 0, 126.37909722328186, 0, 230.08706998825073, 0, 329.0353617668152, 0, 340.9798536300659, 0, 418.13353753089905, 0, 297.05439043045044, 0, 317.9127495288849, 0, 614.0504612922668, 0, 233.62649297714233, 0, 262.94060802459717, 0, 0], "timeout": true}}