{"config": {"preseeding": true, "sat-polarity": true, "sat-polarity-initial": true, "postpone_opt": true, "postpone_opt_incr": true, "postpone_opt_greedy": true, "grow": true, "grow_sat": false, "grow_subset_maximal": false, "grow_maxsat": true, "maxsat_polarities": true, "grow_maxsat_full_pos": false, "grow_maxsat_full_inv": false, "grow_maxsat_full_unif": false, "grow_maxsat_initial_pos": true, "grow_maxsat_initial_inv": false, "grow_maxsat_initial_unif": false, "grow_maxsat_actual_pos": false, "grow_maxsat_actual_unif": false, "grow_maxsat_actual_inv": false, "timeout": 7200, "instance": "p20", "output": "/data/brussel/101/vsc10143/OUSResults/experiment6_cous/2021011613/20210116135202581116.json"}, "results": {"HS": [0, 2, 0, 2, 0, 1], "HS_greedy": [0, 5, 0, 31, 0, 1], "HS_incr": [0, 108, 0, 955, 0, 34], "HS-opt-time": [0, 0.10712766647338867, 0, 6.376643180847168, 0, 0.0034835338592529297], "HS-postpone-time": [0, 0.01612401008605957, 0, 0.5132293701171875, 0, 0.002688884735107422], "SAT-time": [0.27495384216308594, 1.322192907333374, 0.2746620178222656, 10.376137495040894, 0.26128602027893066, 0.31200313568115234], "grow-time": [4.556603193283081, 24.36864399909973, 4.9253034591674805, 7118.662382364273, 5.091846466064453, 12.06911325454712], "#expl": 2, "expl_seq": [{"constraints": [39780], "derived": [-38100], "cost": 100}, {"constraints": [39788], "derived": [38156], "cost": 100}], "OUS-time": [0, 26.09788203239441, 0, 7138.743413925171, 0, 0], "timeout": true}}