{"config": {"preseeding": true, "sat-polarity": true, "sat-polarity-initial": true, "postpone_opt": true, "postpone_opt_incr": false, "postpone_opt_greedy": true, "grow": true, "grow_sat": false, "grow_subset_maximal": false, "grow_maxsat": true, "maxsat_polarities": true, "grow_maxsat_full_pos": false, "grow_maxsat_full_inv": false, "grow_maxsat_full_unif": false, "grow_maxsat_initial_pos": false, "grow_maxsat_initial_inv": false, "grow_maxsat_initial_unif": false, "grow_maxsat_actual_pos": false, "grow_maxsat_actual_unif": false, "grow_maxsat_actual_inv": true, "timeout": 7200, "instance": "p20", "output": "/data/brussel/101/vsc10143/OUSResults/experiment6_cous/2021011613/20210116135202580612.json"}, "results": {"HS": [0, 7, 0, 14, 0, 2, 0, 2, 0, 2, 0, 4, 0, 5, 0, 5, 0, 3, 0, 10, 0, 6, 0, 7, 0, 4, 0, 5, 0, 4, 0, 9, 0, 7, 0, 3, 0, 6, 0, 1], "HS_greedy": [0, 37, 0, 45, 0, 342, 0, 322, 0, 306, 0, 352, 0, 240, 0, 420, 0, 464, 0, 331, 0, 368, 0, 401, 0, 526, 0, 344, 0, 373, 0, 311, 0, 400, 0, 413, 0, 327, 0, 240], "HS_incr": [0, 0, 0, 0, 0, 0, 0, 0, 0, 0, 0, 0, 0, 0, 0, 0, 0, 0, 0, 0, 0, 0, 0, 0, 0, 0, 0, 0, 0, 0, 0, 0, 0, 0, 0, 0, 0, 0, 0, 0], "HS-opt-time": [0, 0.12938785552978516, 0, 0.35704994201660156, 0, 0.8764636516571045, 0, 0.3230862617492676, 0, 0.2696347236633301, 0, 2.923429250717163, 0, 0.6439862251281738, 0, 2.085179567337036, 0, 1.7273783683776855, 0, 4.809439659118652, 0, 1.498823642730713, 0, 1.743513584136963, 0, 2.2021875381469727, 0, 0.8855290412902832, 0, 0.8821520805358887, 0, 1.3986313343048096, 0, 1.6344141960144043, 0, 0.5526559352874756, 0, 0.8571996688842773, 0, 0.005469799041748047], "HS-postpone-time": [0, 0.02774357795715332, 0, 0.04068255424499512, 0, 1.9078140258789062, 0, 1.675389051437378, 0, 1.4996840953826904, 0, 1.950160264968872, 0, 0.9048652648925781, 0, 2.7990756034851074, 0, 3.373086452484131, 0, 1.5897152423858643, 0, 1.9089810848236084, 0, 2.128194808959961, 0, 4.012537240982056, 0, 1.5994913578033447, 0, 1.8880846500396729, 0, 1.2727108001708984, 0, 2.1499433517456055, 0, 2.302248239517212, 0, 1.364774227142334, 0, 0.7325148582458496], "SAT-time": [0.3348257541656494, 0.514854907989502, 0.34463024139404297, 0.6611475944519043, 0.35315394401550293, 5.328182220458984, 0.41901159286499023, 4.943732738494873, 0.40477633476257324, 4.842909812927246, 0.35143113136291504, 5.560910224914551, 0.31252002716064453, 3.7678871154785156, 0.33727264404296875, 6.625556230545044, 0.3579752445220947, 7.3108484745025635, 0.34053754806518555, 5.325631380081177, 0.38106608390808105, 5.637775659561157, 0.2732274532318115, 4.921192169189453, 0.2822599411010742, 7.250989675521851, 0.36049437522888184, 5.445897340774536, 0.2686631679534912, 5.689587831497192, 0.31112241744995117, 4.733592987060547, 0.28966665267944336, 6.003784418106079, 0.28722333908081055, 6.309235572814941, 0.3032560348510742, 4.840057611465454, 0.3088970184326172, 3.5128540992736816], "grow-time": [4.847892999649048, 6.09294867515564, 4.809338808059692, 46.22225785255432, 4.643178224563599, 121.42245721817017, 5.176019191741943, 114.56246662139893, 4.984203577041626, 90.47943258285522, 4.259803295135498, 280.4705979824066, 3.762904405593872, 177.860835313797, 4.208525896072388, 297.6383879184723, 4.930044174194336, 534.6251745223999, 3.94968843460083, 374.51486921310425, 4.273386001586914, 1441.4308557510376, 3.792355537414551, 295.1130645275116, 5.6529083251953125, 537.7543270587921, 6.82357382774353, 417.5498671531677, 4.8979737758636475, 245.84198188781738, 4.2992706298828125, 237.81267881393433, 3.9082295894622803, 425.84657073020935, 3.7623322010040283, 667.1542253494263, 3.7914748191833496, 372.99412059783936, 3.5864853858947754, 166.35967659950256], "#expl": 19, "expl_seq": [{"constraints": [49303], "derived": [-47623], "cost": 100}, {"constraints": [49310], "derived": [-47675], "cost": 100}, {"constraints": [49311], "derived": [47679], "cost": 100}, {"constraints": [47774, 47679], "derived": [-47669, -47684, -47674, -47689], "cost": 61}, {"constraints": [47776, 47679], "derived": [-47680, -47678, -47677, -47676], "cost": 61}, {"constraints": [49307, -47689], "derived": [47636], "cost": 101}, {"constraints": [47768, 47636], "derived": [-47640, -47639, -47638, -47637], "cost": 61}, {"constraints": [47636, 47766], "derived": [-47616, -47631, -47621, -47626], "cost": 61}, {"constraints": [47793, -47626, 47679], "derived": [-47719], "cost": 62}, {"constraints": [-47674, -47669, -47689, 49307, -47684], "derived": [47653], "cost": 104}, {"constraints": [47772, 47653], "derived": [-47655, -47654, -47652, -47651], "cost": 61}, {"constraints": [47770, 47653], "derived": [-47648, -47663, -47643, -47658], "cost": 61}, {"constraints": [-47654, 47796, 47679], "derived": [-47759], "cost": 62}, {"constraints": [-47677, 47653, 47797], "derived": [-47752], "cost": 62}, {"constraints": [-47676, 47653, 47797], "derived": [-47751], "cost": 62}, {"constraints": [47796, -47652, 47679], "derived": [-47749], "cost": 62}, {"constraints": [-47655, 47796, 47679], "derived": [-47764], "cost": 62}, {"constraints": [-47680, 47653, 47797], "derived": [-47755], "cost": 62}, {"constraints": [47653, 47798, 47679], "derived": [47754], "cost": 62}], "OUS-time": [0, 6.866197824478149, 0, 47.408841609954834, 0, 130.55968642234802, 0, 122.4719865322113, 0, 98.02910304069519, 0, 291.9820339679718, 0, 183.89820075035095, 0, 310.41019654273987, 0, 548.4147291183472, 0, 387.22757601737976, 0, 1451.5363185405731, 0, 305.0352919101715, 0, 552.7006418704987, 0, 426.45284605026245, 0, 255.3240201473236, 0, 246.06222701072693, 0, 436.71807384490967, 0, 677.4309477806091, 0, 380.9190094470978, 0, 0], "timeout": true}}