{"config": {"preseeding": false, "sat-polarity": true, "sat-polarity-initial": false, "postpone_opt": true, "postpone_opt_incr": true, "postpone_opt_greedy": false, "grow": true, "grow_sat": false, "grow_subset_maximal": false, "grow_maxsat": true, "maxsat_polarities": true, "grow_maxsat_full_pos": false, "grow_maxsat_full_inv": false, "grow_maxsat_full_unif": true, "grow_maxsat_initial_pos": false, "grow_maxsat_initial_inv": false, "grow_maxsat_initial_unif": false, "grow_maxsat_actual_pos": false, "grow_maxsat_actual_unif": false, "grow_maxsat_actual_inv": false, "timeout": 7200, "instance": "p25", "output": "/data/brussel/101/vsc10143/OUSResults/experiment6_cous/2021011613/20210116134048265865.json"}, "results": {"HS": [0, 23, 0, 124, 0, 56], "HS_greedy": [0, 0, 0, 0, 0, 0], "HS_incr": [0, 2208, 0, 10970, 0, 5772], "HS-opt-time": [0, 29.79047465324402, 0, 2762.4597959518433, 0, 425.02564239501953], "HS-postpone-time": [0, 0.16370248794555664, 0, 0.8233842849731445, 0, 0.4257361888885498], "SAT-time": [0, 7.3617682456970215, 0, 37.55170917510986, 0, 20.340004920959473], "grow-time": [0, 241.95078706741333, 0, 2478.144102334976, 0, 1160.2065472602844], "#expl": 2, "expl_seq": [{"constraints": [10605], "derived": [-8969], "cost": 100}, {"constraints": [9065, 10604], "derived": [-8936, -8937], "cost": 160}], "OUS-time": [0, 282.5450713634491, 0, 5295.76286315918, 0, 0], "timeout": true}}