{"config": {"preseeding": true, "sat-polarity": true, "sat-polarity-initial": false, "postpone_opt": true, "postpone_opt_incr": false, "postpone_opt_greedy": true, "grow": true, "grow_sat": false, "grow_subset_maximal": false, "grow_maxsat": true, "maxsat_polarities": true, "grow_maxsat_full_pos": false, "grow_maxsat_full_inv": false, "grow_maxsat_full_unif": true, "grow_maxsat_initial_pos": false, "grow_maxsat_initial_inv": false, "grow_maxsat_initial_unif": false, "grow_maxsat_actual_pos": false, "grow_maxsat_actual_unif": false, "grow_maxsat_actual_inv": false, "timeout": 7200, "instance": "p25", "output": "/data/brussel/101/vsc10143/OUSResults/experiment6_cous/2021011613/20210116134048266684.json"}, "results": {"HS": [0, 2, 0, 177, 0, 3, 0, 4, 0, 1], "HS_greedy": [0, 1978, 0, 4954, 0, 1730, 0, 1666, 0, 1871], "HS_incr": [0, 0, 0, 0, 0, 0, 0, 0, 0, 0], "HS-opt-time": [0, 6.384381055831909, 0, 2961.989251613617, 0, 8.287318229675293, 0, 11.294641733169556, 0, 0.0012233257293701172], "HS-postpone-time": [0, 74.91440463066101, 0, 434.10256338119507, 0, 50.997114419937134, 0, 46.34414553642273, 0, 58.10214185714722], "SAT-time": [0.007129669189453125, 16.877841234207153, 0.006956577301025391, 43.83436560630798, 0.007862329483032227, 12.530487775802612, 0.0066928863525390625, 12.386693000793457, 0.007951974868774414, 13.742812156677246], "grow-time": [0.11483502388000488, 500.72871446609497, 0.17241621017456055, 1400.3796699047089, 0.11835741996765137, 392.23951482772827, 0.15904855728149414, 396.52275466918945, 0.15523529052734375, 722.7535629272461], "#expl": 4, "expl_seq": [{"constraints": [28429], "derived": [-26793], "cost": 100}, {"constraints": [26913, 28427], "derived": [26813], "cost": 160}, {"constraints": [26899, 26813], "derived": [-26823, -26828, -26818, -26833], "cost": 61}, {"constraints": [26901, 26813], "derived": [-26816, -26815, -26814, -26812], "cost": 61}], "OUS-time": [0, 603.8253474235535, 0, 4852.318740606308, 0, 468.2354505062103, 0, 470.517112493515, 0, 0], "timeout": true}}