{"config": {"preseeding": false, "sat-polarity": true, "sat-polarity-initial": true, "postpone_opt": true, "postpone_opt_incr": true, "postpone_opt_greedy": true, "grow": true, "grow_sat": false, "grow_subset_maximal": false, "grow_maxsat": true, "maxsat_polarities": true, "grow_maxsat_full_pos": false, "grow_maxsat_full_inv": false, "grow_maxsat_full_unif": false, "grow_maxsat_initial_pos": false, "grow_maxsat_initial_inv": false, "grow_maxsat_initial_unif": false, "grow_maxsat_actual_pos": true, "grow_maxsat_actual_unif": false, "grow_maxsat_actual_inv": false, "timeout": 7200, "instance": "p25", "output": "/data/brussel/101/vsc10143/OUSResults/experiment6_cous/2021011613/20210116134048266359.json"}, "results": {"HS": [0, 4, 0, 3, 0, 1], "HS_greedy": [0, 10, 0, 36, 0, 28], "HS_incr": [0, 206, 0, 1141, 0, 916], "HS-opt-time": [0, 0.5318772792816162, 0, 20.683326721191406, 0, 0.0011513233184814453], "HS-postpone-time": [0, 0.04437565803527832, 0, 0.6770734786987305, 0, 0.4220545291900635], "SAT-time": [0, 1.3355426788330078, 0, 7.795950412750244, 0, 6.213517665863037], "grow-time": [0, 36.03060269355774, 0, 2137.3894605636597, 0, 4832.720688343048], "#expl": 2, "expl_seq": [{"constraints": [28429], "derived": [-26793], "cost": 100}, {"constraints": [28425, 26917], "derived": [-26872], "cost": 160}], "OUS-time": [0, 38.3728084564209, 0, 2169.0417482852936, 0, 0], "timeout": true}}