{"config": {"preseeding": false, "sat-polarity": true, "sat-polarity-initial": true, "postpone_opt": false, "postpone_opt_incr": false, "postpone_opt_greedy": false, "grow": true, "grow_sat": false, "grow_subset_maximal": false, "grow_maxsat": true, "maxsat_polarities": true, "grow_maxsat_full_pos": false, "grow_maxsat_full_inv": false, "grow_maxsat_full_unif": true, "grow_maxsat_initial_pos": false, "grow_maxsat_initial_inv": false, "grow_maxsat_initial_unif": false, "grow_maxsat_actual_pos": false, "grow_maxsat_actual_unif": false, "grow_maxsat_actual_inv": false, "timeout": 7200, "instance": "p25", "output": "/data/brussel/101/vsc10143/OUSResults/experiment6_cous/2021011613/20210116134048265503.json"}, "results": {"HS": [0, 119, 0, 994, 0, 1091, 0, 1136], "HS_greedy": [0, 0, 0, 0, 0, 0, 0, 0], "HS_incr": [0, 0, 0, 0, 0, 0, 0, 0], "HS-opt-time": [0, 1.8172297477722168, 0, 1343.4784626960754, 0, 2187.3422570228577, 0, 2677.8807892799377], "HS-postpone-time": [0, 0, 0, 0, 0, 0, 0, 0], "SAT-time": [0, 0.4047856330871582, 0, 3.4510231018066406, 0, 3.833627939224243, 0, 4.160435914993286], "grow-time": [0, 12.052324533462524, 0, 349.4681222438812, 0, 336.7517728805542, 0, 269.7709410190582], "#expl": 3, "expl_seq": [{"constraints": [10605], "derived": [-8969], "cost": 100}, {"constraints": [10600, 9067], "derived": [-8950], "cost": 160}, {"constraints": [10602, 9067], "derived": [-8957, -8955], "cost": 160}], "OUS-time": [0, 14.429667234420776, 0, 1697.758358001709, 0, 2529.4256629943848, 0, 0], "timeout": true}}