{"config": {"preseeding": true, "sat-polarity": true, "sat-polarity-initial": true, "postpone_opt": true, "postpone_opt_incr": true, "postpone_opt_greedy": true, "grow": true, "grow_sat": false, "grow_subset_maximal": false, "grow_maxsat": true, "maxsat_polarities": true, "grow_maxsat_full_pos": false, "grow_maxsat_full_inv": false, "grow_maxsat_full_unif": false, "grow_maxsat_initial_pos": false, "grow_maxsat_initial_inv": false, "grow_maxsat_initial_unif": true, "grow_maxsat_actual_pos": false, "grow_maxsat_actual_unif": false, "grow_maxsat_actual_inv": false, "timeout": 7200, "instance": "p93", "output": "/data/brussel/101/vsc10143/OUSResults/experiment6_cous/2021011615/20210116154530955559.json"}, "results": {"HS": [0, 3, 0, 1, 0, 2, 0, 2, 0, 2, 0, 2, 0, 2, 0, 4, 0, 2, 0, 2, 0, 2, 0, 2, 0, 2, 0, 2, 0, 2, 0, 2, 0, 2, 0, 2, 0, 2, 0, 2, 0, 2, 0, 4, 0, 1], "HS_greedy": [0, 8, 0, 0, 0, 38, 0, 51, 0, 71, 0, 74, 0, 74, 0, 53, 0, 76, 0, 65, 0, 35, 0, 40, 0, 82, 0, 72, 0, 67, 0, 89, 0, 73, 0, 97, 0, 86, 0, 66, 0, 57, 0, 74, 0, 15], "HS_incr": [0, 168, 0, 0, 0, 1020, 0, 1609, 0, 1809, 0, 2007, 0, 2059, 0, 1294, 0, 1883, 0, 1603, 0, 895, 0, 903, 0, 1775, 0, 1572, 0, 1474, 0, 1908, 0, 1669, 0, 2077, 0, 1733, 0, 1313, 0, 1154, 0, 1390, 0, 271], "HS-opt-time": [0, 0.43515801429748535, 0, 0.0046918392181396484, 0, 8.838865995407104, 0, 8.48378586769104, 0, 9.508472204208374, 0, 9.485689401626587, 0, 21.16395878791809, 0, 51.28254556655884, 0, 29.81433081626892, 0, 7.983386516571045, 0, 6.557338714599609, 0, 3.6074585914611816, 0, 8.624815225601196, 0, 6.863715648651123, 0, 6.368570566177368, 0, 8.118637084960938, 0, 6.79927921295166, 0, 36.17432522773743, 0, 22.261899709701538, 0, 4.484285116195679, 0, 10.920169353485107, 0, 43.65238070487976, 0, 0.0048944950103759766], "HS-postpone-time": [0, 0.03371238708496094, 0, 0, 0, 0.7211174964904785, 0, 1.4321813583374023, 0, 2.2473344802856445, 0, 2.450310230255127, 0, 2.499338150024414, 0, 1.2123401165008545, 0, 2.374438524246216, 0, 1.7015275955200195, 0, 0.4948701858520508, 0, 0.6321518421173096, 0, 2.3185479640960693, 0, 1.6501185894012451, 0, 1.3925914764404297, 0, 2.660531520843506, 0, 1.6869421005249023, 0, 2.7068326473236084, 0, 2.155646324157715, 0, 1.1500647068023682, 0, 0.9343931674957275, 0, 1.5181267261505127, 0, 0.057386159896850586], "SAT-time": [0.3055894374847412, 2.0762507915496826, 0.3073153495788574, 5.9604644775390625e-05, 0.29278993606567383, 13.254308462142944, 0.3901712894439697, 21.307198524475098, 0.35069704055786133, 24.066152811050415, 0.2983236312866211, 26.998488187789917, 0.29742956161499023, 27.58088517189026, 0.3190124034881592, 17.596686840057373, 0.32289934158325195, 25.542240381240845, 0.2946176528930664, 21.901065349578857, 0.301192045211792, 12.168678760528564, 0.3643791675567627, 11.626076221466064, 0.3945136070251465, 24.20555305480957, 0.3740837574005127, 21.193684101104736, 0.32976412773132324, 19.897559881210327, 0.2954366207122803, 25.67352795600891, 0.303119421005249, 21.835366010665894, 0.27855563163757324, 27.30778217315674, 0.30559325218200684, 22.65060830116272, 0.3101687431335449, 16.929208040237427, 0.3277618885040283, 15.108124732971191, 0.2833411693572998, 18.319170475006104, 0.3016777038574219, 3.487386465072632], "grow-time": [4.835217475891113, 30.128966331481934, 4.499251842498779, 0, 4.458500146865845, 203.03771710395813, 5.295876979827881, 320.193288564682, 4.619144439697266, 358.10966897010803, 3.9458744525909424, 390.8195345401764, 3.9421114921569824, 399.0542240142822, 4.155304908752441, 257.34522438049316, 4.2384138107299805, 378.69323682785034, 3.8879404067993164, 315.9280905723572, 3.8682241439819336, 175.12196278572083, 4.687785863876343, 170.1828863620758, 5.085535287857056, 342.9557361602783, 4.736360788345337, 305.87593722343445, 4.3461596965789795, 284.27863240242004, 3.829745054244995, 382.59130001068115, 3.9560554027557373, 318.85739850997925, 3.793135404586792, 406.8498032093048, 3.9952685832977295, 328.85898780822754, 4.1423845291137695, 253.09410858154297, 4.479783535003662, 228.4099109172821, 3.661632537841797, 273.5673942565918, 4.024226903915405, 50.53685760498047], "#expl": 22, "expl_seq": [{"constraints": [40559], "derived": [-38934], "cost": 100}, {"constraints": [40562], "derived": [-38897], "cost": 100}, {"constraints": [40555], "derived": [38871], "cost": 100}, {"constraints": [39019, 38871], "derived": [-38886, -38876, -38891, -38881], "cost": 61}, {"constraints": [39021, 38871], "derived": [-38872, -38870, -38869, -38873], "cost": 61}, {"constraints": [-38897, 39044, 38871], "derived": [-38957], "cost": 62}, {"constraints": [39019, 40557], "derived": [-38887, -38892], "cost": 160}, {"constraints": [39025, 40565], "derived": [-38904], "cost": 160}, {"constraints": [39027, 40557], "derived": [-38942, -38922, -38937], "cost": 160}, {"constraints": [39047, -38922, 38871], "derived": [-38982], "cost": 62}, {"constraints": [40561, -38937], "derived": [38911], "cost": 101}, {"constraints": [39025, 38911], "derived": [-38912, -38910, -38909, -38913], "cost": 61}, {"constraints": [39023, 38911], "derived": [-38896, -38901, -38916, -38906], "cost": 61}, {"constraints": [39050, -38937, 38911], "derived": [-39007], "cost": 62}, {"constraints": [-38886, 39043, 38911], "derived": [-38956], "cost": 62}, {"constraints": [-38887, 39043, 38911], "derived": [-38961], "cost": 62}, {"constraints": [39050, -38934, 38911], "derived": [-39004], "cost": 62}, {"constraints": [40560, 39046], "derived": [-38988], "cost": 160}, {"constraints": [40561, 39019], "derived": [-38884], "cost": 160}, {"constraints": [39043, -38884, 38911], "derived": [-38946], "cost": 62}, {"constraints": [39025, 40563], "derived": [-38914], "cost": 160}, {"constraints": [39048, 40561, -38937], "derived": [38972], "cost": 161}], "OUS-time": [0, 33.17166495323181, 0, 0.005758523941040039, 0, 229.18635892868042, 0, 356.7076647281647, 0, 399.83427333831787, 0, 436.2450044155121, 0, 456.93893671035767, 0, 331.62150263786316, 0, 442.5402557849884, 0, 352.69805884361267, 0, 197.19442558288574, 0, 188.7954339981079, 0, 383.8108310699463, 0, 340.5958995819092, 0, 316.6053011417389, 0, 425.0447919368744, 0, 354.38870763778687, 0, 479.4665434360504, 0, 381.2687096595764, 0, 279.6378939151764, 0, 258.9129526615143, 0, 341.3034191131592, 0, 0], "timeout": true}}