{"config": {"preseeding": true, "sat-polarity": true, "sat-polarity-initial": false, "postpone_opt": true, "postpone_opt_incr": false, "postpone_opt_greedy": true, "grow": true, "grow_sat": false, "grow_subset_maximal": false, "grow_maxsat": true, "maxsat_polarities": true, "grow_maxsat_full_pos": true, "grow_maxsat_full_inv": false, "grow_maxsat_full_unif": false, "grow_maxsat_initial_pos": false, "grow_maxsat_initial_inv": false, "grow_maxsat_initial_unif": false, "grow_maxsat_actual_pos": false, "grow_maxsat_actual_unif": false, "grow_maxsat_actual_inv": false, "timeout": 7200, "instance": "p93", "output": "/data/brussel/101/vsc10143/OUSResults/experiment6_cous/2021011615/20210116154530954789.json"}, "results": {"HS": [0, 10, 0, 8, 0, 1], "HS_greedy": [0, 39, 0, 50, 0, 33], "HS_incr": [0, 0, 0, 0, 0, 0], "HS-opt-time": [0, 0.12355256080627441, 0, 0.20599913597106934, 0, 0.006386280059814453], "HS-postpone-time": [0, 0.03068709373474121, 0, 0.04801201820373535, 0, 0.022508621215820312], "SAT-time": [0.16263341903686523, 0.20927739143371582, 0.15535879135131836, 0.2703518867492676, 0.16692209243774414, 0.17969250679016113], "grow-time": [285.70407938957214, 1849.1987626552582, 285.03011322021484, 3500.25363612175, 302.35383105278015, 531.6871371269226], "#expl": 2, "expl_seq": [{"constraints": [21128], "derived": [-19463], "cost": 100}, {"constraints": [21125], "derived": [-19500], "cost": 100}], "OUS-time": [0, 1849.6371052265167, 0, 3500.8731727600098, 0, 0], "timeout": true}}