{"config": {"preseeding": false, "sat-polarity": true, "sat-polarity-initial": true, "postpone_opt": true, "postpone_opt_incr": false, "postpone_opt_greedy": true, "grow": true, "grow_sat": false, "grow_subset_maximal": false, "grow_maxsat": true, "maxsat_polarities": true, "grow_maxsat_full_pos": false, "grow_maxsat_full_inv": false, "grow_maxsat_full_unif": true, "grow_maxsat_initial_pos": false, "grow_maxsat_initial_inv": false, "grow_maxsat_initial_unif": false, "grow_maxsat_actual_pos": false, "grow_maxsat_actual_unif": false, "grow_maxsat_actual_inv": false, "timeout": 7200, "instance": "pastaPuzzle", "output": "/data/brussel/101/vsc10143/OUSResults/experiment6_cous/2021011600/20210116004003045050.json"}, "results": {"HS": [0, 2, 0, 36, 0, 2, 0, 6, 0, 1], "HS_greedy": [0, 1177, 0, 5860, 0, 5800, 0, 6000, 0, 2444], "HS_incr": [0, 0, 0, 0, 0, 0, 0, 0, 0, 0], "HS-opt-time": [0, 0.971839427947998, 0, 291.0144987106323, 0, 3.1095774173736572, 0, 9.424537897109985, 0, 0.0008955001831054688], "HS-postpone-time": [0, 15.56515884399414, 0, 415.67881178855896, 0, 399.60694313049316, 0, 427.2252502441406, 0, 70.32373547554016], "SAT-time": [0, 2.7363204956054688, 0, 13.990826606750488, 0, 14.165661811828613, 0, 14.837804317474365, 0, 6.070681095123291], "grow-time": [0, 164.49209189414978, 0, 1220.2267978191376, 0, 1281.0032587051392, 0, 1647.6255745887756, 0, 1179.3920514583588], "#expl": 4, "expl_seq": [{"constraints": [6633], "derived": [-5739], "cost": 100}, {"constraints": [5853, 6629], "derived": [5797], "cost": 160}, {"constraints": [5842, 5797], "derived": [-5799, -5798, -5796], "cost": 61}, {"constraints": [5840, 5797], "derived": [-5805, -5793, -5801], "cost": 61}], "OUS-time": [0, 184.79537749290466, 0, 1946.1890904903412, 0, 1703.1688458919525, 0, 2104.555023431778, 0, 0], "timeout": true}}