{"config": {"preseeding": true, "sat-polarity": true, "sat-polarity-initial": false, "postpone_opt": true, "postpone_opt_incr": true, "postpone_opt_greedy": false, "grow": true, "grow_sat": false, "grow_subset_maximal": false, "grow_maxsat": true, "maxsat_polarities": true, "grow_maxsat_full_pos": false, "grow_maxsat_full_inv": false, "grow_maxsat_full_unif": false, "grow_maxsat_initial_pos": false, "grow_maxsat_initial_inv": false, "grow_maxsat_initial_unif": false, "grow_maxsat_actual_pos": false, "grow_maxsat_actual_unif": false, "grow_maxsat_actual_inv": true, "timeout": 7200, "instance": "pastaPuzzle", "output": "/data/brussel/101/vsc10143/OUSResults/experiment6_cous/2021011600/20210116004003046393.json"}, "results": {"HS": [0, 4, 0, 9, 0, 10, 0, 11, 0, 12, 0, 10, 0, 6, 0, 5, 0, 4, 0, 3, 0, 11, 0, 13, 0, 4, 0, 9, 0, 13, 0, 12, 0, 13, 0, 18, 0, 13, 0, 22, 0, 20, 0, 37, 0, 39, 0, 32, 0, 40, 0, 3, 0, 19, 0, 45], "HS_greedy": [0, 0, 0, 0, 0, 0, 0, 0, 0, 0, 0, 0, 0, 0, 0, 0, 0, 0, 0, 0, 0, 0, 0, 0, 0, 0, 0, 0, 0, 0, 0, 0, 0, 0, 0, 0, 0, 0, 0, 0, 0, 0, 0, 0, 0, 0, 0, 0, 0, 0, 0, 0, 0, 0, 0, 0], "HS_incr": [0, 47, 0, 118, 0, 93, 0, 85, 0, 140, 0, 124, 0, 35, 0, 42, 0, 33, 0, 17, 0, 108, 0, 116, 0, 24, 0, 74, 0, 125, 0, 124, 0, 128, 0, 169, 0, 89, 0, 180, 0, 188, 0, 313, 0, 305, 0, 254, 0, 269, 0, 14, 0, 148, 0, 343], "HS-opt-time": [0, 0.06668543815612793, 0, 0.8471758365631104, 0, 0.6510345935821533, 0, 0.4395875930786133, 0, 0.8337574005126953, 0, 0.6393442153930664, 0, 0.03243660926818848, 0, 0.03079819679260254, 0, 0.019652605056762695, 0, 0.013232946395874023, 0, 0.8148088455200195, 0, 1.391277551651001, 0, 0.0202939510345459, 0, 0.31487083435058594, 0, 1.09922194480896, 0, 1.184988260269165, 0, 1.5819523334503174, 0, 2.294069290161133, 0, 0.8340401649475098, 0, 6.1925575733184814, 0, 5.053192615509033, 0, 28.877121448516846, 0, 23.87040066719055, 0, 16.568811178207397, 0, 26.950949907302856, 0, 0.00836324691772461, 0, 2.938608169555664, 0, 28.708822011947632], "HS-postpone-time": [0, 0.0022377967834472656, 0, 0.00557708740234375, 0, 0.004271745681762695, 0, 0.0037136077880859375, 0, 0.006632566452026367, 0, 0.0059795379638671875, 0, 0.0015795230865478516, 0, 0.0018355846405029297, 0, 0.0016124248504638672, 0, 0.0007598400115966797, 0, 0.00480341911315918, 0, 0.005402803421020508, 0, 0.0010564327239990234, 0, 0.003378152847290039, 0, 0.0055446624755859375, 0, 0.005475759506225586, 0, 0.005695343017578125, 0, 0.007344484329223633, 0, 0.003930091857910156, 0, 0.00789332389831543, 0, 0.008331537246704102, 0, 0.014119148254394531, 0, 0.013714790344238281, 0, 0.011378288269042969, 0, 0.011988401412963867, 0, 0.0005428791046142578, 0, 0.005795717239379883, 0, 0.015143394470214844], "SAT-time": [0.09834980964660645, 0.2800331115722656, 0.08949589729309082, 0.7275829315185547, 0.08854389190673828, 0.5879404544830322, 0.07723808288574219, 0.5382890701293945, 0.0720357894897461, 0.8904588222503662, 0.07325530052185059, 0.801952600479126, 0.07572650909423828, 0.22719025611877441, 0.07377815246582031, 0.2709026336669922, 0.06766772270202637, 0.21335387229919434, 0.06292366981506348, 0.1091609001159668, 0.05587005615234375, 0.7041168212890625, 0.05162239074707031, 0.7689173221588135, 0.06547212600708008, 0.1576697826385498, 0.056321144104003906, 0.48995018005371094, 0.05187726020812988, 0.8307647705078125, 0.04650425910949707, 0.8256123065948486, 0.04609823226928711, 0.8645780086517334, 0.08034038543701172, 1.1501092910766602, 0.06797575950622559, 0.5983233451843262, 0.08025622367858887, 1.2259838581085205, 0.060120582580566406, 1.2821857929229736, 0.05417633056640625, 2.167476177215576, 0.06351351737976074, 2.140883684158325, 0.06325864791870117, 1.7850322723388672, 0.053862810134887695, 1.8385124206542969, 0.0419621467590332, 0.09379196166992188, 0.03316831588745117, 1.0073320865631104, 0.04791736602783203, 2.329819679260254], "grow-time": [1.8813371658325195, 5.535259008407593, 1.633080244064331, 31.87380814552307, 1.5861577987670898, 23.281699657440186, 1.3826026916503906, 44.00194239616394, 1.293391227722168, 83.43609046936035, 1.3108131885528564, 53.815648317337036, 1.3152086734771729, 3.9458417892456055, 1.306596279144287, 5.400941610336304, 1.1646909713745117, 3.6930932998657227, 1.0734503269195557, 1.8540215492248535, 0.997180700302124, 235.44688630104065, 0.9032166004180908, 122.85216784477234, 1.0805721282958984, 3.3945653438568115, 0.9845049381256104, 58.826730728149414, 0.9056723117828369, 218.08786725997925, 0.769942045211792, 80.06053018569946, 0.8165085315704346, 195.25172662734985, 1.3351869583129883, 296.5212461948395, 1.1160871982574463, 34.62879967689514, 1.3248469829559326, 340.37542605400085, 1.0218851566314697, 310.251323223114, 0.9347615242004395, 785.7993140220642, 1.1078202724456787, 680.2702488899231, 1.0382883548736572, 640.992917060852, 0.9153578281402588, 1312.8428630828857, 0.7192144393920898, 1.772646427154541, 0.5598289966583252, 338.8427803516388, 0.7559716701507568, 1046.1233084201813], "#expl": 27, "expl_seq": [{"constraints": [29541], "derived": [-28647], "cost": 100}, {"constraints": [28740, 29542], "derived": [-28680, -28668], "cost": 160}, {"constraints": [28732, 29543], "derived": [-28645, -28641], "cost": 160}, {"constraints": [-28668, 28741, 28759, -28680, -28645, -28641], "derived": [-28704], "cost": 124}, {"constraints": [28738, 29539], "derived": [-28655], "cost": 160}, {"constraints": [28761, 29537], "derived": [28705], "cost": 160}, {"constraints": [28705, 28748], "derived": [-28701, -28709, -28713], "cost": 61}, {"constraints": [28705, 28750], "derived": [-28707, -28706], "cost": 61}, {"constraints": [28705, -28645, 28759], "derived": [-28677], "cost": 62}, {"constraints": [28705, -28641, 28759], "derived": [-28673], "cost": 62}, {"constraints": [28758, 28746, 29538], "derived": [-28692], "cost": 220}, {"constraints": [29536, 28738, 28757], "derived": [-28688], "cost": 220}, {"constraints": [-28688, 28705, 28765], "derived": [-28717], "cost": 62}, {"constraints": [28738, 29539, 28740], "derived": [-28670], "cost": 220}, {"constraints": [28752, 29536, 28764], "derived": [-28728], "cost": 220}, {"constraints": [28738, 29540, 28740], "derived": [-28675], "cost": 220}, {"constraints": [28752, 29539, 28764], "derived": [-28718], "cost": 220}, {"constraints": [28752, 29538, 28764], "derived": [-28730], "cost": 220}, {"constraints": [-28730, -28728, 28755, 28763, -28675, -28673], "derived": [-28659], "cost": 124}, {"constraints": [28752, 29540, -28659, 28764], "derived": [-28723], "cost": 221}, {"constraints": [28738, 29539, 28764, -28730], "derived": [-28654], "cost": 221}, {"constraints": [29538, 28732, -28655, -28654, -28718, 28764], "derived": [-28638], "cost": 223}, {"constraints": [28736, 29536, 28738, -28655, -28654, -28680, -28645, -28641], "derived": [-28664], "cost": 225}, {"constraints": [29536, 28737, 28738, -28668, -28655, -28654, -28645, -28641], "derived": [-28665], "cost": 225}, {"constraints": [-28670, -28668, -28730, 28743, -28728, 28752, -28655, -28654, 28755, 28762], "derived": [-28727, -28725], "cost": 246}, {"constraints": [28705, -28725, 28767], "derived": [-28690], "cost": 62}, {"constraints": [-28727, 28738, 29540, 28764], "derived": [-28656], "cost": 221}], "OUS-time": [0, 5.964053392410278, 0, 33.66222643852234, 0, 24.689289093017578, 0, 45.13465142250061, 0, 85.4140796661377, 0, 55.48236131668091, 0, 4.269176721572876, 0, 5.77771782875061, 0, 3.9854230880737305, 0, 2.0067105293273926, 0, 237.1586730480194, 0, 125.22005701065063, 0, 3.614798069000244, 0, 59.76212191581726, 0, 220.2399206161499, 0, 82.29094409942627, 0, 197.92655754089355, 0, 300.26835536956787, 0, 36.217753410339355, 0, 348.1143856048584, 0, 316.921359539032, 0, 817.4054336547852, 0, 706.830828666687, 0, 659.8028757572174, 0, 1342.1018462181091, 0, 1.8988075256347656, 0, 343.04282689094543, 0, 0], "timeout": true}}