{"config": {"preseeding": true, "sat-polarity": true, "sat-polarity-initial": false, "postpone_opt": true, "postpone_opt_incr": true, "postpone_opt_greedy": false, "grow": true, "grow_sat": false, "grow_subset_maximal": false, "grow_maxsat": true, "maxsat_polarities": true, "grow_maxsat_full_pos": false, "grow_maxsat_full_inv": false, "grow_maxsat_full_unif": false, "grow_maxsat_initial_pos": false, "grow_maxsat_initial_inv": true, "grow_maxsat_initial_unif": false, "grow_maxsat_actual_pos": false, "grow_maxsat_actual_unif": false, "grow_maxsat_actual_inv": false, "timeout": 7200, "instance": "pastaPuzzle", "output": "/data/brussel/101/vsc10143/OUSResults/experiment6_cous/2021011600/20210116004003046356.json"}, "results": {"HS": [0, 4, 0, 9, 0, 10, 0, 11, 0, 12, 0, 10, 0, 6, 0, 5, 0, 4, 0, 3, 0, 11, 0, 13, 0, 4, 0, 9, 0, 13, 0, 12, 0, 13, 0, 18, 0, 13, 0, 22, 0, 20, 0, 37, 0, 39, 0, 32, 0, 40, 0, 3, 0, 19, 0, 54, 0, 5, 0, 5, 0, 6, 0, 13, 0, 31, 0, 10, 0, 11, 0, 10, 0, 10, 0, 11, 0, 15], "HS_greedy": [0, 0, 0, 0, 0, 0, 0, 0, 0, 0, 0, 0, 0, 0, 0, 0, 0, 0, 0, 0, 0, 0, 0, 0, 0, 0, 0, 0, 0, 0, 0, 0, 0, 0, 0, 0, 0, 0, 0, 0, 0, 0, 0, 0, 0, 0, 0, 0, 0, 0, 0, 0, 0, 0, 0, 0, 0, 0, 0, 0, 0, 0, 0, 0, 0, 0, 0, 0, 0, 0, 0, 0, 0, 0, 0, 0, 0, 0], "HS_incr": [0, 47, 0, 118, 0, 93, 0, 85, 0, 140, 0, 124, 0, 35, 0, 42, 0, 33, 0, 17, 0, 108, 0, 116, 0, 24, 0, 74, 0, 125, 0, 124, 0, 128, 0, 169, 0, 89, 0, 180, 0, 188, 0, 313, 0, 305, 0, 254, 0, 269, 0, 14, 0, 148, 0, 377, 0, 33, 0, 26, 0, 33, 0, 83, 0, 256, 0, 56, 0, 57, 0, 57, 0, 52, 0, 48, 0, 69], "HS-opt-time": [0, 0.06209087371826172, 0, 0.7982492446899414, 0, 0.6136763095855713, 0, 0.4132513999938965, 0, 0.7885026931762695, 0, 0.6024699211120605, 0, 0.030396461486816406, 0, 0.02884674072265625, 0, 0.018829822540283203, 0, 0.012185335159301758, 0, 0.7642507553100586, 0, 1.3146333694458008, 0, 0.019204378128051758, 0, 0.2974088191986084, 0, 1.0295798778533936, 0, 1.0986864566802979, 0, 1.470033884048462, 0, 2.134538173675537, 0, 0.7773370742797852, 0, 5.7406394481658936, 0, 4.655520915985107, 0, 26.208612203598022, 0, 21.58580207824707, 0, 15.090707540512085, 0, 25.3945415019989, 0, 0.007854938507080078, 0, 2.8293933868408203, 0, 40.505738735198975, 0, 0.028178930282592773, 0, 0.018680095672607422, 0, 0.022080421447753906, 0, 0.6284050941467285, 0, 9.980848550796509, 0, 0.08899068832397461, 0, 0.05779457092285156, 0, 0.07370710372924805, 0, 0.08624863624572754, 0, 0.1332566738128662, 0, 0.21095991134643555], "HS-postpone-time": [0, 0.0019936561584472656, 0, 0.005167722702026367, 0, 0.003963947296142578, 0, 0.0034689903259277344, 0, 0.006038188934326172, 0, 0.005488872528076172, 0, 0.0014216899871826172, 0, 0.001756429672241211, 0, 0.0013883113861083984, 0, 0.0007042884826660156, 0, 0.0044329166412353516, 0, 0.004774570465087891, 0, 0.0009543895721435547, 0, 0.0030863285064697266, 0, 0.0051381587982177734, 0, 0.005094766616821289, 0, 0.005364894866943359, 0, 0.006853342056274414, 0, 0.003659963607788086, 0, 0.007203578948974609, 0, 0.007501125335693359, 0, 0.012439489364624023, 0, 0.012207984924316406, 0, 0.009830236434936523, 0, 0.010695457458496094, 0, 0.0004911422729492188, 0, 0.005340576171875, 0, 0.015443086624145508, 0, 0.0011785030364990234, 0, 0.0008692741394042969, 0, 0.001154184341430664, 0, 0.0029921531677246094, 0, 0.01005244255065918, 0, 0.002002239227294922, 0, 0.0018334388732910156, 0, 0.0019214153289794922, 0, 0.0017573833465576172, 0, 0.0016112327575683594, 0, 0.002262115478515625], "SAT-time": [0.0936279296875, 0.26768994331359863, 0.08492422103881836, 0.6905958652496338, 0.08252596855163574, 0.5513980388641357, 0.07088327407836914, 0.5011138916015625, 0.06852602958679199, 0.8605163097381592, 0.0695044994354248, 0.7476720809936523, 0.07102441787719727, 0.21290946006774902, 0.06911087036132812, 0.25360107421875, 0.06352901458740234, 0.1988072395324707, 0.059383392333984375, 0.10236668586730957, 0.05027437210083008, 0.6556911468505859, 0.04925537109375, 0.7237374782562256, 0.060799598693847656, 0.14843964576721191, 0.053544044494628906, 0.4571661949157715, 0.04852104187011719, 0.7833514213562012, 0.043898820877075195, 0.7796058654785156, 0.043074607849121094, 0.8018803596496582, 0.07444572448730469, 1.0745515823364258, 0.06195425987243652, 0.5585167407989502, 0.07526612281799316, 1.1373405456542969, 0.054601192474365234, 1.1614890098571777, 0.049149274826049805, 1.9341816902160645, 0.055214643478393555, 1.8513028621673584, 0.0556485652923584, 1.5371918678283691, 0.04868936538696289, 1.6216769218444824, 0.03631877899169922, 0.08267784118652344, 0.030178070068359375, 0.8662943840026855, 0.043169498443603516, 2.233415365219116, 0.04781317710876465, 0.19046330451965332, 0.04022789001464844, 0.14664793014526367, 0.03444314002990723, 0.18981480598449707, 0.03507208824157715, 0.47467041015625, 0.030894041061401367, 1.4814746379852295, 0.024341821670532227, 0.31900620460510254, 0.04046010971069336, 0.3302748203277588, 0.06322073936462402, 0.3271012306213379, 0.0810248851776123, 0.29749393463134766, 0.07626199722290039, 0.2755439281463623, 0.09812664985656738, 0.40366601943969727], "grow-time": [1.6919910907745361, 5.1131322383880615, 1.5003089904785156, 29.195884466171265, 1.4267640113830566, 21.222411632537842, 1.253516674041748, 39.90608048439026, 1.1907179355621338, 77.02088665962219, 1.1831560134887695, 48.749215841293335, 1.1547627449035645, 3.631690502166748, 1.191922664642334, 4.890376329421997, 1.070615291595459, 3.364243984222412, 0.991403341293335, 1.6839845180511475, 0.8842554092407227, 209.86112117767334, 0.8252604007720947, 109.04393649101257, 0.9827585220336914, 3.0724740028381348, 0.9042496681213379, 52.936548948287964, 0.8123540878295898, 192.42649912834167, 0.7422540187835693, 72.0808117389679, 0.7352628707885742, 171.305823802948, 1.148130178451538, 260.3195984363556, 1.0183532238006592, 30.86178421974182, 1.1904819011688232, 298.8044900894165, 0.9040687084197998, 260.9694426059723, 0.8345098495483398, 639.4528527259827, 0.9183683395385742, 539.3397860527039, 0.9407095909118652, 498.78196454048157, 0.8145134449005127, 1073.490520477295, 0.6447634696960449, 1.5799777507781982, 0.5531909465789795, 271.7282683849335, 0.7357418537139893, 926.0883297920227, 0.8440086841583252, 13.074788093566895, 0.7482280731201172, 5.32646107673645, 0.5967042446136475, 11.222835779190063, 0.5956840515136719, 44.17630934715271, 0.5134174823760986, 887.6227583885193, 0.4916555881500244, 15.529690980911255, 0.8004515171051025, 18.09347152709961, 1.360637903213501, 20.68648099899292, 1.6092760562896729, 22.729851007461548, 1.6763534545898438, 14.717665672302246, 1.7372136116027832, 28.16965413093567], "#expl": 38, "expl_seq": [{"constraints": [29541], "derived": [-28647], "cost": 100}, {"constraints": [28740, 29542], "derived": [-28680, -28668], "cost": 160}, {"constraints": [28732, 29543], "derived": [-28645, -28641], "cost": 160}, {"constraints": [-28668, 28741, 28759, -28680, -28645, -28641], "derived": [-28704], "cost": 124}, {"constraints": [28738, 29539], "derived": [-28655], "cost": 160}, {"constraints": [28761, 29537], "derived": [28705], "cost": 160}, {"constraints": [28705, 28748], "derived": [-28701, -28709, -28713], "cost": 61}, {"constraints": [28705, 28750], "derived": [-28707, -28706], "cost": 61}, {"constraints": [28705, -28645, 28759], "derived": [-28677], "cost": 62}, {"constraints": [28705, -28641, 28759], "derived": [-28673], "cost": 62}, {"constraints": [28758, 28746, 29538], "derived": [-28692], "cost": 220}, {"constraints": [29536, 28738, 28757], "derived": [-28688], "cost": 220}, {"constraints": [-28688, 28705, 28765], "derived": [-28717], "cost": 62}, {"constraints": [28738, 29539, 28740], "derived": [-28670], "cost": 220}, {"constraints": [28752, 29536, 28764], "derived": [-28728], "cost": 220}, {"constraints": [28738, 29540, 28740], "derived": [-28675], "cost": 220}, {"constraints": [28752, 29539, 28764], "derived": [-28718], "cost": 220}, {"constraints": [28752, 29538, 28764],