{"config": {"preseeding": false, "sat-polarity": true, "sat-polarity-initial": false, "postpone_opt": true, "postpone_opt_incr": true, "postpone_opt_greedy": false, "grow": true, "grow_sat": false, "grow_subset_maximal": false, "grow_maxsat": true, "maxsat_polarities": true, "grow_maxsat_full_pos": false, "grow_maxsat_full_inv": false, "grow_maxsat_full_unif": false, "grow_maxsat_initial_pos": false, "grow_maxsat_initial_inv": false, "grow_maxsat_initial_unif": false, "grow_maxsat_actual_pos": false, "grow_maxsat_actual_unif": false, "grow_maxsat_actual_inv": true, "timeout": 7200, "instance": "pastaPuzzle", "output": "/data/brussel/101/vsc10143/OUSResults/experiment6_cous/2021011600/20210116004003045197.json"}, "results": {"HS": [0, 9, 0, 13, 0, 12, 0, 14, 0, 14, 0, 12, 0, 10, 0, 9, 0, 10, 0, 10, 0, 17, 0, 7, 0, 14, 0, 15, 0, 12, 0, 16, 0, 17, 0, 24, 0, 14, 0, 27, 0, 39, 0, 44, 0, 43, 0, 36, 0, 42, 0, 8, 0, 21, 0, 65, 0, 65, 0, 11, 0, 8, 0, 9, 0, 7, 0, 14, 0, 25, 0, 12, 0, 12, 0, 13, 0, 14, 0, 17, 0, 24, 0, 21, 0, 26, 0, 28, 0, 1], "HS_greedy": [0, 0, 0, 0, 0, 0, 0, 0, 0, 0, 0, 0, 0, 0, 0, 0, 0, 0, 0, 0, 0, 0, 0, 0, 0, 0, 0, 0, 0, 0, 0, 0, 0, 0, 0, 0, 0, 0, 0, 0, 0, 0, 0, 0, 0, 0, 0, 0, 0, 0, 0, 0, 0, 0, 0, 0, 0, 0, 0, 0, 0, 0, 0, 0, 0, 0, 0, 0, 0, 0, 0, 0, 0, 0, 0, 0, 0, 0, 0, 0, 0, 0, 0, 0, 0, 0, 0, 0, 0, 0], "HS_incr": [0, 141, 0, 193, 0, 171, 0, 165, 0, 180, 0, 162, 0, 129, 0, 119, 0, 114, 0, 136, 0, 182, 0, 78, 0, 150, 0, 187, 0, 132, 0, 193, 0, 202, 0, 243, 0, 135, 0, 266, 0, 306, 0, 345, 0, 328, 0, 273, 0, 294, 0, 72, 0, 184, 0, 490, 0, 459, 0, 90, 0, 60, 0, 67, 0, 57, 0, 77, 0, 184, 0, 83, 0, 86, 0, 86, 0, 99, 0, 118, 0, 136, 0, 109, 0, 144, 0, 135, 0, 6], "HS-opt-time": [0, 0.2890632152557373, 0, 2.271632194519043, 0, 1.3620479106903076, 0, 0.8935542106628418, 0, 1.7340822219848633, 0, 0.30275893211364746, 0, 0.1799609661102295, 0, 0.1136782169342041, 0, 0.18960022926330566, 0, 0.31960558891296387, 0, 1.7824866771697998, 0, 0.05276226997375488, 0, 1.1066415309906006, 0, 1.4240374565124512, 0, 0.9233798980712891, 0, 1.4231948852539062, 0, 3.0748233795166016, 0, 6.6828203201293945, 0, 1.7559328079223633, 0, 14.235597372055054, 0, 24.905097723007202, 0, 32.28486514091492, 0, 29.24429225921631, 0, 19.82282829284668, 0, 28.50421953201294, 0, 0.07383131980895996, 0, 4.343944787979126, 0, 73.48262190818787, 0, 60.27230405807495, 0, 0.14023923873901367, 0, 0.034409284591674805, 0, 0.04745292663574219, 0, 0.03233194351196289, 0, 0.38120150566101074, 0, 3.868812322616577, 0, 0.09474015235900879, 0, 0.07652163505554199, 0, 0.12264251708984375, 0, 0.15648221969604492, 0, 0.29981207847595215, 0, 0.44762444496154785, 0, 0.30244970321655273, 0, 0.4567897319793701, 0, 0.7269456386566162, 0, 0.0008087158203125], "HS-postpone-time": [0, 0.00654149055480957, 0, 0.009514093399047852, 0, 0.008440017700195312, 0, 0.008496999740600586, 0, 0.00884103775024414, 0, 0.007899761199951172, 0, 0.006112813949584961, 0, 0.005682706832885742, 0, 0.005372762680053711, 0, 0.006628990173339844, 0, 0.00913691520690918, 0, 0.0036835670471191406, 0, 0.0073032379150390625, 0, 0.009090900421142578, 0, 0.006197214126586914, 0, 0.008504629135131836, 0, 0.00952768325805664, 0, 0.01139688491821289, 0, 0.006052255630493164, 0, 0.011845588684082031, 0, 0.013884782791137695, 0, 0.015524864196777344, 0, 0.016049861907958984, 0, 0.012572050094604492, 0, 0.013253450393676758, 0, 0.0029654502868652344, 0, 0.008069276809692383, 0, 0.0240938663482666, 0, 0.02098226547241211, 0, 0.0035867691040039062, 0, 0.002236604690551758, 0, 0.0025453567504882812, 0, 0.002293825149536133, 0, 0.003073453903198242, 0, 0.007784366607666016, 0, 0.003133535385131836, 0, 0.003191709518432617, 0, 0.003099203109741211, 0, 0.0038797855377197266, 0, 0.004320859909057617, 0, 0.004683971405029297, 0, 0.003653287887573242, 0, 0.005218505859375, 0, 0.00471806526184082, 0, 0.0002193450927734375], "SAT-time": [0, 0.31522130966186523, 0, 0.4392216205596924, 0, 0.3952827453613281, 0, 0.3826448917388916, 0, 0.41461825370788574, 0, 0.3740212917327881, 0, 0.3026700019836426, 0, 0.27841806411743164, 0, 0.2952396869659424, 0, 0.3675823211669922, 0, 0.5559995174407959, 0, 0.23711204528808594, 0, 0.4609260559082031, 0, 0.5789260864257812, 0, 0.4115712642669678, 0, 0.6066453456878662, 0, 0.6388583183288574, 0, 0.762753963470459, 0, 0.429807186126709, 0, 0.8538014888763428, 0, 0.9785895347595215, 0, 1.1104209423065186, 0, 1.066896677017212, 0, 0.8730292320251465, 0, 0.9559493064880371, 0, 0.22826361656188965, 0, 0.5824306011199951, 0, 1.621593952178955, 0, 1.502272367477417, 0, 0.2855195999145508, 0, 0.1914212703704834, 0, 0.21430516242980957, 0, 0.17893218994140625, 0, 0.24210381507873535, 0, 0.5894081592559814, 0, 0.26572489738464355, 0, 0.27030205726623535, 0, 0.2697453498840332, 0, 0.3128485679626465, 0, 0.377699613571167, 0, 0.4322926998138428, 0, 0.34744739532470703, 0, 0.4611227512359619, 0, 0.4324061870574951, 0, 0.023855924606323242], "grow-time": [0, 10.984812021255493, 0, 56.36819577217102, 0, 41.19837474822998, 0, 81.04182028770447, 0, 58.84274983406067, 0, 13.58758544921875, 0, 13.774832010269165, 0, 9.294226169586182, 0, 13.293972492218018, 0, 37.15903282165527, 0, 208.04085731506348, 0, 29.3888201713562, 0, 177.767071723938, 0, 117.36122512817383, 0, 155.43719244003296, 0, 171.02202987670898, 0, 196.57244420051575, 0, 134.21157598495483, 0, 18.679769277572632, 0, 356.65922689437866, 0, 244.63246726989746, 0, 592.3128142356873, 0, 638.7451021671295, 0, 228.09301447868347, 0, 526.7361736297607, 0, 5.792389631271362, 0, 158.08854937553406, 0, 945.0384142398834, 0, 856.2918782234192, 0, 8.834360122680664, 0, 5.839247465133667, 0, 5.9562883377075195, 0, 5.435642719268799, 0, 11.88617467880249, 0, 616.2054705619812, 0, 8.5966055393219, 0, 6.873794078826904, 0, 7.252030611038208, 0, 7.785660028457642, 0, 8.991537094116211, 0, 11.867463827133179, 0, 8.060522556304932, 0, 10.842987298965454, 0, 11.22805118560791, 0, 0.8169293403625488], "#expl": 44, "expl_seq": [{"constraints": [6633], "derived": [-5739], "cost": 100}, {"constraints": [5832, 6634], "derived": [-5760, -5772], "cost": 160}, {"constraints": [5824, 6635], "derived": [-5733, -5737], "cost": 160}, {"constraints": [-5760, 5833, -5772, -5737, -5733, 5851], "derived": [-5796], "cost": 124}, {"constraints": [5853, 6629], "derived": [5797], "cost": 160}, {"constraints": [5840, 5797], "derived": [-5805, -5793, -5801], "cost": 61}, {"constraints": [5842, 5797], "derived": [-5799, -5798], "cost": 61}, {"constraints": [5851, 5797, -5737], "derived": [-5769], "cost": 62}, {"constraints": [5851, -5733, 5797], "derived": [-5765], "cost": 62}, {"constraints": [5830, 6631], "derived": [-5747], "cost": 160}, {"constraints": [5850, 6628, 5838], "derived": [-5780], "cost": 220}, {"constraints": [5857, -5780, 5797], "derived": [-5809], "cost": 62}, {"constraints": [5832, 5830, 6631], "derived": [-5762], "cost": 220}, {"constraints": [5856, 5844, 6632], "derived": [-5767], "cost": 220}, {"constraints": [5849, 5830, 6630], "derived": [-5784], "cost": 220}, {"constraints": [5854, 6630, 5830], "derived": [-5822], "cost": 220}, {"constraints": [5830, 5854, 6631], "derived": [-5810], "cost": 220}, {"constraints": [5856, 5844, 6628], "derived": [-5820], "cost": 220}, {"constraints": [-5822, -5820, 5847, -5767, -5765, 5855], "derived": [-5751], "cost": 124}, {"constraints": [5856, -5822, 5830, 6631], "derived": [-5746], "cost": 221}, {"constraints": [5856, -5751, 5844, 6632], "derived": [-5815], "cost": 221}, {"constraints": [5824, 5856, 6630, -5747, -5810, -5746], "derived": [-5730], "cost": 223}, {"constraints": [6628, 5828, 5830, -5747, -5746, -5772, -5737, -5733], "derived": [-5756], "cost": 225}, {"constraints": [-5760, 6628, 5829, 5830, -5747, -5746, -5737, -5733], "derived": [-5757], "cost": 225}, {"constraints": [-5760, -5822, -5820, 5835, -5747, -5746, 5854, 5844, 5847, -5762], "derived": [-5819, -5817], "cost": 246}, {"constraints": [5859, 5797, -5817], "derived": [-5782],