{"clauses": 160, "avg_clause_len": 3, "steps": 175, "t_hitting_set": [0.13520073890686035, 0.12952756881713867, 0.12451577186584473, 0.12316298484802246, 0.11801433563232422, 0.11562275886535645, 0.11661744117736816, 0.11637449264526367, 0.11497139930725098, 0.11458420753479004, 0.11697697639465332, 0.11254096031188965, 0.11046075820922852, 0.1078495979309082, 0.11239814758300781, 0.11481332778930664, 0.10960578918457031, 0.1113898754119873, 0.11143732070922852, 0.11542344093322754, 0.11518120765686035, 0.11427974700927734, 0.12938594818115234, 0.11283159255981445, 0.11014342308044434, 0.11120343208312988, 0.11263203620910645, 0.11487793922424316, 0.11491060256958008, 0.11392784118652344, 0.11627817153930664, 0.11374592781066895, 0.11489748954772949, 0.10984516143798828, 0.11286711692810059, 0.1163332462310791, 0.11702322959899902, 0.11607170104980469, 0.11256766319274902, 0.11095046997070312, 0.11544060707092285, 0.11565232276916504, 0.1149437427520752, 0.1160426139831543, 0.11027407646179199, 0.10999727249145508, 0.1155087947845459, 0.13015031814575195, 0.11229634284973145, 0.12592267990112305, 0.11258554458618164, 0.12161993980407715, 0.11162495613098145, 0.11126518249511719, 0.11746406555175781, 0.11616873741149902, 0.11468338966369629, 0.11066508293151855, 0.1129608154296875, 0.13605666160583496, 0.13099932670593262, 0.11971044540405273, 0.11275172233581543, 0.11339879035949707, 0.12745428085327148, 0.11472320556640625, 0.11442780494689941, 0.11390161514282227, 0.11262702941894531, 0.1114811897277832, 0.11845898628234863, 0.11884927749633789, 0.11790847778320312, 0.11368727684020996, 0.11430215835571289, 0.11667132377624512, 0.13730287551879883, 0.13473749160766602, 0.12813401222229004, 0.11519742012023926, 0.11259818077087402, 0.11327600479125977, 0.11838316917419434, 0.1179966926574707, 0.11664080619812012, 0.11375212669372559, 0.11447715759277344, 0.11915469169616699, 0.11709809303283691, 0.11974477767944336, 0.11668014526367188, 0.11614489555358887, 0.1181340217590332, 0.13622522354125977, 0.13566279411315918, 0.13439321517944336, 0.11705207824707031, 0.11488175392150879, 0.11755967140197754, 0.11569881439208984, 0.11323142051696777, 0.1165018081665039, 0.12013673782348633, 0.12078094482421875, 0.1208038330078125, 0.1173396110534668, 0.1266622543334961, 0.12812042236328125, 0.13385224342346191, 0.12664222717285156, 0.12870025634765625, 0.12789249420166016, 0.12990522384643555, 0.13408637046813965, 0.1330113410949707, 0.12552618980407715, 0.12341904640197754, 0.12842941284179688, 0.1206510066986084, 0.12053894996643066, 0.12222576141357422, 0.12577080726623535, 0.13175678253173828, 0.13812661170959473, 0.13156390190124512, 0.12973499298095703, 0.1312401294708252, 0.13709020614624023, 0.14992284774780273, 0.16163110733032227, 0.1476900577545166, 0.15726542472839355, 0.14034199714660645, 0.13718724250793457, 0.13344049453735352, 0.14952468872070312, 0.13896703720092773, 0.14624834060668945, 0.13546276092529297, 0.13234853744506836, 0.12379336357116699, 0.1258683204650879, 0.13354945182800293, 0.14163613319396973, 0.13760590553283691, 0.13145661354064941, 0.12981224060058594, 0.13085484504699707, 0.13120603561401367, 0.13316798210144043, 0.12623238563537598, 0.11874628067016602, 0.11886811256408691, 0.11947798728942871, 0.12236762046813965, 0.12131714820861816, 0.11973285675048828, 0.11817550659179688, 0.11785531044006348, 0.12008261680603027, 0.11924481391906738, 0.11510133743286133, 0.11676311492919922, 0.1220095157623291, 0.13208651542663574, 0.12491106986999512, 0.1219937801361084, 0.12521624565124512, 0.1235506534576416, 0.12448644638061523, 0.12154245376586914, 0.11687159538269043, 0.12260031700134277, 0.1161506175994873, 0.11908841133117676, 0.11824369430541992], "t_sat_check": [3.337860107421875e-06, 0.00013375282287597656, 0.00019073486328125, 0.00015473365783691406, 0.00016832351684570312, 0.0001742839813232422, 0.0001571178436279297, 0.00015592575073242188, 0.00017833709716796875, 0.00017380714416503906, 0.00018262863159179688, 0.00018668174743652344, 0.0001850128173828125, 0.0001888275146484375, 0.0002155303955078125, 0.00020623207092285156, 0.00021696090698242188, 0.00019788742065429688, 0.00023603439331054688, 0.00022530555725097656, 0.00020837783813476562, 0.0001983642578125, 0.00025653839111328125, 0.00020694732666015625, 0.0002033710479736328, 0.00021910667419433594, 0.00019407272338867188, 0.00022840499877929688, 0.00023221969604492188, 0.00023293495178222656, 0.0002129077911376953, 0.00021886825561523438, 0.00024390220642089844, 0.0002067089080810547, 0.00022482872009277344, 0.00023365020751953125, 0.0002346038818359375, 0.0003094673156738281, 0.0002295970916748047, 0.00022912025451660156, 0.0002384185791015625, 0.0003731250762939453, 0.0002446174621582031, 0.00025391578674316406, 0.00026798248291015625, 0.0002446174621582031, 0.0002512931823730469, 0.0002491474151611328, 0.0002422332763671875, 0.00026226043701171875, 0.0002715587615966797, 0.000377655029296875, 0.0002586841583251953, 0.0002605915069580078, 0.0003132820129394531, 0.0002951622009277344, 0.00029468536376953125, 0.0003085136413574219, 0.0002856254577636719, 0.00029397010803222656, 0.0003952980041503906, 0.0002651214599609375, 0.0003161430358886719, 0.0002884864807128906, 0.00028204917907714844, 0.0002968311309814453, 0.000301361083984375, 0.00028705596923828125, 0.0003299713134765625, 0.00030112266540527344, 0.00030517578125, 0.0003311634063720703, 0.00031948089599609375, 0.0002982616424560547, 0.00029277801513671875, 0.0003123283386230469, 0.0004475116729736328, 0.0003266334533691406, 0.0003676414489746094, 0.0003542900085449219, 0.00031447410583496094, 0.00035881996154785156, 0.0003254413604736328, 0.0003409385681152344, 0.0003275871276855469, 0.00031375885009765625, 0.00029349327087402344, 0.0003025531768798828, 0.00037407875061035156, 0.0003032684326171875, 0.0004277229309082031, 0.0002951622009277344, 0.00034880638122558594, 0.0004355907440185547, 0.0003402233123779297, 0.00031185150146484375, 0.00030684471130371094, 0.00031828880310058594, 0.0003457069396972656, 0.0003006458282470703, 0.0002903938293457031, 0.00038313865661621094, 0.00033211708068847656, 0.0003180503845214844, 0.0003101825714111328, 0.0003094673156738281, 0.00043129920959472656, 0.00033545494079589844, 0.00046062469482421875, 0.0003464221954345703, 0.0003592967987060547, 0.00036144256591796875, 0.00038695335388183594, 0.0003552436828613281, 0.0003542900085449219, 0.0003247261047363281, 0.0003447532653808594, 0.0003178119659423828, 0.0003402233123779297, 0.0004661083221435547, 0.0003654956817626953, 0.0005350112915039062, 0.0003533363342285156, 0.0004012584686279297, 0.0003573894500732422, 0.0004074573516845703, 0.0004849433898925781, 0.00035643577575683594, 0.0003750324249267578, 0.0005464553833007812, 0.00038552284240722656, 0.0003864765167236328, 0.00036525726318359375, 0.00039076805114746094, 0.00036263465881347656, 0.0004818439483642578, 0.00034165382385253906, 0.0004982948303222656, 0.0003764629364013672, 0.0004677772521972656, 0.0005817413330078125, 0.0003561973571777344, 0.0003082752227783203, 0.0005197525024414062, 0.00034618377685546875, 0.0004296302795410156, 0.0003566741943359375, 0.00037550926208496094, 0.0003325939178466797, 0.0004048347473144531, 0.0004143714904785156, 0.0003094673156738281, 0.00046443939208984375, 0.0003249645233154297, 0.0003457069396972656, 0.0003199577331542969, 0.000335693359375, 0.0003249645233154297, 0.0003352165222167969, 0.0003364086151123047, 0.0004067420959472656, 0.00032067298889160156, 0.0003352165222167969, 0.00048804283142089844, 0.0003650188446044922, 0.00038433074951171875, 0.00045943260192871094, 0.0003368854522705078, 0.0003566741943359375, 0.00037407875061035156, 0.00034928321838378906, 0.00035881996154785156, 0.00030922889709472656, 0.0003628730773925781, 0.00032401084899902344, 0.0003483295440673828],