{"clauses": 160, "avg_clause_len": 3, "steps": 69, "t_hitting_set": [9.5367431640625e-07, 0.001636505126953125, 0.0012125968933105469, 0.0012519359588623047, 0.0013234615325927734, 0.0013957023620605469, 0.0014667510986328125, 0.001626729965209961, 0.0017108917236328125, 0.0036225318908691406, 0.001984834671020508, 0.0036058425903320312, 0.0022051334381103516, 0.0022530555725097656, 0.0024411678314208984, 0.0026662349700927734, 0.0028340816497802734, 0.0030341148376464844, 0.0031280517578125, 0.003359079360961914, 0.0034723281860351562, 0.0035560131072998047, 0.003787994384765625, 0.00404667854309082, 0.004235982894897461, 0.004509449005126953, 0.0047800540924072266, 0.005259513854980469, 0.005318641662597656, 0.00565791130065918, 0.005944728851318359, 0.006272077560424805, 0.0069043636322021484, 0.007046937942504883, 0.007197141647338867, 0.007589817047119141, 0.007975578308105469, 0.008524894714355469, 0.010473012924194336, 0.009229183197021484, 0.013801336288452148, 0.012262821197509766, 0.010213613510131836, 0.012074470520019531, 0.010857582092285156, 0.011086463928222656, 0.011535882949829102, 0.013856172561645508, 0.012561321258544922, 0.012537479400634766, 0.014678478240966797, 0.015578746795654297, 0.01560211181640625, 0.016157150268554688, 0.01640605926513672, 0.016820907592773438, 0.017006874084472656, 0.017414569854736328, 0.01793384552001953, 0.01880359649658203, 0.019027233123779297, 0.01998758316040039, 0.020340442657470703, 0.021182537078857422, 0.021126508712768555, 0.021421432495117188, 0.02281332015991211, 0.02268218994140625, 0.022555112838745117, 0.02293539047241211], "t_sat_check": [7.152557373046875e-07, 0.00011229515075683594, 0.00011467933654785156, 0.00011706352233886719, 0.00012063980102539062, 0.00012159347534179688, 0.0001277923583984375, 0.0001277923583984375, 0.0001308917999267578, 0.0001354217529296875, 0.0001347064971923828, 0.00013875961303710938, 0.00015211105346679688, 0.00015473365783691406, 0.00016236305236816406, 0.0001609325408935547, 0.0001671314239501953, 0.00015425682067871094, 0.0001671314239501953, 0.00017070770263671875, 0.0001595020294189453, 0.0001728534698486328, 0.00017547607421875, 0.0001666545867919922, 0.0001800060272216797, 0.0001804828643798828, 0.0001823902130126953, 0.00018668174743652344, 0.0001895427703857422, 0.00019240379333496094, 0.00019502639770507812, 0.00019478797912597656, 0.00020170211791992188, 0.00020241737365722656, 0.0001862049102783203, 0.00021028518676757812, 0.00020051002502441406, 0.0001995563507080078, 0.00021576881408691406, 0.00020384788513183594, 0.00023245811462402344, 0.00018405914306640625, 0.00022339820861816406, 0.0002071857452392578, 0.00022125244140625, 0.00022029876708984375, 0.00022649765014648438, 0.0002143383026123047, 0.0002257823944091797, 0.00022292137145996094, 0.00021505355834960938, 0.00022602081298828125, 0.0002658367156982422, 0.00021696090698242188, 0.000225067138671875, 0.0002391338348388672, 0.0002410411834716797, 0.0002560615539550781, 0.00023651123046875, 0.0002987384796142578, 0.0002491474151611328, 0.00023317337036132812, 0.0002694129943847656, 0.0003199577331542969, 0.00023651123046875, 0.00023865699768066406, 0.0002315044403076172, 0.00027751922607421875, 0.00026679039001464844, 0.00022649765014648438], "t_grow": [0.01404571533203125, 0.012764692306518555, 0.012616634368896484, 0.011661529541015625, 0.010960817337036133, 0.011299371719360352, 0.009866714477539062, 0.00919198989868164, 0.009494304656982422, 0.008918285369873047, 0.009590387344360352, 0.008825302124023438, 0.010414838790893555, 0.008754491806030273, 0.008100748062133789, 0.00838017463684082, 0.008501052856445312, 0.008137702941894531, 0.008182764053344727, 0.008380651473999023, 0.008528709411621094, 0.008150577545166016, 0.008161306381225586, 0.00825190544128418, 0.007903099060058594, 0.007857084274291992, 0.007875680923461914, 0.007801055908203125, 0.007245302200317383, 0.007341146469116211, 0.007494449615478516, 0.007207155227661133, 0.007220268249511719, 0.007145881652832031, 0.00782322883605957, 0.007482767105102539, 0.006900787353515625, 0.006998538970947266, 0.006964445114135742, 0.006958723068237305, 0.007645368576049805, 0.007335662841796875, 0.006423234939575195, 0.006253719329833984, 0.006382465362548828, 0.00638270378112793, 0.0063784122467041016, 0.006419658660888672, 0.0060613155364990234, 0.0063457489013671875, 0.005772113800048828, 0.005883932113647461, 0.005707979202270508, 0.006327629089355469, 0.005986928939819336, 0.0059049129486083984, 0.0064356327056884766, 0.005550861358642578, 0.005490779876708984, 0.005368471145629883, 0.0057027339935302734, 0.005643367767333984, 0.005583524703979492, 0.005586862564086914, 0.0056569576263427734, 0.005254030227661133, 0.005181550979614258, 0.005901813507080078, 0.005923748016357422], "total_time": 1.2054564952850342, "extension": 3, "sat": 1, "s_hs": [0, 1, 2, 3, 4, 5, 6, 7, 8, 8, 9, 9, 10, 11, 12, 13, 14, 15, 15, 16, 16, 17, 18, 19, 20, 21, 22, 23, 24, 25, 26, 27, 28, 29, 29, 30, 31, 32, 32, 33, 33, 33, 34, 34, 35, 35, 36, 36, 37, 37, 37, 38, 38, 38, 39, 40, 40, 41, 42, 43, 43, 44, 45, 45, 45, 45, 45, 46, 47, 47], "s_grow": [2, 1, 1, 1, 1, 1, 2, 1, 2, 1, 2, 1, 1, 1, 2, 1, 1, 1, 2, 1, 1, 1, 1, 1, 1, 1, 1, 1, 1, 1, 1, 2, 1, 1, 1, 1, 2, 2, 1, 2, 1, 1, 3, 1, 2, 2, 3, 1, 2, 3, 3, 2, 2, 1, 2, 1, 1, 1, 2, 1, 2, 2, 1, 1, 2, 2, 1, 2, 2]}