{"steps": 200, "OMUS": [4, 14, 47, 125, 121, 29], "clauses": 150, "avg_clause_len": 2, "parameters": {"count_clauses": 2, "best_unit_literal": 4, "best_counter_literal": 2, "sorting": 3, "extension": "greedy_param", "cutoff_main": 900, "output": "results/2020_05_28/Gurobi/wBF_50_150_greedy_param_110.json"}, "clause_length": "clause_length", "t_hitting_set": [1.1920928955078125e-06, 0.0005083084106445312, 0.0005006790161132812, 0.0004813671112060547, 0.0005271434783935547, 0.000545501708984375, 0.0008580684661865234, 0.0007989406585693359, 0.0008842945098876953, 0.0009453296661376953, 0.0009639263153076172, 0.0009810924530029297, 0.0011017322540283203, 0.0011267662048339844, 0.0014095306396484375, 0.0013401508331298828, 0.0013461112976074219, 0.0010340213775634766, 0.0013096332550048828, 0.0015985965728759766, 0.0019965171813964844, 0.0027959346771240234, 0.002214193344116211, 0.0027921199798583984, 0.0029153823852539062, 0.0030295848846435547, 0.02168107032775879, 0.015774250030517578, 0.0031647682189941406, 0.0030095577239990234, 0.002371072769165039, 0.002456188201904297, 0.0022695064544677734, 0.002459287643432617, 0.002596139907836914, 0.0026361942291259766, 0.002174854278564453, 0.002340555191040039, 0.0019829273223876953, 0.0020492076873779297, 0.0021500587463378906, 0.002734661102294922, 0.0027539730072021484, 0.017328739166259766, 0.023366928100585938, 0.003915071487426758, 0.0040743350982666016, 0.004128932952880859, 0.004255056381225586, 0.02022528648376465, 0.022801876068115234, 0.005003929138183594, 0.00465703010559082, 0.0051441192626953125, 0.005033969879150391, 0.005092620849609375, 0.005486488342285156, 0.005601406097412109, 0.006033658981323242, 0.0053632259368896484, 0.030923843383789062, 0.02886343002319336, 0.029066085815429688, 0.03933548927307129, 0.03199362754821777, 0.038552045822143555, 0.03162431716918945, 0.008409500122070312, 0.0432736873626709, 0.03972816467285156, 0.03945779800415039, 0.010491371154785156, 0.03857135772705078, 0.04059791564941406, 0.009764671325683594, 0.04193711280822754, 0.03996014595031738, 0.008335590362548828, 0.042649030685424805, 0.04192209243774414, 0.009695768356323242, 0.011961698532104492, 0.013367652893066406, 0.04327392578125, 0.015497207641601562, 0.03326702117919922, 0.044907331466674805, 0.045333147048950195, 0.051607608795166016, 0.0601499080657959, 0.013605356216430664, 0.05610966682434082, 0.05662178993225098, 0.06123471260070801, 0.06807351112365723, 0.015825748443603516, 0.046852827072143555, 0.013538599014282227, 0.05682039260864258, 0.04571723937988281, 0.057164669036865234, 0.009850502014160156, 0.010225057601928711, 0.04197859764099121, 0.04480552673339844, 0.033822059631347656, 0.010534286499023438, 0.009398221969604492, 0.047780752182006836, 0.04613804817199707, 0.06682133674621582, 0.06911110877990723, 0.06119346618652344, 0.05939769744873047, 0.0592038631439209, 0.054737091064453125, 0.012479543685913086, 0.0676717758178711, 0.016733169555664062, 0.051668405532836914, 0.02254939079284668, 0.030391693115234375, 0.08155107498168945, 0.0875246524810791, 0.0270235538482666, 0.09822869300842285, 0.05090069770812988, 0.10701155662536621, 0.10494089126586914, 0.036493539810180664, 0.03817343711853027, 0.03459668159484863, 0.03487586975097656, 0.10347628593444824, 0.04057765007019043, 0.02826976776123047, 0.030968904495239258, 0.10611677169799805, 0.03709673881530762, 0.037101030349731445, 0.09885621070861816, 0.0930933952331543, 0.09540081024169922, 0.025021791458129883, 0.03991985321044922, 0.04874134063720703, 0.03684663772583008, 0.08893370628356934, 0.032874345779418945, 0.03688383102416992, 0.06162619590759277, 0.03195333480834961, 0.0347437858581543, 0.05134892463684082, 0.04347515106201172, 0.04099726676940918, 0.04868364334106445, 0.05064749717712402, 0.1389453411102295, 0.06010293960571289, 0.06818008422851562, 0.17298483848571777, 0.029898405075073242, 0.09611368179321289, 0.029613256454467773, 0.08653903007507324, 0.103668212890625, 0.06652069091796875, 0.11388802528381348, 0.04387378692626953, 0.04599356651306152, 0.04113316535949707, 0.037817955017089844, 0.03402853012084961, 0.04043102264404297, 0.15347647666931152, 0.037961483001708984, 0.03829169273376465, 0.043457746505737305, 0.15695714950561523, 0.036919355392456055, 0.12344217300415039, 0.1248173713684082, 0.06175994873046875, 0.2270982265472412, 0.23437714576721191, 0.24093151092529297, 0.05324697494506836, 0.28512144088745117, 0.26813292503356934, 0.06283950805664062, 0.06873154640197754, 0.1325066089630127, 0.12821245193481445, 0.0572512149810791, 0.056708574295043945, 0.04647064208984375, 0.05834555625915527, 0.039515018463134766, 0.06469106674194336, 0.20235323905944824],