{"steps": 158, "OMUS": [32, 14, 50, 52, 84, 23, 91, 28, 95], "clauses": 100, "avg_clause_len": 2, "parameters": {"count_clauses": 1, "best_unit_literal": 0, "best_counter_literal": 1, "sorting": 3, "extension": "greedy_param", "cutoff_main": 900, "output": "results/2020_05_28/Gurobi/wBF_50_100_greedy_param_91.json"}, "clause_length": "clause_length", "t_hitting_set": [1.430511474609375e-06, 0.0003886222839355469, 0.0003829002380371094, 0.00038552284240722656, 0.00040078163146972656, 0.0004100799560546875, 0.0006475448608398438, 0.0006690025329589844, 0.0006947517395019531, 0.001069784164428711, 0.001108407974243164, 0.0006654262542724609, 0.0011296272277832031, 0.00070953369140625, 0.001177072525024414, 0.0010900497436523438, 0.001094818115234375, 0.001163482666015625, 0.0012292861938476562, 0.001371145248413086, 0.0011827945709228516, 0.0011959075927734375, 0.0012218952178955078, 0.001219034194946289, 0.001299142837524414, 0.001600503921508789, 0.0014958381652832031, 0.0015778541564941406, 0.001967906951904297, 0.001905202865600586, 0.0019876956939697266, 0.0017161369323730469, 0.0017371177673339844, 0.0015833377838134766, 0.0022840499877929688, 0.002705097198486328, 0.002206087112426758, 0.002338886260986328, 0.002713441848754883, 0.0018596649169921875, 0.0026335716247558594, 0.0032453536987304688, 0.003306865692138672, 0.0031366348266601562, 0.003015756607055664, 0.003557920455932617, 0.004085063934326172, 0.004097700119018555, 0.005805492401123047, 0.0057070255279541016, 0.005736351013183594, 0.004660367965698242, 0.0049932003021240234, 0.004988908767700195, 0.004833698272705078, 0.0068814754486083984, 0.005767345428466797, 0.006211996078491211, 0.006081819534301758, 0.0063169002532958984, 0.006479501724243164, 0.005934476852416992, 0.006586790084838867, 0.007898807525634766, 0.006230831146240234, 0.006209135055541992, 0.006564617156982422, 0.005556583404541016, 0.00754237174987793, 0.008092880249023438, 0.007356405258178711, 0.00745391845703125, 0.00758671760559082, 0.006231069564819336, 0.006180763244628906, 0.005547285079956055, 0.006657123565673828, 0.00797128677368164, 0.007638692855834961, 0.006536960601806641, 0.006672859191894531, 0.005902290344238281, 0.006153583526611328, 0.007643222808837891, 0.007991790771484375, 0.00690150260925293, 0.00904989242553711, 0.007223367691040039, 0.007826566696166992, 0.00782012939453125, 0.008306264877319336, 0.008521795272827148, 0.00920867919921875, 0.008957147598266602, 0.009331703186035156, 0.008467674255371094, 0.007973432540893555, 0.008375883102416992, 0.008193016052246094, 0.011157751083374023, 0.009695291519165039, 0.007781982421875, 0.008322715759277344, 0.00755000114440918, 0.00789642333984375, 0.008896112442016602, 0.011310577392578125, 0.010631322860717773, 0.011980772018432617, 0.011335134506225586, 0.011470317840576172, 0.01171875, 0.008400917053222656, 0.008746623992919922, 0.010941743850708008, 0.01115560531616211, 0.011374235153198242, 0.007730245590209961, 0.006644010543823242, 0.008182525634765625, 0.008403539657592773, 0.011836528778076172, 0.01116323471069336, 0.008506298065185547, 0.007938146591186523, 0.007996320724487305, 0.009987354278564453, 0.008463859558105469, 0.008708477020263672, 0.01028585433959961, 0.00878143310546875, 0.008529186248779297, 0.010735511779785156, 0.01577305793762207, 0.011638641357421875, 0.014710187911987305, 0.01095438003540039, 0.014755725860595703, 0.01327371597290039, 0.011229991912841797, 0.011077880859375, 0.014689445495605469, 0.015587091445922852, 0.015005111694335938, 0.01233983039855957, 0.01627349853515625, 0.013067245483398438, 0.013686180114746094, 0.013551473617553711, 0.015742778778076172, 0.017472505569458008, 0.014597892761230469, 0.01216745376586914, 0.013341188430786133, 0.016493558883666992, 0.01893329620361328, 0.017375946044921875, 0.017913341522216797, 0.017687320709228516], "t_sat_check": [4.76837158203125e-07, 5.8650970458984375e-05, 5.125999450683594e-05, 5.14984130859375e-05, 5.078315734863281e-05, 5.316734313964844e-05, 5.459785461425781e-05, 5.6743621826171875e-05, 5.555152893066406e-05, 6.29425048828125e-05, 6.365776062011719e-05, 5.602836608886719e-05, 5.888938903808594e-05, 5.888938903808594e-05, 6.937980651855469e-05, 6.461143493652344e-05, 6.771087646484375e-05, 6.461143493652344e-05, 6.29425048828125e-05, 6.604194641113281e-05, 6.67572021484375e-05, 6.508827209472656e-05, 6.747245788574219e-05, 6.437301635742188e-05, 6.604194641113281e-05, 6.914138793945312e-05, 6.67572021484375e-05, 6.866455078125e-05, 6.771087646484375e-05, 6.914138793945312e-05, 7.05718994140625e-05, 8.416175842285156e-05, 6.890296936035156e-05, 6.747245788574219e-05, 7.390975952148438e-05, 7.43865966796875e-05, 7.390975952148438e-05, 7.43865966796875e-05, 7.653236389160156e-05, 7.700920104980469e-05, 7.367134094238281e-05, 7.82012939453125e-05, 7.915496826171875e-05, 8.130073547363281e-05, 8.0108642578125e-05, 8.606910705566406e-05, 8.225440979003906e-05, 8.416175842285156e-05, 8.535385131835938e-05, 9.012222290039062e-05, 8.678436279296875e-05, 8.749961853027344e-05, 8.273124694824219e-05, 8.58306884765625e-05, 8.797645568847656e-05, 8.821487426757812e-05, 8.702278137207031e-05, 8.487701416015625e-05, 8.344650268554688e-05, 8.368492126464844e-05, 8.7738037109375e-05, 9.131431579589844e-05, 9.036064147949219e-05, 8.845329284667969e-05, 8.749961853027344e-05, 8.940696716308594e-05, 8.749961853027344e-05, 8.821487426757812e-05, 8.821487426757812e-05, 8.749961853027344e-05, 8.535385131835938e-05, 0.000102996826171875, 8.7738037109375e-05, 8.702278137207031e-05, 8.392333984375e-05, 8.726119995117188e-05, 8.702278137207031e-05, 8.487701416015625e-05, 8.440017700195312e-05, 8.821487426757812e-05, 8.797645568847656e-05, 8.988380432128906e-05, 8.726119995117188e-05, 8.7738037109375e-05, 8.845329284667969e-05, 8.559226989746094e-05, 8.821487426757812e-05, 8.487701416015625e-05, 8.797645568847656e-05, 9.059906005859375e-05, 8.988380432128906e-05, 9.012222290039062e-05, 8.7738037109375e-05, 8.845329284667969e-05, 9.012222290039062e-05, 9.036064147949219e-05, 8.821487426757812e-05, 0.00017023086547851562, 8.869171142578125e-05, 9.226799011230469e-05, 0.00014352798461914062, 8.559226989746094e-05, 8.821487426757812e-05, 8.630752563476562e-05, 8.630752563476562e-05, 8.749961853027344e-05, 8.821487426757812e-05, 8.797645568847656e-05, 9.059906005859375e-05, 8.940696716308594e-05, 9.298324584960938e-05, 8.988380432128906e-05, 8.893013000488281e-05, 8.988380432128906e-05, 8.821487426757812e-05, 9.107589721679688e-05, 9.179115295410156e-05, 8.893013000488281e-05, 9.036064147949219e-05, 9.059906005859375e-05, 8.702278137207031e-05, 9.441375732421875e-05, 9.131431579589844e-05, 8.96453857421875e-05, 8.869171142578125e-05, 8.678436279296875e-05, 9.083747863769531e-05, 8.988380432128906e-05, 9.131431579589844e-05, 9.5367431640625e-05, 9.322166442871094e-05, 8.797645568847656e-05, 9.1552734375e-05, 9.298324584960938e-05, 0.00014925003051757812, 9.1552734375e-05, 9.250640869140625e-05, 9.441375732421875e-05, 9.1552734375e-05, 9.083747863769531e-05, 9.202957153320312e-05, 9.202957153320312e-05, 9.1552734375e-05, 9.1552734375e-05, 9.274482727050781e-05, 9.489059448242188e-05, 8.821487426757812e-05, 9.1552734375e-05, 9.1552734375e-05, 9.393692016601562e-05, 9.465217590332031e-05, 9.179115295410156e-05, 8.7738037109375e-05, 9.298324584960938e-05, 8.940696716308594e-05, 9.202957153320312e-05, 9.322166442871094e-05, 9.179115295410156e-05, 9.059906005859375e-05],