{"steps": 222, "OMUS": [4, 14, 47, 125, 121, 29], "clauses": 150, "avg_clause_len": 2, "parameters": {"count_clauses": 2, "best_unit_literal": 1, "best_counter_literal": 1, "sorting": 3, "extension": "greedy_param", "cutoff_main": 900, "output": "results/2020_05_28/Gurobi/wBF_50_150_greedy_param_103.json"}, "clause_length": "clause_length", "t_hitting_set": [1.1920928955078125e-06, 0.0005135536193847656, 0.0005056858062744141, 0.0005247592926025391, 0.0005261898040771484, 0.0005578994750976562, 0.0011928081512451172, 0.0012402534484863281, 0.0009355545043945312, 0.0013630390167236328, 0.0013382434844970703, 0.0013561248779296875, 0.001313924789428711, 0.0018105506896972656, 0.001840829849243164, 0.0016102790832519531, 0.0024178028106689453, 0.002360105514526367, 0.0018379688262939453, 0.0020477771759033203, 0.0017404556274414062, 0.0016918182373046875, 0.001688241958618164, 0.0015645027160644531, 0.001962900161743164, 0.002096891403198242, 0.0022242069244384766, 0.003381490707397461, 0.0017046928405761719, 0.0031194686889648438, 0.002727031707763672, 0.003545999526977539, 0.003324270248413086, 0.003912210464477539, 0.0026416778564453125, 0.0026590824127197266, 0.004048585891723633, 0.023072481155395508, 0.004502773284912109, 0.0046846866607666016, 0.0040400028228759766, 0.003878355026245117, 0.003975629806518555, 0.0042188167572021484, 0.00467371940612793, 0.002764463424682617, 0.004510164260864258, 0.026868343353271484, 0.023031234741210938, 0.018961429595947266, 0.022332429885864258, 0.00462031364440918, 0.03328704833984375, 0.03207039833068848, 0.005109548568725586, 0.02951955795288086, 0.03726053237915039, 0.026108503341674805, 0.024773836135864258, 0.024810075759887695, 0.006636142730712891, 0.04108262062072754, 0.03268074989318848, 0.0440821647644043, 0.007418632507324219, 0.008158206939697266, 0.007501125335693359, 0.03677701950073242, 0.008784770965576172, 0.04371190071105957, 0.041420936584472656, 0.041562557220458984, 0.0400388240814209, 0.0380556583404541, 0.05041670799255371, 0.02279067039489746, 0.014753341674804688, 0.01675868034362793, 0.015540122985839844, 0.04095602035522461, 0.011469364166259766, 0.015242576599121094, 0.021619319915771484, 0.019063949584960938, 0.01970696449279785, 0.05264711380004883, 0.05271029472351074, 0.019389867782592773, 0.07987236976623535, 0.05446171760559082, 0.07564902305603027, 0.016401290893554688, 0.05490708351135254, 0.0821382999420166, 0.058484792709350586, 0.02800726890563965, 0.0594482421875, 0.024104595184326172, 0.02516794204711914, 0.024869203567504883, 0.01688861846923828, 0.06074690818786621, 0.01732015609741211, 0.01566028594970703, 0.02139759063720703, 0.021506786346435547, 0.02308201789855957, 0.019142627716064453, 0.018603801727294922, 0.08267688751220703, 0.026057004928588867, 0.017495155334472656, 0.02982640266418457, 0.035598039627075195, 0.02669811248779297, 0.02468252182006836, 0.025086402893066406, 0.02518773078918457, 0.028076648712158203, 0.02665090560913086, 0.02829718589782715, 0.027530908584594727, 0.02787947654724121, 0.025391101837158203, 0.029148578643798828, 0.02884817123413086, 0.02904033660888672, 0.024999141693115234, 0.025632381439208984, 0.025593996047973633, 0.029083967208862305, 0.029276609420776367, 0.028331995010375977, 0.029599905014038086, 0.03707480430603027, 0.03701186180114746, 0.03771328926086426, 0.043718814849853516, 0.04270291328430176, 0.03734540939331055, 0.042391300201416016, 0.030335187911987305, 0.02901315689086914, 0.03197002410888672, 0.03249001502990723, 0.03487801551818848, 0.035321950912475586, 0.03559708595275879, 0.03588223457336426, 0.03790116310119629, 0.03789162635803223, 0.14621615409851074, 0.24757695198059082, 0.03967404365539551, 0.14365386962890625, 0.17418336868286133, 0.03650379180908203, 0.03783702850341797, 0.03578543663024902, 0.036702632904052734, 0.035550594329833984, 0.03715348243713379, 0.03800535202026367, 0.037537574768066406, 0.03572702407836914, 0.037629127502441406, 0.16444778442382812, 0.037117958068847656, 0.19083046913146973, 0.03812360763549805, 0.03691673278808594, 0.03983616828918457, 0.04111313819885254, 0.04205965995788574, 0.03690505027770996, 0.04004526138305664, 0.04055619239807129, 0.04068446159362793, 0.1540520191192627, 0.045029640197753906, 0.04061269760131836, 0.037427663803100586, 0.13000965118408203, 0.04499673843383789, 0.043950557708740234, 0.04414820671081543, 0.048929691314697266, 0.24459409713745117, 0.05473661422729492, 0.21904516220092773, 0.2504889965057373, 0.24475502967834473, 0.1906135082244873, 0.2638375759124756, 0.2386786937713623, 0.25206708908081055, 0.3332340717315674, 0.24554109573364258, 0.3049800395965576, 0.27068591117858887, 0.2561938762664795, 0.20498275756835938, 0.3411092758178711, 0.269045352935791, 0.2216479778289795, 0.3064427375793457, 0.2310500144958496, 0.23788046836853027, 0.06257772445678711, 0.07314658164978027, 0.06916403770446777, 0.07531595230102539, 0.2499094009399414, 0.07015180587768555, 0.29719996452331543, 0.07072305679321289, 0.31177210807800293, 0.2292325496673584, 0.35981059074401855, 0.21467900276184082, 0.26177501678466797, 0.3307783603668213, 0.34898853302001953],