{"steps": 153, "OMUS": [191, 69, 70, 110, 28, 31], "clauses": 200, "avg_clause_len": 2, "parameters": {"count_clauses": 1, "best_unit_literal": 0, "best_counter_literal": 2, "sorting": 4, "extension": "greedy_param", "cutoff_main": 900, "output": "results/2020_05_28/Gurobi/wBF_100_200_greedy_param_122.json"}, "clause_length": "clause_length", "t_hitting_set": [1.6689300537109375e-06, 0.0005843639373779297, 0.0005507469177246094, 0.0005767345428466797, 0.0006108283996582031, 0.0006201267242431641, 0.0011594295501708984, 0.0011217594146728516, 0.0011391639709472656, 0.0011610984802246094, 0.00113677978515625, 0.001104593276977539, 0.0012574195861816406, 0.0012290477752685547, 0.0008540153503417969, 0.0012767314910888672, 0.0012426376342773438, 0.0013709068298339844, 0.0016837120056152344, 0.0017237663269042969, 0.0014452934265136719, 0.0018591880798339844, 0.0015840530395507812, 0.0016241073608398438, 0.002504110336303711, 0.002526521682739258, 0.002714872360229492, 0.003016948699951172, 0.0028836727142333984, 0.003001689910888672, 0.0032889842987060547, 0.0031027793884277344, 0.0030755996704101562, 0.0029745101928710938, 0.0029168128967285156, 0.0028066635131835938, 0.0030694007873535156, 0.0031266212463378906, 0.0030701160430908203, 0.0030298233032226562, 0.0031752586364746094, 0.0031735897064208984, 0.0033953189849853516, 0.0034983158111572266, 0.0041735172271728516, 0.003456592559814453, 0.004820823669433594, 0.005346775054931641, 0.0041522979736328125, 0.005309581756591797, 0.005185365676879883, 0.0036911964416503906, 0.0038328170776367188, 0.003483295440673828, 0.0034313201904296875, 0.004045248031616211, 0.004495382308959961, 0.004407644271850586, 0.004298210144042969, 0.004273653030395508, 0.004706382751464844, 0.00462794303894043, 0.004346132278442383, 0.004274606704711914, 0.004651546478271484, 0.005029439926147461, 0.00487828254699707, 0.006633281707763672, 0.005865812301635742, 0.007088184356689453, 0.0056574344635009766, 0.005144834518432617, 0.008083343505859375, 0.007934093475341797, 0.00799560546875, 0.006352663040161133, 0.006460905075073242, 0.005370616912841797, 0.0070917606353759766, 0.007120609283447266, 0.006463527679443359, 0.006551980972290039, 0.006692171096801758, 0.008637666702270508, 0.010082721710205078, 0.007987260818481445, 0.01054692268371582, 0.01074528694152832, 0.009791851043701172, 0.00990915298461914, 0.011113643646240234, 0.010589599609375, 0.011826038360595703, 0.009802579879760742, 0.010897159576416016, 0.011830329895019531, 0.011427164077758789, 0.010903596878051758, 0.01061391830444336, 0.0088653564453125, 0.010907888412475586, 0.00783228874206543, 0.012705564498901367, 0.009473323822021484, 0.011214017868041992, 0.011455774307250977, 0.01137232780456543, 0.011539459228515625, 0.008827924728393555, 0.009072303771972656, 0.010630369186401367, 0.009196281433105469, 0.011362075805664062, 0.010980367660522461, 0.013035774230957031, 0.010748624801635742, 0.010484457015991211, 0.01296091079711914, 0.011668205261230469, 0.011921405792236328, 0.013148307800292969, 0.013195991516113281, 0.011517524719238281, 0.013481855392456055, 0.010457277297973633, 0.010979890823364258, 0.010456562042236328, 0.01119542121887207, 0.011406183242797852, 0.011359930038452148, 0.01263737678527832, 0.014061450958251953, 0.011353254318237305, 0.014262914657592773, 0.012005805969238281, 0.01099252700805664, 0.014940500259399414, 0.015198707580566406, 0.012079715728759766, 0.012883424758911133, 0.012482881546020508, 0.016558170318603516, 0.013653993606567383, 0.01326441764831543, 0.012113809585571289, 0.012543201446533203, 0.012917280197143555, 0.018151283264160156, 0.017062902450561523, 0.017468690872192383, 0.01785111427307129, 0.017803192138671875, 0.01883697509765625, 0.016949176788330078], "t_sat_check": [7.152557373046875e-07, 6.67572021484375e-05, 6.103515625e-05, 6.246566772460938e-05, 6.008148193359375e-05, 6.151199340820312e-05, 7.414817810058594e-05, 7.343292236328125e-05, 7.390975952148438e-05, 7.319450378417969e-05, 7.176399230957031e-05, 8.249282836914062e-05, 7.224082946777344e-05, 7.605552673339844e-05, 5.245208740234375e-05, 7.104873657226562e-05, 7.534027099609375e-05, 7.367134094238281e-05, 8.082389831542969e-05, 7.987022399902344e-05, 7.414817810058594e-05, 8.177757263183594e-05, 7.891654968261719e-05, 7.367134094238281e-05, 8.153915405273438e-05, 8.463859558105469e-05, 8.320808410644531e-05, 8.702278137207031e-05, 8.511543273925781e-05, 8.821487426757812e-05, 9.012222290039062e-05, 8.893013000488281e-05, 8.273124694824219e-05, 9.226799011230469e-05, 8.845329284667969e-05, 8.225440979003906e-05, 8.845329284667969e-05, 8.320808410644531e-05, 8.225440979003906e-05, 0.00010061264038085938, 8.654594421386719e-05, 0.00010538101196289062, 0.00017952919006347656, 9.131431579589844e-05, 9.226799011230469e-05, 8.821487426757812e-05, 9.632110595703125e-05, 9.298324584960938e-05, 9.012222290039062e-05, 9.655952453613281e-05, 9.655952453613281e-05, 9.012222290039062e-05, 9.083747863769531e-05, 9.322166442871094e-05, 9.298324584960938e-05, 0.0001518726348876953, 8.821487426757812e-05, 9.179115295410156e-05, 9.202957153320312e-05, 9.274482727050781e-05, 9.202957153320312e-05, 9.465217590332031e-05, 9.107589721679688e-05, 9.226799011230469e-05, 8.845329284667969e-05, 9.036064147949219e-05, 9.489059448242188e-05, 9.489059448242188e-05, 9.012222290039062e-05, 9.751319885253906e-05, 9.632110595703125e-05, 0.00010323524475097656, 9.942054748535156e-05, 9.512901306152344e-05, 0.00010061264038085938, 9.894371032714844e-05, 9.489059448242188e-05, 9.655952453613281e-05, 9.632110595703125e-05, 0.00018453598022460938, 9.560585021972656e-05, 9.226799011230469e-05, 9.775161743164062e-05, 9.870529174804688e-05, 9.942054748535156e-05, 9.72747802734375e-05, 0.0001125335693359375, 0.00011944770812988281, 9.5367431640625e-05, 9.34600830078125e-05, 9.989738464355469e-05, 9.989738464355469e-05, 0.00010156631469726562, 0.00010061264038085938, 0.00010228157043457031, 0.00010180473327636719, 0.00010514259338378906, 0.00010538101196289062, 0.0001354217529296875, 9.274482727050781e-05, 9.703636169433594e-05, 9.870529174804688e-05, 0.000102996826171875, 0.00010395050048828125, 0.00010132789611816406, 9.775161743164062e-05, 0.00010037422180175781, 0.00010561943054199219, 0.00010037422180175781, 0.00010013580322265625, 9.870529174804688e-05, 0.00010275840759277344, 0.00010013580322265625, 0.00010228157043457031, 9.775161743164062e-05, 0.00011730194091796875, 0.00010395050048828125, 0.00010013580322265625, 9.989738464355469e-05, 0.00010085105895996094, 0.000102996826171875, 0.00010347366333007812, 0.00010061264038085938, 0.0001049041748046875, 9.870529174804688e-05, 0.00011301040649414062, 9.989738464355469e-05, 9.846687316894531e-05, 9.751319885253906e-05, 9.822845458984375e-05, 0.00011539459228515625, 0.00010466575622558594, 0.00010275840759277344, 0.00010180473327636719, 0.00010323524475097656, 0.00010251998901367188, 9.942054748535156e-05, 0.00010418891906738281, 0.00010251998901367188, 0.0001010894775390625, 9.989738464355469e-05, 0.00010180473327636719, 0.00011968612670898438, 0.00010442733764648438, 0.00010013580322265625, 9.751319885253906e-05, 0.00010347366333007812, 0.00010800361633300781, 0.00010347366333007812, 0.00010466575622558594, 0.00011897087097167969, 0.00010704994201660156, 0.00010275840759277344, 8.559226989746094e-05],