{"steps": 49, "OMUS": [191, 69, 70, 110, 28, 31], "clauses": 200, "avg_clause_len": 2, "parameters": {"count_clauses": 1, "best_unit_literal": 1, "best_counter_literal": 2, "sorting": 1, "extension": "greedy_param", "cutoff_main": 900, "output": "results/2020_05_28/Gurobi/wBF_100_200_greedy_param_34.json"}, "clause_length": "clause_length", "t_hitting_set": [1.1920928955078125e-06, 0.0005426406860351562, 0.0005664825439453125, 0.0005624294281005859, 0.0005667209625244141, 0.0005838871002197266, 0.0008363723754882812, 0.0011394023895263672, 0.001306295394897461, 0.0011985301971435547, 0.001165151596069336, 0.00133514404296875, 0.0015957355499267578, 0.0014369487762451172, 0.0017285346984863281, 0.001789093017578125, 0.0020427703857421875, 0.0017023086547851562, 0.0017955303192138672, 0.0016949176788330078, 0.001875162124633789, 0.002130746841430664, 0.002190828323364258, 0.00213623046875, 0.0029134750366210938, 0.003193378448486328, 0.003274202346801758, 0.0031249523162841797, 0.0034563541412353516, 0.0036780834197998047, 0.003602266311645508, 0.003981828689575195, 0.003987789154052734, 0.004372835159301758, 0.0049076080322265625, 0.005391836166381836, 0.0051419734954833984, 0.004393815994262695, 0.00411224365234375, 0.005155801773071289, 0.006053447723388672, 0.0043811798095703125, 0.006323337554931641, 0.005562305450439453, 0.004914760589599609, 0.005233049392700195, 0.006114006042480469, 0.006517171859741211, 0.007109642028808594, 0.007402658462524414], "t_sat_check": [7.152557373046875e-07, 6.532669067382812e-05, 6.198883056640625e-05, 6.175041198730469e-05, 6.318092346191406e-05, 6.389617919921875e-05, 6.389617919921875e-05, 6.103515625e-05, 6.794929504394531e-05, 7.724761962890625e-05, 7.271766662597656e-05, 7.2479248046875e-05, 8.0108642578125e-05, 7.843971252441406e-05, 7.796287536621094e-05, 7.128715515136719e-05, 7.605552673339844e-05, 7.486343383789062e-05, 8.082389831542969e-05, 8.177757263183594e-05, 7.82012939453125e-05, 8.702278137207031e-05, 8.320808410644531e-05, 8.678436279296875e-05, 9.131431579589844e-05, 8.821487426757812e-05, 9.107589721679688e-05, 9.012222290039062e-05, 0.00013375282287597656, 9.274482727050781e-05, 9.655952453613281e-05, 9.322166442871094e-05, 9.369850158691406e-05, 9.489059448242188e-05, 9.369850158691406e-05, 9.274482727050781e-05, 9.584426879882812e-05, 9.894371032714844e-05, 9.322166442871094e-05, 9.632110595703125e-05, 9.775161743164062e-05, 0.00016307830810546875, 9.775161743164062e-05, 9.942054748535156e-05, 9.799003601074219e-05, 9.703636169433594e-05, 9.679794311523438e-05, 9.751319885253906e-05, 9.1552734375e-05, 8.106231689453125e-05], "t_grow": [0.0013592243194580078, 0.0011730194091796875, 0.0010383129119873047, 0.0010476112365722656, 0.001032114028930664, 0.0009872913360595703, 0.001020193099975586, 0.0010585784912109375, 0.001031637191772461, 0.0010428428649902344, 0.0009324550628662109, 0.0010793209075927734, 0.0009486675262451172, 0.0008945465087890625, 0.0010662078857421875, 0.0010235309600830078, 0.0010056495666503906, 0.0011444091796875, 0.0009794235229492188, 0.0008711814880371094, 0.0009148120880126953, 0.0008873939514160156, 0.0010128021240234375, 0.0008761882781982422, 0.0008752346038818359, 0.0009140968322753906, 0.0009541511535644531, 0.0009503364562988281, 0.0008342266082763672, 0.0008165836334228516, 0.0008096694946289062, 0.0008900165557861328, 0.0008521080017089844, 0.0008485317230224609, 0.0009095668792724609, 0.0008933544158935547, 0.0008413791656494141, 0.0008587837219238281, 0.0009105205535888672, 0.0009114742279052734, 0.000885009765625, 0.0008661746978759766, 0.0009050369262695312, 0.0008840560913085938, 0.0009262561798095703, 0.0008499622344970703, 0.0008807182312011719, 0.0008940696716308594, 0.0009996891021728516], "extension": "greedy_param", "s_hs": [0, 1, 2, 2, 3, 4, 3, 2, 2, 5, 3, 3, 4, 4, 4, 3, 3, 3, 6, 6, 4, 5, 5, 7, 7, 6, 7, 7, 7, 8, 8, 7, 8, 7, 8, 5, 8, 9, 6, 8, 7, 8, 8, 8, 10, 9, 7, 8, 5, 6], "s_grow": [5, 7, 4, 10, 8, 7, 5, 6, 8, 7, 7, 7, 6, 9, 6, 4, 8, 8, 4, 10, 9, 5, 7, 5, 11, 9, 8, 11, 11, 11, 13, 9, 8, 7, 11, 8, 7, 10, 9, 6, 4, 7, 7, 6, 10, 10, 5, 10, 12], "omus": true}