{"steps": 153, "OMUS": [195, 77, 84, 53, 118], "clauses": 200, "avg_clause_len": 2, "parameters": {"count_clauses": 3, "best_unit_literal": 0, "best_counter_literal": 1, "sorting": 3, "extension": "greedy_param", "cutoff_main": 900, "output": "results/2020_05_28/Gurobi/wBF_50_200_greedy_param_111.json"}, "clause_length": "clause_length", "t_hitting_set": [1.1920928955078125e-06, 0.0005900859832763672, 0.0005967617034912109, 0.0005841255187988281, 0.0005853176116943359, 0.0008974075317382812, 0.0009126663208007812, 0.00095367431640625, 0.0010085105895996094, 0.0011038780212402344, 0.0010285377502441406, 0.001100301742553711, 0.0012476444244384766, 0.00130462646484375, 0.0013823509216308594, 0.0014324188232421875, 0.0015218257904052734, 0.0015952587127685547, 0.001664876937866211, 0.001863718032836914, 0.0016131401062011719, 0.001970529556274414, 0.0020842552185058594, 0.0021555423736572266, 0.0021796226501464844, 0.002229928970336914, 0.002109527587890625, 0.002190828323364258, 0.003646373748779297, 0.01712512969970703, 0.023381710052490234, 0.0037183761596679688, 0.0042269229888916016, 0.0037126541137695312, 0.004360675811767578, 0.003775358200073242, 0.003873586654663086, 0.004741191864013672, 0.027652978897094727, 0.027520179748535156, 0.03375983238220215, 0.03158450126647949, 0.005579710006713867, 0.020466327667236328, 0.020212888717651367, 0.005751609802246094, 0.02578878402709961, 0.006670951843261719, 0.006852388381958008, 0.025800466537475586, 0.0067174434661865234, 0.0068798065185546875, 0.007612705230712891, 0.007427215576171875, 0.010587453842163086, 0.009409189224243164, 0.009621620178222656, 0.0076885223388671875, 0.008224964141845703, 0.007430076599121094, 0.008780479431152344, 0.010277509689331055, 0.009294986724853516, 0.011191606521606445, 0.04182100296020508, 0.011796951293945312, 0.03718709945678711, 0.039212942123413086, 0.016150951385498047, 0.046004533767700195, 0.014923334121704102, 0.037760257720947266, 0.013861894607543945, 0.016460418701171875, 0.014790058135986328, 0.011606931686401367, 0.014588117599487305, 0.014513969421386719, 0.014722585678100586, 0.019999980926513672, 0.06439805030822754, 0.021447420120239258, 0.02301025390625, 0.016532182693481445, 0.017719030380249023, 0.017505168914794922, 0.015747547149658203, 0.01702594757080078, 0.06557512283325195, 0.0240020751953125, 0.0717160701751709, 0.055837392807006836, 0.01880955696105957, 0.059133052825927734, 0.061690330505371094, 0.033577919006347656, 0.021740436553955078, 0.024295330047607422, 0.025099992752075195, 0.02674078941345215, 0.03596758842468262, 0.0372004508972168, 0.031246423721313477, 0.03736734390258789, 0.04517650604248047, 0.036940813064575195, 0.03207254409790039, 0.02520155906677246, 0.037337541580200195, 0.02830195426940918, 0.0370328426361084, 0.024356603622436523, 0.029648303985595703, 0.03705000877380371, 0.04420280456542969, 0.029739856719970703, 0.03450798988342285, 0.07925796508789062, 0.031949758529663086, 0.025674104690551758, 0.02756214141845703, 0.09881138801574707, 0.033962249755859375, 0.02666163444519043, 0.02799820899963379, 0.07907843589782715, 0.029451608657836914, 0.08599591255187988, 0.08672022819519043, 0.10799336433410645, 0.10347580909729004, 0.08993673324584961, 0.10691452026367188, 0.12973475456237793, 0.08230924606323242, 0.11218047142028809, 0.1326141357421875, 0.10561013221740723, 0.10313177108764648, 0.12843823432922363, 0.10120153427124023, 0.12337803840637207, 0.1130380630493164, 0.12236738204956055, 0.12390446662902832, 0.12125396728515625, 0.11919450759887695, 0.1293649673461914, 0.11258840560913086, 0.1280362606048584, 0.11326146125793457, 0.054582834243774414, 0.0538172721862793, 0.13251066207885742], "t_sat_check": [7.152557373046875e-07, 5.054473876953125e-05, 5.6743621826171875e-05, 4.8160552978515625e-05, 5.3882598876953125e-05, 5.364418029785156e-05, 5.2928924560546875e-05, 5.3882598876953125e-05, 5.078315734863281e-05, 5.1021575927734375e-05, 5.0067901611328125e-05, 5.91278076171875e-05, 5.459785461425781e-05, 5.602836608886719e-05, 5.626678466796875e-05, 5.3882598876953125e-05, 5.555152893066406e-05, 6.246566772460938e-05, 5.793571472167969e-05, 6.270408630371094e-05, 6.4849853515625e-05, 6.222724914550781e-05, 6.532669067382812e-05, 6.4849853515625e-05, 6.699562072753906e-05, 6.914138793945312e-05, 6.842613220214844e-05, 6.461143493652344e-05, 7.271766662597656e-05, 8.463859558105469e-05, 8.678436279296875e-05, 7.724761962890625e-05, 8.034706115722656e-05, 8.320808410644531e-05, 8.058547973632812e-05, 8.082389831542969e-05, 8.416175842285156e-05, 8.320808410644531e-05, 8.96453857421875e-05, 8.869171142578125e-05, 8.845329284667969e-05, 8.940696716308594e-05, 8.96453857421875e-05, 8.893013000488281e-05, 8.940696716308594e-05, 8.082389831542969e-05, 8.368492126464844e-05, 8.487701416015625e-05, 8.368492126464844e-05, 8.368492126464844e-05, 8.630752563476562e-05, 8.58306884765625e-05, 8.320808410644531e-05, 8.869171142578125e-05, 8.296966552734375e-05, 8.082389831542969e-05, 8.20159912109375e-05, 8.392333984375e-05, 8.392333984375e-05, 8.416175842285156e-05, 8.249282836914062e-05, 8.58306884765625e-05, 8.416175842285156e-05, 0.00015473365783691406, 9.34600830078125e-05, 8.797645568847656e-05, 9.202957153320312e-05, 9.131431579589844e-05, 8.845329284667969e-05, 9.512901306152344e-05, 9.632110595703125e-05, 9.059906005859375e-05, 9.226799011230469e-05, 9.417533874511719e-05, 9.417533874511719e-05, 9.250640869140625e-05, 0.00012564659118652344, 9.298324584960938e-05, 9.059906005859375e-05, 9.417533874511719e-05, 9.417533874511719e-05, 9.179115295410156e-05, 9.489059448242188e-05, 9.250640869140625e-05, 9.417533874511719e-05, 9.369850158691406e-05, 9.441375732421875e-05, 9.274482727050781e-05, 9.703636169433594e-05, 8.797645568847656e-05, 9.250640869140625e-05, 9.107589721679688e-05, 9.465217590332031e-05, 9.036064147949219e-05, 9.369850158691406e-05, 8.988380432128906e-05, 9.274482727050781e-05, 9.202957153320312e-05, 9.322166442871094e-05, 0.00015664100646972656, 9.226799011230469e-05, 9.703636169433594e-05, 9.274482727050781e-05, 9.322166442871094e-05, 9.34600830078125e-05, 9.512901306152344e-05, 9.274482727050781e-05, 0.0001251697540283203, 9.012222290039062e-05, 9.012222290039062e-05, 9.202957153320312e-05, 9.202957153320312e-05, 9.441375732421875e-05, 9.369850158691406e-05, 9.083747863769531e-05, 9.059906005859375e-05, 8.869171142578125e-05, 9.632110595703125e-05, 9.417533874511719e-05, 0.0001246929168701172, 9.751319885253906e-05, 9.369850158691406e-05, 9.1552734375e-05, 9.1552734375e-05, 9.083747863769531e-05, 9.870529174804688e-05, 9.012222290039062e-05, 9.107589721679688e-05, 9.1552734375e-05, 9.489059448242188e-05, 9.632110595703125e-05, 9.5367431640625e-05, 9.655952453613281e-05, 0.0001308917999267578, 9.107589721679688e-05, 9.1552734375e-05, 9.632110595703125e-05, 9.393692016601562e-05, 9.655952453613281e-05, 9.059906005859375e-05, 9.226799011230469e-05, 9.679794311523438e-05, 9.918212890625e-05, 9.083747863769531e-05, 9.632110595703125e-05, 9.250640869140625e-05, 9.274482727050781e-05, 9.751319885253906e-05, 9.775161743164062e-05, 9.298324584960938e-05, 9.34600830078125e-05, 9.393692016601562e-05, 9.34600830078125e-05, 8.416175842285156e-05],