{"steps": 128, "OMUS": [32, 14, 50, 52, 84, 23, 91, 28, 95], "clauses": 100, "avg_clause_len": 2, "parameters": {"count_clauses": 3, "best_unit_literal": 1, "best_counter_literal": 2, "sorting": 2, "extension": "greedy_param", "cutoff_main": 900, "output": "results/2020_05_28/Gurobi/wBF_50_100_greedy_param_84.json"}, "clause_length": "clause_length", "t_hitting_set": [1.430511474609375e-06, 0.0003943443298339844, 0.0003883838653564453, 0.000377655029296875, 0.0003752708435058594, 0.0003979206085205078, 0.0009391307830810547, 0.0010569095611572266, 0.0007474422454833984, 0.0010290145874023438, 0.0010151863098144531, 0.00113677978515625, 0.0009975433349609375, 0.017052412033081055, 0.0013272762298583984, 0.0014529228210449219, 0.0013129711151123047, 0.0011534690856933594, 0.0011017322540283203, 0.0010590553283691406, 0.00078582763671875, 0.0011796951293945312, 0.0012614727020263672, 0.0011942386627197266, 0.0021049976348876953, 0.0026450157165527344, 0.002501249313354492, 0.003306150436401367, 0.003100156784057617, 0.0028793811798095703, 0.0029294490814208984, 0.003185749053955078, 0.003142118453979492, 0.0031626224517822266, 0.0033729076385498047, 0.019831418991088867, 0.0033652782440185547, 0.0034835338592529297, 0.0037262439727783203, 0.0038878917694091797, 0.00382232666015625, 0.0032584667205810547, 0.002984762191772461, 0.01704239845275879, 0.003446817398071289, 0.0039048194885253906, 0.004063129425048828, 0.0042073726654052734, 0.004278659820556641, 0.004529237747192383, 0.005822181701660156, 0.006079673767089844, 0.005988597869873047, 0.005517244338989258, 0.005557537078857422, 0.0059375762939453125, 0.007226467132568359, 0.006702899932861328, 0.00560760498046875, 0.005724430084228516, 0.005519866943359375, 0.006959676742553711, 0.006111621856689453, 0.007376670837402344, 0.008332252502441406, 0.00691676139831543, 0.0068950653076171875, 0.005423545837402344, 0.0052144527435302734, 0.0064465999603271484, 0.007592439651489258, 0.006371259689331055, 0.0059430599212646484, 0.0059316158294677734, 0.005956888198852539, 0.006151676177978516, 0.0074214935302734375, 0.005707740783691406, 0.006655216217041016, 0.00606989860534668, 0.006304740905761719, 0.005319356918334961, 0.005885124206542969, 0.0059413909912109375, 0.006537199020385742, 0.008233785629272461, 0.0068590641021728516, 0.006365776062011719, 0.007819175720214844, 0.007884025573730469, 0.007449626922607422, 0.00966644287109375, 0.010456562042236328, 0.01029825210571289, 0.010332584381103516, 0.012583494186401367, 0.013765573501586914, 0.013654708862304688, 0.011275291442871094, 0.011007547378540039, 0.008431434631347656, 0.013309478759765625, 0.008711099624633789, 0.008743524551391602, 0.015527725219726562, 0.01126551628112793, 0.012434720993041992, 0.014701604843139648, 0.015030622482299805, 0.01552271842956543, 0.015841960906982422, 0.01495218276977539, 0.015376567840576172, 0.015705585479736328, 0.015494823455810547, 0.015375614166259766, 0.015984296798706055, 0.01632857322692871, 0.015371561050415039, 0.017995357513427734, 0.01789069175720215, 0.017535924911499023, 0.015145540237426758, 0.017955541610717773, 0.018959760665893555, 0.01797771453857422, 0.016399860382080078, 0.017081499099731445, 0.017282724380493164], "t_sat_check": [4.76837158203125e-07, 5.3882598876953125e-05, 5.53131103515625e-05, 5.316734313964844e-05, 5.435943603515625e-05, 5.555152893066406e-05, 6.389617919921875e-05, 6.437301635742188e-05, 6.031990051269531e-05, 6.628036499023438e-05, 6.580352783203125e-05, 6.413459777832031e-05, 6.699562072753906e-05, 7.343292236328125e-05, 7.05718994140625e-05, 7.152557373046875e-05, 7.104873657226562e-05, 6.937980651855469e-05, 6.794929504394531e-05, 6.580352783203125e-05, 6.0558319091796875e-05, 6.866455078125e-05, 7.033348083496094e-05, 6.67572021484375e-05, 7.605552673339844e-05, 8.106231689453125e-05, 8.0108642578125e-05, 8.273124694824219e-05, 8.225440979003906e-05, 8.368492126464844e-05, 8.082389831542969e-05, 7.987022399902344e-05, 8.034706115722656e-05, 7.796287536621094e-05, 8.20159912109375e-05, 8.726119995117188e-05, 8.058547973632812e-05, 8.344650268554688e-05, 8.368492126464844e-05, 8.177757263183594e-05, 8.368492126464844e-05, 8.344650268554688e-05, 8.130073547363281e-05, 9.202957153320312e-05, 8.034706115722656e-05, 8.463859558105469e-05, 8.130073547363281e-05, 8.153915405273438e-05, 8.273124694824219e-05, 8.106231689453125e-05, 8.630752563476562e-05, 8.654594421386719e-05, 8.654594421386719e-05, 8.893013000488281e-05, 8.606910705566406e-05, 8.797645568847656e-05, 8.869171142578125e-05, 8.654594421386719e-05, 8.559226989746094e-05, 8.440017700195312e-05, 8.416175842285156e-05, 8.678436279296875e-05, 8.726119995117188e-05, 8.749961853027344e-05, 8.702278137207031e-05, 8.630752563476562e-05, 8.678436279296875e-05, 8.58306884765625e-05, 8.535385131835938e-05, 8.463859558105469e-05, 8.749961853027344e-05, 9.083747863769531e-05, 8.559226989746094e-05, 9.012222290039062e-05, 8.487701416015625e-05, 8.7738037109375e-05, 8.797645568847656e-05, 8.487701416015625e-05, 9.250640869140625e-05, 8.654594421386719e-05, 8.654594421386719e-05, 8.58306884765625e-05, 8.535385131835938e-05, 8.535385131835938e-05, 8.821487426757812e-05, 8.845329284667969e-05, 8.845329284667969e-05, 8.797645568847656e-05, 8.606910705566406e-05, 8.96453857421875e-05, 8.630752563476562e-05, 8.869171142578125e-05, 8.940696716308594e-05, 9.012222290039062e-05, 8.893013000488281e-05, 8.988380432128906e-05, 9.1552734375e-05, 9.34600830078125e-05, 9.107589721679688e-05, 9.131431579589844e-05, 9.274482727050781e-05, 9.322166442871094e-05, 9.441375732421875e-05, 9.083747863769531e-05, 9.1552734375e-05, 9.274482727050781e-05, 9.202957153320312e-05, 9.560585021972656e-05, 0.00013399124145507812, 9.34600830078125e-05, 9.1552734375e-05, 9.393692016601562e-05, 9.512901306152344e-05, 9.250640869140625e-05, 9.250640869140625e-05, 9.34600830078125e-05, 9.393692016601562e-05, 9.417533874511719e-05, 0.0001227855682373047, 9.274482727050781e-05, 9.489059448242188e-05, 9.441375732421875e-05, 9.34600830078125e-05, 0.0001456737518310547, 9.72747802734375e-05, 9.5367431640625e-05, 9.274482727050781e-05, 9.72747802734375e-05, 8.368492126464844e-05],