{"steps": 75, "OMUS": [191, 69, 70, 110, 28, 31], "clauses": 200, "avg_clause_len": 2, "parameters": {"count_clauses": 2, "best_unit_literal": 1, "best_counter_literal": 1, "sorting": 3, "extension": "greedy_param", "cutoff_main": 900, "output": "results/2020_05_28/Gurobi/wBF_100_200_greedy_param_103.json"}, "clause_length": "clause_length", "t_hitting_set": [9.5367431640625e-07, 0.0005774497985839844, 0.0005328655242919922, 0.0005576610565185547, 0.0005586147308349609, 0.0008039474487304688, 0.0011250972747802734, 0.0011680126190185547, 0.0012557506561279297, 0.001196146011352539, 0.0012290477752685547, 0.0012905597686767578, 0.0012593269348144531, 0.0012359619140625, 0.0013689994812011719, 0.0009200572967529297, 0.0012345314025878906, 0.0013530254364013672, 0.0017032623291015625, 0.0017020702362060547, 0.002300739288330078, 0.002380847930908203, 0.0023429393768310547, 0.0025348663330078125, 0.002679586410522461, 0.0023381710052490234, 0.0022470951080322266, 0.0030922889709472656, 0.0024340152740478516, 0.0027170181274414062, 0.00298309326171875, 0.0029489994049072266, 0.0031638145446777344, 0.0037398338317871094, 0.003798961639404297, 0.004593610763549805, 0.0046176910400390625, 0.0059359073638916016, 0.0048825740814208984, 0.0061991214752197266, 0.00499415397644043, 0.004578351974487305, 0.004611492156982422, 0.004807233810424805, 0.004186868667602539, 0.005102396011352539, 0.004166603088378906, 0.004613637924194336, 0.004238128662109375, 0.004430294036865234, 0.004384756088256836, 0.004384756088256836, 0.004745006561279297, 0.004477262496948242, 0.0050449371337890625, 0.004991292953491211, 0.004743337631225586, 0.005105257034301758, 0.0051326751708984375, 0.0049593448638916016, 0.004985332489013672, 0.004957675933837891, 0.0051364898681640625, 0.005502462387084961, 0.005504131317138672, 0.005930185317993164, 0.006762981414794922, 0.007193326950073242, 0.006073474884033203, 0.005938291549682617, 0.007041454315185547, 0.007420063018798828, 0.006117582321166992, 0.0062787532806396484, 0.006737232208251953, 0.008067846298217773], "t_sat_check": [7.152557373046875e-07, 6.651878356933594e-05, 6.127357482910156e-05, 6.222724914550781e-05, 5.316734313964844e-05, 6.175041198730469e-05, 0.00012040138244628906, 7.390975952148438e-05, 7.009506225585938e-05, 7.176399230957031e-05, 7.390975952148438e-05, 7.62939453125e-05, 7.2479248046875e-05, 7.677078247070312e-05, 6.771087646484375e-05, 6.818771362304688e-05, 7.2479248046875e-05, 7.200241088867188e-05, 7.677078247070312e-05, 7.700920104980469e-05, 8.20159912109375e-05, 8.416175842285156e-05, 8.463859558105469e-05, 8.606910705566406e-05, 8.344650268554688e-05, 8.487701416015625e-05, 7.82012939453125e-05, 8.726119995117188e-05, 8.559226989746094e-05, 8.487701416015625e-05, 8.440017700195312e-05, 8.821487426757812e-05, 8.7738037109375e-05, 8.702278137207031e-05, 0.00012803077697753906, 9.226799011230469e-05, 9.250640869140625e-05, 9.608268737792969e-05, 9.417533874511719e-05, 9.632110595703125e-05, 9.250640869140625e-05, 9.822845458984375e-05, 9.34600830078125e-05, 9.393692016601562e-05, 8.96453857421875e-05, 9.560585021972656e-05, 9.5367431640625e-05, 0.00015592575073242188, 9.560585021972656e-05, 9.441375732421875e-05, 9.417533874511719e-05, 9.274482727050781e-05, 0.00010275840759277344, 9.560585021972656e-05, 9.608268737792969e-05, 9.489059448242188e-05, 9.226799011230469e-05, 9.632110595703125e-05, 9.34600830078125e-05, 9.489059448242188e-05, 9.72747802734375e-05, 9.608268737792969e-05, 9.679794311523438e-05, 9.632110595703125e-05, 9.894371032714844e-05, 0.0001266002655029297, 9.918212890625e-05, 9.703636169433594e-05, 9.632110595703125e-05, 9.655952453613281e-05, 0.00010132789611816406, 9.822845458984375e-05, 9.560585021972656e-05, 9.679794311523438e-05, 9.965896606445312e-05, 8.058547973632812e-05], "t_grow": [0.0017695426940917969, 0.0015239715576171875, 0.0014863014221191406, 0.0013918876647949219, 0.0014410018920898438, 0.0013661384582519531, 0.0013318061828613281, 0.0012829303741455078, 0.0012445449829101562, 0.001390218734741211, 0.0013697147369384766, 0.0012586116790771484, 0.0013418197631835938, 0.0012392997741699219, 0.001369476318359375, 0.0013234615325927734, 0.001180410385131836, 0.0012640953063964844, 0.0012407302856445312, 0.001317739486694336, 0.0012023448944091797, 0.0012135505676269531, 0.0011224746704101562, 0.00112152099609375, 0.0012416839599609375, 0.0011355876922607422, 0.0012655258178710938, 0.0010821819305419922, 0.0011248588562011719, 0.0012481212615966797, 0.0011703968048095703, 0.0010938644409179688, 0.0011153221130371094, 0.0012373924255371094, 0.0011813640594482422, 0.0010993480682373047, 0.0012106895446777344, 0.001178741455078125, 0.001173257827758789, 0.0010800361633300781, 0.0012531280517578125, 0.0010662078857421875, 0.00119781494140625, 0.0011932849884033203, 0.001285552978515625, 0.0011284351348876953, 0.0011019706726074219, 0.0012788772583007812, 0.0010690689086914062, 0.0013265609741210938, 0.0011439323425292969, 0.0012462139129638672, 0.0011162757873535156, 0.0010597705841064453, 0.0010504722595214844, 0.0012192726135253906, 0.001127481460571289, 0.0012154579162597656, 0.001209259033203125, 0.0012958049774169922, 0.0010938644409179688, 0.001026153564453125, 0.0012154579162597656, 0.0012421607971191406, 0.0011458396911621094, 0.0012664794921875, 0.0010983943939208984, 0.001142263412475586, 0.0012774467468261719, 0.0012066364288330078, 0.001148223876953125, 0.0011315345764160156, 0.0011489391326904297, 0.0012710094451904297, 0.0012869834899902344], "extension": "greedy_param", "s_hs": [0, 1, 1, 2, 1, 2, 2, 3, 3, 3, 3, 4, 3, 4, 2, 3, 4, 3, 4, 4, 4, 5, 5, 5, 5, 6, 4, 6, 7, 5, 6, 6, 6, 5, 6, 6, 6, 6, 6, 7, 6, 7, 5, 7, 5, 7, 7, 6, 8, 8, 8, 6, 8, 8, 9, 7, 7, 7, 6, 9, 10, 9, 8, 9, 9, 6, 8, 7, 7, 7, 9, 7, 8, 9, 10, 6], "s_grow": [4, 8, 6, 8, 5, 7, 6, 7, 7, 6, 6, 6, 6, 6, 7, 4, 5, 11, 10, 6, 9, 6, 10, 8, 5, 8, 9, 9, 7, 9, 5, 7, 7, 4, 7, 8, 12, 7, 6, 9, 8, 12, 6, 13, 9, 9, 7, 9, 7, 10, 12, 10, 8, 9, 11, 11, 5, 10, 8, 10, 10, 8, 10, 10, 11, 12, 11, 4, 12, 11, 10, 10, 7, 10, 9], "omus": true}