{"steps": 151, "OMUS": [32, 14, 50, 52, 84, 23, 91, 28, 95], "clauses": 100, "avg_clause_len": 2, "parameters": {"count_clauses": 2, "best_unit_literal": 4, "best_counter_literal": 2, "sorting": 0, "extension": "greedy_param", "cutoff_main": 900, "output": "results/2020_05_28/Gurobi/wBF_50_100_greedy_param_20.json"}, "clause_length": "clause_length", "t_hitting_set": [1.1920928955078125e-06, 0.00039196014404296875, 0.00038695335388183594, 0.00038623809814453125, 0.00038933753967285156, 0.0004570484161376953, 0.0006396770477294922, 0.0006701946258544922, 0.0010597705841064453, 0.0010156631469726562, 0.0012271404266357422, 0.0012524127960205078, 0.0013427734375, 0.0010709762573242188, 0.0012919902801513672, 0.0011887550354003906, 0.0011181831359863281, 0.0013484954833984375, 0.0012240409851074219, 0.001218557357788086, 0.0012524127960205078, 0.0013344287872314453, 0.0015077590942382812, 0.0019838809967041016, 0.0020895004272460938, 0.0023005008697509766, 0.0022394657135009766, 0.002180814743041992, 0.002286672592163086, 0.002245664596557617, 0.002143383026123047, 0.0024666786193847656, 0.0027878284454345703, 0.003133058547973633, 0.0034389495849609375, 0.004809141159057617, 0.003398895263671875, 0.003180980682373047, 0.003261566162109375, 0.0038971900939941406, 0.0035626888275146484, 0.0034873485565185547, 0.004648685455322266, 0.004767656326293945, 0.0065402984619140625, 0.005688905715942383, 0.006200551986694336, 0.004416227340698242, 0.003953456878662109, 0.004678249359130859, 0.005925655364990234, 0.004424571990966797, 0.004451751708984375, 0.004632711410522461, 0.006453990936279297, 0.006596565246582031, 0.006585359573364258, 0.006302833557128906, 0.006120443344116211, 0.0076334476470947266, 0.007293224334716797, 0.00675201416015625, 0.007881641387939453, 0.008042573928833008, 0.007880210876464844, 0.008501529693603516, 0.008731842041015625, 0.009368896484375, 0.008799076080322266, 0.009295940399169922, 0.009054422378540039, 0.008350610733032227, 0.010262250900268555, 0.012806892395019531, 0.011263847351074219, 0.011513948440551758, 0.011011123657226562, 0.010799884796142578, 0.011837005615234375, 0.00852060317993164, 0.01198577880859375, 0.009620428085327148, 0.012706279754638672, 0.00933527946472168, 0.011739969253540039, 0.011301279067993164, 0.013334274291992188, 0.01443338394165039, 0.014009237289428711, 0.014609575271606445, 0.013819694519042969, 0.015491247177124023, 0.015579462051391602, 0.012034177780151367, 0.014679908752441406, 0.014530181884765625, 0.015032768249511719, 0.015567541122436523, 0.016906261444091797, 0.016426801681518555, 0.016603946685791016, 0.016579627990722656, 0.01601862907409668, 0.016772031784057617, 0.017281293869018555, 0.016645193099975586, 0.016621828079223633, 0.015140771865844727, 0.01574087142944336, 0.013113021850585938, 0.013843297958374023, 0.014491558074951172, 0.016258955001831055, 0.01714324951171875, 0.01862788200378418, 0.01645374298095703, 0.01624464988708496, 0.01657843589782715, 0.016298532485961914, 0.017712831497192383, 0.015650033950805664, 0.016179561614990234, 0.01666402816772461, 0.016776084899902344, 0.06064176559448242, 0.09893679618835449, 0.01360011100769043, 0.017195701599121094, 0.015339851379394531, 0.016628742218017578, 0.01775336265563965, 0.017789125442504883, 0.0197298526763916, 0.017830371856689453, 0.017558574676513672, 0.01679229736328125, 0.01729869842529297, 0.017657756805419922, 0.07896924018859863, 0.022743701934814453, 0.01977992057800293, 0.021372079849243164, 0.02764415740966797, 0.028282880783081055, 0.03206038475036621, 0.030072689056396484, 0.03232717514038086, 0.05199265480041504, 0.08099770545959473, 0.034551143646240234, 0.02013397216796875, 0.062371253967285156], "t_sat_check": [7.152557373046875e-07, 5.53131103515625e-05, 5.173683166503906e-05, 5.245208740234375e-05, 5.2928924560546875e-05, 5.507469177246094e-05, 5.817413330078125e-05, 5.745887756347656e-05, 6.29425048828125e-05, 6.365776062011719e-05, 6.556510925292969e-05, 6.604194641113281e-05, 7.104873657226562e-05, 6.937980651855469e-05, 6.818771362304688e-05, 7.033348083496094e-05, 6.580352783203125e-05, 6.747245788574219e-05, 6.842613220214844e-05, 6.747245788574219e-05, 6.794929504394531e-05, 6.961822509765625e-05, 7.033348083496094e-05, 7.224082946777344e-05, 7.700920104980469e-05, 7.724761962890625e-05, 7.486343383789062e-05, 7.915496826171875e-05, 8.749961853027344e-05, 7.367134094238281e-05, 7.390975952148438e-05, 7.796287536621094e-05, 7.987022399902344e-05, 7.891654968261719e-05, 8.034706115722656e-05, 8.249282836914062e-05, 8.273124694824219e-05, 7.987022399902344e-05, 8.058547973632812e-05, 8.249282836914062e-05, 8.153915405273438e-05, 8.130073547363281e-05, 8.416175842285156e-05, 8.535385131835938e-05, 8.416175842285156e-05, 8.320808410644531e-05, 8.630752563476562e-05, 8.320808410644531e-05, 8.463859558105469e-05, 8.606910705566406e-05, 8.511543273925781e-05, 8.559226989746094e-05, 8.249282836914062e-05, 8.702278137207031e-05, 8.58306884765625e-05, 8.440017700195312e-05, 8.535385131835938e-05, 8.749961853027344e-05, 8.821487426757812e-05, 9.012222290039062e-05, 8.869171142578125e-05, 8.678436279296875e-05, 8.702278137207031e-05, 8.893013000488281e-05, 9.012222290039062e-05, 8.869171142578125e-05, 9.059906005859375e-05, 9.226799011230469e-05, 8.726119995117188e-05, 9.107589721679688e-05, 9.036064147949219e-05, 9.059906005859375e-05, 8.940696716308594e-05, 9.465217590332031e-05, 9.250640869140625e-05, 9.274482727050781e-05, 8.916854858398438e-05, 9.179115295410156e-05, 9.369850158691406e-05, 8.749961853027344e-05, 8.654594421386719e-05, 9.083747863769531e-05, 9.131431579589844e-05, 9.202957153320312e-05, 9.202957153320312e-05, 9.250640869140625e-05, 9.131431579589844e-05, 8.988380432128906e-05, 9.679794311523438e-05, 9.322166442871094e-05, 9.322166442871094e-05, 9.274482727050781e-05, 9.322166442871094e-05, 9.036064147949219e-05, 9.250640869140625e-05, 9.179115295410156e-05, 9.322166442871094e-05, 9.417533874511719e-05, 9.274482727050781e-05, 9.512901306152344e-05, 9.703636169433594e-05, 9.250640869140625e-05, 9.775161743164062e-05, 9.512901306152344e-05, 9.775161743164062e-05, 9.655952453613281e-05, 9.179115295410156e-05, 9.298324584960938e-05, 9.369850158691406e-05, 9.441375732421875e-05, 9.083747863769531e-05, 9.489059448242188e-05, 9.369850158691406e-05, 9.512901306152344e-05, 9.775161743164062e-05, 9.512901306152344e-05, 9.560585021972656e-05, 9.608268737792969e-05, 9.894371032714844e-05, 9.512901306152344e-05, 9.918212890625e-05, 9.34600830078125e-05, 9.441375732421875e-05, 9.369850158691406e-05, 9.942054748535156e-05, 0.00010251998901367188, 9.489059448242188e-05, 9.465217590332031e-05, 9.441375732421875e-05, 9.34600830078125e-05, 9.703636169433594e-05, 9.298324584960938e-05, 0.00014090538024902344, 9.703636169433594e-05, 9.250640869140625e-05, 9.226799011230469e-05, 9.870529174804688e-05, 9.965896606445312e-05, 9.703636169433594e-05, 9.608268737792969e-05, 9.942054748535156e-05, 9.441375732421875e-05, 9.512901306152344e-05, 9.608268737792969e-05, 9.942054748535156e-05, 9.72747802734375e-05, 9.846687316894531e-05, 0.00010442733764648438, 9.894371032714844e-05, 9.465217590332031e-05, 9.489059448242188e-05, 8.797645568847656e-05],