{"steps": 239, "OMUS": [33, 4, 38, 6, 78, 49, 82, 52, 84, 86, 89, 90, 28], "clauses": 100, "avg_clause_len": 2, "parameters": {"extension": "satlike", "output": "results/2020_05_28/Gurobi/wBF_50_100_satlike.json", "cutoff": 15, "h_inc": 3, "max_restart": 5, "s_inc": 0, "pb_restarts": 0.001, "cutoff_main": 3600, "sp": 0.01}, "clause_length": "clause_length", "t_hitting_set": [1.430511474609375e-06, 0.0004832744598388672, 0.0005095005035400391, 0.0005214214324951172, 0.0012123584747314453, 0.001087188720703125, 0.0011036396026611328, 0.0011670589447021484, 0.0011391639709472656, 0.0012738704681396484, 0.0013728141784667969, 0.0014586448669433594, 0.0017323493957519531, 0.0018310546875, 0.0016207695007324219, 0.0017642974853515625, 0.002441883087158203, 0.0024924278259277344, 0.002546548843383789, 0.002414226531982422, 0.002341032028198242, 0.0024051666259765625, 0.0026950836181640625, 0.002846240997314453, 0.0030410289764404297, 0.002750396728515625, 0.0028357505798339844, 0.0032792091369628906, 0.0034530162811279297, 0.0030312538146972656, 0.0031464099884033203, 0.0035233497619628906, 0.002943277359008789, 0.003931522369384766, 0.003576517105102539, 0.030445575714111328, 0.02195572853088379, 0.003924131393432617, 0.003712892532348633, 0.005087137222290039, 0.005093097686767578, 0.019861936569213867, 0.029383182525634766, 0.0039055347442626953, 0.024515390396118164, 0.033243417739868164, 0.028847694396972656, 0.030535459518432617, 0.026268959045410156, 0.037644386291503906, 0.0041162967681884766, 0.004045009613037109, 0.0044248104095458984, 0.004613161087036133, 0.004642963409423828, 0.004873991012573242, 0.03247833251953125, 0.03669238090515137, 0.029283523559570312, 0.025282621383666992, 0.0052127838134765625, 0.00506591796875, 0.03993654251098633, 0.0318295955657959, 0.03847908973693848, 0.026669979095458984, 0.028040647506713867, 0.024988412857055664, 0.04778242111206055, 0.038332462310791016, 0.03688240051269531, 0.03869891166687012, 0.03904986381530762, 0.007908821105957031, 0.027515649795532227, 0.037229299545288086, 0.0413820743560791, 0.040595293045043945, 0.00635218620300293, 0.03512310981750488, 0.040671348571777344, 0.03367304801940918, 0.033663034439086914, 0.03182864189147949, 0.038541316986083984, 0.006925344467163086, 0.04021620750427246, 0.04324650764465332, 0.038297414779663086, 0.03985786437988281, 0.04079079627990723, 0.00729823112487793, 0.0410008430480957, 0.04902529716491699, 0.050025224685668945, 0.059775590896606445, 0.05032992362976074, 0.015408039093017578, 0.07074379920959473, 0.06641912460327148, 0.05715513229370117, 0.04920601844787598, 0.06805133819580078, 0.05496358871459961, 0.062439680099487305, 0.06725168228149414, 0.05688834190368652, 0.06431460380554199, 0.05678844451904297, 0.06368637084960938, 0.059336185455322266, 0.015255451202392578, 0.0544278621673584, 0.06496977806091309, 0.06665301322937012, 0.061858177185058594, 0.07981586456298828, 0.060254812240600586, 0.017583131790161133, 0.01944446563720703, 0.053475141525268555, 0.06955814361572266, 0.02007269859313965, 0.018069028854370117, 0.022214889526367188, 0.02460765838623047, 0.12438464164733887, 0.05650687217712402, 0.03396177291870117, 0.03476738929748535, 0.040885210037231445, 0.1153414249420166, 0.03377842903137207, 0.12827682495117188, 0.09682106971740723, 0.13883447647094727, 0.1495673656463623, 0.15193676948547363, 0.14274001121520996, 0.14044570922851562, 0.12125849723815918, 0.1545722484588623, 0.16456961631774902, 0.14847373962402344, 0.15539860725402832, 0.1851179599761963, 0.12309098243713379, 0.1554267406463623, 0.26465535163879395, 0.14564228057861328, 0.15749526023864746, 0.19400906562805176, 0.18311333656311035, 0.18104958534240723, 0.18623924255371094, 0.06440019607543945, 0.16933059692382812, 0.06354308128356934, 0.19015288352966309, 0.06761741638183594, 0.17095422744750977, 0.20824933052062988, 0.23828721046447754, 0.19809269905090332, 0.20943093299865723, 0.20694231986999512, 0.06902575492858887, 0.15814733505249023, 0.05895709991455078, 0.049939632415771484, 0.06871891021728516, 0.06792736053466797, 0.21616697311401367, 0.19832706451416016, 0.17734241485595703, 0.15767383575439453, 0.20591974258422852, 0.20140433311462402, 0.1613175868988037, 0.07554888725280762, 0.2097911834716797, 0.19945740699768066, 0.20020556449890137, 0.19290423393249512, 0.2138683795928955, 0.21452927589416504, 0.0795433521270752, 0.07862997055053711, 0.16816020011901855, 0.21341490745544434, 0.19290375709533691, 0.21040081977844238, 0.2688329219818115, 0.28088855743408203, 0.26369762420654297, 0.24892687797546387, 0.18638896942138672, 0.21902203559875488, 0.23424649238586426, 0.25394725799560547, 0.23589801788330078, 0.23558855056762695, 0.21654057502746582, 0.21197843551635742, 0.24332213401794434, 0.056169748306274414, 0.14570021629333496, 0.06049823760986328, 0.21483206748962402, 0.06287264823913574, 0.20760679244995117, 0.22469377517700195, 0.22477364540100098, 0.25989389419555664, 0.27050352096557617, 0.23485207557678223, 0.27377772331237793, 0.077667236328125, 0.24542903900146484, 0.08039236068725586, 0.24515891075134277, 0.24883627891540527, 0.2431035041809082, 0.258481502532959, 0.2695014476776123, 0.2687678337097168, 0.24978303909301758, 0.26410818099975586, 0.2510409355163574, 0.23221707344055176, 0.34139275550842285, 0.35277748107910156, 0.2540740966796875, 0.2606956958770752, 0.3186147212982178, 0.26142144203186035, 0.26905059814453125, 0.2455606460571289, 0.3181149959564209, 0.27030301094055176],