{"steps": 154, "OMUS": [32, 14, 50, 52, 84, 23, 91, 28, 95], "clauses": 100, "avg_clause_len": 2, "parameters": {"count_clauses": 1, "best_unit_literal": 3, "best_counter_literal": 1, "sorting": 4, "extension": "greedy_param", "cutoff_main": 900, "output": "results/2020_05_28/Gurobi/wBF_50_100_greedy_param_127.json"}, "clause_length": "clause_length", "t_hitting_set": [1.1920928955078125e-06, 0.00040984153747558594, 0.00038695335388183594, 0.0003712177276611328, 0.0003952980041503906, 0.0003986358642578125, 0.0003941059112548828, 0.0004062652587890625, 0.0004305839538574219, 0.0006844997406005859, 0.0010654926300048828, 0.0006761550903320312, 0.0014176368713378906, 0.0010676383972167969, 0.0013360977172851562, 0.0014913082122802734, 0.0016779899597167969, 0.0015943050384521484, 0.0016980171203613281, 0.0017268657684326172, 0.0015285015106201172, 0.001989603042602539, 0.0019631385803222656, 0.0019016265869140625, 0.002613067626953125, 0.0030031204223632812, 0.0023734569549560547, 0.003223419189453125, 0.0025322437286376953, 0.002621889114379883, 0.0025756359100341797, 0.0025169849395751953, 0.0025436878204345703, 0.002760171890258789, 0.003149747848510742, 0.0030357837677001953, 0.0035398006439208984, 0.0036001205444335938, 0.005160331726074219, 0.00534820556640625, 0.004574298858642578, 0.004481077194213867, 0.006626129150390625, 0.006591320037841797, 0.005247354507446289, 0.004818916320800781, 0.00507044792175293, 0.006216526031494141, 0.0068950653076171875, 0.0063076019287109375, 0.006432294845581055, 0.007866859436035156, 0.0054683685302734375, 0.007346391677856445, 0.0058939456939697266, 0.0051462650299072266, 0.0058825016021728516, 0.007094383239746094, 0.006991147994995117, 0.0070722103118896484, 0.0069179534912109375, 0.005925416946411133, 0.006784200668334961, 0.006268024444580078, 0.0063512325286865234, 0.005204677581787109, 0.006063222885131836, 0.006523609161376953, 0.005609273910522461, 0.007945537567138672, 0.007772684097290039, 0.006894350051879883, 0.00857686996459961, 0.008674860000610352, 0.00788116455078125, 0.007486581802368164, 0.007985591888427734, 0.008275747299194336, 0.0075914859771728516, 0.00886678695678711, 0.006438493728637695, 0.006302595138549805, 0.0074007511138916016, 0.006206989288330078, 0.0060482025146484375, 0.007371425628662109, 0.006349325180053711, 0.009659528732299805, 0.008458137512207031, 0.008157491683959961, 0.009310007095336914, 0.008751869201660156, 0.008967876434326172, 0.009114503860473633, 0.009971857070922852, 0.009914159774780273, 0.010987997055053711, 0.0062868595123291016, 0.008144378662109375, 0.011831045150756836, 0.008400917053222656, 0.010800361633300781, 0.011657476425170898, 0.007581472396850586, 0.00841832160949707, 0.00923609733581543, 0.009868621826171875, 0.009768962860107422, 0.009310483932495117, 0.008414745330810547, 0.010960102081298828, 0.007252216339111328, 0.008177757263183594, 0.007978200912475586, 0.007936239242553711, 0.00846552848815918, 0.008093833923339844, 0.007758617401123047, 0.007856607437133789, 0.00896453857421875, 0.009094476699829102, 0.008677482604980469, 0.007880210876464844, 0.00944972038269043, 0.009217500686645508, 0.01042938232421875, 0.006886959075927734, 0.006695747375488281, 0.011452198028564453, 0.011157512664794922, 0.010061502456665039, 0.010366678237915039, 0.01059269905090332, 0.013411521911621094, 0.010162115097045898, 0.010732412338256836, 0.011222362518310547, 0.011002302169799805, 0.011577129364013672, 0.013741493225097656, 0.014131784439086914, 0.012937784194946289, 0.012993812561035156, 0.013776302337646484, 0.013642549514770508, 0.013190031051635742, 0.013373374938964844, 0.013696670532226562, 0.013330221176147461, 0.01419973373413086, 0.010363340377807617, 0.015116214752197266, 0.014517068862915039, 0.012523412704467773, 0.015835285186767578], "t_sat_check": [7.152557373046875e-07, 6.127357482910156e-05, 9.274482727050781e-05, 4.9591064453125e-05, 5.1021575927734375e-05, 5.340576171875e-05, 5.364418029785156e-05, 5.435943603515625e-05, 5.173683166503906e-05, 5.745887756347656e-05, 6.580352783203125e-05, 5.984306335449219e-05, 6.818771362304688e-05, 6.890296936035156e-05, 6.723403930664062e-05, 7.033348083496094e-05, 7.200241088867188e-05, 7.43865966796875e-05, 7.557868957519531e-05, 7.390975952148438e-05, 7.05718994140625e-05, 7.43865966796875e-05, 7.343292236328125e-05, 7.748603820800781e-05, 7.891654968261719e-05, 8.153915405273438e-05, 7.724761962890625e-05, 8.034706115722656e-05, 7.796287536621094e-05, 7.653236389160156e-05, 7.939338684082031e-05, 7.2479248046875e-05, 7.343292236328125e-05, 7.581710815429688e-05, 7.82012939453125e-05, 7.796287536621094e-05, 7.462501525878906e-05, 7.724761962890625e-05, 8.440017700195312e-05, 8.511543273925781e-05, 8.535385131835938e-05, 0.00015926361083984375, 8.440017700195312e-05, 9.107589721679688e-05, 8.463859558105469e-05, 8.440017700195312e-05, 8.559226989746094e-05, 8.845329284667969e-05, 8.940696716308594e-05, 8.726119995117188e-05, 8.797645568847656e-05, 0.00010061264038085938, 8.606910705566406e-05, 8.654594421386719e-05, 8.7738037109375e-05, 8.606910705566406e-05, 8.463859558105469e-05, 8.440017700195312e-05, 0.00013375282287597656, 8.630752563476562e-05, 8.7738037109375e-05, 8.702278137207031e-05, 8.58306884765625e-05, 0.0001361370086669922, 8.440017700195312e-05, 8.296966552734375e-05, 8.559226989746094e-05, 8.630752563476562e-05, 8.511543273925781e-05, 8.535385131835938e-05, 8.654594421386719e-05, 8.630752563476562e-05, 8.392333984375e-05, 8.940696716308594e-05, 0.00014829635620117188, 8.654594421386719e-05, 8.940696716308594e-05, 8.654594421386719e-05, 8.654594421386719e-05, 8.893013000488281e-05, 8.440017700195312e-05, 8.606910705566406e-05, 8.606910705566406e-05, 8.606910705566406e-05, 8.654594421386719e-05, 8.726119995117188e-05, 8.678436279296875e-05, 9.1552734375e-05, 8.96453857421875e-05, 8.869171142578125e-05, 9.059906005859375e-05, 9.655952453613281e-05, 8.869171142578125e-05, 9.036064147949219e-05, 9.036064147949219e-05, 8.869171142578125e-05, 9.012222290039062e-05, 8.845329284667969e-05, 0.0001289844512939453, 9.250640869140625e-05, 8.797645568847656e-05, 9.036064147949219e-05, 9.274482727050781e-05, 8.845329284667969e-05, 9.083747863769531e-05, 8.96453857421875e-05, 9.298324584960938e-05, 8.7738037109375e-05, 9.036064147949219e-05, 8.893013000488281e-05, 8.96453857421875e-05, 9.036064147949219e-05, 8.726119995117188e-05, 9.107589721679688e-05, 9.131431579589844e-05, 8.916854858398438e-05, 9.012222290039062e-05, 8.487701416015625e-05, 8.58306884765625e-05, 8.893013000488281e-05, 9.226799011230469e-05, 8.893013000488281e-05, 9.059906005859375e-05, 9.107589721679688e-05, 9.179115295410156e-05, 9.1552734375e-05, 8.559226989746094e-05, 8.726119995117188e-05, 9.274482727050781e-05, 9.202957153320312e-05, 9.179115295410156e-05, 9.036064147949219e-05, 9.226799011230469e-05, 9.512901306152344e-05, 9.202957153320312e-05, 9.417533874511719e-05, 9.369850158691406e-05, 9.202957153320312e-05, 9.226799011230469e-05, 9.179115295410156e-05, 9.393692016601562e-05, 9.131431579589844e-05, 9.465217590332031e-05, 9.369850158691406e-05, 9.369850158691406e-05, 9.202957153320312e-05, 9.393692016601562e-05, 9.512901306152344e-05, 9.34600830078125e-05, 9.608268737792969e-05, 9.274482727050781e-05, 9.202957153320312e-05, 9.298324584960938e-05, 9.465217590332031e-05, 8.440017700195312e-05],