{"steps": 153, "OMUS": [191, 69, 70, 110, 28, 31], "clauses": 200, "avg_clause_len": 2, "parameters": {"count_clauses": 1, "best_unit_literal": 0, "best_counter_literal": 2, "sorting": 3, "extension": "greedy_param", "cutoff_main": 900, "output": "results/2020_05_28/Gurobi/wBF_100_200_greedy_param_92.json"}, "clause_length": "clause_length", "t_hitting_set": [1.6689300537109375e-06, 0.0005624294281005859, 0.0005354881286621094, 0.0005717277526855469, 0.0006127357482910156, 0.0005981922149658203, 0.0012111663818359375, 0.0011186599731445312, 0.001096963882446289, 0.0011136531829833984, 0.0011069774627685547, 0.001130819320678711, 0.0012445449829101562, 0.0012350082397460938, 0.0009336471557617188, 0.0013275146484375, 0.0013284683227539062, 0.0012564659118652344, 0.0016584396362304688, 0.0017561912536621094, 0.0013856887817382812, 0.0018231868743896484, 0.0015935897827148438, 0.0016913414001464844, 0.0025682449340820312, 0.0025005340576171875, 0.002711057662963867, 0.0030858516693115234, 0.002942323684692383, 0.0029990673065185547, 0.003342151641845703, 0.0031011104583740234, 0.0030679702758789062, 0.0029592514038085938, 0.0028960704803466797, 0.0028705596923828125, 0.003080129623413086, 0.003107309341430664, 0.003058195114135742, 0.003025531768798828, 0.0031425952911376953, 0.0031435489654541016, 0.0034508705139160156, 0.003444194793701172, 0.004217386245727539, 0.003469705581665039, 0.004889726638793945, 0.00539851188659668, 0.00415492057800293, 0.005270481109619141, 0.0051386356353759766, 0.0036363601684570312, 0.003719806671142578, 0.003509998321533203, 0.003426790237426758, 0.004070758819580078, 0.004510641098022461, 0.0044422149658203125, 0.004244804382324219, 0.004276275634765625, 0.004632234573364258, 0.00457000732421875, 0.004393100738525391, 0.004232168197631836, 0.004675865173339844, 0.005056858062744141, 0.004878520965576172, 0.0067768096923828125, 0.006043672561645508, 0.007020711898803711, 0.005568504333496094, 0.004995822906494141, 0.007991313934326172, 0.007945775985717773, 0.007992982864379883, 0.006240367889404297, 0.006409406661987305, 0.005307674407958984, 0.0071108341217041016, 0.007081031799316406, 0.006390094757080078, 0.006532192230224609, 0.006701469421386719, 0.009003877639770508, 0.010094404220581055, 0.007973432540893555, 0.01041102409362793, 0.010725975036621094, 0.009758710861206055, 0.00994873046875, 0.011047124862670898, 0.01051473617553711, 0.011780261993408203, 0.009821891784667969, 0.010898351669311523, 0.011796712875366211, 0.011425495147705078, 0.010748147964477539, 0.01066899299621582, 0.008929729461669922, 0.010796785354614258, 0.007776975631713867, 0.012715816497802734, 0.009419918060302734, 0.011191368103027344, 0.011475801467895508, 0.011256933212280273, 0.011482954025268555, 0.008786678314208984, 0.009015083312988281, 0.010699987411499023, 0.00915074348449707, 0.011298656463623047, 0.010990619659423828, 0.012959957122802734, 0.010794401168823242, 0.01039886474609375, 0.012964248657226562, 0.011550664901733398, 0.011797428131103516, 0.012976646423339844, 0.013239622116088867, 0.011536359786987305, 0.013375520706176758, 0.010390520095825195, 0.010818243026733398, 0.010456323623657227, 0.01112222671508789, 0.011455059051513672, 0.011365652084350586, 0.012580394744873047, 0.014084100723266602, 0.01125335693359375, 0.014264822006225586, 0.012069940567016602, 0.010883331298828125, 0.014999866485595703, 0.015176534652709961, 0.012103557586669922, 0.012930631637573242, 0.01242685317993164, 0.016457557678222656, 0.013559579849243164, 0.013204813003540039, 0.012064218521118164, 0.012477874755859375, 0.012842655181884766, 0.017884492874145508, 0.016943693161010742, 0.017524242401123047, 0.01782846450805664, 0.017791271209716797, 0.01881551742553711, 0.016904830932617188], "t_sat_check": [4.76837158203125e-07, 6.818771362304688e-05, 6.079673767089844e-05, 6.270408630371094e-05, 6.0558319091796875e-05, 6.628036499023438e-05, 7.510185241699219e-05, 7.295608520507812e-05, 7.43865966796875e-05, 7.128715515136719e-05, 7.43865966796875e-05, 7.2479248046875e-05, 7.653236389160156e-05, 7.319450378417969e-05, 5.0067901611328125e-05, 7.152557373046875e-05, 7.176399230957031e-05, 7.104873657226562e-05, 7.915496826171875e-05, 8.416175842285156e-05, 7.319450378417969e-05, 9.72747802734375e-05, 0.00010561943054199219, 7.462501525878906e-05, 8.130073547363281e-05, 8.416175842285156e-05, 8.440017700195312e-05, 9.036064147949219e-05, 8.678436279296875e-05, 8.749961853027344e-05, 9.34600830078125e-05, 8.893013000488281e-05, 8.654594421386719e-05, 8.678436279296875e-05, 9.059906005859375e-05, 9.72747802734375e-05, 8.273124694824219e-05, 8.416175842285156e-05, 8.225440979003906e-05, 8.845329284667969e-05, 8.7738037109375e-05, 8.988380432128906e-05, 8.845329284667969e-05, 0.00013017654418945312, 0.00010228157043457031, 8.845329284667969e-05, 9.5367431640625e-05, 9.1552734375e-05, 9.131431579589844e-05, 9.560585021972656e-05, 9.369850158691406e-05, 8.893013000488281e-05, 9.179115295410156e-05, 9.179115295410156e-05, 9.369850158691406e-05, 8.988380432128906e-05, 9.012222290039062e-05, 9.250640869140625e-05, 9.34600830078125e-05, 9.5367431640625e-05, 9.226799011230469e-05, 9.393692016601562e-05, 9.107589721679688e-05, 9.34600830078125e-05, 8.96453857421875e-05, 9.274482727050781e-05, 9.632110595703125e-05, 0.0001361370086669922, 9.250640869140625e-05, 9.751319885253906e-05, 9.5367431640625e-05, 9.441375732421875e-05, 9.703636169433594e-05, 9.584426879882812e-05, 9.846687316894531e-05, 9.942054748535156e-05, 9.608268737792969e-05, 9.465217590332031e-05, 9.560585021972656e-05, 9.918212890625e-05, 9.584426879882812e-05, 9.441375732421875e-05, 9.799003601074219e-05, 0.00010037422180175781, 9.965896606445312e-05, 9.942054748535156e-05, 0.00010204315185546875, 0.00010323524475097656, 9.72747802734375e-05, 0.00010061264038085938, 0.00010085105895996094, 0.00010013580322265625, 0.00010466575622558594, 9.989738464355469e-05, 0.00010132789611816406, 0.000102996826171875, 0.00010514259338378906, 0.0001659393310546875, 0.0001010894775390625, 9.72747802734375e-05, 9.775161743164062e-05, 9.989738464355469e-05, 0.00010228157043457031, 0.0001010894775390625, 9.989738464355469e-05, 9.870529174804688e-05, 0.00010037422180175781, 0.00010514259338378906, 0.00010347366333007812, 0.00010156631469726562, 0.00010061264038085938, 0.00010132789611816406, 0.00010061264038085938, 0.00010180473327636719, 9.751319885253906e-05, 0.00010371208190917969, 0.00010251998901367188, 9.918212890625e-05, 0.00010085105895996094, 9.989738464355469e-05, 0.000102996826171875, 0.00010418891906738281, 0.00010228157043457031, 0.00010323524475097656, 0.00010037422180175781, 9.441375732421875e-05, 0.00017118453979492188, 9.989738464355469e-05, 9.870529174804688e-05, 0.00010180473327636719, 0.00010442733764648438, 0.00010633468627929688, 0.00010204315185546875, 0.00010228157043457031, 0.00010776519775390625, 0.00010180473327636719, 9.989738464355469e-05, 0.00010514259338378906, 0.00010538101196289062, 0.00010323524475097656, 9.989738464355469e-05, 0.00010132789611816406, 0.00010395050048828125, 0.00010561943054199219, 9.989738464355469e-05, 9.989738464355469e-05, 0.00010347366333007812, 0.00010657310485839844, 0.00010371208190917969, 0.00010418891906738281, 0.00010395050048828125, 0.0001049041748046875, 0.00010466575622558594, 0.00011849403381347656],