{"steps": 249, "OMUS": [34, 136, 201, 268, 244, 56], "clauses": 300, "avg_clause_len": 2, "parameters": {"count_clauses": 1, "best_unit_literal": 0, "best_counter_literal": 2, "sorting": 4, "extension": "greedy_param", "cutoff_main": 900, "output": "results/2020_05_28/Gurobi/wBF_50_300_greedy_param_122.json"}, "clause_length": "clause_length", "t_hitting_set": [1.430511474609375e-06, 0.0008075237274169922, 0.00075531005859375, 0.0007929801940917969, 0.0011625289916992188, 0.0012197494506835938, 0.0011970996856689453, 0.001239776611328125, 0.0013167858123779297, 0.0013816356658935547, 0.0013725757598876953, 0.0014121532440185547, 0.0015935897827148438, 0.0016527175903320312, 0.0017540454864501953, 0.0018007755279541016, 0.001842498779296875, 0.002579212188720703, 0.0020492076873779297, 0.002173900604248047, 0.0021588802337646484, 0.002469778060913086, 0.0027174949645996094, 0.0034415721893310547, 0.0032830238342285156, 0.0033195018768310547, 0.003275156021118164, 0.016957759857177734, 0.0029463768005371094, 0.0030622482299804688, 0.0028743743896484375, 0.0031588077545166016, 0.0030956268310546875, 0.0029511451721191406, 0.0029282569885253906, 0.004377841949462891, 0.002763986587524414, 0.02245926856994629, 0.004686594009399414, 0.024120330810546875, 0.02817058563232422, 0.030724525451660156, 0.02127861976623535, 0.004808664321899414, 0.004686832427978516, 0.0056192874908447266, 0.0066738128662109375, 0.005255937576293945, 0.006248950958251953, 0.005135536193847656, 0.005645751953125, 0.008671760559082031, 0.005781650543212891, 0.0064945220947265625, 0.037029266357421875, 0.028562068939208984, 0.029649019241333008, 0.006396293640136719, 0.02370762825012207, 0.02701592445373535, 0.022043704986572266, 0.03620290756225586, 0.030434846878051758, 0.03277873992919922, 0.02685546875, 0.03357386589050293, 0.0407404899597168, 0.05597639083862305, 0.032833099365234375, 0.040166616439819336, 0.03212618827819824, 0.030102014541625977, 0.03235626220703125, 0.04037046432495117, 0.03330254554748535, 0.04580998420715332, 0.04668545722961426, 0.04449725151062012, 0.04413104057312012, 0.04596209526062012, 0.04391288757324219, 0.04204249382019043, 0.04383993148803711, 0.03329277038574219, 0.04352450370788574, 0.014487743377685547, 0.04066038131713867, 0.04127216339111328, 0.04250979423522949, 0.03654313087463379, 0.015531778335571289, 0.039809465408325195, 0.03766751289367676, 0.04437661170959473, 0.04451346397399902, 0.05480313301086426, 0.049185991287231445, 0.04397273063659668, 0.010642051696777344, 0.011022567749023438, 0.04487252235412598, 0.08362460136413574, 0.0413973331451416, 0.053650617599487305, 0.05245208740234375, 0.018326282501220703, 0.06606435775756836, 0.06673884391784668, 0.06605076789855957, 0.05871772766113281, 0.08350062370300293, 0.046948909759521484, 0.014984369277954102, 0.05098414421081543, 0.056409597396850586, 0.05498504638671875, 0.061258554458618164, 0.05527949333190918, 0.050108909606933594, 0.05842471122741699, 0.05262613296508789, 0.04659628868103027, 0.05521059036254883, 0.06070113182067871, 0.05641055107116699, 0.05903220176696777, 0.07694792747497559, 0.08076596260070801, 0.07291865348815918, 0.06750321388244629, 0.07629799842834473, 0.06496310234069824, 0.06151986122131348, 0.06093740463256836, 0.055922746658325195, 0.05734825134277344, 0.09358859062194824, 0.05373859405517578, 0.06895947456359863, 0.06663894653320312, 0.07770442962646484, 0.061090707778930664, 0.06690835952758789, 0.10278129577636719, 0.11437773704528809, 0.09805536270141602, 0.09778451919555664, 0.08080649375915527, 0.13163113594055176, 0.10982298851013184, 0.09997129440307617, 0.12442922592163086, 0.08341693878173828, 0.08835864067077637, 0.10873126983642578, 0.12137317657470703, 0.1078176498413086, 0.09115719795227051, 0.09513354301452637, 0.08685994148254395, 0.10619354248046875, 0.1099848747253418, 0.10629439353942871, 0.09720730781555176, 0.0810842514038086, 0.08234930038452148, 0.11206173896789551, 0.09566330909729004, 0.09613609313964844, 0.1045684814453125, 0.11075019836425781, 0.1072535514831543, 0.0997917652130127, 0.11290597915649414, 0.08678746223449707, 0.08234047889709473, 0.11649394035339355, 0.08843493461608887, 0.10575747489929199, 0.08437395095825195, 0.09371638298034668, 0.10933279991149902, 0.10461020469665527, 0.13681721687316895, 0.08681941032409668, 0.11398935317993164, 0.11156201362609863, 0.13204288482666016, 0.11844015121459961, 0.12589311599731445, 0.08937406539916992, 0.16525864601135254, 0.15487265586853027, 0.11908292770385742, 0.13562536239624023, 0.07787179946899414, 0.1527419090270996, 0.14476919174194336, 0.145521879196167, 0.1594548225402832, 0.12289786338806152, 0.12686371803283691, 0.13758563995361328, 0.16656851768493652, 0.12612271308898926, 0.14877891540527344, 0.11501169204711914, 0.11721301078796387, 0.12380743026733398, 0.1248483657836914, 0.12687420845031738, 0.125535249710083, 0.13218021392822266, 0.13619518280029297, 0.12647700309753418, 0.12458491325378418, 0.141951322555542, 0.13515377044677734, 0.13530492782592773, 0.1648082733154297, 0.136000394821167, 0.1343376636505127, 0.13821744918823242, 0.1677556037902832, 0.17011642456054688, 0.14999890327453613, 0.12967967987060547, 0.17168879508972168, 0.14058446884155273, 0.13306617736816406, 0.13717222213745117, 0.13831353187561035, 0.15036892890930176, 0.14082121849060059, 0.16704487800598145, 0.14498662948608398, 0.1662294864654541, 0.16077113151550293, 0.13637495040893555, 0.17136359214782715, 0.18885231018066406, 0.14281439781188965, 0.16846752166748047, 0.1422562599182129, 0.1631174087524414, 0.1897108554840088, 0.1457662582397461, 0.15520024299621582, 0.2129688262939453, 0.18983221054077148],