{"steps": 187, "OMUS": [32, 14, 50, 52, 84, 23, 91, 28, 95], "clauses": 100, "avg_clause_len": 2, "parameters": {"count_clauses": 2, "best_unit_literal": 1, "best_counter_literal": 2, "sorting": 1, "extension": "greedy_param", "cutoff_main": 900, "output": "results/2020_05_28/Gurobi/wBF_50_100_greedy_param_44.json"}, "clause_length": "clause_length", "t_hitting_set": [1.430511474609375e-06, 0.0004253387451171875, 0.000362396240234375, 0.00036835670471191406, 0.00036406517028808594, 0.0003848075866699219, 0.0009458065032958984, 0.0010404586791992188, 0.0010411739349365234, 0.001050710678100586, 0.0011310577392578125, 0.0011746883392333984, 0.0011250972747802734, 0.0015039443969726562, 0.0013964176177978516, 0.0016827583312988281, 0.0011987686157226562, 0.0013537406921386719, 0.0012764930725097656, 0.0013272762298583984, 0.001981019973754883, 0.0023276805877685547, 0.002107381820678711, 0.002079486846923828, 0.0026726722717285156, 0.0016689300537109375, 0.002560853958129883, 0.0027937889099121094, 0.002234935760498047, 0.0034160614013671875, 0.0034637451171875, 0.00424504280090332, 0.004134654998779297, 0.0048601627349853516, 0.00430607795715332, 0.005776643753051758, 0.004745006561279297, 0.004426479339599609, 0.004384040832519531, 0.0041468143463134766, 0.005452156066894531, 0.004143714904785156, 0.004200458526611328, 0.004584550857543945, 0.006118059158325195, 0.005453348159790039, 0.00669097900390625, 0.005801200866699219, 0.0044596195220947266, 0.006757259368896484, 0.004508495330810547, 0.004621744155883789, 0.005104780197143555, 0.00616002082824707, 0.006510257720947266, 0.006096601486206055, 0.006307363510131836, 0.006003856658935547, 0.007472038269042969, 0.00674748420715332, 0.0065686702728271484, 0.0058939456939697266, 0.00762939453125, 0.007345676422119141, 0.008039474487304688, 0.007986307144165039, 0.008795499801635742, 0.009145498275756836, 0.006440639495849609, 0.009149789810180664, 0.010551929473876953, 0.010123729705810547, 0.009769916534423828, 0.009585857391357422, 0.00916600227355957, 0.00871729850769043, 0.007867813110351562, 0.011453628540039062, 0.009385108947753906, 0.015117883682250977, 0.013236284255981445, 0.012989282608032227, 0.012475013732910156, 0.011662006378173828, 0.01178431510925293, 0.011858701705932617, 0.012045860290527344, 0.012809514999389648, 0.01129293441772461, 0.012285470962524414, 0.012508153915405273, 0.013748407363891602, 0.013735771179199219, 0.013002872467041016, 0.01375722885131836, 0.013880491256713867, 0.01558828353881836, 0.01592397689819336, 0.01316976547241211, 0.019157886505126953, 0.014832735061645508, 0.015014410018920898, 0.016442060470581055, 0.01677560806274414, 0.018311738967895508, 0.01458120346069336, 0.01570868492126465, 0.015799283981323242, 0.014982938766479492, 0.016054868698120117, 0.016185998916625977, 0.01690387725830078, 0.08189940452575684, 0.015825748443603516, 0.01593184471130371, 0.01641678810119629, 0.016755104064941406, 0.016682147979736328, 0.016030073165893555, 0.01894521713256836, 0.016923904418945312, 0.01402139663696289, 0.016454696655273438, 0.014922142028808594, 0.015236377716064453, 0.015772581100463867, 0.016916513442993164, 0.01755356788635254, 0.01847553253173828, 0.016264677047729492, 0.016086339950561523, 0.017827272415161133, 0.017457008361816406, 0.01817011833190918, 0.01726078987121582, 0.0156857967376709, 0.017173290252685547, 0.016031265258789062, 0.016318082809448242, 0.0167391300201416, 0.018172740936279297, 0.019762039184570312, 0.019283771514892578, 0.01949930191040039, 0.01932358741760254, 0.021094560623168945, 0.018411636352539062, 0.019031524658203125, 0.019039392471313477, 0.020177602767944336, 0.01993393898010254, 0.01999044418334961, 0.02031874656677246, 0.020066022872924805, 0.021045923233032227, 0.022854089736938477, 0.0233154296875, 0.02438831329345703, 0.022740602493286133, 0.02411365509033203, 0.023946285247802734, 0.023482799530029297, 0.0235140323638916, 0.023203372955322266, 0.02048969268798828, 0.02110147476196289, 0.020616531372070312, 0.021184921264648438, 0.021824359893798828, 0.01814556121826172, 0.021898508071899414, 0.023851633071899414, 0.024057865142822266, 0.02495861053466797, 0.02375030517578125, 0.02465081214904785, 0.02422046661376953, 0.024040699005126953, 0.027238130569458008, 0.02450084686279297, 0.02772045135498047, 0.05494809150695801, 0.023853302001953125, 0.02537822723388672, 0.027643203735351562, 0.026232481002807617, 0.026790857315063477, 0.027372121810913086],