{"steps": 67, "OMUS": [195, 77, 84, 53, 118], "clauses": 200, "avg_clause_len": 2, "parameters": {"count_clauses": 3, "best_unit_literal": 1, "best_counter_literal": 1, "sorting": 0, "extension": "greedy_param", "cutoff_main": 900, "output": "results/2020_05_28/Gurobi/wBF_50_200_greedy_param_23.json"}, "clause_length": "clause_length", "t_hitting_set": [1.430511474609375e-06, 0.000644683837890625, 0.0006434917449951172, 0.0007457733154296875, 0.0009734630584716797, 0.000675201416015625, 0.0009799003601074219, 0.001035928726196289, 0.001154184341430664, 0.0011758804321289062, 0.001893758773803711, 0.001497030258178711, 0.0015339851379394531, 0.0019528865814208984, 0.0020360946655273438, 0.0022802352905273438, 0.0036678314208984375, 0.003391265869140625, 0.003126382827758789, 0.0030155181884765625, 0.02080988883972168, 0.021211624145507812, 0.0042724609375, 0.0038797855377197266, 0.0038824081420898438, 0.004157304763793945, 0.004130840301513672, 0.0041484832763671875, 0.03478598594665527, 0.02371501922607422, 0.027953386306762695, 0.025501012802124023, 0.033972978591918945, 0.030303955078125, 0.0300748348236084, 0.03649497032165527, 0.005501270294189453, 0.034464359283447266, 0.005746603012084961, 0.0056726932525634766, 0.00594019889831543, 0.03649783134460449, 0.006002902984619141, 0.03718852996826172, 0.031647682189941406, 0.024736404418945312, 0.03897571563720703, 0.007856369018554688, 0.0067555904388427734, 0.0068433284759521484, 0.03318428993225098, 0.00801229476928711, 0.00852060317993164, 0.03935694694519043, 0.03331327438354492, 0.046881675720214844, 0.04600071907043457, 0.04050946235656738, 0.02950119972229004, 0.03237748146057129, 0.04332780838012695, 0.048375606536865234, 0.04631352424621582, 0.04718613624572754, 0.05706214904785156, 0.050957679748535156, 0.07004928588867188, 0.0388188362121582], "t_sat_check": [4.76837158203125e-07, 7.033348083496094e-05, 6.461143493652344e-05, 6.67572021484375e-05, 5.984306335449219e-05, 5.269050598144531e-05, 5.054473876953125e-05, 5.316734313964844e-05, 5.459785461425781e-05, 4.9591064453125e-05, 6.127357482910156e-05, 5.53131103515625e-05, 5.435943603515625e-05, 5.698204040527344e-05, 6.031990051269531e-05, 6.413459777832031e-05, 7.319450378417969e-05, 7.557868957519531e-05, 7.62939453125e-05, 7.724761962890625e-05, 7.963180541992188e-05, 8.20159912109375e-05, 8.630752563476562e-05, 8.130073547363281e-05, 7.82012939453125e-05, 7.772445678710938e-05, 8.106231689453125e-05, 7.891654968261719e-05, 9.1552734375e-05, 8.821487426757812e-05, 8.940696716308594e-05, 9.202957153320312e-05, 9.083747863769531e-05, 8.988380432128906e-05, 9.250640869140625e-05, 9.1552734375e-05, 8.368492126464844e-05, 8.96453857421875e-05, 8.463859558105469e-05, 8.082389831542969e-05, 8.535385131835938e-05, 8.845329284667969e-05, 8.463859558105469e-05, 0.00012731552124023438, 9.322166442871094e-05, 9.059906005859375e-05, 8.916854858398438e-05, 8.606910705566406e-05, 8.440017700195312e-05, 8.082389831542969e-05, 9.107589721679688e-05, 8.654594421386719e-05, 8.463859558105469e-05, 8.916854858398438e-05, 9.1552734375e-05, 9.369850158691406e-05, 9.012222290039062e-05, 8.893013000488281e-05, 9.131431579589844e-05, 9.059906005859375e-05, 8.606910705566406e-05, 9.202957153320312e-05, 8.988380432128906e-05, 9.489059448242188e-05, 9.226799011230469e-05, 9.202957153320312e-05, 9.560585021972656e-05, 8.034706115722656e-05], "t_grow": [0.0012776851654052734, 0.0010044574737548828, 0.0011899471282958984, 0.000978708267211914, 0.0007925033569335938, 0.0009093284606933594, 0.0009987354278564453, 0.0008854866027832031, 0.0008459091186523438, 0.000988006591796875, 0.0008473396301269531, 0.0009362697601318359, 0.0009565353393554688, 0.0008404254913330078, 0.0009381771087646484, 0.0007979869842529297, 0.0008485317230224609, 0.0008699893951416016, 0.0008728504180908203, 0.0008411407470703125, 0.0007557868957519531, 0.0008938312530517578, 0.0007436275482177734, 0.0007233619689941406, 0.0009248256683349609, 0.0009427070617675781, 0.0007946491241455078, 0.0007309913635253906, 0.0008664131164550781, 0.0008480548858642578, 0.0007677078247070312, 0.0007584095001220703, 0.0007786750793457031, 0.0008203983306884766, 0.0007512569427490234, 0.0008270740509033203, 0.0007476806640625, 0.0007402896881103516, 0.00079345703125, 0.0007178783416748047, 0.0006978511810302734, 0.0008609294891357422, 0.0007693767547607422, 0.0007269382476806641, 0.0007524490356445312, 0.0008025169372558594, 0.0009596347808837891, 0.0007221698760986328, 0.0009284019470214844, 0.0009109973907470703, 0.0007863044738769531, 0.0007398128509521484, 0.0010249614715576172, 0.0009059906005859375, 0.0007236003875732422, 0.0006880760192871094, 0.0008087158203125, 0.0008101463317871094, 0.0007472038269042969, 0.0008814334869384766, 0.0009379386901855469, 0.0008287429809570312, 0.000942230224609375, 0.000804901123046875, 0.0008041858673095703, 0.0008056163787841797, 0.0008153915405273438], "extension": "greedy_param", "s_hs": [0, 1, 2, 3, 4, 2, 1, 2, 3, 2, 3, 3, 3, 3, 4, 4, 4, 5, 5, 5, 5, 5, 6, 5, 4, 4, 4, 6, 4, 5, 5, 6, 5, 5, 5, 5, 7, 6, 5, 6, 8, 5, 6, 6, 7, 6, 3, 7, 4, 5, 6, 7, 4, 5, 8, 8, 6, 5, 6, 5, 5, 5, 3, 6, 6, 6, 7, 5], "s_grow": [24, 31, 23, 25, 23, 37, 30, 36, 28, 24, 37, 29, 27, 25, 34, 32, 30, 27, 36, 24, 34, 25, 37, 30, 28, 31, 31, 31, 25, 36, 34, 29, 31, 27, 31, 36, 26, 32, 28, 28, 24, 20, 26, 38, 31, 28, 24, 25, 29, 24, 27, 32, 24, 23, 35, 33, 25, 36, 30, 31, 28, 34, 25, 32, 25, 27, 26], "omus": true}