{"steps": 46, "OMUS": [191, 69, 70, 110, 28, 31], "clauses": 200, "avg_clause_len": 2, "parameters": {"count_clauses": 1, "best_unit_literal": 1, "best_counter_literal": 1, "sorting": 0, "extension": "greedy_param", "cutoff_main": 900, "output": "results/2020_05_28/Gurobi/wBF_100_200_greedy_param_3.json"}, "clause_length": "clause_length", "t_hitting_set": [1.1920928955078125e-06, 0.0005590915679931641, 0.0005526542663574219, 0.0005738735198974609, 0.0005624294281005859, 0.0005671977996826172, 0.0005905628204345703, 0.0006020069122314453, 0.0005972385406494141, 0.0005936622619628906, 0.0007052421569824219, 0.0008447170257568359, 0.0012972354888916016, 0.001268148422241211, 0.0010151863098144531, 0.0011210441589355469, 0.0010781288146972656, 0.001028299331665039, 0.0010416507720947266, 0.001386880874633789, 0.0016109943389892578, 0.001432657241821289, 0.0016903877258300781, 0.0021517276763916016, 0.002290010452270508, 0.002138376235961914, 0.002288341522216797, 0.0017733573913574219, 0.0023615360260009766, 0.001966238021850586, 0.0019023418426513672, 0.002650737762451172, 0.002729654312133789, 0.0028123855590820312, 0.0026841163635253906, 0.0032706260681152344, 0.0031931400299072266, 0.003274202346801758, 0.003676176071166992, 0.003742694854736328, 0.0046117305755615234, 0.00434422492980957, 0.0037446022033691406, 0.004141807556152344, 0.004242897033691406, 0.004117250442504883, 0.003588438034057617], "t_sat_check": [4.76837158203125e-07, 6.532669067382812e-05, 6.365776062011719e-05, 6.365776062011719e-05, 6.4849853515625e-05, 6.604194641113281e-05, 6.532669067382812e-05, 6.580352783203125e-05, 6.651878356933594e-05, 6.699562072753906e-05, 6.67572021484375e-05, 6.866455078125e-05, 7.271766662597656e-05, 7.486343383789062e-05, 7.224082946777344e-05, 7.081031799316406e-05, 6.890296936035156e-05, 7.009506225585938e-05, 6.961822509765625e-05, 7.271766662597656e-05, 7.653236389160156e-05, 7.724761962890625e-05, 7.62939453125e-05, 8.440017700195312e-05, 8.749961853027344e-05, 8.511543273925781e-05, 8.630752563476562e-05, 8.368492126464844e-05, 8.869171142578125e-05, 8.702278137207031e-05, 7.796287536621094e-05, 8.869171142578125e-05, 0.00015234947204589844, 9.202957153320312e-05, 8.988380432128906e-05, 9.489059448242188e-05, 9.274482727050781e-05, 9.489059448242188e-05, 9.179115295410156e-05, 9.1552734375e-05, 9.560585021972656e-05, 9.393692016601562e-05, 9.250640869140625e-05, 9.393692016601562e-05, 9.34600830078125e-05, 9.298324584960938e-05, 7.557868957519531e-05], "t_grow": [0.0010442733764648438, 0.0008797645568847656, 0.0008358955383300781, 0.0008003711700439453, 0.0008161067962646484, 0.0007233619689941406, 0.0007774829864501953, 0.0007560253143310547, 0.0007925033569335938, 0.0007634162902832031, 0.0007321834564208984, 0.0008139610290527344, 0.0007815361022949219, 0.0007050037384033203, 0.0007097721099853516, 0.0007505416870117188, 0.0007536411285400391, 0.0006833076477050781, 0.0006706714630126953, 0.0006864070892333984, 0.0006971359252929688, 0.0006797313690185547, 0.0007469654083251953, 0.0007588863372802734, 0.0007686614990234375, 0.0006539821624755859, 0.0007395744323730469, 0.0007481575012207031, 0.0008013248443603516, 0.0006401538848876953, 0.0007853507995605469, 0.0006887912750244141, 0.00075531005859375, 0.0007638931274414062, 0.0007994174957275391, 0.0007734298706054688, 0.0007588863372802734, 0.0008080005645751953, 0.0007293224334716797, 0.0007662773132324219, 0.0006892681121826172, 0.0007941722869873047, 0.0007610321044921875, 0.0007205009460449219, 0.0007302761077880859, 0.000759124755859375], "extension": "greedy_param", "s_hs": [0, 1, 2, 3, 4, 5, 5, 5, 5, 6, 6, 6, 6, 6, 7, 7, 7, 7, 7, 6, 7, 7, 7, 7, 7, 7, 8, 7, 8, 8, 5, 8, 6, 8, 7, 9, 8, 8, 7, 4, 9, 8, 7, 7, 5, 8, 6], "s_grow": [7, 6, 7, 6, 6, 6, 6, 4, 6, 7, 5, 6, 8, 7, 6, 5, 7, 6, 6, 7, 6, 6, 6, 9, 9, 9, 8, 7, 6, 8, 5, 6, 4, 9, 7, 7, 9, 7, 5, 5, 8, 7, 10, 7, 6, 7], "omus": true}