{"steps": 40, "OMUS": [191, 69, 70, 110, 28, 31], "clauses": 200, "avg_clause_len": 2, "parameters": {"count_clauses": 1, "best_unit_literal": 4, "best_counter_literal": 1, "sorting": 3, "extension": "greedy_param", "cutoff_main": 900, "output": "results/2020_05_28/Gurobi/wBF_100_200_greedy_param_99.json"}, "clause_length": "clause_length", "t_hitting_set": [1.430511474609375e-06, 0.000560760498046875, 0.0005557537078857422, 0.0005652904510498047, 0.0008625984191894531, 0.0008261203765869141, 0.0008108615875244141, 0.0008955001831054688, 0.001287698745727539, 0.0012111663818359375, 0.0013110637664794922, 0.0012388229370117188, 0.0014116764068603516, 0.001322031021118164, 0.0010688304901123047, 0.0014200210571289062, 0.001743316650390625, 0.0017800331115722656, 0.0015649795532226562, 0.0015752315521240234, 0.0023860931396484375, 0.0023953914642333984, 0.0024094581604003906, 0.0023627281188964844, 0.0029692649841308594, 0.0035524368286132812, 0.0027589797973632812, 0.0036187171936035156, 0.0036287307739257812, 0.004534482955932617, 0.0045773983001708984, 0.004429340362548828, 0.005055665969848633, 0.005632162094116211, 0.004489421844482422, 0.004121541976928711, 0.006261587142944336, 0.004433393478393555, 0.004997968673706055, 0.004627227783203125, 0.004876375198364258], "t_sat_check": [4.76837158203125e-07, 6.771087646484375e-05, 6.246566772460938e-05, 6.175041198730469e-05, 6.389617919921875e-05, 5.984306335449219e-05, 6.341934204101562e-05, 6.508827209472656e-05, 7.152557373046875e-05, 7.152557373046875e-05, 7.43865966796875e-05, 7.224082946777344e-05, 7.581710815429688e-05, 7.319450378417969e-05, 7.128715515136719e-05, 0.0001068115234375, 7.796287536621094e-05, 7.486343383789062e-05, 8.106231689453125e-05, 7.939338684082031e-05, 8.392333984375e-05, 8.487701416015625e-05, 9.107589721679688e-05, 8.630752563476562e-05, 9.083747863769531e-05, 9.036064147949219e-05, 9.322166442871094e-05, 8.654594421386719e-05, 9.107589721679688e-05, 9.703636169433594e-05, 9.441375732421875e-05, 9.34600830078125e-05, 9.655952453613281e-05, 9.5367431640625e-05, 0.00010132789611816406, 9.417533874511719e-05, 9.036064147949219e-05, 9.298324584960938e-05, 9.441375732421875e-05, 9.441375732421875e-05, 7.724761962890625e-05], "t_grow": [0.0012423992156982422, 0.0010385513305664062, 0.0010211467742919922, 0.0009837150573730469, 0.0009720325469970703, 0.0009911060333251953, 0.0009562969207763672, 0.0009462833404541016, 0.0010380744934082031, 0.001013040542602539, 0.0009686946868896484, 0.0009553432464599609, 0.0009548664093017578, 0.0010061264038085938, 0.0009009838104248047, 0.0009784698486328125, 0.0008749961853027344, 0.0010638236999511719, 0.0009026527404785156, 0.0009179115295410156, 0.0009922981262207031, 0.0010161399841308594, 0.0010020732879638672, 0.0008630752563476562, 0.0009746551513671875, 0.0009717941284179688, 0.0008547306060791016, 0.0010406970977783203, 0.0009527206420898438, 0.0008456707000732422, 0.0008540153503417969, 0.0010085105895996094, 0.0008149147033691406, 0.0009846687316894531, 0.0008745193481445312, 0.0008499622344970703, 0.0009760856628417969, 0.0009746551513671875, 0.0008528232574462891, 0.0008914470672607422], "extension": "greedy_param", "s_hs": [0, 1, 2, 2, 3, 3, 4, 5, 5, 4, 5, 4, 5, 4, 5, 4, 6, 4, 5, 6, 5, 5, 5, 7, 6, 6, 7, 5, 5, 8, 8, 7, 7, 6, 7, 8, 6, 6, 6, 8, 6], "s_grow": [3, 6, 6, 5, 7, 4, 5, 8, 5, 6, 7, 7, 8, 8, 6, 5, 10, 4, 10, 6, 5, 5, 6, 7, 6, 7, 9, 6, 9, 10, 7, 8, 12, 8, 10, 6, 8, 9, 9, 6], "omus": true}