{"steps": 111, "OMUS": [195, 77, 84, 53, 118], "clauses": 200, "avg_clause_len": 2, "parameters": {"count_clauses": 3, "best_unit_literal": 4, "best_counter_literal": 1, "sorting": 2, "extension": "greedy_param", "cutoff_main": 900, "output": "results/2020_05_28/Gurobi/wBF_50_200_greedy_param_89.json"}, "clause_length": "clause_length", "t_hitting_set": [1.1920928955078125e-06, 0.0005922317504882812, 0.0005943775177001953, 0.000629425048828125, 0.0006077289581298828, 0.0009016990661621094, 0.0012772083282470703, 0.001401662826538086, 0.001373291015625, 0.0015020370483398438, 0.0013539791107177734, 0.0013628005981445312, 0.0014009475708007812, 0.0014042854309082031, 0.001481771469116211, 0.0014352798461914062, 0.0014584064483642578, 0.0014834403991699219, 0.0015811920166015625, 0.0016319751739501953, 0.0015995502471923828, 0.0016827583312988281, 0.002171039581298828, 0.0026941299438476562, 0.03086400032043457, 0.02164292335510254, 0.002935647964477539, 0.02816295623779297, 0.028165817260742188, 0.0028197765350341797, 0.002657651901245117, 0.0024962425231933594, 0.0027709007263183594, 0.002214670181274414, 0.0026214122772216797, 0.029906272888183594, 0.018250226974487305, 0.0041849613189697266, 0.004667520523071289, 0.003031015396118164, 0.0030248165130615234, 0.0034432411193847656, 0.0033049583435058594, 0.025950908660888672, 0.025815486907958984, 0.005917787551879883, 0.006123542785644531, 0.02629399299621582, 0.007405281066894531, 0.006185770034790039, 0.0064542293548583984, 0.030549049377441406, 0.03803133964538574, 0.03992772102355957, 0.038399696350097656, 0.040766239166259766, 0.03849172592163086, 0.035017967224121094, 0.03299665451049805, 0.03858494758605957, 0.007535696029663086, 0.007523775100708008, 0.007258176803588867, 0.007686614990234375, 0.0078046321868896484, 0.007939338684082031, 0.03442239761352539, 0.05094552040100098, 0.038874149322509766, 0.042783498764038086, 0.052591562271118164, 0.0367131233215332, 0.04660534858703613, 0.04503822326660156, 0.05401158332824707, 0.05767393112182617, 0.05276012420654297, 0.04028487205505371, 0.05339527130126953, 0.052544593811035156, 0.05443692207336426, 0.04792642593383789, 0.056989431381225586, 0.05818748474121094, 0.06160235404968262, 0.043700456619262695, 0.05342864990234375, 0.05189824104309082, 0.053740739822387695, 0.0693812370300293, 0.06559610366821289, 0.06770038604736328, 0.0674746036529541, 0.06995439529418945, 0.05817890167236328, 0.05234336853027344, 0.06179523468017578, 0.06312274932861328, 0.05598187446594238, 0.06419777870178223, 0.0663900375366211, 0.0678107738494873, 0.0576472282409668, 0.06271004676818848, 0.05347418785095215, 0.09354877471923828, 0.11125969886779785, 0.06009197235107422, 0.05883646011352539, 0.06441926956176758, 0.05988121032714844, 0.06632876396179199], "t_sat_check": [4.76837158203125e-07, 4.935264587402344e-05, 4.982948303222656e-05, 5.030632019042969e-05, 4.220008850097656e-05, 4.6253204345703125e-05, 5.984306335449219e-05, 6.151199340820312e-05, 5.793571472167969e-05, 6.437301635742188e-05, 5.8650970458984375e-05, 6.389617919921875e-05, 6.341934204101562e-05, 6.580352783203125e-05, 6.437301635742188e-05, 6.127357482910156e-05, 6.175041198730469e-05, 0.00011277198791503906, 6.532669067382812e-05, 6.103515625e-05, 6.67572021484375e-05, 6.222724914550781e-05, 7.081031799316406e-05, 7.43865966796875e-05, 8.034706115722656e-05, 7.939338684082031e-05, 7.987022399902344e-05, 7.677078247070312e-05, 8.320808410644531e-05, 7.486343383789062e-05, 7.224082946777344e-05, 6.461143493652344e-05, 6.604194641113281e-05, 6.985664367675781e-05, 7.05718994140625e-05, 8.130073547363281e-05, 8.320808410644531e-05, 8.058547973632812e-05, 8.225440979003906e-05, 7.2479248046875e-05, 7.2479248046875e-05, 7.462501525878906e-05, 7.557868957519531e-05, 8.845329284667969e-05, 9.274482727050781e-05, 8.559226989746094e-05, 8.368492126464844e-05, 8.606910705566406e-05, 8.678436279296875e-05, 9.894371032714844e-05, 8.821487426757812e-05, 9.226799011230469e-05, 9.441375732421875e-05, 9.417533874511719e-05, 9.179115295410156e-05, 8.940696716308594e-05, 9.465217590332031e-05, 9.5367431640625e-05, 9.274482727050781e-05, 9.226799011230469e-05, 8.96453857421875e-05, 8.225440979003906e-05, 9.131431579589844e-05, 8.797645568847656e-05, 8.726119995117188e-05, 8.797645568847656e-05, 9.1552734375e-05, 9.751319885253906e-05, 9.34600830078125e-05, 9.489059448242188e-05, 9.632110595703125e-05, 0.00012493133544921875, 9.560585021972656e-05, 9.441375732421875e-05, 9.489059448242188e-05, 8.940696716308594e-05, 9.083747863769531e-05, 9.059906005859375e-05, 9.417533874511719e-05, 9.369850158691406e-05, 9.369850158691406e-05, 9.655952453613281e-05, 9.298324584960938e-05, 9.226799011230469e-05, 9.298324584960938e-05, 9.441375732421875e-05, 9.465217590332031e-05, 0.0001614093780517578, 9.441375732421875e-05, 9.799003601074219e-05, 9.560585021972656e-05, 0.00010037422180175781, 9.417533874511719e-05, 9.441375732421875e-05, 9.441375732421875e-05, 9.799003601074219e-05, 8.988380432128906e-05, 9.489059448242188e-05, 9.560585021972656e-05, 9.417533874511719e-05, 9.655952453613281e-05, 9.250640869140625e-05, 9.679794311523438e-05, 9.584426879882812e-05, 0.00016808509826660156, 9.632110595703125e-05, 9.34600830078125e-05, 9.417533874511719e-05, 9.703636169433594e-05, 9.679794311523438e-05, 9.965896606445312e-05, 9.560585021972656e-05], "t_grow": [0.0009686946868896484, 0.0008802413940429688, 0.0008540153503417969, 0.0007975101470947266, 0.0008218288421630859, 0.0007688999176025391, 0.0008213520050048828, 0.0007660388946533203, 0.0008039474487304688, 0.0007560253143310547, 0.0007982254028320312, 0.0007538795471191406, 0.000804901123046875, 0.0007815361022949219, 0.0008203983306884766, 0.0008294582366943359, 0.0007452964782714844, 0.0007491111755371094, 0.0007579326629638672, 0.0008156299591064453, 0.0007696151733398438, 0.0008091926574707031, 0.0007801055908203125, 0.0007750988006591797, 0.0007328987121582031, 0.0006988048553466797, 0.0007503032684326172, 0.0008380413055419922, 0.0007331371307373047, 0.0007755756378173828, 0.0008318424224853516, 0.0007994174957275391, 0.0007698535919189453, 0.0007555484771728516, 0.0007812976837158203, 0.0007319450378417969, 0.0008194446563720703, 0.0007770061492919922, 0.0008382797241210938, 0.0008044242858886719, 0.0007586479187011719, 0.00079345703125, 0.0008058547973632812, 0.0007669925689697266, 0.0007402896881103516, 0.0006842613220214844, 0.0007152557373046875, 0.0007243156433105469, 0.0008733272552490234, 0.0007441043853759766, 0.0008082389831542969, 0.0007531642913818359, 0.0006608963012695312, 0.0007007122039794922, 0.0006732940673828125, 0.0007812976837158203, 0.0007371902465820312, 0.0007302761077880859, 0.0006878376007080078, 0.0008046627044677734, 0.0007140636444091797, 0.0008792877197265625, 0.0006682872772216797, 0.0007185935974121094, 0.0006694793701171875, 0.0006387233734130859, 0.0006985664367675781, 0.0006568431854248047, 0.0006868839263916016, 0.0007405281066894531, 0.0007040500640869141, 0.0007040500640869141, 0.0007405281066894531, 0.0006957054138183594, 0.0006825923919677734, 0.0007603168487548828, 0.0009055137634277344, 0.0006911754608154297, 0.0007483959197998047, 0.0006422996520996094, 0.0006759166717529297, 0.0006885528564453125, 0.0007326602935791016, 0.0006964206695556641, 0.0007228851318359375, 0.0007128715515136719, 0.0007352828979492188, 0.0006957054138183594, 0.0007123947143554688, 0.0007088184356689453, 0.0007655620574951172, 0.0008327960968017578, 0.0007240772247314453, 0.0006809234619140625, 0.0006449222564697266, 0.00067901611328125, 0.0008280277252197266, 0.000682830810546875, 0.0006468296051025391, 0.0007078647613525391, 0.0007064342498779297, 0.0008177757263183594, 0.0006244182586669922, 0.0007429122924804688, 0.0007333755493164062, 0.0007147789001464844, 0.0007092952728271484, 0.0007326602935791016, 0.0006308555603027344, 0.0006318092346191406, 0.000652313232421875], "extension": "greedy_param",