{"steps": 237, "OMUS": [196, 37, 205, 48, 93], "clauses": 250, "avg_clause_len": 2, "parameters": {"count_clauses": 3, "best_unit_literal": 1, "best_counter_literal": 1, "sorting": 3, "extension": "greedy_param", "cutoff_main": 900, "output": "results/2020_05_28/Gurobi/wBF_50_250_greedy_param_113.json"}, "clause_length": "clause_length", "t_hitting_set": [1.1920928955078125e-06, 0.000720977783203125, 0.0007061958312988281, 0.0009813308715820312, 0.0008120536804199219, 0.0007965564727783203, 0.0015575885772705078, 0.0016455650329589844, 0.0016007423400878906, 0.00171661376953125, 0.001664876937866211, 0.0016164779663085938, 0.0016880035400390625, 0.0017511844635009766, 0.001527547836303711, 0.00152587890625, 0.0019485950469970703, 0.0020699501037597656, 0.0021474361419677734, 0.0021631717681884766, 0.002228975296020508, 0.0021924972534179688, 0.0022788047790527344, 0.002857208251953125, 0.0023910999298095703, 0.026070833206176758, 0.028985023498535156, 0.00406956672668457, 0.004355907440185547, 0.0042874813079833984, 0.004350900650024414, 0.004754781723022461, 0.004594326019287109, 0.037259817123413086, 0.030750751495361328, 0.03674173355102539, 0.023502588272094727, 0.036528825759887695, 0.024111509323120117, 0.025780677795410156, 0.020839214324951172, 0.032482147216796875, 0.0061528682708740234, 0.005594730377197266, 0.022293567657470703, 0.028265953063964844, 0.008066892623901367, 0.03511548042297363, 0.00627446174621582, 0.028491497039794922, 0.006892681121826172, 0.04172468185424805, 0.037999629974365234, 0.04491066932678223, 0.04465174674987793, 0.036435842514038086, 0.04254341125488281, 0.04402041435241699, 0.040299415588378906, 0.041843414306640625, 0.039687395095825195, 0.009133100509643555, 0.008249759674072266, 0.04058074951171875, 0.008789777755737305, 0.04735732078552246, 0.03621315956115723, 0.03443789482116699, 0.009631156921386719, 0.04102063179016113, 0.009895563125610352, 0.03710198402404785, 0.04354715347290039, 0.04956221580505371, 0.04652571678161621, 0.05090522766113281, 0.04370379447937012, 0.0512545108795166, 0.05320334434509277, 0.058107852935791016, 0.0634603500366211, 0.0685276985168457, 0.07528257369995117, 0.06648993492126465, 0.09807395935058594, 0.06255006790161133, 0.08379125595092773, 0.07792973518371582, 0.06754636764526367, 0.06066560745239258, 0.02222919464111328, 0.08352208137512207, 0.07257342338562012, 0.09181094169616699, 0.10135364532470703, 0.08430027961730957, 0.08243274688720703, 0.19504714012145996, 0.10229778289794922, 0.09585762023925781, 0.08753728866577148, 0.12764954566955566, 0.09763288497924805, 0.10330462455749512, 0.15359997749328613, 0.1678931713104248, 0.10081887245178223, 0.13705945014953613, 0.13349509239196777, 0.11101293563842773, 0.14806365966796875, 0.16709232330322266, 0.12050843238830566, 0.12335729598999023, 0.12371397018432617, 0.1263716220855713, 0.11229848861694336, 0.11723971366882324, 0.1237955093383789, 0.13352704048156738, 0.13350796699523926, 0.1640310287475586, 0.2652459144592285, 0.11901235580444336, 0.13022971153259277, 0.12581682205200195, 0.13519501686096191, 0.12959980964660645, 0.13679718971252441, 0.1312863826751709, 0.2853579521179199, 0.13299250602722168, 0.1258699893951416, 0.1342027187347412, 0.15657424926757812, 0.13800644874572754, 0.1323390007019043, 0.12611055374145508, 0.13637638092041016, 0.1333177089691162, 0.11085271835327148, 0.13802146911621094, 0.11795949935913086, 0.1507570743560791, 0.14141106605529785, 0.30713987350463867, 0.2524542808532715, 0.25022435188293457, 0.3088209629058838, 0.32920145988464355, 0.2951781749725342, 0.36881566047668457, 0.3225288391113281, 0.2709043025970459, 0.3696446418762207, 0.44629335403442383, 0.307814359664917, 0.35454654693603516, 0.1938004493713379, 0.4201831817626953, 0.4255373477935791, 0.3198726177215576, 0.34259676933288574, 0.41623973846435547, 0.22679638862609863, 0.42415761947631836, 0.397388219833374, 0.3988838195800781, 0.4388086795806885, 0.5326659679412842, 0.4517557621002197, 0.4166226387023926, 0.318281888961792, 0.37767910957336426, 0.35482096672058105, 0.40393853187561035, 0.1678318977355957, 0.2663121223449707, 0.311295747756958, 0.4725053310394287, 0.19394707679748535, 0.3291661739349365, 1.171527624130249, 0.9316530227661133, 0.4314558506011963, 0.2456672191619873, 0.2908637523651123, 0.2118990421295166, 0.3371744155883789, 0.2916557788848877, 0.3023841381072998, 0.6695084571838379, 1.1944999694824219, 0.6677126884460449, 1.2158310413360596, 1.167945146560669, 1.223954200744629, 0.3407249450683594, 0.7390584945678711, 0.5727558135986328, 0.5767443180084229, 0.749420166015625, 0.6419804096221924, 0.2862997055053711, 0.28341221809387207, 0.6207091808319092, 0.29351234436035156, 0.5602717399597168, 0.361407995223999, 0.37953829765319824, 0.30268263816833496, 0.27393484115600586, 0.5336980819702148, 0.4965386390686035, 0.3011631965637207, 0.6184349060058594, 0.5737221240997314, 0.45058465003967285, 0.582636833190918, 0.4015810489654541, 1.1224653720855713, 0.44022703170776367, 0.5047190189361572, 0.38552117347717285, 0.4587535858154297, 0.4013662338256836, 0.5174605846405029, 0.469482421875, 0.475860595703125, 0.4932670593261719, 0.7837231159210205, 0.8755934238433838, 0.7086591720581055, 0.6849639415740967, 0.32601070404052734, 0.6417405605316162, 0.5468027591705322, 0.6405303478240967],