{"steps": 158, "OMUS": [34, 136, 201, 268, 244, 56], "clauses": 300, "avg_clause_len": 2, "parameters": {"count_clauses": 2, "best_unit_literal": 4, "best_counter_literal": 1, "sorting": 4, "extension": "greedy_param", "cutoff_main": 900, "output": "results/2020_05_28/Gurobi/wBF_50_300_greedy_param_139.json"}, "clause_length": "clause_length", "t_hitting_set": [1.1920928955078125e-06, 0.0008263587951660156, 0.0008022785186767578, 0.0008876323699951172, 0.0008766651153564453, 0.0013015270233154297, 0.0012221336364746094, 0.0009734630584716797, 0.0012483596801757812, 0.0012967586517333984, 0.0014410018920898438, 0.0014989376068115234, 0.0015261173248291016, 0.0015411376953125, 0.001546621322631836, 0.0015709400177001953, 0.00162506103515625, 0.001798391342163086, 0.001943349838256836, 0.0019178390502929688, 0.0019218921661376953, 0.002032041549682617, 0.0021104812622070312, 0.002378225326538086, 0.002384662628173828, 0.0024361610412597656, 0.0024156570434570312, 0.002779722213745117, 0.0026543140411376953, 0.0027747154235839844, 0.0027570724487304688, 0.0035691261291503906, 0.0035042762756347656, 0.002915620803833008, 0.003314495086669922, 0.0030477046966552734, 0.003345012664794922, 0.0037767887115478516, 0.003967761993408203, 0.004351615905761719, 0.004694938659667969, 0.004522800445556641, 0.005059480667114258, 0.004498958587646484, 0.004897356033325195, 0.006112813949584961, 0.0069620609283447266, 0.006928682327270508, 0.006984233856201172, 0.007323741912841797, 0.007947206497192383, 0.006742715835571289, 0.0063512325286865234, 0.0069942474365234375, 0.007364034652709961, 0.008406639099121094, 0.0075418949127197266, 0.009493589401245117, 0.007424592971801758, 0.007895708084106445, 0.007987737655639648, 0.022725582122802734, 0.026175737380981445, 0.008033037185668945, 0.028245210647583008, 0.007768869400024414, 0.007810115814208984, 0.007481575012207031, 0.009023427963256836, 0.009463310241699219, 0.010004043579101562, 0.03775811195373535, 0.04729032516479492, 0.010181903839111328, 0.010393619537353516, 0.041132450103759766, 0.008893251419067383, 0.009147405624389648, 0.024953365325927734, 0.012487411499023438, 0.011174917221069336, 0.04132819175720215, 0.03504776954650879, 0.04976916313171387, 0.05545854568481445, 0.011570930480957031, 0.05000448226928711, 0.052735328674316406, 0.05663561820983887, 0.0576016902923584, 0.06264710426330566, 0.05652785301208496, 0.0538480281829834, 0.046814918518066406, 0.053380489349365234, 0.05236983299255371, 0.06734967231750488, 0.07068610191345215, 0.0570368766784668, 0.08289217948913574, 0.09807920455932617, 0.08417463302612305, 0.09099459648132324, 0.08147668838500977, 0.09867548942565918, 0.08371257781982422, 0.10552477836608887, 0.08634352684020996, 0.06789970397949219, 0.07812809944152832, 0.08682990074157715, 0.10191845893859863, 0.07844114303588867, 0.08477020263671875, 0.08224296569824219, 0.07753682136535645, 0.09285712242126465, 0.10664772987365723, 0.13071465492248535, 0.11348700523376465, 0.11634683609008789, 0.13773465156555176, 0.11956453323364258, 0.14281558990478516, 0.14597773551940918, 0.22269177436828613, 0.13226795196533203, 0.11866211891174316, 0.12923073768615723, 0.12577271461486816, 0.14331507682800293, 0.12641644477844238, 0.12699174880981445, 0.12687993049621582, 0.13424372673034668, 0.2312324047088623, 0.13151955604553223, 0.23889923095703125, 0.11771631240844727, 0.1447460651397705, 0.15751218795776367, 0.13391709327697754, 0.16093778610229492, 0.2081305980682373, 0.13691163063049316, 0.14440131187438965, 0.15462541580200195, 0.1543118953704834, 0.18796682357788086, 0.16489481925964355, 0.15972518920898438, 0.15314054489135742, 0.11856842041015625, 0.13089299201965332, 0.1755530834197998, 0.16411614418029785, 0.10984683036804199, 0.1106405258178711, 0.18983721733093262], "t_sat_check": [4.76837158203125e-07, 5.888938903808594e-05, 5.650520324707031e-05, 5.364418029785156e-05, 5.340576171875e-05, 5.602836608886719e-05, 5.6743621826171875e-05, 5.459785461425781e-05, 5.555152893066406e-05, 5.221366882324219e-05, 5.459785461425781e-05, 5.7697296142578125e-05, 5.6743621826171875e-05, 5.793571472167969e-05, 5.793571472167969e-05, 5.7697296142578125e-05, 5.435943603515625e-05, 5.745887756347656e-05, 5.698204040527344e-05, 5.459785461425781e-05, 5.2928924560546875e-05, 5.7697296142578125e-05, 5.5789947509765625e-05, 5.650520324707031e-05, 5.6743621826171875e-05, 5.650520324707031e-05, 5.6743621826171875e-05, 5.817413330078125e-05, 6.270408630371094e-05, 6.222724914550781e-05, 6.723403930664062e-05, 7.62939453125e-05, 7.295608520507812e-05, 6.699562072753906e-05, 6.866455078125e-05, 6.842613220214844e-05, 6.961822509765625e-05, 6.818771362304688e-05, 7.009506225585938e-05, 6.914138793945312e-05, 6.890296936035156e-05, 6.866455078125e-05, 0.00010204315185546875, 7.128715515136719e-05, 7.081031799316406e-05, 7.796287536621094e-05, 8.130073547363281e-05, 8.0108642578125e-05, 0.00012302398681640625, 8.416175842285156e-05, 9.012222290039062e-05, 8.058547973632812e-05, 7.724761962890625e-05, 8.0108642578125e-05, 8.0108642578125e-05, 8.082389831542969e-05, 8.273124694824219e-05, 8.273124694824219e-05, 8.344650268554688e-05, 8.296966552734375e-05, 8.440017700195312e-05, 8.940696716308594e-05, 8.7738037109375e-05, 9.012222290039062e-05, 8.606910705566406e-05, 8.654594421386719e-05, 8.630752563476562e-05, 8.559226989746094e-05, 8.7738037109375e-05, 0.00015306472778320312, 8.96453857421875e-05, 9.393692016601562e-05, 9.465217590332031e-05, 9.083747863769531e-05, 8.7738037109375e-05, 0.0001595020294189453, 8.821487426757812e-05, 9.1552734375e-05, 8.7738037109375e-05, 9.1552734375e-05, 9.179115295410156e-05, 9.465217590332031e-05, 9.298324584960938e-05, 9.274482727050781e-05, 9.274482727050781e-05, 9.202957153320312e-05, 9.179115295410156e-05, 9.441375732421875e-05, 9.775161743164062e-05, 9.489059448242188e-05, 9.679794311523438e-05, 9.417533874511719e-05, 9.369850158691406e-05, 9.703636169433594e-05, 9.512901306152344e-05, 9.417533874511719e-05, 9.274482727050781e-05, 9.298324584960938e-05, 9.72747802734375e-05, 9.226799011230469e-05, 9.679794311523438e-05, 9.34600830078125e-05, 9.655952453613281e-05, 9.608268737792969e-05, 9.489059448242188e-05, 9.608268737792969e-05, 9.846687316894531e-05, 9.608268737792969e-05, 9.560585021972656e-05, 9.703636169433594e-05, 9.870529174804688e-05, 9.655952453613281e-05, 9.298324584960938e-05, 9.369850158691406e-05, 9.512901306152344e-05, 9.465217590332031e-05, 0.00012922286987304688, 9.799003601074219e-05, 9.441375732421875e-05, 9.679794311523438e-05, 9.870529174804688e-05, 9.775161743164062e-05, 9.632110595703125e-05, 0.00010013580322265625, 9.5367431640625e-05, 9.775161743164062e-05, 9.393692016601562e-05, 9.822845458984375e-05, 9.942054748535156e-05, 9.965896606445312e-05, 9.918212890625e-05, 9.799003601074219e-05, 9.989738464355469e-05, 0.00012874603271484375, 9.775161743164062e-05, 0.00013136863708496094, 9.918212890625e-05, 9.918212890625e-05, 9.72747802734375e-05, 9.489059448242188e-05, 9.393692016601562e-05, 9.751319885253906e-05, 9.679794311523438e-05, 0.0001010894775390625, 9.512901306152344e-05, 9.655952453613281e-05, 9.584426879882812e-05, 9.512901306152344e-05, 9.5367431640625e-05, 9.703636169433594e-05, 0.00010180473327636719, 0.0001723766326904297, 9.703636169433594e-05, 9.799003601074219e-05, 0.0001010894775390625, 0.00010013580322265625, 9.608268737792969e-05, 9.72747802734375e-05, 8.678436279296875e-05],