{"steps": 174, "OMUS": [32, 14, 50, 52, 84, 23, 91, 28, 95], "clauses": 100, "avg_clause_len": 2, "parameters": {"count_clauses": 3, "best_unit_literal": 2, "best_counter_literal": 2, "sorting": 2, "extension": "greedy_param", "cutoff_main": 900, "output": "results/2020_05_28/Gurobi/wBF_50_100_greedy_param_86.json"}, "clause_length": "clause_length", "t_hitting_set": [1.430511474609375e-06, 0.00041961669921875, 0.00038743019104003906, 0.0003790855407714844, 0.00039196014404296875, 0.00041747093200683594, 0.0004227161407470703, 0.00042891502380371094, 0.0004470348358154297, 0.0010976791381835938, 0.001074075698852539, 0.0007882118225097656, 0.0010581016540527344, 0.0011496543884277344, 0.0014162063598632812, 0.0011582374572753906, 0.0012009143829345703, 0.0012781620025634766, 0.001373291015625, 0.0013554096221923828, 0.0015654563903808594, 0.0014939308166503906, 0.0014963150024414062, 0.0013434886932373047, 0.0011703968048095703, 0.0023241043090820312, 0.0017118453979492188, 0.0019450187683105469, 0.0013225078582763672, 0.0026090145111083984, 0.002227783203125, 0.002809286117553711, 0.002687215805053711, 0.002535104751586914, 0.0031921863555908203, 0.003489255905151367, 0.003489255905151367, 0.0033686161041259766, 0.0032961368560791016, 0.003570556640625, 0.0033626556396484375, 0.0020325183868408203, 0.019544601440429688, 0.0021750926971435547, 0.0034317970275878906, 0.00390625, 0.0039560794830322266, 0.003930330276489258, 0.003659486770629883, 0.0020608901977539062, 0.0031998157501220703, 0.003968238830566406, 0.004209995269775391, 0.004330635070800781, 0.0043413639068603516, 0.00441741943359375, 0.0044095516204833984, 0.03310871124267578, 0.033471107482910156, 0.028816699981689453, 0.004698753356933594, 0.004502534866333008, 0.03390645980834961, 0.017982959747314453, 0.004540920257568359, 0.00444483757019043, 0.005365848541259766, 0.005981922149658203, 0.004901885986328125, 0.006808280944824219, 0.005390167236328125, 0.006298542022705078, 0.006535768508911133, 0.0070230960845947266, 0.008856534957885742, 0.006523847579956055, 0.007607698440551758, 0.006911516189575195, 0.009669303894042969, 0.008753299713134766, 0.008304834365844727, 0.00716090202331543, 0.00765228271484375, 0.007776498794555664, 0.007915496826171875, 0.011021614074707031, 0.011621475219726562, 0.009014606475830078, 0.011842489242553711, 0.010773897171020508, 0.011079549789428711, 0.00794672966003418, 0.008294820785522461, 0.009025335311889648, 0.012317657470703125, 0.013113021850585938, 0.012557506561279297, 0.011763334274291992, 0.011920452117919922, 0.011700868606567383, 0.012003660202026367, 0.013475179672241211, 0.014183521270751953, 0.01493072509765625, 0.014434337615966797, 0.014364480972290039, 0.01419687271118164, 0.015298604965209961, 0.014757871627807617, 0.013910293579101562, 0.016344547271728516, 0.016093730926513672, 0.013652801513671875, 0.014368772506713867, 0.014554738998413086, 0.014122486114501953, 0.014273643493652344, 0.015237092971801758, 0.017101049423217773, 0.019435882568359375, 0.01692056655883789, 0.016100406646728516, 0.015505313873291016, 0.015236854553222656, 0.017375946044921875, 0.019536972045898438, 0.017848730087280273, 0.01881551742553711, 0.01662921905517578, 0.018831968307495117, 0.01889944076538086, 0.015997648239135742, 0.01629352569580078, 0.014636754989624023, 0.014792919158935547, 0.0157473087310791, 0.01643824577331543, 0.018048763275146484, 0.019553661346435547, 0.02021002769470215, 0.020033597946166992, 0.017807483673095703, 0.018762826919555664, 0.0178987979888916, 0.01891636848449707, 0.020981311798095703, 0.018172740936279297, 0.018123626708984375, 0.012329816818237305, 0.017273902893066406, 0.01718902587890625, 0.017483949661254883, 0.017418861389160156, 0.01770758628845215, 0.01628565788269043, 0.01592564582824707, 0.01712346076965332, 0.017175912857055664, 0.016752958297729492, 0.0172269344329834, 0.018026351928710938, 0.01696920394897461, 0.018192052841186523, 0.018352746963500977, 0.021078824996948242, 0.014989376068115234, 0.01855921745300293, 0.014525413513183594, 0.018120288848876953, 0.018433094024658203, 0.018317461013793945, 0.013852596282958984, 0.01819300651550293, 0.014077186584472656, 0.01811075210571289],