{"steps": 94, "OMUS": [195, 77, 84, 53, 118], "clauses": 200, "avg_clause_len": 2, "parameters": {"count_clauses": 1, "best_unit_literal": 1, "best_counter_literal": 1, "sorting": 3, "extension": "greedy_param", "cutoff_main": 900, "output": "results/2020_05_28/Gurobi/wBF_50_200_greedy_param_93.json"}, "clause_length": "clause_length", "t_hitting_set": [1.430511474609375e-06, 0.0005900859832763672, 0.0006091594696044922, 0.0011980533599853516, 0.001276254653930664, 0.0012483596801757812, 0.0012462139129638672, 0.0012631416320800781, 0.00128173828125, 0.0015118122100830078, 0.0013604164123535156, 0.001493692398071289, 0.0016727447509765625, 0.002005338668823242, 0.0015332698822021484, 0.0019180774688720703, 0.0020771026611328125, 0.0017886161804199219, 0.0020456314086914062, 0.002110004425048828, 0.0032346248626708984, 0.003231525421142578, 0.018609046936035156, 0.025780677795410156, 0.003658771514892578, 0.004703044891357422, 0.004991292953491211, 0.004239559173583984, 0.004781961441040039, 0.030017852783203125, 0.031023263931274414, 0.024908781051635742, 0.029634952545166016, 0.02893662452697754, 0.004413127899169922, 0.029903411865234375, 0.03068709373474121, 0.00404047966003418, 0.005158901214599609, 0.0350642204284668, 0.006102085113525391, 0.0059397220611572266, 0.006018161773681641, 0.032019853591918945, 0.032293081283569336, 0.01932072639465332, 0.005255222320556641, 0.0052869319915771484, 0.02807140350341797, 0.03140687942504883, 0.029033660888671875, 0.0072023868560791016, 0.03749799728393555, 0.006934404373168945, 0.035710811614990234, 0.04477214813232422, 0.04088115692138672, 0.03888654708862305, 0.04905128479003906, 0.00681304931640625, 0.04452347755432129, 0.037233591079711914, 0.053003787994384766, 0.04305553436279297, 0.00939178466796875, 0.03402113914489746, 0.009227752685546875, 0.010267972946166992, 0.01025700569152832, 0.010811805725097656, 0.04498028755187988, 0.010628223419189453, 0.046006202697753906, 0.04843616485595703, 0.009976387023925781, 0.05751943588256836, 0.05072903633117676, 0.0493929386138916, 0.01001882553100586, 0.010199546813964844, 0.010483503341674805, 0.04804801940917969, 0.010982513427734375, 0.04889678955078125, 0.011758804321289062, 0.0569915771484375, 0.04374504089355469, 0.06989574432373047, 0.048090219497680664, 0.05125999450683594, 0.06088447570800781, 0.0557703971862793, 0.05389738082885742, 0.010953426361083984, 0.01227426528930664], "t_sat_check": [7.152557373046875e-07, 4.9114227294921875e-05, 5.745887756347656e-05, 6.29425048828125e-05, 6.4849853515625e-05, 6.103515625e-05, 6.222724914550781e-05, 0.00011706352233886719, 6.031990051269531e-05, 6.4849853515625e-05, 6.365776062011719e-05, 6.532669067382812e-05, 6.556510925292969e-05, 6.031990051269531e-05, 6.437301635742188e-05, 6.937980651855469e-05, 6.747245788574219e-05, 6.628036499023438e-05, 6.127357482910156e-05, 6.67572021484375e-05, 7.462501525878906e-05, 0.00014257431030273438, 7.677078247070312e-05, 8.058547973632812e-05, 0.0001494884490966797, 8.296966552734375e-05, 8.392333984375e-05, 7.62939453125e-05, 8.416175842285156e-05, 8.630752563476562e-05, 8.392333984375e-05, 8.463859558105469e-05, 8.559226989746094e-05, 8.535385131835938e-05, 8.082389831542969e-05, 8.511543273925781e-05, 9.226799011230469e-05, 8.249282836914062e-05, 8.177757263183594e-05, 9.179115295410156e-05, 8.440017700195312e-05, 8.463859558105469e-05, 8.487701416015625e-05, 8.702278137207031e-05, 8.702278137207031e-05, 8.845329284667969e-05, 8.463859558105469e-05, 8.440017700195312e-05, 9.059906005859375e-05, 9.179115295410156e-05, 8.988380432128906e-05, 8.749961853027344e-05, 9.131431579589844e-05, 8.821487426757812e-05, 9.059906005859375e-05, 9.036064147949219e-05, 9.322166442871094e-05, 9.417533874511719e-05, 9.34600830078125e-05, 8.749961853027344e-05, 9.226799011230469e-05, 9.34600830078125e-05, 9.250640869140625e-05, 9.226799011230469e-05, 8.58306884765625e-05, 9.059906005859375e-05, 8.797645568847656e-05, 8.7738037109375e-05, 8.916854858398438e-05, 9.369850158691406e-05, 9.274482727050781e-05, 0.0001010894775390625, 8.869171142578125e-05, 0.00016260147094726562, 8.249282836914062e-05, 9.369850158691406e-05, 9.34600830078125e-05, 0.0001614093780517578, 9.012222290039062e-05, 9.012222290039062e-05, 8.58306884765625e-05, 9.465217590332031e-05, 9.274482727050781e-05, 9.298324584960938e-05, 9.179115295410156e-05, 9.250640869140625e-05, 9.655952453613281e-05, 9.226799011230469e-05, 9.322166442871094e-05, 8.96453857421875e-05, 9.059906005859375e-05, 9.1552734375e-05, 9.465217590332031e-05, 8.96453857421875e-05, 8.153915405273438e-05], "t_grow": [0.0014603137969970703, 0.0011868476867675781, 0.0011138916015625, 0.0010275840759277344, 0.0009949207305908203, 0.001104593276977539, 0.0011479854583740234, 0.00118255615234375, 0.001188516616821289, 0.0010263919830322266, 0.0011570453643798828, 0.0010280609130859375, 0.0010831356048583984, 0.001088857650756836, 0.0010569095611572266, 0.001087188720703125, 0.0010144710540771484, 0.0011591911315917969, 0.0011947154998779297, 0.0010805130004882812, 0.0011284351348876953, 0.000989675521850586, 0.0013346672058105469, 0.001230001449584961, 0.0010726451873779297, 0.0011515617370605469, 0.0010192394256591797, 0.0011246204376220703, 0.0010514259338378906, 0.0010619163513183594, 0.0011639595031738281, 0.0009338855743408203, 0.0011913776397705078, 0.0011394023895263672, 0.001093149185180664, 0.0009274482727050781, 0.0010111331939697266, 0.0010063648223876953, 0.00106048583984375, 0.0010333061218261719, 0.0010721683502197266, 0.0009989738464355469, 0.000949859619140625, 0.0009162425994873047, 0.0010006427764892578, 0.0009844303131103516, 0.0009534358978271484, 0.0009675025939941406, 0.0009672641754150391, 0.0009164810180664062, 0.001058816909790039, 0.0010564327239990234, 0.0009126663208007812, 0.0009522438049316406, 0.0009276866912841797, 0.0011548995971679688, 0.0009071826934814453, 0.0009226799011230469, 0.0009572505950927734, 0.0009186267852783203, 0.0010590553283691406, 0.0009038448333740234, 0.0009868144989013672, 0.0008599758148193359, 0.0010747909545898438, 0.0010678768157958984, 0.0010564327239990234, 0.0009958744049072266, 0.000957489013671875, 0.0008563995361328125, 0.0010101795196533203, 0.0010638236999511719, 0.0010638236999511719, 0.0008909702301025391, 0.0012202262878417969, 0.0008831024169921875, 0.000858306884765625, 0.0009253025054931641, 0.0009632110595703125, 0.0008590221405029297, 0.0010905265808105469, 0.0008919239044189453, 0.0009453296661376953, 0.0009319782257080078, 0.0008394718170166016, 0.0010766983032226562, 0.0009160041809082031, 0.0010368824005126953, 0.0010089874267578125, 0.00119781494140625, 0.0010204315185546875, 0.0010325908660888672, 0.0010039806365966797, 0.001013040542602539], "extension": "greedy_param", "s_hs": [0, 1, 2, 3, 4, 3, 2, 2, 2, 3, 3, 3, 3, 3, 4, 3, 4, 2, 2, 3, 4, 4, 1, 2, 4, 3, 4, 3, 5, 4, 3, 4, 3, 3, 5, 6, 5, 5, 4, 5, 4, 5, 5, 5, 5, 5, 5, 5, 5, 6, 5, 5, 6, 6, 6, 4, 6, 6, 6, 6, 5, 6, 5, 6, 4, 5, 5, 5, 6, 7, 6, 6, 4, 7, 5, 7, 7, 6, 7, 7, 5, 7, 7, 6, 7, 5, 7, 6, 6, 3, 5, 5, 6, 6, 5], "s_grow": [22, 24, 26, 30, 26, 25, 28, 24, 25, 34, 28, 36, 28, 26, 27, 31, 25, 25, 28, 20, 32, 35, 20, 33, 34, 30, 26, 20, 29, 34, 27, 36, 35, 28, 32, 27, 22, 28, 36, 36, 35, 32, 36, 35, 29, 33, 40, 36, 28, 28, 30, 29, 30, 36, 29, 28, 41, 33, 32, 40, 38, 26, 31, 30, 35, 29, 36, 43, 30, 35, 35, 34, 30, 39, 22, 37, 32, 29, 42, 36, 28, 31, 41, 28, 32, 28, 30, 40, 44, 30, 29, 31, 25, 38], "omus": true}