{"steps": 74, "OMUS": [191, 69, 70, 110, 28, 31], "clauses": 200, "avg_clause_len": 2, "parameters": {"count_clauses": 2, "best_unit_literal": 4, "best_counter_literal": 1, "sorting": 2, "extension": "greedy_param", "cutoff_main": 900, "output": "results/2020_05_28/Gurobi/wBF_100_200_greedy_param_79.json"}, "clause_length": "clause_length", "t_hitting_set": [1.6689300537109375e-06, 0.0005695819854736328, 0.0005457401275634766, 0.0005381107330322266, 0.0005393028259277344, 0.0007450580596923828, 0.0011720657348632812, 0.0007116794586181641, 0.0008349418640136719, 0.0009305477142333984, 0.0012204647064208984, 0.0012712478637695312, 0.0012290477752685547, 0.0013079643249511719, 0.001329660415649414, 0.0009369850158691406, 0.0009441375732421875, 0.0017135143280029297, 0.0018296241760253906, 0.001493215560913086, 0.0014848709106445312, 0.0015919208526611328, 0.0013990402221679688, 0.0019168853759765625, 0.0020897388458251953, 0.0020570755004882812, 0.0019385814666748047, 0.002351522445678711, 0.0028035640716552734, 0.002044677734375, 0.002255678176879883, 0.002370119094848633, 0.0029659271240234375, 0.0034291744232177734, 0.0021169185638427734, 0.0032858848571777344, 0.0037469863891601562, 0.0036399364471435547, 0.003935098648071289, 0.003937721252441406, 0.0029435157775878906, 0.016406536102294922, 0.0030651092529296875, 0.003415822982788086, 0.0198824405670166, 0.003274679183959961, 0.019705772399902344, 0.0021440982818603516, 0.00200653076171875, 0.020172119140625, 0.0030717849731445312, 0.03483700752258301, 0.0034868717193603516, 0.0035102367401123047, 0.020790815353393555, 0.024471282958984375, 0.004800319671630859, 0.005235195159912109, 0.005987405776977539, 0.004420280456542969, 0.004393815994262695, 0.0042726993560791016, 0.02673172950744629, 0.022545814514160156, 0.00513458251953125, 0.022707462310791016, 0.004946708679199219, 0.004938840866088867, 0.005071163177490234, 0.005081653594970703, 0.0057375431060791016, 0.005784034729003906, 0.005700826644897461, 0.006188154220581055, 0.006407260894775391], "t_sat_check": [7.152557373046875e-07, 7.343292236328125e-05, 6.413459777832031e-05, 6.008148193359375e-05, 6.246566772460938e-05, 6.365776062011719e-05, 7.104873657226562e-05, 6.556510925292969e-05, 6.413459777832031e-05, 6.4849853515625e-05, 6.914138793945312e-05, 7.534027099609375e-05, 7.43865966796875e-05, 7.510185241699219e-05, 0.0001354217529296875, 7.033348083496094e-05, 9.226799011230469e-05, 7.319450378417969e-05, 7.987022399902344e-05, 7.987022399902344e-05, 7.724761962890625e-05, 7.748603820800781e-05, 7.677078247070312e-05, 7.867813110351562e-05, 8.249282836914062e-05, 8.630752563476562e-05, 8.034706115722656e-05, 8.344650268554688e-05, 8.58306884765625e-05, 8.320808410644531e-05, 8.344650268554688e-05, 8.463859558105469e-05, 8.535385131835938e-05, 8.916854858398438e-05, 8.749961853027344e-05, 8.654594421386719e-05, 8.606910705566406e-05, 9.179115295410156e-05, 9.036064147949219e-05, 9.417533874511719e-05, 9.274482727050781e-05, 9.72747802734375e-05, 8.702278137207031e-05, 8.893013000488281e-05, 9.107589721679688e-05, 9.584426879882812e-05, 9.226799011230469e-05, 8.630752563476562e-05, 7.963180541992188e-05, 9.393692016601562e-05, 9.34600830078125e-05, 9.465217590332031e-05, 9.250640869140625e-05, 8.988380432128906e-05, 9.608268737792969e-05, 0.000102996826171875, 9.5367431640625e-05, 9.298324584960938e-05, 9.465217590332031e-05, 9.036064147949219e-05, 9.465217590332031e-05, 9.512901306152344e-05, 9.751319885253906e-05, 9.822845458984375e-05, 9.632110595703125e-05, 0.0001049041748046875, 9.489059448242188e-05, 9.34600830078125e-05, 9.465217590332031e-05, 9.012222290039062e-05, 9.799003601074219e-05, 9.799003601074219e-05, 9.393692016601562e-05, 9.655952453613281e-05, 7.987022399902344e-05], "t_grow": [0.0012500286102294922, 0.0009634494781494141, 0.0009326934814453125, 0.0009829998016357422, 0.0009326934814453125, 0.0008778572082519531, 0.0009613037109375, 0.0008885860443115234, 0.0009186267852783203, 0.0008759498596191406, 0.0008909702301025391, 0.000820159912109375, 0.0009121894836425781, 0.0008268356323242188, 0.0009891986846923828, 0.0008606910705566406, 0.0008723735809326172, 0.0008640289306640625, 0.0008504390716552734, 0.0009572505950927734, 0.0008678436279296875, 0.0008091926574707031, 0.00089263916015625, 0.0008525848388671875, 0.0009047985076904297, 0.0008263587951660156, 0.0008723735809326172, 0.0009224414825439453, 0.0008056163787841797, 0.0008645057678222656, 0.0009107589721679688, 0.0008442401885986328, 0.0009686946868896484, 0.00090789794921875, 0.0010159015655517578, 0.0009493827819824219, 0.0009341239929199219, 0.0008375644683837891, 0.0008399486541748047, 0.0010235309600830078, 0.0009679794311523438, 0.0008442401885986328, 0.0008771419525146484, 0.0008807182312011719, 0.0009303092956542969, 0.0008318424224853516, 0.0008823871612548828, 0.0008444786071777344, 0.0008919239044189453, 0.0009238719940185547, 0.0009105205535888672, 0.0008308887481689453, 0.0008726119995117188, 0.000990152359008789, 0.0008978843688964844, 0.0008573532104492188, 0.0008668899536132812, 0.0008633136749267578, 0.0008649826049804688, 0.0009000301361083984, 0.0008852481842041016, 0.0007600784301757812, 0.0008749961853027344, 0.0009636878967285156, 0.0010063648223876953, 0.0008647441864013672, 0.0009298324584960938, 0.0008924007415771484, 0.0008866786956787109, 0.0009515285491943359, 0.0008611679077148438, 0.0009067058563232422, 0.0009565353393554688, 0.0009198188781738281], "extension": "greedy_param", "s_hs": [0, 1, 2, 2, 3, 3, 3, 4, 3, 4, 4, 5, 5, 6, 3, 6, 5, 4, 6, 5, 5, 6, 6, 5, 5, 6, 7, 6, 6, 6, 5, 7, 6, 4, 7, 7, 5, 6, 4, 8, 5, 7, 5, 6, 6, 8, 6, 7, 7, 5, 8, 6, 6, 6, 7, 7, 7, 7, 6, 6, 7, 8, 6, 6, 7, 7, 6, 7, 8, 5, 8, 7, 7, 7, 6], "s_grow": [5, 6, 6, 7, 7, 6, 5, 7, 6, 7, 6, 8, 9, 9, 7, 8, 10, 10, 6, 11, 6, 9, 10, 7, 11, 6, 9, 11, 8, 9, 11, 9, 8, 5, 8, 9, 5, 9, 5, 8, 8, 11, 6, 7, 9, 10, 4, 8, 11, 11, 11, 10, 10, 11, 11, 8, 10, 7, 5, 8, 11, 9, 5, 9, 9, 10, 12, 8, 11, 7, 10, 11, 11, 12], "omus": true}