{"steps": 159, "OMUS": [64, 34, 99, 101, 14, 121, 29], "clauses": 150, "avg_clause_len": 2, "parameters": {"count_clauses": 2, "best_unit_literal": 4, "best_counter_literal": 1, "sorting": 1, "extension": "greedy_param", "cutoff_main": 900, "output": "results/2020_05_28/Gurobi/wBF_50_150_greedy_param_49.json"}, "clause_length": "clause_length", "t_hitting_set": [1.1920928955078125e-06, 0.0005559921264648438, 0.0005068778991699219, 0.0005059242248535156, 0.0005488395690917969, 0.0008196830749511719, 0.0009374618530273438, 0.0009200572967529297, 0.0009770393371582031, 0.0009813308715820312, 0.0010418891906738281, 0.0010509490966796875, 0.0012934207916259766, 0.0015995502471923828, 0.0017139911651611328, 0.0014836788177490234, 0.0011539459228515625, 0.0010194778442382812, 0.0018625259399414062, 0.002054929733276367, 0.002007007598876953, 0.001789093017578125, 0.0019519329071044922, 0.002524137496948242, 0.0019278526306152344, 0.0020186901092529297, 0.0027818679809570312, 0.028664588928222656, 0.02242732048034668, 0.0029382705688476562, 0.0034513473510742188, 0.0029439926147460938, 0.0337681770324707, 0.027834415435791016, 0.019416332244873047, 0.03196597099304199, 0.02959609031677246, 0.027756929397583008, 0.02969837188720703, 0.03749871253967285, 0.004144430160522461, 0.004239082336425781, 0.024823904037475586, 0.030252456665039062, 0.004294157028198242, 0.029984712600708008, 0.004245758056640625, 0.004082679748535156, 0.004046440124511719, 0.02983856201171875, 0.004498004913330078, 0.005070209503173828, 0.027014493942260742, 0.0319666862487793, 0.005115509033203125, 0.005431413650512695, 0.005139827728271484, 0.005911111831665039, 0.00661158561706543, 0.006580829620361328, 0.0062711238861083984, 0.0060422420501708984, 0.005188941955566406, 0.02940964698791504, 0.008335590362548828, 0.03426980972290039, 0.04663372039794922, 0.008938312530517578, 0.03257107734680176, 0.037782907485961914, 0.03253817558288574, 0.007096529006958008, 0.008612394332885742, 0.006746530532836914, 0.007816553115844727, 0.0073397159576416016, 0.008086442947387695, 0.008367538452148438, 0.04169869422912598, 0.008028268814086914, 0.007730960845947266, 0.009653568267822266, 0.007801532745361328, 0.007830142974853516, 0.00841212272644043, 0.008268356323242188, 0.03835701942443848, 0.010582685470581055, 0.009541511535644531, 0.013386964797973633, 0.012336969375610352, 0.013736486434936523, 0.011435747146606445, 0.05762362480163574, 0.019448518753051758, 0.05396413803100586, 0.022292613983154297, 0.020514488220214844, 0.023267269134521484, 0.02008795738220215, 0.010010242462158203, 0.00991058349609375, 0.009558677673339844, 0.010353326797485352, 0.010645866394042969, 0.013175249099731445, 0.055100202560424805, 0.018974781036376953, 0.06254720687866211, 0.02398681640625, 0.016090869903564453, 0.017812728881835938, 0.016959190368652344, 0.02353811264038086, 0.052381038665771484, 0.022543668746948242, 0.013151884078979492, 0.014342069625854492, 0.016203641891479492, 0.021595239639282227, 0.02217245101928711, 0.024811506271362305, 0.026932477951049805, 0.031854867935180664, 0.036591291427612305, 0.08348369598388672, 0.03517866134643555, 0.027439355850219727, 0.03930020332336426, 0.03943157196044922, 0.03595232963562012, 0.034844160079956055, 0.038167476654052734, 0.09282350540161133, 0.04389071464538574, 0.0236666202545166, 0.017905473709106445, 0.027730703353881836, 0.018074750900268555, 0.027184009552001953, 0.024636268615722656, 0.023645401000976562, 0.02421712875366211, 0.022773265838623047, 0.08303236961364746, 0.07346987724304199, 0.0827641487121582, 0.023612260818481445, 0.02355813980102539, 0.06532859802246094, 0.02627730369567871, 0.02073216438293457, 0.019182682037353516, 0.022993803024291992, 0.02272963523864746, 0.02287769317626953, 0.019303083419799805, 0.019744396209716797, 0.030980348587036133, 0.0386502742767334], "t_sat_check": [7.152557373046875e-07, 6.866455078125e-05, 5.2928924560546875e-05, 5.364418029785156e-05, 5.3882598876953125e-05, 5.698204040527344e-05, 5.6743621826171875e-05, 5.6743621826171875e-05, 5.745887756347656e-05, 5.7220458984375e-05, 5.817413330078125e-05, 4.649162292480469e-05, 5.53131103515625e-05, 6.365776062011719e-05, 6.842613220214844e-05, 6.4849853515625e-05, 5.5789947509765625e-05, 5.1975250244140625e-05, 6.151199340820312e-05, 6.198883056640625e-05, 7.128715515136719e-05, 6.890296936035156e-05, 6.413459777832031e-05, 7.486343383789062e-05, 6.604194641113281e-05, 6.985664367675781e-05, 7.62939453125e-05, 8.225440979003906e-05, 8.416175842285156e-05, 8.225440979003906e-05, 7.891654968261719e-05, 8.082389831542969e-05, 8.344650268554688e-05, 8.463859558105469e-05, 8.344650268554688e-05, 8.96453857421875e-05, 8.940696716308594e-05, 8.893013000488281e-05, 9.632110595703125e-05, 8.559226989746094e-05, 8.511543273925781e-05, 7.987022399902344e-05, 8.7738037109375e-05, 0.00014257431030273438, 8.440017700195312e-05, 8.559226989746094e-05, 8.249282836914062e-05, 7.843971252441406e-05, 7.772445678710938e-05, 8.749961853027344e-05, 8.487701416015625e-05, 8.106231689453125e-05, 8.940696716308594e-05, 9.1552734375e-05, 8.606910705566406e-05, 8.654594421386719e-05, 8.0108642578125e-05, 8.654594421386719e-05, 8.463859558105469e-05, 8.296966552734375e-05, 7.987022399902344e-05, 8.082389831542969e-05, 8.344650268554688e-05, 9.274482727050781e-05, 8.916854858398438e-05, 8.869171142578125e-05, 9.560585021972656e-05, 8.96453857421875e-05, 9.5367431640625e-05, 9.679794311523438e-05, 9.655952453613281e-05, 8.893013000488281e-05, 9.083747863769531e-05, 8.392333984375e-05, 8.654594421386719e-05, 9.012222290039062e-05, 8.96453857421875e-05, 8.869171142578125e-05, 9.107589721679688e-05, 8.916854858398438e-05, 8.678436279296875e-05, 8.940696716308594e-05, 9.012222290039062e-05, 8.344650268554688e-05, 8.130073547363281e-05, 8.392333984375e-05, 9.417533874511719e-05, 9.250640869140625e-05, 8.797645568847656e-05, 9.083747863769531e-05, 9.5367431640625e-05, 9.369850158691406e-05, 8.916854858398438e-05, 9.918212890625e-05, 9.512901306152344e-05, 8.821487426757812e-05, 9.751319885253906e-05, 9.465217590332031e-05, 9.72747802734375e-05, 8.893013000488281e-05, 9.107589721679688e-05, 8.440017700195312e-05, 9.179115295410156e-05, 8.940696716308594e-05, 8.416175842285156e-05, 9.417533874511719e-05, 9.250640869140625e-05, 9.584426879882812e-05, 9.799003601074219e-05, 9.226799011230469e-05, 9.226799011230469e-05, 9.608268737792969e-05, 9.775161743164062e-05, 9.202957153320312e-05, 9.036064147949219e-05, 9.059906005859375e-05, 0.00016689300537109375, 8.940696716308594e-05, 9.34600830078125e-05, 9.584426879882812e-05, 9.131431579589844e-05, 9.894371032714844e-05, 9.822845458984375e-05, 0.00010275840759277344, 0.00010132789611816406, 9.846687316894531e-05, 0.00010013580322265625, 9.679794311523438e-05, 9.655952453613281e-05, 9.703636169433594e-05, 9.799003601074219e-05, 9.72747802734375e-05, 9.894371032714844e-05, 0.00010013580322265625, 9.942054748535156e-05, 9.465217590332031e-05, 9.036064147949219e-05, 9.775161743164062e-05, 9.131431579589844e-05, 9.632110595703125e-05, 9.560585021972656e-05, 8.893013000488281e-05, 9.679794311523438e-05, 9.393692016601562e-05, 9.989738464355469e-05, 9.799003601074219e-05, 9.703636169433594e-05, 0.00011396408081054688, 9.989738464355469e-05, 9.918212890625e-05, 9.250640869140625e-05, 9.560585021972656e-05, 9.226799011230469e-05, 9.226799011230469e-05, 9.775161743164062e-05, 9.179115295410156e-05, 9.512901306152344e-05, 9.703636169433594e-05, 0.00010061264038085938, 8.487701416015625e-05],