{"steps": 213, "OMUS": [4, 14, 47, 125, 121, 29], "clauses": 150, "avg_clause_len": 2, "parameters": {"count_clauses": 1, "best_unit_literal": 3, "best_counter_literal": 1, "sorting": 1, "extension": "greedy_param", "cutoff_main": 900, "output": "results/2020_05_28/Gurobi/wBF_50_150_greedy_param_37.json"}, "clause_length": "clause_length", "t_hitting_set": [1.430511474609375e-06, 0.0005114078521728516, 0.0004591941833496094, 0.0004742145538330078, 0.000518798828125, 0.0005106925964355469, 0.0005202293395996094, 0.0007908344268798828, 0.0011224746704101562, 0.0012006759643554688, 0.0012359619140625, 0.001291036605834961, 0.0011038780212402344, 0.0011718273162841797, 0.0011134147644042969, 0.0013430118560791016, 0.001314401626586914, 0.0018301010131835938, 0.0017998218536376953, 0.001783609390258789, 0.0016562938690185547, 0.001766204833984375, 0.0022025108337402344, 0.0019435882568359375, 0.0019402503967285156, 0.0020411014556884766, 0.027710914611816406, 0.027718544006347656, 0.021537065505981445, 0.015465497970581055, 0.002237081527709961, 0.002446413040161133, 0.002410411834716797, 0.0024008750915527344, 0.002779245376586914, 0.003100156784057617, 0.0028514862060546875, 0.020748138427734375, 0.0034525394439697266, 0.0029973983764648438, 0.002251148223876953, 0.0021514892578125, 0.003324747085571289, 0.003570079803466797, 0.0034356117248535156, 0.003630399703979492, 0.0033159255981445312, 0.003105640411376953, 0.0031936168670654297, 0.0034427642822265625, 0.0035037994384765625, 0.002412557601928711, 0.002392292022705078, 0.004872798919677734, 0.00475764274597168, 0.0049359798431396484, 0.021671056747436523, 0.005018472671508789, 0.004712820053100586, 0.004319190979003906, 0.03223609924316406, 0.04050135612487793, 0.028773784637451172, 0.0325620174407959, 0.024333477020263672, 0.025750160217285156, 0.034265756607055664, 0.03409242630004883, 0.006063222885131836, 0.034995317459106445, 0.006010293960571289, 0.0061032772064208984, 0.005914926528930664, 0.006192445755004883, 0.031059741973876953, 0.006302833557128906, 0.0059702396392822266, 0.0059833526611328125, 0.006304025650024414, 0.005807161331176758, 0.006275177001953125, 0.029104948043823242, 0.03644108772277832, 0.006813526153564453, 0.007222175598144531, 0.006818056106567383, 0.02202582359313965, 0.007172584533691406, 0.034945011138916016, 0.0070934295654296875, 0.028352975845336914, 0.04258990287780762, 0.0074005126953125, 0.02480936050415039, 0.036142826080322266, 0.04889225959777832, 0.04160666465759277, 0.04882383346557617, 0.038794755935668945, 0.028373003005981445, 0.035887718200683594, 0.037429094314575195, 0.04169583320617676, 0.011923074722290039, 0.04094266891479492, 0.035674095153808594, 0.034913063049316406, 0.04134988784790039, 0.03945803642272949, 0.04769134521484375, 0.03361964225769043, 0.04259967803955078, 0.04204058647155762, 0.009040355682373047, 0.03583025932312012, 0.04628133773803711, 0.049645423889160156, 0.04759788513183594, 0.010524272918701172, 0.0401456356048584, 0.04027104377746582, 0.011612892150878906, 0.04825282096862793, 0.013371706008911133, 0.04616594314575195, 0.01301121711730957, 0.01280975341796875, 0.015465259552001953, 0.04792475700378418, 0.0444948673248291, 0.06492400169372559, 0.060309410095214844, 0.010783195495605469, 0.045079946517944336, 0.04908442497253418, 0.05150747299194336, 0.05253767967224121, 0.06059837341308594, 0.06356215476989746, 0.05967378616333008, 0.06883120536804199, 0.06167292594909668, 0.05617856979370117, 0.05321788787841797, 0.05167794227600098, 0.05819368362426758, 0.04775357246398926, 0.057131290435791016, 0.015589237213134766, 0.05464458465576172, 0.017377614974975586, 0.0228118896484375, 0.017574787139892578, 0.017995595932006836, 0.015852928161621094, 0.016130685806274414, 0.0235748291015625, 0.02515387535095215, 0.023914337158203125, 0.021124839782714844, 0.057326316833496094, 0.0222928524017334, 0.021625041961669922, 0.017428874969482422, 0.018881797790527344, 0.021613359451293945, 0.02440810203552246, 0.024028539657592773, 0.026153564453125, 0.05685997009277344, 0.018422842025756836, 0.02041316032409668, 0.017629384994506836, 0.01801300048828125, 0.02446889877319336, 0.024970293045043945, 0.02521038055419922, 0.02609848976135254, 0.11412382125854492, 0.03436422348022461, 0.0375363826751709, 0.036994218826293945, 0.03778958320617676, 0.0361323356628418, 0.03712654113769531, 0.09431052207946777, 0.031035423278808594, 0.034802913665771484, 0.03256678581237793, 0.03296303749084473, 0.08068060874938965, 0.046922922134399414, 0.041259765625, 0.0302278995513916, 0.03442955017089844, 0.03664708137512207, 0.03493475914001465, 0.04090118408203125, 0.04345226287841797, 0.09848880767822266, 0.04029536247253418, 0.04039597511291504, 0.027080297470092773, 0.031223058700561523, 0.04259443283081055, 0.03763175010681152, 0.03409600257873535, 0.054459333419799805, 0.05423855781555176, 0.0536046028137207, 0.05336570739746094, 0.0396876335144043, 0.07243990898132324, 0.11177372932434082],