{"steps": 112, "OMUS": [195, 77, 84, 53, 118], "clauses": 200, "avg_clause_len": 2, "parameters": {"count_clauses": 3, "best_unit_literal": 2, "best_counter_literal": 2, "sorting": 3, "extension": "greedy_param", "cutoff_main": 900, "output": "results/2020_05_28/Gurobi/wBF_50_200_greedy_param_116.json"}, "clause_length": "clause_length", "t_hitting_set": [1.6689300537109375e-06, 0.0006048679351806641, 0.0005815029144287109, 0.0008106231689453125, 0.0008113384246826172, 0.0009493827819824219, 0.0013043880462646484, 0.0014066696166992188, 0.0013630390167236328, 0.0011067390441894531, 0.0011174678802490234, 0.0011038780212402344, 0.0011935234069824219, 0.001695394515991211, 0.0016930103302001953, 0.0020563602447509766, 0.0022056102752685547, 0.0016956329345703125, 0.001827239990234375, 0.001734018325805664, 0.00182342529296875, 0.0018622875213623047, 0.01927471160888672, 0.03425431251525879, 0.0026397705078125, 0.002626180648803711, 0.0026443004608154297, 0.00459742546081543, 0.02136516571044922, 0.02007269859313965, 0.023886919021606445, 0.037308454513549805, 0.005114555358886719, 0.006011962890625, 0.021791934967041016, 0.005484580993652344, 0.004777193069458008, 0.005078792572021484, 0.023750782012939453, 0.005675792694091797, 0.02823948860168457, 0.006150722503662109, 0.04791855812072754, 0.033312320709228516, 0.041258811950683594, 0.03760957717895508, 0.04634690284729004, 0.04222416877746582, 0.03524971008300781, 0.008381843566894531, 0.03951287269592285, 0.04000210762023926, 0.03630328178405762, 0.009304523468017578, 0.008001327514648438, 0.00915217399597168, 0.03141355514526367, 0.04112076759338379, 0.0421748161315918, 0.047472476959228516, 0.036312103271484375, 0.050959110260009766, 0.05802464485168457, 0.040498971939086914, 0.06578731536865234, 0.05179023742675781, 0.05527997016906738, 0.05021977424621582, 0.05873584747314453, 0.06872344017028809, 0.057396650314331055, 0.05385589599609375, 0.061376094818115234, 0.06106257438659668, 0.04264235496520996, 0.0599217414855957, 0.010403633117675781, 0.05273747444152832, 0.04800128936767578, 0.07181739807128906, 0.06760478019714355, 0.04109382629394531, 0.06380605697631836, 0.06877279281616211, 0.07335305213928223, 0.04994821548461914, 0.05002164840698242, 0.0589594841003418, 0.04871416091918945, 0.051702022552490234, 0.06019449234008789, 0.0667567253112793, 0.08943295478820801, 0.05695366859436035, 0.09320497512817383, 0.06577181816101074, 0.06554937362670898, 0.10004162788391113, 0.07924222946166992, 0.06919193267822266, 0.08065199851989746, 0.05108284950256348, 0.07383537292480469, 0.07469701766967773, 0.07558178901672363, 0.09635710716247559, 0.06767773628234863, 0.0705416202545166, 0.07341623306274414, 0.07313346862792969, 0.07766294479370117, 0.08111357688903809, 0.09338974952697754], "t_sat_check": [7.152557373046875e-07, 6.318092346191406e-05, 5.245208740234375e-05, 5.7220458984375e-05, 5.3882598876953125e-05, 5.555152893066406e-05, 6.270408630371094e-05, 6.365776062011719e-05, 6.699562072753906e-05, 5.7697296142578125e-05, 5.817413330078125e-05, 5.4836273193359375e-05, 5.626678466796875e-05, 6.127357482910156e-05, 6.604194641113281e-05, 6.699562072753906e-05, 7.176399230957031e-05, 7.081031799316406e-05, 6.628036499023438e-05, 6.747245788574219e-05, 6.771087646484375e-05, 6.4849853515625e-05, 7.724761962890625e-05, 8.0108642578125e-05, 7.510185241699219e-05, 7.486343383789062e-05, 6.771087646484375e-05, 8.0108642578125e-05, 8.654594421386719e-05, 8.916854858398438e-05, 9.107589721679688e-05, 8.678436279296875e-05, 8.392333984375e-05, 8.559226989746094e-05, 9.1552734375e-05, 8.845329284667969e-05, 8.392333984375e-05, 8.606910705566406e-05, 8.559226989746094e-05, 8.702278137207031e-05, 9.34600830078125e-05, 8.7738037109375e-05, 9.059906005859375e-05, 8.893013000488281e-05, 9.059906005859375e-05, 9.202957153320312e-05, 8.702278137207031e-05, 9.274482727050781e-05, 9.608268737792969e-05, 8.869171142578125e-05, 9.274482727050781e-05, 9.179115295410156e-05, 9.226799011230469e-05, 8.916854858398438e-05, 8.845329284667969e-05, 9.059906005859375e-05, 9.322166442871094e-05, 9.34600830078125e-05, 9.72747802734375e-05, 9.298324584960938e-05, 9.059906005859375e-05, 9.179115295410156e-05, 9.512901306152344e-05, 9.417533874511719e-05, 8.916854858398438e-05, 9.036064147949219e-05, 9.584426879882812e-05, 9.417533874511719e-05, 9.059906005859375e-05, 9.179115295410156e-05, 9.322166442871094e-05, 9.799003601074219e-05, 9.465217590332031e-05, 9.298324584960938e-05, 0.00010085105895996094, 9.5367431640625e-05, 8.988380432128906e-05, 9.775161743164062e-05, 9.512901306152344e-05, 9.72747802734375e-05, 9.274482727050781e-05, 9.1552734375e-05, 9.1552734375e-05, 9.322166442871094e-05, 9.512901306152344e-05, 9.298324584960938e-05, 9.72747802734375e-05, 9.417533874511719e-05, 9.465217590332031e-05, 9.441375732421875e-05, 9.298324584960938e-05, 9.107589721679688e-05, 9.584426879882812e-05, 9.369850158691406e-05, 9.608268737792969e-05, 9.5367431640625e-05, 9.322166442871094e-05, 9.441375732421875e-05, 9.751319885253906e-05, 9.202957153320312e-05, 9.083747863769531e-05, 9.1552734375e-05, 9.322166442871094e-05, 9.1552734375e-05, 9.369850158691406e-05, 9.250640869140625e-05, 9.417533874511719e-05, 9.512901306152344e-05, 9.322166442871094e-05, 9.5367431640625e-05, 9.441375732421875e-05, 9.298324584960938e-05, 8.249282836914062e-05], "t_grow": [0.0018677711486816406, 0.0015811920166015625, 0.0013833045959472656, 0.0013294219970703125, 0.0012404918670654297, 0.0012996196746826172, 0.0012001991271972656, 0.0012667179107666016, 0.0013124942779541016, 0.0012958049774169922, 0.0011837482452392578, 0.0013973712921142578, 0.0012650489807128906, 0.0013282299041748047, 0.0012679100036621094, 0.0016326904296875, 0.0012831687927246094, 0.0011692047119140625, 0.0012636184692382812, 0.0014069080352783203, 0.0013096332550048828, 0.0015170574188232422, 0.0013833045959472656, 0.0013773441314697266, 0.001394033432006836, 0.0012295246124267578, 0.0012743473052978516, 0.0012848377227783203, 0.0011854171752929688, 0.0012521743774414062, 0.0013096332550048828, 0.0011932849884033203, 0.0012760162353515625, 0.0012545585632324219, 0.0012347698211669922, 0.0012180805206298828, 0.0012810230255126953, 0.0011556148529052734, 0.0012845993041992188, 0.0011532306671142578, 0.0011119842529296875, 0.0012478828430175781, 0.0011775493621826172, 0.0014538764953613281, 0.0011663436889648438, 0.0011785030364990234, 0.0012280941009521484, 0.0010995864868164062, 0.0011680126190185547, 0.0011637210845947266, 0.0012156963348388672, 0.0011551380157470703, 0.0011870861053466797, 0.0011205673217773438, 0.0013110637664794922, 0.0011856555938720703, 0.0011773109436035156, 0.0012068748474121094, 0.0012540817260742188, 0.0012249946594238281, 0.0012295246124267578, 0.0012555122375488281, 0.0012633800506591797, 0.0013048648834228516, 0.0012662410736083984, 0.0012500286102294922, 0.0011012554168701172, 0.001207590103149414, 0.0012853145599365234, 0.0012447834014892578, 0.0011324882507324219, 0.0011539459228515625, 0.0011072158813476562, 0.0011928081512451172, 0.0010623931884765625, 0.0010657310485839844, 0.0011565685272216797, 0.0010645389556884766, 0.0011179447174072266, 0.0010287761688232422, 0.0010945796966552734, 0.0011451244354248047, 0.001138448715209961, 0.001371145248413086, 0.0012063980102539062, 0.0011227130889892578, 0.001176595687866211, 0.0011646747589111328, 0.001155853271484375, 0.001016855239868164, 0.001117706298828125, 0.0012507438659667969, 0.001191854476928711, 0.0011208057403564453, 0.0010478496551513672, 0.0010521411895751953, 0.0014567375183105469, 0.00110626220703125, 0.001111745834350586, 0.001209259033203125, 0.0012090206146240234, 0.0011179447174072266, 0.0010988712310791016, 0.0012614727020263672, 0.0011150836944580078, 0.0013010501861572266, 0.0011005401611328125, 0.0010678768157958984, 0.0011699199676513672, 0.001081705093383789, 0.0011162757873535156, 0.0010771751403808594], "extension": "greedy_param",