{"steps": 206, "OMUS": [32, 14, 50, 52, 84, 23, 91, 28, 95], "clauses": 100, "avg_clause_len": 2, "parameters": {"count_clauses": 1, "best_unit_literal": 4, "best_counter_literal": 1, "sorting": 4, "extension": "greedy_param", "cutoff_main": 900, "output": "results/2020_05_28/Gurobi/wBF_50_100_greedy_param_129.json"}, "clause_length": "clause_length", "t_hitting_set": [1.430511474609375e-06, 0.00039076805114746094, 0.0003790855407714844, 0.0003821849822998047, 0.00040721893310546875, 0.00041985511779785156, 0.0004181861877441406, 0.0006861686706542969, 0.0009942054748535156, 0.0006437301635742188, 0.0006706714630126953, 0.0010178089141845703, 0.001024484634399414, 0.0010793209075927734, 0.0010385513305664062, 0.0011134147644042969, 0.0011432170867919922, 0.0013098716735839844, 0.0012328624725341797, 0.0012161731719970703, 0.001436471939086914, 0.0013246536254882812, 0.001966238021850586, 0.0022687911987304688, 0.0021605491638183594, 0.0022134780883789062, 0.0024323463439941406, 0.002331256866455078, 0.0025620460510253906, 0.0022058486938476562, 0.002345561981201172, 0.0022110939025878906, 0.002070903778076172, 0.002205371856689453, 0.0030221939086914062, 0.0023450851440429688, 0.0028204917907714844, 0.0035512447357177734, 0.0033075809478759766, 0.003175497055053711, 0.003617525100708008, 0.003928661346435547, 0.0039141178131103516, 0.0047206878662109375, 0.004638195037841797, 0.004701137542724609, 0.004919528961181641, 0.0047435760498046875, 0.005089521408081055, 0.004906892776489258, 0.004914283752441406, 0.004595279693603516, 0.004628181457519531, 0.004008769989013672, 0.0038161277770996094, 0.004124164581298828, 0.004586696624755859, 0.003841400146484375, 0.0066661834716796875, 0.0055158138275146484, 0.0045354366302490234, 0.004445791244506836, 0.004404783248901367, 0.004146099090576172, 0.005668163299560547, 0.004554033279418945, 0.004660129547119141, 0.00463557243347168, 0.004663944244384766, 0.004862070083618164, 0.005279064178466797, 0.005717277526855469, 0.0054476261138916016, 0.0051767826080322266, 0.0069730281829833984, 0.005604743957519531, 0.0058746337890625, 0.005442142486572266, 0.005672931671142578, 0.006484031677246094, 0.006259441375732422, 0.008411407470703125, 0.009064912796020508, 0.006177663803100586, 0.008956193923950195, 0.0072269439697265625, 0.0077304840087890625, 0.010467052459716797, 0.009991884231567383, 0.008280277252197266, 0.008333921432495117, 0.008366107940673828, 0.006997823715209961, 0.006969928741455078, 0.006921529769897461, 0.006891965866088867, 0.007473468780517578, 0.007319450378417969, 0.007850170135498047, 0.008919477462768555, 0.009773969650268555, 0.009706258773803711, 0.007705211639404297, 0.0077784061431884766, 0.0076105594635009766, 0.00826406478881836, 0.008647441864013672, 0.008531808853149414, 0.00952291488647461, 0.009073734283447266, 0.011005640029907227, 0.010613679885864258, 0.010694503784179688, 0.014548301696777344, 0.011380910873413086, 0.014379262924194336, 0.01305246353149414, 0.01139521598815918, 0.010842561721801758, 0.010448694229125977, 0.010301828384399414, 0.01340794563293457, 0.014628887176513672, 0.013815879821777344, 0.015281438827514648, 0.015741348266601562, 0.014904260635375977, 0.01371908187866211, 0.015653133392333984, 0.01414179801940918, 0.014756441116333008, 0.013108253479003906, 0.014168024063110352, 0.015132427215576172, 0.013561725616455078, 0.014824628829956055, 0.01609635353088379, 0.017148733139038086, 0.019016504287719727, 0.018551111221313477, 0.0171506404876709, 0.017438173294067383, 0.016961336135864258, 0.01751255989074707, 0.01768326759338379, 0.01720714569091797, 0.019539356231689453, 0.020124197006225586, 0.021123170852661133, 0.018297910690307617, 0.0187528133392334, 0.02025747299194336, 0.021715402603149414, 0.020909786224365234, 0.018924713134765625, 0.018934011459350586, 0.018439292907714844, 0.019782304763793945, 0.021430253982543945, 0.01979804039001465, 0.023606061935424805, 0.020750761032104492, 0.020770788192749023, 0.020812511444091797, 0.02168869972229004, 0.021634340286254883, 0.02240896224975586, 0.01732039451599121, 0.017032861709594727, 0.018686294555664062, 0.018947124481201172, 0.018479347229003906, 0.017461061477661133, 0.018527984619140625, 0.016458749771118164, 0.019760847091674805, 0.019997119903564453, 0.01684737205505371, 0.0171658992767334, 0.017379045486450195, 0.018415212631225586, 0.01851511001586914, 0.01865553855895996, 0.01924300193786621, 0.0176239013671875, 0.020255088806152344, 0.0190887451171875, 0.019385099411010742, 0.019410133361816406, 0.018662691116333008, 0.01844024658203125, 0.01952052116394043, 0.018916845321655273, 0.019125938415527344, 0.02008342742919922, 0.020798444747924805, 0.021056652069091797, 0.01904010772705078, 0.020035982131958008, 0.016281843185424805, 0.02236318588256836, 0.01939702033996582, 0.020412206649780273, 0.018391132354736328, 0.0205838680267334, 0.02032613754272461, 0.02083873748779297],