{"steps": 263, "OMUS": [196, 37, 205, 48, 93], "clauses": 250, "avg_clause_len": 2, "parameters": {"count_clauses": 1, "best_unit_literal": 1, "best_counter_literal": 1, "sorting": 2, "extension": "greedy_param", "cutoff_main": 900, "output": "results/2020_05_28/Gurobi/wBF_50_250_greedy_param_63.json"}, "clause_length": "clause_length", "t_hitting_set": [1.1920928955078125e-06, 0.000682830810546875, 0.0007045269012451172, 0.00070953369140625, 0.0007576942443847656, 0.0007915496826171875, 0.0008139610290527344, 0.0012006759643554688, 0.0012238025665283203, 0.0012598037719726562, 0.0016474723815917969, 0.0019078254699707031, 0.0016226768493652344, 0.0016093254089355469, 0.0023622512817382812, 0.003511190414428711, 0.003072977066040039, 0.0030159950256347656, 0.0027036666870117188, 0.0029096603393554688, 0.002871274948120117, 0.002706766128540039, 0.0027475357055664062, 0.002858877182006836, 0.002995014190673828, 0.0036890506744384766, 0.03201651573181152, 0.03297543525695801, 0.03046131134033203, 0.022629261016845703, 0.03127646446228027, 0.02287769317626953, 0.030583620071411133, 0.004706859588623047, 0.031098127365112305, 0.005262613296508789, 0.004261970520019531, 0.006302833557128906, 0.02923870086669922, 0.02689194679260254, 0.03670811653137207, 0.028710603713989258, 0.032813072204589844, 0.026233911514282227, 0.03819751739501953, 0.035035133361816406, 0.007408618927001953, 0.0269320011138916, 0.03922080993652344, 0.007138967514038086, 0.007713794708251953, 0.04933023452758789, 0.04103446006774902, 0.0446927547454834, 0.03993964195251465, 0.03718686103820801, 0.04532933235168457, 0.03937983512878418, 0.039258480072021484, 0.039855241775512695, 0.05062222480773926, 0.041434526443481445, 0.04685401916503906, 0.057277679443359375, 0.031061410903930664, 0.030389070510864258, 0.034374237060546875, 0.049072980880737305, 0.0616302490234375, 0.059395551681518555, 0.04330301284790039, 0.058321475982666016, 0.08262300491333008, 0.07194256782531738, 0.0729978084564209, 0.06828784942626953, 0.06099843978881836, 0.0676884651184082, 0.06061100959777832, 0.06630086898803711, 0.07477617263793945, 0.0643455982208252, 0.07563304901123047, 0.07123064994812012, 0.06791067123413086, 0.05496096611022949, 0.06299853324890137, 0.05703568458557129, 0.013427495956420898, 0.058515071868896484, 0.06556582450866699, 0.04901695251464844, 0.09029650688171387, 0.09833765029907227, 0.07924914360046387, 0.07941341400146484, 0.07659339904785156, 0.07737135887145996, 0.07646942138671875, 0.08866047859191895, 0.0912618637084961, 0.09718513488769531, 0.08090972900390625, 0.06686282157897949, 0.0969541072845459, 0.10264706611633301, 0.09433293342590332, 0.1199183464050293, 0.11626148223876953, 0.12181591987609863, 0.1133420467376709, 0.15938615798950195, 0.1320323944091797, 0.09914588928222656, 0.12960362434387207, 0.11331939697265625, 0.11703276634216309, 0.11351490020751953, 0.11009812355041504, 0.13044381141662598, 0.13842201232910156, 0.14553332328796387, 0.14422392845153809, 0.10624289512634277, 0.16973137855529785, 0.13800311088562012, 0.11552691459655762, 0.1237800121307373, 0.1353442668914795, 0.13647222518920898, 0.11446070671081543, 0.09334969520568848, 0.11750245094299316, 0.16961097717285156, 0.16483712196350098, 0.149855375289917, 0.17103910446166992, 0.14123249053955078, 0.15571975708007812, 0.16005659103393555, 0.1407454013824463, 0.16591811180114746, 0.2804722785949707, 0.26721668243408203, 0.2814443111419678, 0.25704145431518555, 0.16042637825012207, 0.17728972434997559, 0.19260954856872559, 0.1267242431640625, 0.2649998664855957, 0.18346238136291504, 0.1653883457183838, 0.2199857234954834, 0.2207810878753662, 0.3473238945007324, 0.36516523361206055, 0.3721785545349121, 0.22853660583496094, 0.2243494987487793, 0.17805075645446777, 0.1861896514892578, 0.19817066192626953, 0.16209673881530762, 0.2331254482269287, 0.2197873592376709, 0.19278216361999512, 0.25573277473449707, 0.2059495449066162, 0.19736075401306152, 0.19794702529907227, 0.5366334915161133, 0.5036060810089111, 0.3246948719024658, 0.25504612922668457, 0.45586538314819336, 0.3919820785522461, 0.4988546371459961, 0.2817258834838867, 0.5060029029846191, 0.47271156311035156, 0.506669282913208, 0.4475746154785156, 0.19235849380493164, 0.5000548362731934, 0.2346806526184082, 0.4975240230560303, 0.4906129837036133, 0.3685421943664551, 0.5618031024932861, 0.47379612922668457, 0.38930702209472656, 0.41693592071533203, 0.2759053707122803, 0.23197388648986816, 0.5305538177490234, 0.4952213764190674, 0.5784974098205566, 0.46580958366394043, 0.50634765625, 0.4843573570251465, 0.3966333866119385, 0.5452404022216797, 0.23077630996704102, 0.5078859329223633, 0.47828221321105957, 0.3908066749572754, 0.424579381942749, 0.5277993679046631, 0.6384658813476562, 0.463287353515625, 0.4096360206604004, 0.5378894805908203, 0.5557272434234619, 0.4051942825317383, 1.073549509048462, 0.4298384189605713, 1.2149889469146729, 1.1913738250732422, 1.3147461414337158, 1.2231354713439941, 1.2234232425689697, 1.3439576625823975, 0.752892017364502, 1.1709182262420654, 1.1758742332458496, 1.275015115737915, 0.5966739654541016, 1.0965077877044678, 0.5399701595306396, 1.266333818435669, 0.4305737018585205, 0.4592912197113037, 0.5528819561004639, 0.6897919178009033, 1.4042799472808838, 0.5399320125579834, 0.522287130355835, 0.5606865882873535, 0.8053731918334961, 1.1534595489501953, 1.6041059494018555, 1.1891179084777832, 1.5047733783721924, 1.258272409439087, 0.9965999126434326, 0.41457271575927734, 0.6174142360687256, 1.3600342273712158, 1.298154592514038, 0.7993624210357666, 1.289449691772461, 0.6746993064880371, 0.4768099784851074, 0.6765453815460205, 1.0533652305603027, 0.6047883033752441, 1.1855697631835938, 0.9278569221496582, 0.9171555042266846, 0.7284541130065918, 0.7082295417785645, 1.2830123901367188, 1.2723581790924072],