{"steps": 166, "OMUS": [64, 34, 99, 101, 14, 121, 29], "clauses": 150, "avg_clause_len": 2, "parameters": {"count_clauses": 1, "best_unit_literal": 4, "best_counter_literal": 2, "sorting": 4, "extension": "greedy_param", "cutoff_main": 900, "output": "results/2020_05_28/Gurobi/wBF_50_150_greedy_param_130.json"}, "clause_length": "clause_length", "t_hitting_set": [1.6689300537109375e-06, 0.0005013942718505859, 0.00048351287841796875, 0.0004825592041015625, 0.0005125999450683594, 0.0005300045013427734, 0.0008378028869628906, 0.0007801055908203125, 0.0008878707885742188, 0.0009453296661376953, 0.0009167194366455078, 0.0009448528289794922, 0.000957489013671875, 0.0013589859008789062, 0.0013799667358398438, 0.001573801040649414, 0.0016491413116455078, 0.0013158321380615234, 0.0016021728515625, 0.0013422966003417969, 0.0011715888977050781, 0.0013973712921142578, 0.0018191337585449219, 0.0022192001342773438, 0.002059459686279297, 0.0021376609802246094, 0.002351522445678711, 0.0026137828826904297, 0.003604412078857422, 0.002478361129760742, 0.0027408599853515625, 0.002174854278564453, 0.0027031898498535156, 0.0030219554901123047, 0.02939581871032715, 0.003690004348754883, 0.0033109188079833984, 0.00372314453125, 0.003729104995727539, 0.03166556358337402, 0.0039844512939453125, 0.004461050033569336, 0.0031425952911376953, 0.004454612731933594, 0.0029358863830566406, 0.003159046173095703, 0.0045871734619140625, 0.005334615707397461, 0.005673646926879883, 0.005485057830810547, 0.005784511566162109, 0.006363630294799805, 0.005965709686279297, 0.03263044357299805, 0.03471708297729492, 0.0380246639251709, 0.0309751033782959, 0.03050065040588379, 0.0291140079498291, 0.03870248794555664, 0.027690649032592773, 0.02457594871520996, 0.03911185264587402, 0.05675220489501953, 0.04005312919616699, 0.04227280616760254, 0.03750944137573242, 0.041936397552490234, 0.013390302658081055, 0.05125784873962402, 0.0555272102355957, 0.060868263244628906, 0.05271124839782715, 0.06692337989807129, 0.07214021682739258, 0.053284406661987305, 0.060150861740112305, 0.057894229888916016, 0.0557098388671875, 0.016881942749023438, 0.05936908721923828, 0.061168670654296875, 0.07652115821838379, 0.0673515796661377, 0.06409859657287598, 0.07467031478881836, 0.04773354530334473, 0.06473851203918457, 0.05985403060913086, 0.06693434715270996, 0.07023453712463379, 0.06622934341430664, 0.011649370193481445, 0.05970430374145508, 0.015931367874145508, 0.010860204696655273, 0.05198383331298828, 0.06576871871948242, 0.01774764060974121, 0.01568603515625, 0.0652775764465332, 0.06366348266601562, 0.06262063980102539, 0.06128215789794922, 0.03474879264831543, 0.06180763244628906, 0.07423090934753418, 0.0923757553100586, 0.03586840629577637, 0.02620100975036621, 0.021025657653808594, 0.021615266799926758, 0.08400440216064453, 0.09751629829406738, 0.09011197090148926, 0.07567119598388672, 0.09694671630859375, 0.03770899772644043, 0.06972050666809082, 0.03592872619628906, 0.03163886070251465, 0.03411364555358887, 0.026954174041748047, 0.034920454025268555, 0.034564971923828125, 0.03573274612426758, 0.02622079849243164, 0.021719694137573242, 0.07772707939147949, 0.018048524856567383, 0.04024243354797363, 0.028816699981689453, 0.03798341751098633, 0.03859567642211914, 0.03605079650878906, 0.03622174263000488, 0.03708052635192871, 0.023568153381347656, 0.016695499420166016, 0.12929177284240723, 0.028731822967529297, 0.028691768646240234, 0.02621173858642578, 0.02705073356628418, 0.026263713836669922, 0.025480270385742188, 0.02623772621154785, 0.026302099227905273, 0.09660100936889648, 0.083648681640625, 0.028291940689086914, 0.028124570846557617, 0.02167201042175293, 0.031276702880859375, 0.03230595588684082, 0.033350467681884766, 0.03279280662536621, 0.03133749961853027, 0.0319979190826416, 0.03189849853515625, 0.03449273109436035, 0.1394345760345459, 0.03563046455383301, 0.03515195846557617, 0.033234596252441406, 0.03821682929992676, 0.02820444107055664], "t_sat_check": [4.76837158203125e-07, 5.3882598876953125e-05, 5.316734313964844e-05, 4.4345855712890625e-05, 5.245208740234375e-05, 5.269050598144531e-05, 5.364418029785156e-05, 5.459785461425781e-05, 5.412101745605469e-05, 5.5789947509765625e-05, 5.555152893066406e-05, 5.602836608886719e-05, 5.4836273193359375e-05, 6.67572021484375e-05, 6.580352783203125e-05, 6.580352783203125e-05, 7.224082946777344e-05, 7.2479248046875e-05, 6.628036499023438e-05, 6.914138793945312e-05, 6.103515625e-05, 6.508827209472656e-05, 6.628036499023438e-05, 6.842613220214844e-05, 7.104873657226562e-05, 7.510185241699219e-05, 6.842613220214844e-05, 7.2479248046875e-05, 7.62939453125e-05, 7.319450378417969e-05, 7.2479248046875e-05, 6.413459777832031e-05, 0.00010585784912109375, 7.390975952148438e-05, 8.368492126464844e-05, 8.130073547363281e-05, 7.891654968261719e-05, 7.987022399902344e-05, 7.772445678710938e-05, 8.797645568847656e-05, 7.772445678710938e-05, 8.511543273925781e-05, 7.724761962890625e-05, 8.177757263183594e-05, 7.62939453125e-05, 7.653236389160156e-05, 7.867813110351562e-05, 8.082389831542969e-05, 8.630752563476562e-05, 7.963180541992188e-05, 7.700920104980469e-05, 8.702278137207031e-05, 8.487701416015625e-05, 8.726119995117188e-05, 9.322166442871094e-05, 9.369850158691406e-05, 9.107589721679688e-05, 9.34600830078125e-05, 9.202957153320312e-05, 9.465217590332031e-05, 8.893013000488281e-05, 9.036064147949219e-05, 9.369850158691406e-05, 9.679794311523438e-05, 9.298324584960938e-05, 9.179115295410156e-05, 9.202957153320312e-05, 9.322166442871094e-05, 9.894371032714844e-05, 9.512901306152344e-05, 9.489059448242188e-05, 8.940696716308594e-05, 0.00013566017150878906, 9.298324584960938e-05, 9.393692016601562e-05, 9.083747863769531e-05, 9.393692016601562e-05, 9.679794311523438e-05, 9.632110595703125e-05, 9.751319885253906e-05, 9.799003601074219e-05, 9.465217590332031e-05, 9.775161743164062e-05, 9.34600830078125e-05, 9.465217590332031e-05, 9.369850158691406e-05, 9.679794311523438e-05, 9.465217590332031e-05, 9.584426879882812e-05, 9.870529174804688e-05, 9.489059448242188e-05, 9.322166442871094e-05, 9.703636169433594e-05, 9.822845458984375e-05, 9.226799011230469e-05, 9.131431579589844e-05, 9.799003601074219e-05, 9.632110595703125e-05, 9.608268737792969e-05, 9.131431579589844e-05, 9.489059448242188e-05, 9.465217590332031e-05, 9.584426879882812e-05, 9.632110595703125e-05, 9.679794311523438e-05, 9.775161743164062e-05, 9.560585021972656e-05, 9.679794311523438e-05, 9.751319885253906e-05, 9.512901306152344e-05, 9.441375732421875e-05, 9.369850158691406e-05, 9.632110595703125e-05, 9.703636169433594e-05, 9.584426879882812e-05, 9.894371032714844e-05, 9.5367431640625e-05, 9.608268737792969e-05, 9.918212890625e-05, 9.751319885253906e-05, 9.608268737792969e-05, 9.679794311523438e-05, 9.417533874511719e-05, 9.703636169433594e-05, 9.441375732421875e-05, 9.632110595703125e-05, 9.298324584960938e-05, 9.608268737792969e-05, 9.775161743164062e-05, 9.655952453613281e-05, 9.369850158691406e-05, 9.655952453613281e-05, 9.250640869140625e-05, 9.560585021972656e-05, 9.822845458984375e-05, 9.608268737792969e-05, 9.5367431640625e-05, 9.655952453613281e-05, 9.107589721679688e-05, 0.00010085105895996094, 0.00010061264038085938, 9.441375732421875e-05, 9.465217590332031e-05, 9.775161743164062e-05, 9.655952453613281e-05, 9.465217590332031e-05, 9.322166442871094e-05, 9.5367431640625e-05, 9.584426879882812e-05, 9.584426879882812e-05, 9.560585021972656e-05, 9.655952453613281e-05, 9.703636169433594e-05, 9.417533874511719e-05, 9.655952453613281e-05, 9.799003601074219e-05, 9.799003601074219e-05, 9.632110595703125e-05, 9.72747802734375e-05, 9.703636169433594e-05, 9.679794311523438e-05, 9.846687316894531e-05, 9.608268737792969e-05, 9.942054748535156e-05, 0.00018715858459472656, 9.703636169433594e-05, 8.511543273925781e-05],