{"config": {"preseeding": true, "preseeding-minimal": true, "sat-polarity": true, "postpone_opt": false, "postpone_opt_incr": false, "postpone_opt_greedy": false, "grow": true, "grow_subset_maximal": false, "grow_maxsat": true, "timeout": 3600, "instance": "simple"}, "results": {"HS": [3, 2, 1], "HS_greedy": [0, 0, 0], "HS_incr": [0, 0, 0], "HS-opt-time": [0.0009677410125732422, 0.0006010532379150391, 0.00027179718017578125], "HS-postpone-time": [0, 0, 0], "SAT-time": [0.00011897087097167969, 7.772445678710938e-05, 3.457069396972656e-05], "#expl": 3, "expl_seq": [{"constraints": [4], "derived": [1]}, {"constraints": [1, 5, 6], "derived": [2]}, {"constraints": [2, 7], "derived": [-3]}], "OUS-time": [0.0033342838287353516, 0.0013210773468017578, 0.00035572052001953125], "timeout": false}}