{"config": {"preseeding": true, "preseeding-grow": false, "sat-polarity": true, "sat-polarity-initial": false, "postpone_opt": true, "postpone_opt_incr": true, "postpone_opt_greedy": true, "grow": true, "grow_sat": false, "grow_subset_maximal": false, "grow_maxsat": true, "grow_maxsat_neg_cost": false, "grow_maxsat_pos_cost": false, "grow_maxsat_max_cost_neg": false, "grow_maxsat_unit": false, "grow_maxsat_initial": false, "grow_maxsat_actual_pos": true, "grow_maxsat_actual_unif": false, "grow_maxsat_actual_inv": false, "timeout": 10800, "instance": "origin-problem", "output": "/user/brussel/101/vsc10143/holygrail/experiments/03_OMUS/02_OUS/results/effectPreseeding/2021010607/20210106072650528268.json"}, "results": {"HS": [3, 1, 2, 1], "HS_greedy": [15, 0, 14, 23], "HS_incr": [117, 0, 143, 217], "HS-opt-time": [0.5280349254608154, 0.15465426445007324, 0.5052139759063721, 0.3396286964416504], "HS-postpone-time": [0.0344996452331543, 0, 0.035793304443359375, 0.08220744132995605], "SAT-time": [0.171431303024292, 0.00140380859375, 0.24344396591186523, 0.3606560230255127], "grow-time": [16.797211170196533, 0, 1753.8329727649689, 7159.018647432327], "#expl": 3, "expl_seq": [{"constraints": [1786], "derived": [-15, -14]}, {"constraints": [1790], "derived": [-100]}, {"constraints": [1785], "derived": [-104]}], "OUS-time": [17.670558214187622, 0.15699124336242676, 1754.7919149398804, 0], "timeout": true}}