{"config": {"preseeding": true, "preseeding-grow": false, "sat-polarity": false, "sat-polarity-initial": true, "postpone_opt": false, "postpone_opt_incr": false, "postpone_opt_greedy": false, "grow": true, "grow_sat": false, "grow_subset_maximal": false, "grow_maxsat": true, "grow_maxsat_neg_cost": false, "grow_maxsat_pos_cost": false, "grow_maxsat_max_cost_neg": false, "grow_maxsat_unit": false, "grow_maxsat_initial": false, "grow_maxsat_actual_pos": false, "grow_maxsat_actual_unif": false, "grow_maxsat_actual_inv": true, "timeout": 10800, "instance": "origin-problem", "output": "/user/brussel/101/vsc10143/holygrail/experiments/03_OMUS/02_OUS/results/effectPreseeding/2021010607/20210106072650528343.json"}, "results": {"HS": [29, 9, 4, 3, 9, 3, 3, 3, 3, 3, 4, 6, 4, 48, 2, 3, 20, 4, 7, 11, 3, 4, 7, 7, 1, 6, 6, 6, 22, 6, 4, 12, 1, 2, 5, 2, 30, 10, 2, 3, 2, 1, 6, 6, 13, 20, 7, 7, 3, 2, 4, 4, 7, 1, 4, 7, 4, 1, 1, 4, 28, 1, 1, 2, 1, 2, 1, 3, 8, 1, 6, 2, 3, 1, 1, 3, 1, 1, 1, 7, 2, 12, 6, 16, 6, 1, 2, 3, 2, 1, 2, 3, 1, 1, 7, 12, 3, 11, 4, 5, 1, 1, 3, 4, 1, 16, 3, 3, 4, 1, 1, 1, 2, 6, 1, 5, 8, 1, 1, 1, 1, 1, 1, 22, 1, 1, 3], "HS_greedy": [0, 0, 0, 0, 0, 0, 0, 0, 0, 0, 0, 0, 0, 0, 0, 0, 0, 0, 0, 0, 0, 0, 0, 0, 0, 0, 0, 0, 0, 0, 0, 0, 0, 0, 0, 0, 0, 0, 0, 0, 0, 0, 0, 0, 0, 0, 0, 0, 0, 0, 0, 0, 0, 0, 0, 0, 0, 0, 0, 0, 0, 0, 0, 0, 0, 0, 0, 0, 0, 0, 0, 0, 0, 0, 0, 0, 0, 0, 0, 0, 0, 0, 0, 0, 0, 0, 0, 0, 0, 0, 0, 0, 0, 0, 0, 0, 0, 0, 0, 0, 0, 0, 0, 0, 0, 0, 0, 0, 0, 0, 0, 0, 0, 0, 0, 0, 0, 0, 0, 0, 0, 0, 0, 0, 0, 0, 0], "HS_incr": [0, 0, 0, 0, 0, 0, 0, 0, 0, 0, 0, 0, 0, 0, 0, 0, 0, 0, 0, 0, 0, 0, 0, 0, 0, 0, 0, 0, 0, 0, 0, 0, 0, 0, 0, 0, 0, 0, 0, 0, 0, 0, 0, 0, 0, 0, 0, 0, 0, 0, 0, 0, 0, 0, 0, 0, 0, 0, 0, 0, 0, 0, 0, 0, 0, 0, 0, 0, 0, 0, 0, 0, 0, 0, 0, 0, 0, 0, 0, 0, 0, 0, 0, 0, 0, 0, 0, 0, 0, 0, 0, 0, 0, 0, 0, 0, 0, 0, 0, 0, 0, 0, 0, 0, 0, 0, 0, 0, 0, 0, 0, 0, 0, 0, 0, 0, 0, 0, 0, 0, 0, 0, 0, 0, 0, 0, 0], "HS-opt-time": [1.0068116188049316, 0.7027251720428467, 0.32337427139282227, 0.23738622665405273, 0.5224735736846924, 0.16783499717712402, 0.2871701717376709, 0.2941446304321289, 0.21692371368408203, 0.4006466865539551, 0.35781288146972656, 0.7257847785949707, 0.6110622882843018, 24.951172590255737, 0.21574926376342773, 0.4137284755706787, 11.593063354492188, 5.939212799072266, 1.3838307857513428, 9.137199878692627, 2.3303070068359375, 3.6220006942749023, 7.0909507274627686, 5.469271183013916, 1.3218655586242676, 6.287280321121216, 7.031362295150757, 2.5729105472564697, 38.39117741584778, 7.863545179367065, 1.1372289657592773, 12.683202743530273, 0.2589547634124756, 0.4681434631347656, 1.4064116477966309, 0.5279631614685059, 47.007657051086426, 2.9543609619140625, 0.533452033996582, 1.1745328903198242, 1.0410022735595703, 0.3676419258117676, 2.330066204071045, 1.7530789375305176, 8.326635599136353, 7.0733325481414795, 2.657755136489868, 3.8315486907958984, 1.5745480060577393, 0.8761818408966064, 1.894944667816162, 1.8203847408294678, 2.5941574573516846, 0.5629029273986816, 1.6231393814086914, 2.950822114944458, 2.132432699203491, 0.5778610706329346, 0.5470967292785645, 1.9990224838256836, 27.31295919418335, 0.5061736106872559, 0.5325348377227783, 0.9858372211456299, 0.559370756149292, 1.0693202018737793, 0.5368919372558594, 1.626249074935913, 5.792783737182617, 0.4434218406677246, 3.1602983474731445, 1.2676684856414795, 1.67118239402771, 0.5462794303894043, 0.5277011394500732, 1.3705925941467285, 0.5591247081756592, 0.5273337364196777, 0.47693777084350586, 3.3478622436523438, 0.983945369720459, 8.868298053741455, 2.701777458190918, 9.5057532787323, 3.7031288146972656, 0.6118197441101074, 1.1509687900543213, 1.652092456817627, 0.9812362194061279, 0.4931797981262207, 1.0101041793823242, 1.5662603378295898, 0.5226249694824219, 0.5578920841217041, 3.840585231781006, 6.706186056137085, 1.7907359600067139, 8.255062580108643, 2.5477547645568848, 3.24800181388855, 0.6377484798431396, 0.6458406448364258, 1.8240668773651123, 2.8284566402435303, 0.581463098526001, 11.661564350128174, 1.9436187744140625, 1.816962480545044, 2.099752187728882, 0.519615650177002, 0.5035421848297119, 0.5094366073608398, 0.9974417686462402, 3.213742971420288, 0.5873489379882812, 2.892122745513916, 4.112274646759033, 0.645073652267456, 0.6320836544036865, 0.5347816944122314, 0.5576164722442627, 0.5801923274993896, 0.6363120079040527, 13.248349905014038, 0.511566162109375, 0.49225330352783203, 1.5102667808532715], "HS-postpone-time": [0, 0, 0, 0, 0, 0, 0, 0, 0, 0, 0, 0, 0, 0, 0, 0, 0, 0, 0, 0, 0, 0, 0, 0, 0, 0, 0, 0, 0, 0, 0, 0, 0, 0, 0, 0, 0, 0, 0, 0, 0, 0, 0, 0, 0, 0, 0, 0, 0, 0, 0, 0, 0, 0, 0, 0, 0, 0, 0, 0, 0, 0, 0, 0, 0, 0, 0, 0, 0, 0, 0, 0, 0, 0, 0, 0, 0, 0, 0, 0, 0, 0, 0, 0, 0, 0, 0, 0, 0, 0, 0, 0, 0, 0, 0, 0, 0, 0, 0, 0, 0, 0, 0, 0, 0, 0, 0, 0, 0, 0, 0, 0, 0, 0, 0, 0, 0, 0, 0, 0, 0, 0, 0, 0, 0, 0, 0], "SAT-time": [0.049451589584350586, 0.014644622802734375, 0.006473064422607422, 0.004592180252075195, 0.015339851379394531, 0.0049211978912353516, 0.004894733428955078, 0.004822254180908203, 0.004781484603881836, 0.004903078079223633, 0.0068590641021728516, 0.010729789733886719, 0.006878376007080078, 0.08898544311523438, 0.003630399703979492, 0.005242109298706055, 0.03787803649902344, 0.007448673248291016, 0.01332712173461914, 0.021069765090942383, 0.006170034408569336, 0.00719904899597168, 0.01471567153930664, 0.013910055160522461, 0.0015578269958496094, 0.012468814849853516, 0.015757083892822266, 0.0157163143157959, 0.05682969093322754, 0.015486717224121094, 0.010092973709106445, 0.031629085540771484, 0.0019690990447998047, 0.004317522048950195, 0.013088703155517578, 0.0045223236083984375, 0.08343100547790527, 0.02783346176147461, 0.004338741302490234, 0.006871700286865234, 0.004426717758178711, 0.0019576549530029297, 0.016127347946166992, 0.01586437225341797, 0.03581523895263672, 0.05614280700683594, 0.019457101821899414, 0.018570899963378906, 0.007876873016357422, 0.0045168399810791016, 0.009822607040405273, 0.009984970092773438, 0.01833510398864746, 0.002046346664428711, 0.010780572891235352, 0.018462657928466797, 0.010094642639160156, 0.0020296573638916016, 0.001993417739868164, 0.01022958755493164, 0.0663609504699707, 0.001608133316040039, 0.0017161369323730469, 0.003750324249267578, 0.0016667842864990234, 0.00390934944152832, 0.0016574859619140625, 0.0059661865234375, 0.016724824905395508, 0.0016448497772216797, 0.01256251335144043, 0.0037937164306640625, 0.005973100662231445, 0.0017383098602294922, 0.0016508102416992188, 0.005989789962768555, 0.0016868114471435547, 0.0017092227935791016, 0.0016999244689941406, 0.013994455337524414, 0.003695249557495117, 0.025560617446899414, 0.012457132339477539, 0.035120487213134766, 0.013480663299560547, 0.0017070770263671875, 0.0037860870361328125, 0.00599217414855957, 0.003766298294067383, 0.0017294883728027344, 0.0036208629608154297, 0.005912303924560547, 0.0016634464263916016, 0.0016672611236572266, 0.015168190002441406, 0.02651357650756836, 0.006151914596557617, 0.023638010025024414, 0.00802755355834961, 0.01053762435913086, 0.0017476081848144531, 0.0017096996307373047, 0.00637364387512207, 0.008583545684814453, 0.001756429672241211, 0.03727579116821289, 0.005867958068847656, 0.00620579719543457, 0.008367538452148438, 0.0017228126525878906, 0.0017316341400146484, 0.001617431640625, 0.003715991973876953, 0.012808084487915039, 0.0017621517181396484, 0.010601043701171875, 0.017896652221679688, 0.0017218589782714844, 0.0017216205596923828, 0.0016906261444091797, 0.0017113685607910156, 0.0017495155334472656, 0.001730203628540039, 0.04973864555358887, 0.0017044544219970703, 0.0016970634460449219, 0.005914449691772461],