{"steps": 239, "OMUS": [0, 1, 2, 3, 4, 5, 6, 7, 8, 9, 10, 11, 12, 13, 14, 15, 16, 17, 18, 19, 20, 21, 22, 23, 24, 25, 26, 27, 28, 29, 30, 31, 32, 33, 34, 35, 36, 37, 38, 39, 40, 41, 42, 43, 44, 45, 46, 47, 48, 49, 50, 51, 52, 53, 54, 55, 56, 57, 58, 59, 60, 61, 62, 63, 64, 65, 66, 67, 68, 69, 70, 71, 72, 73, 74, 75, 76, 77, 78, 79, 80, 81, 82, 83, 84, 85, 86, 87, 88, 89, 90, 91, 92, 93, 94, 95, 96, 97, 98, 99, 100, 101, 102, 103, 104, 105, 106, 107, 108, 109, 110, 111, 112, 113, 114, 115, 116, 117, 118, 119, 120, 121, 122, 123, 124, 125, 126, 127, 128, 129, 130, 131, 132, 133, 134, 135, 136, 137, 138, 139, 140, 141, 142, 143, 144, 145, 146, 147, 148, 149, 150, 151, 152, 153, 154, 155, 156, 157, 158, 159, 160, 161, 162, 163, 164, 165, 166, 167, 168, 169, 170, 171, 172, 173, 174, 175], "clauses": 176, "avg_clause_len": 3, "parameters": {"count_clauses": 3, "best_unit_literal": 4, "best_counter_literal": 1, "sorting": 3, "extension": "greedy_param", "cutoff_main": 900, "output": "results/2020_06_01/Gurobi/dubois22_greedy_param_119.json"}, "clause_length": "clause_length", "t_hitting_set": [1.1920928955078125e-06, 0.0005216598510742188, 0.0004718303680419922, 0.00047969818115234375, 0.0004673004150390625, 0.000476837158203125, 0.0004744529724121094, 0.00046706199645996094, 0.00046062469482421875, 0.00047969818115234375, 0.0004642009735107422, 0.00047850608825683594, 0.00048041343688964844, 0.0004646778106689453, 0.0004725456237792969, 0.0004782676696777344, 0.00047779083251953125, 0.0004680156707763672, 0.0004818439483642578, 0.0004868507385253906, 0.000469207763671875, 0.00048065185546875, 0.0004673004150390625, 0.0004851818084716797, 0.0004839897155761719, 0.0004680156707763672, 0.00048160552978515625, 0.0004899501800537109, 0.0004856586456298828, 0.000514984130859375, 0.00048613548278808594, 0.0004856586456298828, 0.0005011558532714844, 0.0005068778991699219, 0.0004937648773193359, 0.0004918575286865234, 0.0004971027374267578, 0.0004916191101074219, 0.0004940032958984375, 0.0005185604095458984, 0.000499725341796875, 0.0005121231079101562, 0.00048732757568359375, 0.0005121231079101562, 0.0005016326904296875, 0.0005147457122802734, 0.00047898292541503906, 0.0005114078521728516, 0.0005040168762207031, 0.0004975795745849609, 0.0005042552947998047, 0.0004999637603759766, 0.0004818439483642578, 0.0005178451538085938, 0.0004897117614746094, 0.0005004405975341797, 0.000522613525390625, 0.0005176067352294922, 0.0005147457122802734, 0.0005133152008056641, 0.0005109310150146484, 0.0005216598510742188, 0.0005612373352050781, 0.0005342960357666016, 0.0005071163177490234, 0.0005328655242919922, 0.0005254745483398438, 0.0005211830139160156, 0.0005307197570800781, 0.0005211830139160156, 0.0005071163177490234, 0.0005433559417724609, 0.0005233287811279297, 0.0005080699920654297, 0.0005164146423339844, 0.0005240440368652344, 0.0005242824554443359, 0.0005154609680175781, 0.0005214214324951172, 0.0005147457122802734, 0.0005214214324951172, 0.0005218982696533203, 0.0005099773406982422, 0.0005464553833007812, 0.0005371570587158203, 0.0005166530609130859, 0.0005223751068115234, 0.0005280971527099609, 0.0005183219909667969, 0.0005409717559814453, 0.0005242824554443359, 0.0005269050598144531, 0.0005404949188232422, 0.0005271434783935547, 0.0005340576171875, 0.0005242824554443359, 0.0005409717559814453, 0.000522613525390625, 0.0005321502685546875, 0.0005259513854980469, 0.0005171298980712891, 0.0005393028259277344, 0.0005469322204589844, 0.0005295276641845703, 0.0005426406860351562, 0.0005345344543457031, 0.0005257129669189453, 0.0005273818969726562, 0.0005295276641845703, 0.0005307197570800781, 0.0005698204040527344, 0.000560760498046875, 0.0005540847778320312, 0.0005419254302978516, 0.0005800724029541016, 0.0005564689636230469, 0.0005791187286376953, 0.0005946159362792969, 0.0005726814270019531, 0.0005776882171630859, 0.0005738735198974609, 0.0005588531494140625, 0.0007262229919433594, 0.0006036758422851562, 0.0005786418914794922, 0.0005729198455810547, 0.0005552768707275391, 0.0005249977111816406, 0.0005543231964111328, 0.0005238056182861328, 0.0005185604095458984, 0.0005457401275634766, 0.0005278587341308594, 0.0005359649658203125, 0.0005371570587158203, 0.0005433559417724609, 0.0005409717559814453, 0.0005364418029785156, 0.0005428791046142578, 0.0005397796630859375, 0.0005383491516113281, 0.000530242919921875, 0.0005431175231933594, 0.00054168701171875, 0.0005247592926025391, 0.0005249977111816406, 0.0005369186401367188, 0.0005433559417724609, 0.0005273818969726562, 0.0005280971527099609, 0.0005290508270263672, 0.0005288124084472656, 0.0005550384521484375, 0.0005419254302978516, 0.0005278587341308594, 0.0006015300750732422, 0.0005300045013427734, 0.0005290508270263672, 0.0005285739898681641, 0.0005450248718261719, 0.0005342960357666016, 0.0005369186401367188, 0.0005300045013427734, 0.0005443096160888672, 0.0005447864532470703, 0.0005459785461425781, 0.0005319118499755859, 0.0005483627319335938, 0.0005459785461425781, 0.0005805492401123047, 0.0005521774291992188, 0.0005562305450439453, 0.0005350112915039062, 0.0005538463592529297, 0.0005514621734619141, 0.0005528926849365234, 0.0005578994750976562, 0.000576019287109375, 0.0005555152893066406, 0.0005388259887695312, 0.0005352497100830078, 0.0005536079406738281, 0.0005807876586914062, 0.0005519390106201172, 0.0005500316619873047, 0.0005383491516113281, 0.00055694580078125, 0.0005381107330322266, 0.0005407333374023438, 0.0005440711975097656, 0.0005536079406738281, 0.0005373954772949219, 0.0005400180816650391, 0.0005540847778320312, 0.0005590915679931641, 0.0005552768707275391, 0.0005402565002441406, 0.0005395412445068359, 0.0005574226379394531, 0.0005424022674560547, 0.0005528926849365234, 0.0005557537078857422, 0.0005578994750976562, 0.000560760498046875, 0.0005469322204589844, 0.0005590915679931641, 0.0005438327789306641, 0.0005452632904052734, 0.0005588531494140625, 0.0005595684051513672, 0.0005433559417724609, 0.0005462169647216797, 0.0005483627319335938, 0.0005450248718261719, 0.0005476474761962891, 0.0006051063537597656, 0.0005290508270263672, 0.000545501708984375, 0.0005297660827636719, 0.0005474090576171875, 0.0005433559417724609, 0.0005476474761962891, 0.000545501708984375, 0.0005481243133544922, 0.0005457401275634766, 0.0005490779876708984, 0.0005469322204589844, 0.0005505084991455078, 0.0005497932434082031, 0.0005483627319335938, 0.0005445480346679688, 0.0005486011505126953, 0.0005452632904052734, 0.0005486011505126953, 0.0005471706390380859, 0.0005505084991455078, 0.0005333423614501953, 0.0005507469177246094, 0.000560760498046875, 0.0005478858947753906],