{"steps": 242, "OMUS": [0, 1, 2, 3, 4, 5, 6, 7, 8, 9, 10, 11, 12, 13, 14, 15, 16, 17, 18, 19, 20, 21, 22, 23, 24, 25, 26, 27, 28, 29, 30, 31, 32, 33, 34, 35, 36, 37, 38, 39, 40, 41, 42, 43, 44, 45, 46, 47, 48, 49, 50, 51, 52, 53, 54, 55, 56, 57, 58, 59, 60, 61, 62, 63, 64, 65, 66, 67, 68, 69, 70, 71, 72, 73, 74, 75, 76, 77, 78, 79, 80, 81, 82, 83, 84, 85, 86, 87, 88, 89, 90, 91, 92, 93, 94, 95, 96, 97, 98, 99, 100, 101, 102, 103, 104, 105, 106, 107, 108, 109, 110, 111, 112, 113, 114, 115, 116, 117, 118, 119, 120, 121, 122, 123, 124, 125, 126, 127, 128, 129, 130, 131, 132, 133, 134, 135, 136, 137, 138, 139, 140, 141, 142, 143, 144, 145, 146, 147, 148, 149, 150, 151, 152, 153, 154, 155, 156, 157, 158, 159, 160, 161, 162, 163, 164, 165, 166, 167, 168, 169, 170, 171, 172, 173, 174, 175], "clauses": 176, "avg_clause_len": 3, "parameters": {"count_clauses": 1, "best_unit_literal": 0, "best_counter_literal": 1, "sorting": 4, "extension": "greedy_param", "cutoff_main": 900, "output": "results/2020_06_01/Gurobi/dubois22_greedy_param_121.json"}, "clause_length": "clause_length", "t_hitting_set": [9.5367431640625e-07, 0.0004901885986328125, 0.00048542022705078125, 0.0004591941833496094, 0.0004589557647705078, 0.0004801750183105469, 0.00047850608825683594, 0.0004754066467285156, 0.0005044937133789062, 0.0004646778106689453, 0.0004775524139404297, 0.0004687309265136719, 0.00046324729919433594, 0.00046706199645996094, 0.0004794597625732422, 0.0004832744598388672, 0.00048279762268066406, 0.00048065185546875, 0.0004878044128417969, 0.0004856586456298828, 0.0004730224609375, 0.0004832744598388672, 0.00048351287841796875, 0.0004703998565673828, 0.0004687309265136719, 0.00048661231994628906, 0.0004820823669433594, 0.0004749298095703125, 0.0004901885986328125, 0.00048542022705078125, 0.0004761219024658203, 0.00047469139099121094, 0.0004858970642089844, 0.0004916191101074219, 0.0004799365997314453, 0.00048661231994628906, 0.00048804283142089844, 0.0004894733428955078, 0.0004935264587402344, 0.0004949569702148438, 0.0004763603210449219, 0.0004773139953613281, 0.00048089027404785156, 0.0005125999450683594, 0.0005209445953369141, 0.0005362033843994141, 0.0005323886871337891, 0.0005273818969726562, 0.0005381107330322266, 0.0005347728729248047, 0.0005233287811279297, 0.000514984130859375, 0.0005259513854980469, 0.0005278587341308594, 0.0005090236663818359, 0.0005548000335693359, 0.0005717277526855469, 0.0005447864532470703, 0.000782012939453125, 0.0007729530334472656, 0.003066539764404297, 0.0008208751678466797, 0.0008261203765869141, 0.0007991790771484375, 0.0005896091461181641, 0.0005643367767333984, 0.0006175041198730469, 0.0006000995635986328, 0.0006043910980224609, 0.0005781650543212891, 0.0007219314575195312, 0.0010807514190673828, 0.001111745834350586, 0.001149892807006836, 0.000720977783203125, 0.0005960464477539062, 0.000568389892578125, 0.0007038116455078125, 0.001055002212524414, 0.0011703968048095703, 0.0011093616485595703, 0.0012061595916748047, 0.000797271728515625, 0.0007145404815673828, 0.0011553764343261719, 0.0011546611785888672, 0.0006260871887207031, 0.0011169910430908203, 0.0010950565338134766, 0.0006327629089355469, 0.0006041526794433594, 0.0007781982421875, 0.0007381439208984375, 0.0011343955993652344, 0.0012385845184326172, 0.0011761188507080078, 0.0011873245239257812, 0.0012180805206298828, 0.001268148422241211, 0.00057220458984375, 0.0007011890411376953, 0.0006289482116699219, 0.0006229877471923828, 0.0005826950073242188, 0.0005571842193603516, 0.0005979537963867188, 0.0006227493286132812, 0.00113677978515625, 0.0007650852203369141, 0.0006411075592041016, 0.0007452964782714844, 0.0006351470947265625, 0.0007426738739013672, 0.0006384849548339844, 0.0007388591766357422, 0.000621795654296875, 0.0007431507110595703, 0.0006415843963623047, 0.0007443428039550781, 0.0006890296936035156, 0.0007290840148925781, 0.0006239414215087891, 0.0007493495941162109, 0.0006780624389648438, 0.0007472038269042969, 0.0006320476531982422, 0.0007483959197998047, 0.0006759166717529297, 0.00075531005859375, 0.0006468296051025391, 0.0007536411285400391, 0.0006442070007324219, 0.0007412433624267578, 0.0005881786346435547, 0.00055694580078125, 0.0005581378936767578, 0.0005738735198974609, 0.0005543231964111328, 0.0005645751953125, 0.000560760498046875, 0.0005662441253662109, 0.0005521774291992188, 0.0005636215209960938, 0.0005450248718261719, 0.0005617141723632812, 0.0005681514739990234, 0.00054931640625, 0.0005500316619873047, 0.0005688667297363281, 0.0005686283111572266, 0.0005590915679931641, 0.0005669593811035156, 0.0005710124969482422, 0.0005552768707275391, 0.0005578994750976562, 0.0005536079406738281, 0.0005724430084228516, 0.0005548000335693359, 0.0005626678466796875, 0.0005469322204589844, 0.0005576610565185547, 0.0005593299865722656, 0.0005433559417724609, 0.0005452632904052734, 0.0005609989166259766, 0.0005588531494140625, 0.0005621910095214844, 0.0005614757537841797, 0.0005581378936767578, 0.0005519390106201172, 0.0005509853363037109, 0.0005671977996826172, 0.0005509853363037109, 0.0005662441253662109, 0.0005643367767333984, 0.0005650520324707031, 0.0005500316619873047, 0.0005826950073242188, 0.0005621910095214844, 0.0005474090576171875, 0.0005686283111572266, 0.0005769729614257812, 0.0005710124969482422, 0.0005524158477783203, 0.0005552768707275391, 0.0005567073822021484, 0.0005657672882080078, 0.0005631446838378906, 0.0005657672882080078, 0.0005505084991455078, 0.0005674362182617188, 0.0005545616149902344, 0.0005664825439453125, 0.0005729198455810547, 0.0005669593811035156, 0.0005700588226318359, 0.0005693435668945312, 0.0005483627319335938, 0.0005509853363037109, 0.0005538463592529297, 0.0005474090576171875, 0.0005385875701904297, 0.0005481243133544922, 0.0005538463592529297, 0.000553131103515625, 0.0005495548248291016, 0.0005514621734619141, 0.0005505084991455078, 0.0005495548248291016, 0.0005373954772949219, 0.0005407333374023438, 0.0005388259887695312, 0.0005402565002441406, 0.0005366802215576172, 0.0005512237548828125, 0.0005488395690917969, 0.0005517005920410156, 0.0005538463592529297, 0.0005409717559814453, 0.0005381107330322266, 0.0005359649658203125, 0.0005385875701904297, 0.0005371570587158203, 0.0005409717559814453, 0.0005514621734619141, 0.0005533695220947266, 0.0005366802215576172, 0.0005381107330322266, 0.0005388259887695312, 0.0005509853363037109, 0.0005567073822021484, 0.0005528926849365234, 0.0005540847778320312, 0.0005371570587158203, 0.0005555152893066406, 0.0005519390106201172, 0.0005393028259277344, 0.0005397796630859375, 0.0005559921264648438, 0.000537872314453125, 0.00054168701171875, 0.0005583763122558594, 0.0005342960357666016],