{"steps": 156, "OMUS": [0, 1, 2, 3, 4, 5, 6, 7, 8, 9, 10, 11, 12, 13, 14, 15, 16, 17, 18, 19, 20, 21, 22, 23, 24, 25, 26, 27, 28, 29, 30, 31, 32, 33, 34, 35, 36, 37, 38, 39, 40, 41, 42, 43, 44, 45, 46, 47, 48, 49, 50, 51, 52, 53, 54, 55, 56, 57, 58, 59, 60, 61, 62, 63, 64, 65, 66, 67, 68, 69, 70, 71, 72, 73, 74, 75, 76, 77, 78, 79, 80, 81, 82, 83, 84, 85, 86, 87, 88, 89, 90, 91, 92, 93, 94, 95, 96, 97, 98, 99, 100, 101, 102, 103, 104, 105, 106, 107, 108, 109, 110, 111, 112, 113, 114, 115, 116, 117, 118, 119, 120, 121, 122, 123, 124, 125, 126, 127, 128, 129, 130, 131, 132], "clauses": 133, "avg_clause_len": 2.210526315789474, "parameters": {"count_clauses": 3, "best_unit_literal": 1, "best_counter_literal": 2, "sorting": 1, "extension": "greedy_param", "cutoff_main": 900, "output": "results/2020_06_01/Gurobi/hole6_greedy_param_54.json"}, "clause_length": "clause_length", "t_hitting_set": [9.5367431640625e-07, 0.000415802001953125, 0.00040793418884277344, 0.00040841102600097656, 0.00040459632873535156, 0.0004124641418457031, 0.00040841102600097656, 0.00040793418884277344, 0.00042319297790527344, 0.00042366981506347656, 0.00042557716369628906, 0.0004284381866455078, 0.0004105567932128906, 0.00041413307189941406, 0.0004343986511230469, 0.0004172325134277344, 0.00043773651123046875, 0.00042629241943359375, 0.0004391670227050781, 0.0004451274871826172, 0.00043010711669921875, 0.0004820823669433594, 0.0004429817199707031, 0.00043654441833496094, 0.0004515647888183594, 0.0004737377166748047, 0.0004673004150390625, 0.0004782676696777344, 0.0004971027374267578, 0.0004918575286865234, 0.0004982948303222656, 0.0006339550018310547, 0.0004978179931640625, 0.0004799365997314453, 0.0004673004150390625, 0.0005955696105957031, 0.0004608631134033203, 0.0004811286926269531, 0.0004601478576660156, 0.00046539306640625, 0.00045752525329589844, 0.0004639625549316406, 0.0004410743713378906, 0.00045609474182128906, 0.0004515647888183594, 0.00043702125549316406, 0.0004420280456542969, 0.00045800209045410156, 0.00044155120849609375, 0.00045418739318847656, 0.00045108795166015625, 0.00045680999755859375, 0.0004432201385498047, 0.00045299530029296875, 0.00045800209045410156, 0.00045561790466308594, 0.00045800209045410156, 0.0004622936248779297, 0.00046539306640625, 0.0004649162292480469, 0.0004634857177734375, 0.0004601478576660156, 0.0004467964172363281, 0.0004475116729736328, 0.00046539306640625, 0.00046443939208984375, 0.0004622936248779297, 0.00044798851013183594, 0.00045108795166015625, 0.00044608116149902344, 0.00047016143798828125, 0.0004649162292480469, 0.0004630088806152344, 0.00045108795166015625, 0.0004513263702392578, 0.0004665851593017578, 0.0005772113800048828, 0.0004737377166748047, 0.00046515464782714844, 0.0004658699035644531, 0.00046563148498535156, 0.0004608631134033203, 0.0004711151123046875, 0.00045228004455566406, 0.0004563331604003906, 0.00045299530029296875, 0.00045418739318847656, 0.0004603862762451172, 0.00046944618225097656, 0.00047516822814941406, 0.0004749298095703125, 0.00045871734619140625, 0.00047707557678222656, 0.0004601478576660156, 0.00047206878662109375, 0.0004744529724121094, 0.00047206878662109375, 0.00047779083251953125, 0.00047707557678222656, 0.00046062469482421875, 0.0004596710205078125, 0.00047278404235839844, 0.00047707557678222656, 0.0004742145538330078, 0.00047278404235839844, 0.00047278404235839844, 0.0004734992980957031, 0.0004642009735107422, 0.0004799365997314453, 0.0004792213439941406, 0.000476837158203125, 0.0004787445068359375, 0.0005133152008056641, 0.00047397613525390625, 0.0004773139953613281, 0.0004711151123046875, 0.0004870891571044922, 0.0004734992980957031, 0.0004715919494628906, 0.0004756450653076172, 0.00047016143798828125, 0.00045871734619140625, 0.000469207763671875, 0.0004737377166748047, 0.0004734992980957031, 0.00047850608825683594, 0.00045943260192871094, 0.0004892349243164062, 0.0004711151123046875, 0.0004761219024658203, 0.0004646778106689453, 0.00045800209045410156, 0.0004601478576660156, 0.0004932880401611328, 0.0004754066467285156, 0.0004734992980957031, 0.00046181678771972656, 0.0004978179931640625, 0.0004622936248779297, 0.0004744529724121094, 0.00045990943908691406, 0.00044417381286621094, 0.00046324729919433594, 0.0004425048828125, 0.0004630088806152344, 0.00046515464782714844, 0.0004622936248779297, 0.0004513263702392578, 0.0004649162292480469, 0.00045990943908691406, 0.0004589557647705078, 0.000476837158203125, 0.00045943260192871094, 0.00046181678771972656, 0.0004801750183105469, 0.0004429817199707031, 0.0004470348358154297],