{"steps": 137, "OMUS": [32, 14, 50, 52, 84, 23, 91, 28, 95], "clauses": 100, "avg_clause_len": 2, "parameters": {"extension": "maxprop", "output": "results/2020_06_01/Gurobi/wBF_50_100_maxprop_6.json", "cutoff_main": 900, "best_counter_literal": 2, "best_unit_literal": 2}, "clause_length": "clause_length", "t_hitting_set": [1.430511474609375e-06, 0.0004229545593261719, 0.00037384033203125, 0.00037550926208496094, 0.00037789344787597656, 0.00040268898010253906, 0.0004107952117919922, 0.0005686283111572266, 0.0005638599395751953, 0.0004744529724121094, 0.000614166259765625, 0.0006346702575683594, 0.0006935596466064453, 0.00048351287841796875, 0.0010635852813720703, 0.0007328987121582031, 0.0007271766662597656, 0.0011017322540283203, 0.0012900829315185547, 0.0011663436889648438, 0.0015957355499267578, 0.001604318618774414, 0.0011754035949707031, 0.001140594482421875, 0.0011091232299804688, 0.001766204833984375, 0.001974821090698242, 0.0020384788513183594, 0.002239704132080078, 0.002168416976928711, 0.002454519271850586, 0.0025398731231689453, 0.002113819122314453, 0.0026597976684570312, 0.002960681915283203, 0.002603769302368164, 0.0026998519897460938, 0.0023784637451171875, 0.0024809837341308594, 0.0025527477264404297, 0.0031807422637939453, 0.003124713897705078, 0.0030167102813720703, 0.0034117698669433594, 0.0031294822692871094, 0.0035359859466552734, 0.00492548942565918, 0.004548549652099609, 0.0055387020111083984, 0.005344390869140625, 0.0050811767578125, 0.0060536861419677734, 0.006321907043457031, 0.005430698394775391, 0.006196498870849609, 0.0053293704986572266, 0.005699634552001953, 0.005303621292114258, 0.005358695983886719, 0.006224870681762695, 0.005853176116943359, 0.005444526672363281, 0.005419015884399414, 0.0062103271484375, 0.006443023681640625, 0.006849765777587891, 0.007040500640869141, 0.006844997406005859, 0.007254362106323242, 0.006171703338623047, 0.00597071647644043, 0.007039308547973633, 0.0068895816802978516, 0.00891733169555664, 0.008122682571411133, 0.009066104888916016, 0.00856161117553711, 0.009435176849365234, 0.009230613708496094, 0.008919000625610352, 0.009192228317260742, 0.007894754409790039, 0.007136821746826172, 0.0077207088470458984, 0.007801532745361328, 0.008290767669677734, 0.008134126663208008, 0.007091045379638672, 0.00845646858215332, 0.009715080261230469, 0.009696483612060547, 0.007277488708496094, 0.010165691375732422, 0.006718873977661133, 0.007065534591674805, 0.007936954498291016, 0.007297515869140625, 0.008280515670776367, 0.00780487060546875, 0.008769750595092773, 0.008759737014770508, 0.007868528366088867, 0.010771036148071289, 0.010137796401977539, 0.010852575302124023, 0.010816812515258789, 0.009305477142333984, 0.011503934860229492, 0.01188349723815918, 0.011317968368530273, 0.010460376739501953, 0.011393547058105469, 0.010740518569946289, 0.008739233016967773, 0.009003400802612305, 0.012175559997558594, 0.013425350189208984, 0.012018442153930664, 0.009605646133422852, 0.01095724105834961, 0.01212310791015625, 0.009402036666870117, 0.010811090469360352, 0.009002923965454102, 0.01069188117980957, 0.00994729995727539, 0.011273384094238281, 0.011007308959960938, 0.012308120727539062, 0.008821725845336914, 0.012141227722167969, 0.009825944900512695, 0.012601613998413086, 0.009618520736694336, 0.009401559829711914, 0.008156299591064453, 0.008797168731689453, 0.00871729850769043], "t_sat_check": [7.152557373046875e-07, 5.9604644775390625e-05, 5.364418029785156e-05, 5.3882598876953125e-05, 5.459785461425781e-05, 5.245208740234375e-05, 5.269050598144531e-05, 5.602836608886719e-05, 5.7697296142578125e-05, 5.53131103515625e-05, 5.698204040527344e-05, 5.7220458984375e-05, 6.604194641113281e-05, 5.698204040527344e-05, 6.580352783203125e-05, 6.008148193359375e-05, 6.103515625e-05, 6.604194641113281e-05, 6.842613220214844e-05, 7.033348083496094e-05, 7.200241088867188e-05, 7.343292236328125e-05, 7.200241088867188e-05, 7.009506225585938e-05, 6.723403930664062e-05, 7.033348083496094e-05, 7.414817810058594e-05, 7.748603820800781e-05, 7.534027099609375e-05, 7.367134094238281e-05, 7.462501525878906e-05, 7.748603820800781e-05, 7.557868957519531e-05, 7.724761962890625e-05, 0.00014090538024902344, 7.700920104980469e-05, 7.843971252441406e-05, 7.510185241699219e-05, 7.724761962890625e-05, 0.00013208389282226562, 7.987022399902344e-05, 7.796287536621094e-05, 7.677078247070312e-05, 7.390975952148438e-05, 7.796287536621094e-05, 8.106231689453125e-05, 8.082389831542969e-05, 7.867813110351562e-05, 8.20159912109375e-05, 8.463859558105469e-05, 0.00014638900756835938, 8.940696716308594e-05, 8.58306884765625e-05, 8.702278137207031e-05, 8.797645568847656e-05, 8.654594421386719e-05, 8.58306884765625e-05, 8.344650268554688e-05, 8.559226989746094e-05, 8.511543273925781e-05, 8.511543273925781e-05, 8.487701416015625e-05, 8.797645568847656e-05, 8.845329284667969e-05, 0.00015616416931152344, 9.036064147949219e-05, 8.797645568847656e-05, 8.559226989746094e-05, 8.630752563476562e-05, 8.440017700195312e-05, 8.416175842285156e-05, 8.416175842285156e-05, 8.893013000488281e-05, 8.511543273925781e-05, 8.678436279296875e-05, 8.630752563476562e-05, 8.559226989746094e-05, 8.678436279296875e-05, 8.940696716308594e-05, 9.083747863769531e-05, 8.845329284667969e-05, 8.7738037109375e-05, 8.845329284667969e-05, 8.893013000488281e-05, 8.940696716308594e-05, 8.726119995117188e-05, 9.012222290039062e-05, 8.702278137207031e-05, 8.559226989746094e-05, 8.7738037109375e-05, 9.012222290039062e-05, 8.96453857421875e-05, 9.393692016601562e-05, 8.654594421386719e-05, 8.797645568847656e-05, 8.797645568847656e-05, 8.463859558105469e-05, 9.1552734375e-05, 9.441375732421875e-05, 8.893013000488281e-05, 8.845329284667969e-05, 8.869171142578125e-05, 9.250640869140625e-05, 8.96453857421875e-05, 8.845329284667969e-05, 9.679794311523438e-05, 8.678436279296875e-05, 9.131431579589844e-05, 8.7738037109375e-05, 9.322166442871094e-05, 9.179115295410156e-05, 8.988380432128906e-05, 8.869171142578125e-05, 8.821487426757812e-05, 9.036064147949219e-05, 9.083747863769531e-05, 9.131431579589844e-05, 9.250640869140625e-05, 9.369850158691406e-05, 9.012222290039062e-05, 9.369850158691406e-05, 9.059906005859375e-05, 8.988380432128906e-05, 8.940696716308594e-05, 8.845329284667969e-05, 8.940696716308594e-05, 8.96453857421875e-05, 8.869171142578125e-05, 9.298324584960938e-05, 8.845329284667969e-05, 8.893013000488281e-05, 9.012222290039062e-05, 9.202957153320312e-05, 9.202957153320312e-05, 8.845329284667969e-05, 8.845329284667969e-05, 8.845329284667969e-05, 8.130073547363281e-05],