{"clauses": 168, "avg_clause_len": 3, "steps": 168, "t_hitting_set": [0.11142539978027344, 0.11253738403320312, 0.11174941062927246, 0.10810613632202148, 0.10983610153198242, 0.11195945739746094, 0.11243104934692383, 0.1133718490600586, 0.11438751220703125, 0.11392593383789062, 0.11263775825500488, 0.1081688404083252, 0.10747599601745605, 0.10836601257324219, 0.10936832427978516, 0.11299419403076172, 0.11280441284179688, 0.10891556739807129, 0.10846352577209473, 0.10884761810302734, 0.11197209358215332, 0.11681056022644043, 0.11391973495483398, 0.11196470260620117, 0.10903382301330566, 0.1105051040649414, 0.11014962196350098, 0.11272549629211426, 0.1155247688293457, 0.11130332946777344, 0.11017680168151855, 0.1102597713470459, 0.10800576210021973, 0.11120939254760742, 0.1131429672241211, 0.11513829231262207, 0.11131095886230469, 0.1089468002319336, 0.10910534858703613, 0.10764694213867188, 0.11147594451904297, 0.11496472358703613, 0.11350440979003906, 0.11034059524536133, 0.11008381843566895, 0.11034035682678223, 0.10982561111450195, 0.11518216133117676, 0.11380481719970703, 0.11381983757019043, 0.11537909507751465, 0.11334109306335449, 0.10994839668273926, 0.1195986270904541, 0.10985422134399414, 0.10964298248291016, 0.11461281776428223, 0.11377191543579102, 0.11566948890686035, 0.1104731559753418, 0.10852265357971191, 0.10906195640563965, 0.11449456214904785, 0.11515021324157715, 0.11261200904846191, 0.10973691940307617, 0.11148881912231445, 0.10928058624267578, 0.1098320484161377, 0.11377310752868652, 0.1149909496307373, 0.11600852012634277, 0.11574459075927734, 0.11399531364440918, 0.11094307899475098, 0.11076188087463379, 0.11184024810791016, 0.10939979553222656, 0.11428976058959961, 0.1165006160736084, 0.11109614372253418, 0.10975265502929688, 0.11139988899230957, 0.10976243019104004, 0.11338162422180176, 0.11362266540527344, 0.11509895324707031, 0.11024761199951172, 0.11078906059265137, 0.1100010871887207, 0.11405611038208008, 0.11569499969482422, 0.1115877628326416, 0.11050939559936523, 0.11058616638183594, 0.1105952262878418, 0.11091756820678711, 0.11290645599365234, 0.11567521095275879, 0.11583757400512695, 0.11086916923522949, 0.11101889610290527, 0.11063909530639648, 0.1124429702758789, 0.11584806442260742, 0.11600494384765625, 0.11152458190917969, 0.11130142211914062, 0.11047649383544922, 0.11206459999084473, 0.11733102798461914, 0.11415290832519531, 0.1104278564453125, 0.1109468936920166, 0.11441946029663086, 0.11546206474304199, 0.11073899269104004, 0.11020708084106445, 0.11102104187011719, 0.11100006103515625, 0.11123108863830566, 0.10834813117980957, 0.10864806175231934, 0.10885477066040039, 0.1094212532043457, 0.10607147216796875, 0.10555052757263184, 0.10666298866271973, 0.12143945693969727, 0.10886311531066895, 0.10912919044494629, 0.10707783699035645, 0.10590600967407227, 0.10659027099609375, 0.10675883293151855, 0.11152005195617676, 0.11070561408996582, 0.11038923263549805, 0.10667014122009277, 0.10868239402770996, 0.10734987258911133, 0.1090993881225586, 0.11129498481750488, 0.10996603965759277, 0.10878968238830566, 0.10738539695739746, 0.10635852813720703, 0.10894584655761719, 0.11110711097717285, 0.11083030700683594, 0.11065292358398438, 0.10793280601501465, 0.10713005065917969, 0.10797762870788574, 0.11025214195251465, 0.11207723617553711, 0.12171459197998047, 0.13952970504760742, 0.11539459228515625, 0.1367330551147461, 0.18275761604309082, 0.1316673755645752, 0.12441587448120117, 0.12688064575195312, 0.14178180694580078, 0.13054394721984863, 0.17367911338806152, 0.12537908554077148, 0.12925028800964355], "t_sat_check": [2.6226043701171875e-06, 0.0001354217529296875, 0.0001392364501953125, 0.0001461505889892578, 0.00015234947204589844, 0.00015592575073242188, 0.00016427040100097656, 0.0001697540283203125, 0.000202178955078125, 0.0001735687255859375, 0.0001888275146484375, 0.00018715858459472656, 0.0001747608184814453, 0.0001785755157470703, 0.00018644332885742188, 0.00020956993103027344, 0.00019025802612304688, 0.0001857280731201172, 0.00018405914306640625, 0.0002143383026123047, 0.00021266937255859375, 0.0002079010009765625, 0.00020837783813476562, 0.00020694732666015625, 0.0002129077911376953, 0.00021648406982421875, 0.00021719932556152344, 0.00023889541625976562, 0.000225067138671875, 0.00022482872009277344, 0.0002281665802001953, 0.0002396106719970703, 0.0002243518829345703, 0.0002384185791015625, 0.00024437904357910156, 0.0002484321594238281, 0.0002849102020263672, 0.0002651214599609375, 0.00024962425231933594, 0.0002493858337402344, 0.0002582073211669922, 0.0002589225769042969, 0.00025010108947753906, 0.00025916099548339844, 0.0002651214599609375, 0.00025963783264160156, 0.0002696514129638672, 0.0002913475036621094, 0.00031185150146484375, 0.0002810955047607422, 0.00028705596923828125, 0.00028586387634277344, 0.0002856254577636719, 0.0003104209899902344, 0.000293731689453125, 0.0002923011779785156, 0.00029969215393066406, 0.00032639503479003906, 0.00029158592224121094, 0.000308990478515625, 0.0003612041473388672, 0.0003452301025390625, 0.0003173351287841797, 0.00032591819763183594, 0.0004398822784423828, 0.0003292560577392578, 0.0003025531768798828, 0.00031638145446777344, 0.0003211498260498047, 0.0003371238708496094, 0.0003402233123779297, 0.00034046173095703125, 0.0003666877746582031, 0.0003371238708496094, 0.0003533363342285156, 0.0003387928009033203, 0.0003533363342285156, 0.0004172325134277344, 0.0003573894500732422, 0.00036263465881347656, 0.00035643577575683594, 0.00034809112548828125, 0.00036072731018066406, 0.0003590583801269531, 0.0003695487976074219, 0.0003752708435058594, 0.00036907196044921875, 0.00036787986755371094, 0.00036263465881347656, 0.0003752708435058594, 0.000560760498046875, 0.00039577484130859375, 0.00040268898010253906, 0.00037860870361328125, 0.0003974437713623047, 0.0004093647003173828, 0.0003905296325683594, 0.0003886222839355469, 0.0003998279571533203, 0.0004057884216308594, 0.00038504600524902344, 0.0004093647003173828, 0.0003833770751953125, 0.00045228004455566406, 0.00040602684020996094, 0.00041365623474121094, 0.0003955364227294922, 0.0004620552062988281, 0.0003972053527832031, 0.0004975795745849609, 0.0004432201385498047, 0.00040912628173828125, 0.00041222572326660156, 0.0005421638488769531, 0.00043010711669921875, 0.00042557716369628906, 0.000423431396484375, 0.00042366981506347656, 0.0004241466522216797, 0.00043082237243652344, 0.00042629241943359375, 0.00043392181396484375, 0.0004334449768066406, 0.00048160552978515625, 0.0004439353942871094, 0.0004317760467529297, 0.00042700767517089844, 0.0004420280456542969, 0.0004658699035644531, 0.0004482269287109375, 0.0005013942718505859, 0.0004391670227050781, 0.0004413127899169922, 0.00044274330139160156, 0.0004818439483642578, 0.00046539306640625, 0.00046181678771972656, 0.00047779083251953125, 0.0004487037658691406, 0.00044989585876464844, 0.0004367828369140625, 0.0004680156707763672, 0.0004684925079345703, 0.0004744529724121094, 0.0004928112030029297, 0.0004630088806152344, 0.0004734992980957031, 0.0005841255187988281, 0.0004658699035644531, 0.0005249977111816406, 0.0004756450653076172, 0.00046706199645996094, 0.00048041343688964844, 0.0004763603210449219, 0.0005190372467041016, 0.0005207061767578125, 0.0005042552947998047, 0.001020193099975586, 0.0004987716674804688, 0.0005064010620117188, 0.001878976821899414, 0.000606536865234375, 0.0008091926574707031, 0.0005278587341308594, 0.0014801025390625, 0.0005364418029785156, 0.0005474090576171875, 0.0007052421569824219, 0.0010499954223632812],