{"config": {"preseeding": true, "preseeding-grow": false, "sat-polarity": false, "sat-polarity-initial": true, "postpone_opt": true, "postpone_opt_incr": true, "postpone_opt_greedy": false, "grow": true, "grow_sat": false, "grow_subset_maximal": false, "grow_maxsat": true, "grow_maxsat_neg_cost": false, "grow_maxsat_pos_cost": false, "grow_maxsat_max_cost_neg": false, "grow_maxsat_unit": false, "grow_maxsat_initial": false, "grow_maxsat_actual_pos": false, "grow_maxsat_actual_unif": true, "grow_maxsat_actual_inv": false, "timeout": 7200, "instance": "origin-problem", "output": "/user/brussel/101/vsc10143/holygrail/experiments/03_OMUS/02_OUS/results/effectPreseeding/2021010802/20210108021538930235.json"}, "results": {"HS": [12, 2, 2, 1, 2, 3, 3, 3, 1, 5, 1, 2, 1, 19, 1, 1, 1, 6, 5, 3, 3, 4, 4, 2, 5, 11, 4, 5, 7, 1, 1, 1, 2, 1, 2, 3, 4, 6, 4, 3, 2, 1, 1, 1, 1, 2, 1, 1, 2, 2, 1, 1, 2, 1, 5, 3, 2, 1, 1, 1, 1, 1, 1, 2, 3, 3, 4, 1, 6, 1, 1, 1, 1, 1, 2, 3, 6, 1, 4, 2, 3, 1, 1, 1, 1, 1, 1, 1, 1, 3, 3, 1, 5, 2, 3, 1, 1, 1, 4, 1, 13, 1, 4, 1, 1, 1, 1, 4, 1, 1, 5, 3, 1, 1, 2, 3, 1, 1, 5, 1, 1, 1], "HS_greedy": [0, 0, 0, 0, 0, 0, 0, 0, 0, 0, 0, 0, 0, 0, 0, 0, 0, 0, 0, 0, 0, 0, 0, 0, 0, 0, 0, 0, 0, 0, 0, 0, 0, 0, 0, 0, 0, 0, 0, 0, 0, 0, 0, 0, 0, 0, 0, 0, 0, 0, 0, 0, 0, 0, 0, 0, 0, 0, 0, 0, 0, 0, 0, 0, 0, 0, 0, 0, 0, 0, 0, 0, 0, 0, 0, 0, 0, 0, 0, 0, 0, 0, 0, 0, 0, 0, 0, 0, 0, 0, 0, 0, 0, 0, 0, 0, 0, 0, 0, 0, 0, 0, 0, 0, 0, 0, 0, 0, 0, 0, 0, 0, 0, 0, 0, 0, 0, 0, 0, 0, 0, 0], "HS_incr": [145, 11, 14, 0, 3, 24, 22, 24, 0, 45, 0, 21, 0, 165, 0, 0, 0, 52, 39, 9, 6, 25, 13, 10, 43, 75, 25, 7, 35, 0, 0, 0, 4, 0, 11, 18, 26, 36, 17, 14, 5, 0, 0, 0, 0, 8, 0, 0, 10, 3, 0, 0, 11, 0, 20, 12, 3, 0, 0, 0, 0, 0, 0, 7, 14, 12, 14, 0, 16, 0, 0, 0, 0, 0, 5, 8, 21, 0, 10, 1, 7, 0, 0, 0, 0, 0, 0, 0, 0, 14, 10, 0, 14, 2, 5, 0, 0, 0, 9, 0, 27, 0, 4, 0, 0, 0, 0, 15, 0, 0, 13, 6, 0, 0, 1, 8, 0, 0, 10, 0, 0, 0], "HS-opt-time": [0.9852683544158936, 0.46628379821777344, 0.570908784866333, 0.186570405960083, 0.3453552722930908, 0.569025993347168, 0.8760790824890137, 0.7173957824707031, 0.40202879905700684, 2.489192485809326, 0.6367027759552002, 0.804999828338623, 0.922837495803833, 33.43528723716736, 1.7288713455200195, 0.6882171630859375, 0.8464436531066895, 14.93937873840332, 18.25698447227478, 8.904123067855835, 11.259214639663696, 18.532522916793823, 11.575135231018066, 6.639133930206299, 19.433401346206665, 59.603606939315796, 23.134053230285645, 19.57902431488037, 42.26896142959595, 2.9814422130584717, 2.0239362716674805, 3.8227624893188477, 7.344524621963501, 3.6491646766662598, 7.154447555541992, 9.013567447662354, 8.607849359512329, 18.498300790786743, 12.13922929763794, 8.660372495651245, 5.908572435379028, 2.9442391395568848, 3.3166027069091797, 3.3715600967407227, 3.85573410987854, 6.295994281768799, 4.28982400894165, 3.545588731765747, 8.764465570449829, 5.957927465438843, 3.124800682067871, 7.305199146270752, 6.005960702896118, 3.515392780303955, 24.326525926589966, 5.861516714096069, 5.781682252883911, 3.982503652572632, 3.453115463256836, 2.9687814712524414, 2.489197254180908, 2.046576738357544, 2.6669371128082275, 4.9951910972595215, 6.656611442565918, 6.492877006530762, 13.061864137649536, 2.5199429988861084, 18.056761026382446, 2.357379913330078, 2.3260114192962646, 2.4673573970794678, 2.8150436878204346, 2.735011339187622, 5.264317512512207, 7.673930644989014, 16.841747522354126, 2.330496311187744, 9.548367500305176, 5.021275758743286, 7.731202125549316, 2.505335569381714, 2.5995283126831055, 2.105658769607544, 2.021298408508301, 1.8197035789489746, 1.9020133018493652, 2.2950127124786377, 2.398789882659912, 6.595339298248291, 7.265908479690552, 2.8383569717407227, 15.28236174583435, 4.631186246871948, 7.200063705444336, 2.3133578300476074, 2.2334909439086914, 2.2197108268737793, 9.156944036483765, 2.151740789413452, 36.193089723587036, 2.6547040939331055, 10.161155939102173, 2.179443120956421, 2.3476877212524414, 2.0707173347473145, 2.429999351501465, 8.804260969161987, 2.254351854324341, 1.9910626411437988, 10.85352611541748, 6.750030994415283, 2.644066095352173, 2.4118504524230957, 4.56793999671936, 6.619297504425049, 2.8281285762786865, 2.1282055377960205, 11.811869859695435, 2.059852361679077, 2.326200485229492, 2.1437575817108154], "HS-postpone-time": [0.004889488220214844, 0.0003745555877685547, 0.00047850608825683594, 0, 0.00010633468627929688, 0.0007765293121337891, 0.0007252693176269531, 0.0007727146148681641, 0, 0.0015091896057128906, 0, 0.0007183551788330078, 0, 0.006010532379150391, 0, 0, 0, 0.0019164085388183594, 0.0014448165893554688, 0.0003616809844970703, 0.00021600723266601562, 0.0009033679962158203, 0.0004811286926269531, 0.0003516674041748047, 0.0016124248504638672, 0.002843141555786133, 0.0009775161743164062, 0.00027680397033691406, 0.0013499259948730469, 0, 0, 0, 0.0001323223114013672, 0, 0.0004336833953857422, 0.0006763935089111328, 0.000885009765625, 0.0013217926025390625, 0.0005939006805419922, 0.0004673004150390625, 0.00016045570373535156, 0, 0, 0, 0, 0.00026488304138183594, 0, 0, 0.00032067298889160156, 8.320808410644531e-05, 0, 0, 0.0003600120544433594, 0, 0.00066375732421875, 0.0003383159637451172, 8.7738037109375e-05, 0, 0, 0, 0, 0, 0, 0.0002219676971435547, 0.0004286766052246094, 0.0003829002380371094, 0.00046443939208984375, 0, 0.0004994869232177734, 0, 0, 0, 0, 0, 0.0001347064971923828, 0.00023865699768066406, 0.0005800724029541016, 0, 0.0002620220184326172, 2.1219253540039062e-05, 0.00018668174743652344, 0, 0, 0, 0, 0, 0, 0, 0, 0.00039267539978027344, 0.0002865791320800781, 0, 0.0003848075866699219, 4.3392181396484375e-05, 0.0001227855682373047, 0, 0, 0, 0.00022292137145996094, 0, 0.0007233619689941406, 0, 0.00010037422180175781, 0, 0, 0, 0, 0.0003666877746582031, 0, 0, 0.0002944469451904297, 0.0001270771026611328, 0, 0, 2.288818359375e-05, 0.00019121170043945312, 0, 0, 0.00020599365234375, 0, 0, 0],