{"config": {"preseeding": true, "preseeding-grow": false, "sat-polarity": true, "sat-polarity-initial": false, "postpone_opt": true, "postpone_opt_incr": true, "postpone_opt_greedy": false, "grow": true, "grow_sat": false, "grow_subset_maximal": false, "grow_maxsat": true, "grow_maxsat_neg_cost": false, "grow_maxsat_pos_cost": false, "grow_maxsat_max_cost_neg": false, "grow_maxsat_unit": false, "grow_maxsat_initial": false, "grow_maxsat_actual_pos": false, "grow_maxsat_actual_unif": false, "grow_maxsat_actual_inv": true, "timeout": 7200, "instance": "origin-problem", "output": "/user/brussel/101/vsc10143/holygrail/experiments/03_OMUS/02_OUS/results/effectPreseeding/2021010802/20210108021538929943.json"}, "results": {"HS": [13, 2, 2, 1, 3, 1, 2, 2, 1, 2, 4, 3, 2, 17, 2, 2, 8, 2, 2, 4, 3, 3, 3, 4, 5, 4, 2, 3, 10, 1, 2, 2, 1, 2, 1, 1, 3, 6, 2, 4, 4, 1, 3, 1, 1, 1, 2, 1, 1, 2, 1, 1, 2, 1, 7, 3, 3, 2, 4, 2, 2, 1, 3, 1, 7, 4, 2, 1, 2, 1, 1, 1, 2, 1, 5, 2, 2, 3, 2, 1, 1, 2, 1, 2, 1, 1, 1, 1, 1, 2, 3, 1, 4, 2, 3, 1, 1, 1, 4, 4, 3, 2, 1, 2, 1, 1, 1, 2, 2, 2, 5, 2, 1, 1, 3, 3, 1, 1, 5, 1, 1, 1], "HS_greedy": [0, 0, 0, 0, 0, 0, 0, 0, 0, 0, 0, 0, 0, 0, 0, 0, 0, 0, 0, 0, 0, 0, 0, 0, 0, 0, 0, 0, 0, 0, 0, 0, 0, 0, 0, 0, 0, 0, 0, 0, 0, 0, 0, 0, 0, 0, 0, 0, 0, 0, 0, 0, 0, 0, 0, 0, 0, 0, 0, 0, 0, 0, 0, 0, 0, 0, 0, 0, 0, 0, 0, 0, 0, 0, 0, 0, 0, 0, 0, 0, 0, 0, 0, 0, 0, 0, 0, 0, 0, 0, 0, 0, 0, 0, 0, 0, 0, 0, 0, 0, 0, 0, 0, 0, 0, 0, 0, 0, 0, 0, 0, 0, 0, 0, 0, 0, 0, 0, 0, 0, 0, 0], "HS_incr": [171, 2, 11, 0, 23, 0, 10, 1, 0, 16, 52, 22, 14, 181, 20, 13, 46, 4, 13, 25, 16, 16, 9, 21, 27, 30, 3, 10, 68, 0, 3, 8, 0, 3, 0, 0, 11, 40, 7, 10, 14, 0, 8, 0, 0, 0, 5, 0, 0, 12, 0, 0, 6, 0, 17, 8, 6, 3, 13, 4, 2, 0, 8, 0, 26, 14, 5, 0, 2, 0, 0, 0, 3, 0, 13, 2, 3, 7, 2, 0, 0, 1, 0, 8, 0, 0, 0, 0, 0, 6, 10, 0, 8, 4, 5, 0, 0, 0, 6, 7, 4, 1, 0, 3, 0, 0, 0, 7, 3, 5, 14, 2, 0, 0, 6, 4, 0, 0, 11, 0, 0, 0], "HS-opt-time": [1.5195379257202148, 0.6970412731170654, 0.4663379192352295, 0.4134063720703125, 0.49818968772888184, 0.29524874687194824, 0.41215038299560547, 0.5413072109222412, 0.2734556198120117, 0.7043352127075195, 2.423614978790283, 1.1014430522918701, 1.0626671314239502, 20.90663480758667, 1.380018711090088, 1.3875195980072021, 19.752344608306885, 4.081881761550903, 5.970181465148926, 19.123296976089478, 7.847511053085327, 10.989399671554565, 16.283353328704834, 5.922619581222534, 22.568418502807617, 19.432625770568848, 10.245582342147827, 10.802387237548828, 64.8747410774231, 2.016441583633423, 3.4574241638183594, 4.549435138702393, 3.0803773403167725, 8.173804998397827, 2.2309041023254395, 2.4934608936309814, 5.99280309677124, 18.412283420562744, 5.115221977233887, 10.588741302490234, 11.842135906219482, 3.0444159507751465, 9.380500078201294, 2.808300018310547, 3.6099469661712646, 3.180826425552368, 5.289473056793213, 2.856658458709717, 2.921171188354492, 5.3053669929504395, 3.9216926097869873, 4.347387790679932, 5.4903833866119385, 3.763018846511841, 29.67776370048523, 6.757114410400391, 8.133815050125122, 5.169732093811035, 11.438261032104492, 6.472156047821045, 6.214589834213257, 3.107618808746338, 8.560895442962646, 3.4596800804138184, 27.596027612686157, 9.928400993347168, 6.162760972976685, 3.0295121669769287, 6.244511604309082, 2.8119592666625977, 2.9605064392089844, 2.770972490310669, 7.595336675643921, 2.7891194820404053, 15.026220560073853, 6.528796672821045, 5.938535690307617, 8.354260921478271, 5.883351564407349, 2.7227256298065186, 2.8616881370544434, 5.482340574264526, 2.7670793533325195, 5.022358655929565, 2.77040433883667, 2.6793341636657715, 2.7496843338012695, 2.6972179412841797, 2.6156609058380127, 5.218647480010986, 8.278263092041016, 2.714217185974121, 11.41587495803833, 5.097412109375, 7.876476526260376, 2.8354299068450928, 2.9084057807922363, 2.6815133094787598, 9.977133989334106, 10.093486785888672, 7.915630578994751, 5.161636590957642, 2.4170148372650146, 4.854586124420166, 2.44771146774292, 2.450895309448242, 2.299630880355835, 4.797264337539673, 4.667275905609131, 4.596290826797485, 11.836248397827148, 5.041092872619629, 2.759154796600342, 2.71867036819458, 7.369343519210815, 7.114505767822266, 2.4990174770355225, 2.4620299339294434, 12.475626707077026, 2.182692289352417, 2.4131038188934326, 2.3139312267303467], "HS-postpone-time": [0.00616765022277832, 7.390975952148438e-05, 0.0004265308380126953, 0, 0.0009267330169677734, 0, 0.0003676414489746094, 3.6716461181640625e-05, 0, 0.0005955696105957031, 0.0021791458129882812, 0.0008950233459472656, 0.0005671977996826172, 0.007333993911743164, 0.0008327960968017578, 0.00047469139099121094, 0.0020554065704345703, 0.00016641616821289062, 0.0005564689636230469, 0.0009777545928955078, 0.0006384849548339844, 0.0006260871887207031, 0.0003790855407714844, 0.0008702278137207031, 0.0011513233184814453, 0.001262664794921875, 0.00012826919555664062, 0.0004277229309082031, 0.002871990203857422, 0, 0.00012135505676269531, 0.00032591819763183594, 0, 0.00013828277587890625, 0, 0, 0.0004191398620605469, 0.001626729965209961, 0.0002636909484863281, 0.0003559589385986328, 0.0005037784576416016, 0, 0.00025534629821777344, 0, 0, 0, 0.0001785755157470703, 0, 0, 0.00043082237243652344, 0, 0, 0.00022268295288085938, 0, 0.000644683837890625, 0.0002677440643310547, 0.0001842975616455078, 0.00010180473327636719, 0.00043272972106933594, 0.00012636184692382812, 7.2479248046875e-05, 0, 0.0002722740173339844, 0, 0.0009086132049560547, 0.0004558563232421875, 0.00015997886657714844, 0, 6.532669067382812e-05, 0, 0, 0, 0.00010323524475097656, 0, 0.0004165172576904297, 6.508827209472656e-05, 0.00010538101196289062, 0.00023674964904785156, 6.198883056640625e-05, 0, 0, 2.765655517578125e-05, 0, 0.0002639293670654297, 0, 0, 0, 0, 0, 0.0001850128173828125, 0.0003077983856201172, 0, 0.00025177001953125, 0.00011348724365234375, 0.0001475811004638672, 0, 0, 0, 0.00017452239990234375, 0.0001983642578125, 0.00011324882507324219, 3.24249267578125e-05, 0, 7.653236389160156e-05, 0, 0, 0, 0.0001957416534423828, 8.368492126464844e-05, 0.00013446807861328125, 0.0003535747528076172, 4.7206878662109375e-05, 0, 0, 0.00015592575073242188, 9.036064147949219e-05, 0, 0, 0.00026988983154296875, 0, 0, 0],