{"filename": "par16-4", "exec_times": [1.169, 33.83, 40.696, 58.351, 326.394, "timeout"], "H_sizes": [2, 21, 28, 31, 39, 22], "greedy": [0, 0, 0, 0, 0, 0], "incr": [0, 0, 0, 0, 0, 0], "opt": [3, 22, 29, 32, 40, 22], "t_opt": [0.038211822509765625, 0.24828696250915527, 0.3705127239227295, 0.4263277053833008, 0.5223257541656494, 0.2844362258911133], "t_incr": [0, 0, 0, 0, 0, 0], "t_greedy": [0, 0, 0, 0, 0, 0], "t_sat": [0.00045943260192871094, 0.005976676940917969, 0.044411420822143555, 0.009257316589355469, 0.011823177337646484, 0.006570339202880859], "t_grow": [1.098587989807129, 33.52838468551636, 40.24445414543152, 57.85179042816162, 325.79039764404297, 140.64945244789124]}