{"config": {"preseeding": false, "sat-polarity": true, "sat-polarity-initial": false, "postpone_opt": false, "postpone_opt_incr": false, "postpone_opt_greedy": false, "grow": true, "grow_sat": false, "grow_subset_maximal": false, "grow_maxsat": true, "grow_maxsat_full_pos": false, "grow_maxsat_full_inv": false, "grow_maxsat_full_unif": true, "grow_maxsat_initial_pos": false, "grow_maxsat_initial_inv": false, "grow_maxsat_initial_unif": false, "grow_maxsat_actual_pos": false, "grow_maxsat_actual_unif": false, "grow_maxsat_actual_inv": false, "timeout": 7200, "instance": "p18", "output": "/data/brussel/101/vsc10143/OUSResults/experiment1/2021011217/20210112174608180868.json"}, "results": {"HS": [0, 128, 25, 15, 399, 50, 4, 100, 102, 345, 25, 84, 126, 51, 21, 187, 18, 66, 77, 15, 80, 49], "HS_greedy": [0, 0, 0, 0, 0, 0, 0, 0, 0, 0, 0, 0, 0, 0, 0, 0, 0, 0, 0, 0, 0, 0], "HS_incr": [0, 0, 0, 0, 0, 0, 0, 0, 0, 0, 0, 0, 0, 0, 0, 0, 0, 0, 0, 0, 0, 0], "HS-opt-time": [0, 3.2094364166259766, 2.4725074768066406, 2.7594048976898193, 412.32136249542236, 72.71696615219116, 5.466857671737671, 108.52271771430969, 149.02751660346985, 807.8213183879852, 67.51048684120178, 276.4827332496643, 464.4716942310333, 215.82114267349243, 99.13023614883423, 1245.5335731506348, 121.64316511154175, 461.80015110969543, 588.5852615833282, 103.4388542175293, 615.6126174926758, 363.8706958293915], "HS-postpone-time": [0, 0, 0, 0, 0, 0, 0, 0, 0, 0, 0, 0, 0, 0, 0, 0, 0, 0, 0, 0, 0, 0], "SAT-time": [0, 0.24863743782043457, 0.048074960708618164, 0.029767513275146484, 0.7545404434204102, 0.09491610527038574, 0.006742954254150391, 0.1925051212310791, 0.19904041290283203, 0.6829898357391357, 0.04854631423950195, 0.17044663429260254, 0.2589423656463623, 0.10518026351928711, 0.04278159141540527, 0.38519740104675293, 0.036843061447143555, 0.1407318115234375, 0.16215801239013672, 0.031142711639404297, 0.169907808303833, 0.10573530197143555], "grow-time": [0, 13.002463102340698, 2.4909884929656982, 1.4027116298675537, 70.21994400024414, 5.1666951179504395, 0.32996344566345215, 11.713917016983032, 37.65289044380188, 73.67650318145752, 2.8216421604156494, 26.341365814208984, 201.4427614212036, 32.39019775390625, 3.8802363872528076, 371.4893012046814, 6.650794506072998, 22.513375520706177, 27.726157426834106, 3.5244758129119873, 54.31042981147766, 29.563595294952393], "#expl": 20, "expl_seq": [{"constraints": [1693], "derived": [66]}, {"constraints": [161, 66], "derived": [-70, -69, -68, -67]}, {"constraints": [66, 159], "derived": [-56, -71, -61, -51]}, {"constraints": [1691], "derived": [-13]}, {"constraints": [1687], "derived": [7]}, {"constraints": [153, 7], "derived": [-8, -6, -10, -9]}, {"constraints": [7, 151], "derived": [-22, -12, -2, -17]}, {"constraints": [178, 66, -17], "derived": [-131]}, {"constraints": [1696, -56], "derived": [59]}, {"constraints": [59, 159], "derived": [-64, -54, -74]}, {"constraints": [161, 59], "derived": [-60, -58, -57]}, {"constraints": [59, 180, 7], "derived": [134]}, {"constraints": [171, 134], "derived": [-144, -149, -139, -129]}, {"constraints": [173, 134], "derived": [-135, -133, -132]}, {"constraints": [1696, -61, -56, -51, -71], "derived": [42]}, {"constraints": [42, 155], "derived": [-32, -47, -37, -27]}, {"constraints": [42, 157], "derived": [-45, -44, -43, -41]}, {"constraints": [42, 66, 183], "derived": [81]}, {"constraints": [81, 165], "derived": [-85, -84, -83, -82]}, {"constraints": [81, 163], "derived": [-96, -86, -76, -91]}], "OUS-time": [0, 16.587799310684204, 5.036470174789429, 4.206640958786011, 483.7000608444214, 78.02915072441101, 5.8074727058410645, 120.52830386161804, 186.98058772087097, 882.5272784233093, 70.4059112071991, 303.07686495780945, 666.297399520874, 248.3660237789154, 103.0733151435852, 1617.5871694087982, 128.34762477874756, 484.51587986946106, 616.5450763702393, 107.0082221031189, 670.1666386127472, 0], "timeout": true}}