{"clauses": 176, "avg_clause_len": 3, "steps": 193, "t_hitting_set": [3.814697265625e-06, 0.0011572837829589844, 0.001104593276977539, 0.0013248920440673828, 0.0009429454803466797, 0.0011591911315917969, 0.0014269351959228516, 0.001074075698852539, 0.0009870529174804688, 0.0012221336364746094, 0.0011408329010009766, 0.00113677978515625, 0.0012733936309814453, 0.0012845993041992188, 0.0009763240814208984, 0.0010516643524169922, 0.0010237693786621094, 0.0013551712036132812, 0.001018524169921875, 0.0011746883392333984, 0.0010030269622802734, 0.0013928413391113281, 0.0010676383972167969, 0.0010676383972167969, 0.0010497570037841797, 0.0010633468627929688, 0.0011370182037353516, 0.0010809898376464844, 0.0009622573852539062, 0.0008749961853027344, 0.0008933544158935547, 0.0009248256683349609, 0.0008723735809326172, 0.0009512901306152344, 0.0009126663208007812, 0.0009324550628662109, 0.0010154247283935547, 0.0010585784912109375, 0.001188039779663086, 0.0011947154998779297, 0.0010709762573242188, 0.0009942054748535156, 0.0010776519775390625, 0.001157522201538086, 0.0015530586242675781, 0.0010907649993896484, 0.001058816909790039, 0.0009248256683349609, 0.0009083747863769531, 0.0009970664978027344, 0.0010344982147216797, 0.0010225772857666016, 0.0010287761688232422, 0.0010361671447753906, 0.0009005069732666016, 0.001451730728149414, 0.00106048583984375, 0.0014615058898925781, 0.0010654926300048828, 0.001313924789428711, 0.0011966228485107422, 0.0012011528015136719, 0.0012426376342773438, 0.0011093616485595703, 0.0009570121765136719, 0.000919342041015625, 0.0010645389556884766, 0.00103759765625, 0.0009579658508300781, 0.0011336803436279297, 0.0009288787841796875, 0.0010447502136230469, 0.0015559196472167969, 0.0010771751403808594, 0.0009665489196777344, 0.001096487045288086, 0.0009429454803466797, 0.0010528564453125, 0.00099945068359375, 0.0012912750244140625, 0.0012462139129638672, 0.0010037422180175781, 0.0008952617645263672, 0.0009706020355224609, 0.00107574462890625, 0.0009913444519042969, 0.0009992122650146484, 0.0009818077087402344, 0.0009469985961914062, 0.0009174346923828125, 0.0010597705841064453, 0.001275777816772461, 0.0011444091796875, 0.0010941028594970703, 0.0010840892791748047, 0.0012614727020263672, 0.00138092041015625, 0.00122833251953125, 0.0009334087371826172, 0.0012302398681640625, 0.0009114742279052734, 0.0009045600891113281, 0.0010118484497070312, 0.0011391639709472656, 0.0012242794036865234, 0.0010342597961425781, 0.001191854476928711, 0.0011599063873291016, 0.0011038780212402344, 0.0011363029479980469, 0.001100301742553711, 0.0011584758758544922, 0.0011200904846191406, 0.0010995864868164062, 0.0010097026824951172, 0.0009899139404296875, 0.0009458065032958984, 0.0009944438934326172, 0.0009634494781494141, 0.0009717941284179688, 0.0009737014770507812, 0.00093841552734375, 0.0009410381317138672, 0.0009894371032714844, 0.0011286735534667969, 0.0010781288146972656, 0.00124359130859375, 0.001058816909790039, 0.0014312267303466797, 0.0013113021850585938, 0.0010776519775390625, 0.0011796951293945312, 0.000934600830078125, 0.0009250640869140625, 0.0010669231414794922, 0.000985860824584961, 0.001032114028930664, 0.001493215560913086, 0.0011072158813476562, 0.0010907649993896484, 0.0010509490966796875, 0.0013854503631591797, 0.0010423660278320312, 0.0015139579772949219, 0.001104593276977539, 0.0011315345764160156, 0.0009996891021728516, 0.0010013580322265625, 0.00148773193359375, 0.0009989738464355469, 0.0009682178497314453, 0.0009531974792480469, 0.0013720989227294922, 0.0012302398681640625, 0.0015106201171875, 0.0012359619140625, 0.0014069080352783203, 0.0013418197631835938, 0.0015840530395507812, 0.000993490219116211, 0.0013511180877685547, 0.0010585784912109375, 0.0010685920715332031, 0.0011341571807861328, 0.0015864372253417969, 0.0012164115905761719, 0.0012428760528564453, 0.0013282299041748047, 0.0018699169158935547, 0.001953601837158203, 0.0011680126190185547, 0.0016574859619140625, 0.0015020370483398438, 0.00115966796875, 0.0015227794647216797, 0.0018825531005859375, 0.0017719268798828125, 0.001756429672241211, 0.0021059513092041016, 0.0013549327850341797, 0.0014977455139160156, 0.0016322135925292969, 0.0013210773468017578, 0.0012080669403076172, 0.0013513565063476562, 0.0011355876922607422, 0.0015633106231689453, 0.0012052059173583984, 0.0013837814331054688, 0.0017447471618652344, 0.0012288093566894531, 0.0011560916900634766, 0.0015609264373779297, 0.001087188720703125],